-0.021614 -0.025936
0.334134 1.236383
0.682524 2.037561
1.102338 3.353127
1.370772 4.541654
1.788982 5.829820
2.203450 6.802843
2.345018 7.765006
2.843522 9.244757
3.163617 10.162980
3.587923 11.091667
3.812094 12.513953
4.340715 13.534928
4.616951 14.738794
5.028555 15.665027
5.347175 16.735183
5.219662 18.001574
5.825984 19.354143
6.413681 20.169895
6.791814 21.332315
7.002424 22.568316
7.383155 23.864813
7.812365 24.923970
8.164686 26.072577
8.323714 27.022352
8.697812 28.333844
9.081312 29.738120
9.346433 30.351557
9.935069 31.858107
10.246096 32.898449
10.734611 33.887015
10.657604 34.949142
11.364341 35.940019
11.576765 37.321950
11.874694 38.519672
12.359415 39.886265
12.715524 40.573324
12.888457 41.666427
13.465730 42.832311
13.662475 44.155637
13.914584 45.124827
14.096961 46.131859
14.638005 47.481663
15.252161 48.541305
15.462273 49.693745
15.935669 50.926722
16.163858 51.764931
16.608114 53.097263
17.006405 54.158826
17.465042 55.232352
17.760701 56.425980
17.793920 57.361626
18.198276 58.866217
18.692907 59.877515
18.563540 61.001920
19.352717 61.933504
19.524598 63.135981
20.226750 64.098007
20.253107 65.580087
20.599559 66.440326
21.030297 67.427503
21.397713 68.550569
21.846534 69.850380
22.405243 71.009488
22.616497 71.888894
22.742176 73.249432
23.371148 74.064947
23.606612 75.521453
24.036717 76.654808
24.163098 77.584430
24.316596 78.806238
24.823538 80.193727
25.109042 81.052014
25.313680 82.057405
25.936467 83.352580
26.462705 84.334112
26.426027 85.520640
27.019214 86.636412
27.184602 87.842837
27.650735 88.887429
28.176492 89.982925
28.376113 91.322977
28.717370 92.063625
29.045210 93.437830
29.393744 94.400141
29.902739 95.351543
29.811756 96.579035
30.452483 97.547975
30.895884 98.834764
30.963088 99.925206
31.429953 100.728248
31.874258 102.046526
32.041383 103.233727
32.573163 104.169996
32.906688 105.509586
33.086332 106.514510
33.540153 107.896672
33.606811 108.759795
34.186545 109.738536
34.863953 110.849666
35.260996 111.881334
35.323476 112.970043
35.513246 114.148362
35.920318 115.263979
35.992706 116.627882
36.629070 117.682138
36.848613 118.557050
37.819881 119.474449
37.466204 120.613934
38.106630 121.890171
38.574467 122.837129
38.485627 123.899181
39.256945 125.122277
39.122213 126.134393
39.970215 127.545080
40.189371 128.358158
40.263608 129.270152
40.801088 130.556198
41.225380 131.492266
41.309752 132.529799
41.653077 133.824633
41.823748 134.758962
42.581925 136.117260
42.868877 137.118320
43.141955 137.934795
43.444154 139.353036
44.037836 140.273671
44.731515 141.271475
44.668180 142.397362
44.884878 143.772672
45.487064 144.288467
45.543888 145.634896
46.064010 146.439741
45.950743 147.426515
46.620831 148.766546
47.025576 149.735219
47.132326 150.614938
47.707382 152.040701
48.148866 153.169679
48.313095 154.318377
48.662903 155.080846
48.946795 156.155281
49.041415 157.328526
49.745019 158.311848
49.941587 159.482098
50.647187 160.491229
50.654369 161.454953
51.060773 162.411146
51.393032 163.666232
52.028970 164.853768
52.247681 165.659489
52.533234 166.648693
52.819568 167.934559
52.997700 169.222776
53.537513 169.687546
53.874937 170.960891
54.131673 172.139868
54.529359 172.811079
54.636199 174.278734
55.344148 175.493138
55.758316 175.943088
55.941988 177.006651
56.407181 178.373689
56.332391 179.677675
56.938437 180.131924
57.223984 181.344229
57.534628 182.421317
58.061774 183.313685
58.241023 184.834267
58.406874 185.627570
58.898569 186.525218
59.302646 187.674793
59.400932 188.954955
59.998115 189.694852
60.120589 190.630372
60.737287 191.752999
60.957956 192.773078
61.317734 193.807949
61.675920 194.821283
62.021686 195.971852
62.215496 196.763065
62.427545 197.800758
62.756298 199.060369
63.232221 200.183435
63.916183 200.967755
63.676985 201.921882
64.232618 202.769583
64.540909 204.048404
64.843960 204.901370
65.133278 206.294661
65.557190 206.910940
65.859073 208.186093
66.146000 209.121465
66.691406 210.166531
67.125520 210.975289
67.418641 211.941349
67.522237 213.240818
68.037882 214.061552
68.068441 215.144019
68.485043 215.918414
68.814644 217.089885
68.925791 218.101622
69.601931 218.953102
70.063098 220.124441
70.148145 220.922831
70.674704 221.785191
70.851694 222.905867
71.243038 224.018762
71.568855 225.142532
71.928137 225.908904
72.042700 227.046909
72.633761 228.137356
72.772439 228.903421
73.205579 229.864653
73.545573 230.597558
73.997201 231.928267
74.372267 233.141867
74.483898 233.771744
74.862061 235.039815
74.929564 235.791253
75.297077 236.299628
75.542832 237.446642
76.334367 238.489262
76.467750 239.409154
76.921164 240.381105
77.354621 241.358699
77.369497 242.485882
77.814972 243.639517
78.156166 244.201511
78.380688 245.252166
78.899923 246.349570
79.099478 247.374874
79.364125 248.174938
79.796317 249.374044
80.080017 250.040139
80.263306 251.142101
80.657207 252.035668
80.785073 253.083997
81.195272 253.752797
81.878385 254.609579
82.032000 255.759706
82.218240 256.887285
82.916730 257.325836
82.798237 258.676998
83.143588 259.430096
83.681712 260.523237
83.951809 261.363246
84.191586 262.470749
84.556377 263.254211
84.876285 264.143974
85.249941 265.026845
85.445011 266.092274
86.130873 266.929285
86.350080 267.936922
86.700667 268.773507
86.914321 269.772786
87.213593 270.410660
87.527404 271.185427
87.843273 272.441010
88.349657 273.310378
88.623353 274.194651
88.650252 274.888428
88.977723 275.798969
89.537418 276.874853
89.846855 277.817457
90.236627 278.864256
90.301697 279.561198
90.636816 280.254595
91.136030 281.569880
91.351554 282.209670
91.833688 282.822306
92.013969 284.084253
92.218776 285.158510
92.766832 285.795914
92.924795 286.660491
93.177317 287.404360
93.777222 288.634971
94.005807 289.195082
94.513818 290.532993
94.545266 290.975341
94.702213 292.047028
95.010101 292.850647
95.624979 293.499544
96.076925 294.828614
95.904638 295.247849
96.361574 296.169753
96.678168 296.800013
96.996809 298.318620
97.176763 298.866459
97.433698 299.860608
97.935977 300.911653
98.313184 301.418602
98.676828 302.250591
98.705267 303.222120
99.191554 304.050278
99.585469 304.795482
99.903496 305.977576
99.984943 306.820615
100.425288 307.286270
101.136129 308.263959
101.287685 309.200961
101.139855 309.932231
101.622705 310.546791
101.745045 311.595516
102.408376 312.469043
102.582738 313.119088
102.789094 313.982162
103.090413 314.859660
103.549921 315.578608
103.826265 316.419948
104.167854 317.429181
104.502430 318.241189
104.534828 318.928933
105.130793 319.895402
105.155965 320.634708
105.882742 321.393755
105.993410 322.295936
106.350265 323.135485
106.629362 323.861185
106.806164 324.614859
107.416258 325.410003
107.507490 326.165193
107.955065 326.907088
108.277500 327.689193
108.285920 328.653152
108.767500 329.457487
109.210464 330.139636
109.420366 330.851757
109.845348 331.867875
110.039228 332.584019
110.142909 333.287612
110.637734 334.112766
110.882468 334.688640
111.192228 335.563830
111.303439 336.417457
111.488058 337.316517
112.194647 337.972815
112.217806 338.606146
112.643949 339.149532
112.993148 340.375913
113.218466 340.963255
113.591433 341.849188
114.026862 342.556530
114.057590 343.239762
114.486372 344.295559
114.708777 344.655420
114.923751 345.248009
115.400895 346.105407
115.463269 346.758332
115.777175 347.883104
116.044457 348.276479
116.563894 349.226804
116.897684 350.126087
117.126990 350.555326
117.404809 351.557978
117.630751 351.998226
118.178116 352.880419
118.245569 353.671913
118.755457 354.433820
118.844538 355.219301
119.509915 356.045793
119.581832 356.387864
120.336452 357.092922
120.010315 357.882183
120.602262 358.762576
120.436002 359.449975
121.023648 360.070283
121.049823 360.715435
121.458262 361.531650
121.736438 362.340484
121.962264 362.670361
122.283875 363.830176
122.598533 364.674639
123.047648 364.842427
123.137895 365.745065
123.375198 366.754106
123.691711 367.187310
124.347556 367.753924
124.267042 368.412363
124.758331 369.265584
124.999773 369.602963
125.284572 370.388641
125.237386 371.059531
125.636341 371.924581
126.428860 372.785618
126.336969 373.104811
126.811670 374.000087
126.930632 374.483329
127.609258 375.150290
127.489883 375.843929
127.933785 376.330078
128.093403 376.963597
128.372442 378.073159
128.808642 378.428647
128.840302 379.044562
129.420448 379.653599
129.762652 380.176216
129.783515 381.285915
129.807461 381.842826
130.112226 382.288940
130.645028 383.061803
130.478383 383.284013
131.146997 384.208560
131.377931 384.799049
131.613681 385.398952
131.943962 386.120517
132.437238 386.921430
132.530287 387.279170
132.914313 387.900809
133.177430 388.326697
133.518744 389.037516
133.596864 389.548140
134.191660 390.374622
134.466710 391.043701
134.315231 391.445229
134.960547 392.095642
134.959101 392.784079
135.371574 393.257476
135.624336 393.933529
135.559568 394.674522
136.100841 395.386381
136.324178 395.543137
136.948660 396.129447
136.948579 397.041699
137.267716 397.286434
137.618194 398.086024
138.055061 398.781645
138.590001 399.022396
138.403221 399.682969
138.851179 400.537681
139.062232 400.866995
139.108180 401.246080
139.746868 402.191448
139.721470 402.817670
140.143056 403.384101
140.056372 403.688646
140.598366 404.404682
140.981444 404.753458
141.125413 405.786675
141.478254 406.135307
141.639383 406.666448
142.180317 407.111611
142.360433 407.506381
142.532129 408.313047
142.597251 408.879618
142.874862 409.129321
143.241727 410.072833
143.553694 410.454048
143.662624 410.853666
143.860641 411.282452
144.426859 411.886148
144.783253 412.383046
144.799570 413.124121
144.995326 413.221573
145.550824 414.026291
145.293523 414.483173
145.820059 415.248253
146.033257 415.407148
146.267679 415.841591
146.560451 416.287446
146.771786 416.762679
146.962468 417.268244
147.369132 417.895865
147.523233 418.564075
147.959543 418.919146
148.156360 419.712172
148.520781 420.031535
148.355407 420.346843
148.675816 420.863334
149.315268 421.306166
149.594516 421.731628
149.860199 422.127412
149.991327 422.896519
150.367369 423.285233
150.833987 423.710613
150.731077 423.824980
151.319411 424.647364
151.132660 425.362333
151.749027 425.639604
151.602748 426.143032
151.978708 426.359073
152.482000 426.666973
152.663791 427.505610
153.139235 427.932996
152.775331 428.203983
153.345953 428.825584
153.735176 428.918813
153.790006 429.796423
154.322182 430.365942
154.282785 430.684937
154.848449 431.131177
154.950262 431.504468
154.972885 431.589704
155.488096 432.178884
155.585391 432.565948
155.779259 433.107139
155.933141 433.499631
156.371193 433.892538
156.470246 434.434576
157.109832 434.636494
157.260891 435.267822
156.924159 435.425660
157.472835 436.060166
157.842187 436.414773
158.154697 436.607142
158.192253 436.954564
158.523313 437.513801
158.818790 437.813890
159.172981 438.449523
159.512511 438.805273
159.551527 439.183710
159.857967 439.366992
160.202352 440.102109
160.547564 440.226830
160.541374 440.658862
160.733699 441.061812
160.956887 441.310008
161.479529 441.731586
161.465987 442.204631
161.718373 442.479167
161.925810 442.613103
162.169855 442.984019
162.444813 443.333369
162.789220 443.976647
162.931834 444.200564
163.189904 444.269801
163.200259 444.888852
163.653526 445.243508
163.687632 445.617334
164.006488 445.776572
164.359820 446.242553
164.725350 446.708712
164.891193 446.989609
164.888961 447.131136
165.029441 448.031096
165.322206 447.893178
165.663702 448.205541
165.863421 448.288151
166.034199 448.678144
166.397439 449.100100
166.545537 449.548743
166.792985 449.967450
167.053893 450.170329
167.144071 450.541652
167.512764 450.808645
167.853346 451.023170
168.066394 451.290894
168.465255 451.785979
168.564902 451.763609
168.556449 452.133491
168.913039 452.590360
169.043382 452.987454
169.406102 452.794358
169.561592 452.991528
169.747085 453.577615
169.994864 453.889524
170.253518 454.125229
170.763843 454.670152
170.592654 454.947279
170.745812 454.905930
171.442510 454.958768
171.524288 455.370908
171.640436 455.793786
172.140207 455.958763
172.098491 456.431597
172.293919 456.469078
172.545272 456.858915
172.908853 456.953586
172.930592 457.391296
173.194229 457.560532
173.437720 457.727074
173.540908 458.138344
173.716812 458.485486
174.133513 458.355301
174.362835 458.805639
174.653794 459.185801
174.703219 459.134898
174.885620 459.320652
175.082511 459.734907
175.414350 459.840610
175.518528 460.186244
175.770856 460.195452
176.039798 460.526884
176.118119 460.903386
176.621227 460.995865
176.729303 461.276920
176.919954 461.537282
177.387561 461.619099
177.419388 461.939155
177.516457 461.837678
177.916499 461.968073
178.261982 462.528093
178.234491 462.597012
178.681343 462.636913
178.456535 462.876306
178.802841 462.999919
179.076358 463.353827
179.141991 463.754123
179.265671 463.500073
179.740934 463.836063
179.956831 463.947632
179.948449 464.114629
180.209810 464.458883
180.448876 464.660715
180.817224 464.866650
181.071884 464.989969
181.259640 464.954264
181.311886 464.914400
181.601559 465.242705
181.824277 465.575444
181.767102 465.494500
182.123005 465.716895
182.405573 465.766886
182.592331 465.830298
182.466342 466.332152
182.797788 466.279456
182.984578 466.288616
183.340572 466.572645
183.750627 466.833524
183.766532 467.009399
184.175264 467.084810
184.148535 467.300995
184.676084 467.370096
184.877351 467.530542
184.939643 467.346285
184.845468 467.618379
184.961889 467.650577
185.541836 467.751196
185.690762 467.757464
185.735407 468.220585
186.039021 468.215265
186.461364 468.468636
186.271659 468.571933
186.508055 468.469485
186.799398 468.728700
186.824121 468.728889
187.268130 468.873952
187.353608 468.991602
187.473693 469.099767
187.828140 468.802068
188.030993 469.121105
188.110579 469.063659
188.321642 469.035422
188.804644 469.157915
188.644829 469.572067
189.024384 469.579313
189.356364 469.493167
189.163734 469.733113
189.631622 469.621697
189.513437 469.918637
189.980366 469.586555
190.201318 469.634022
190.201889 469.737047
190.368190 469.833707
190.561070 470.118291
190.886079 470.152699
191.194188 470.049013
191.230389 470.229966
191.662106 470.326225
191.800640 470.384128
191.938932 470.001304
192.099029 470.336469
192.161212 470.258775
192.275091 470.431431
192.650304 470.173289
192.742071 470.340621
192.751405 470.508201
193.029012 470.372855
193.146861 470.534130
193.444270 470.346238
193.502789 470.498483
193.872497 470.382107
194.067351 470.427502
194.585330 470.419324
194.239307 470.596784
194.403750 470.696878
194.990224 470.517483
194.926456 470.498701
195.080689 470.789712
195.394608 470.435756
195.671759 470.739990
195.691855 470.458947
195.807407 470.428518
196.045967 470.488237
195.818483 470.660374
196.359971 470.666820
196.487978 470.514792
196.852480 470.524040
196.904784 470.925254
197.012261 470.443578
197.473369 470.270436
197.232395 470.147251
197.643500 470.424667
197.849205 470.094441
198.063020 470.441613
198.071329 470.229353
198.360677 470.239886
198.528672 469.980151
198.578850 469.917350
198.872028 470.132820
198.934435 470.049787
198.887328 470.083851
199.221892 469.922335
199.630092 469.735240
199.812804 469.810989
199.807509 469.817377
199.785916 469.762610
200.151515 469.766395
200.278714 469.491854
200.535258 469.470787
200.471923 469.381883
201.005998 469.326244
200.852749 469.374786
200.872397 468.874495
201.316516 469.142772
201.516554 468.902776
201.626906 468.745909
201.848032 468.630415
201.957960 468.826916
201.881732 468.622245
202.427958 468.843885
202.248285 468.571430
202.452261 468.225542
203.040471 468.432435
202.843470 468.267932
203.223063 468.163137
203.626167 468.125676
203.002066 467.888149
203.502098 467.795933
203.775809 467.621770
203.771890 467.814853
204.184701 467.398649
204.357154 467.487477
204.605044 467.112868
204.691306 467.062990
204.906592 467.006316
204.551215 466.919548
204.782640 466.758773
205.199453 466.606295
205.142698 466.372323
205.396238 466.373708
205.873029 466.386585
205.765389 466.338659
205.787111 466.115749
206.121774 465.911928
206.399205 465.636097
206.578624 465.596264
206.974874 465.409726
206.957772 465.408216
206.745207 465.369117
206.915835 464.682186
207.356103 465.027382
207.388759 464.676037
207.770997 464.668222
207.587194 464.515529
207.650851 464.164420
207.831086 463.758842
207.963215 464.110889
208.125830 463.681852
208.266693 463.729140
208.590998 463.505981
208.724586 463.087919
208.743612 463.218504
209.029999 463.036556
208.712772 462.912540
209.261261 462.895729
209.406581 462.395971
209.729735 462.080449
209.908717 461.933286
210.117945 461.965465
210.145344 461.552441
210.185477 461.518818
210.057772 461.202007
210.648842 460.903665
210.844982 460.806954
210.846276 460.534552
211.014743 460.579806
211.256489 460.515403
211.417657 460.143730
211.188948 460.109266
211.320145 459.641416
211.768874 459.568494
212.039460 459.294312
211.688832 459.044817
212.109944 458.822930
212.436846 458.626030
212.150396 458.519079
212.334066 458.488177
212.686831 457.805081
212.947976 458.151593
212.624862 457.710557
213.137131 457.378598
213.254736 457.201445
213.237649 457.112997
213.277189 456.967094
213.846444 456.265629
213.753808 456.425052
213.817952 455.954523
213.967883 455.919110
214.073383 455.505917
214.381519 455.237954
214.306131 454.827872
214.343623 454.610455
214.448203 454.435031
214.885900 454.307134
214.851114 453.899599
214.960001 453.595729
215.057187 453.661014
215.165096 453.304742
215.415960 453.412965
215.371669 452.822745
215.723348 452.421410
215.952556 452.302105
215.876464 452.082759
216.226363 451.953655
216.207343 451.714590
216.399830 450.932788
216.637996 450.950499
216.557021 450.834657
216.748137 450.577528
216.935648 450.266265
217.178813 449.951813
217.050588 449.744322
217.336830 449.630641
217.533203 449.165324
217.474173 448.712507
217.730588 448.317054
217.667379 448.193966
217.957750 447.956627
218.263175 447.580768
218.323590 447.332070
218.317875 447.103722
218.162007 446.784967
218.501288 446.343848
218.438511 446.123665
218.564148 446.025862
218.933744 445.346752
218.992162 445.414504
219.127181 444.959761
219.283934 444.681875
219.206918 444.391964
219.500416 444.538016
219.674101 443.721276
219.975922 443.459396
219.986926 443.043378
220.303161 442.770560
220.246809 442.723304
220.265137 442.240698
220.518776 442.028928
220.386949 441.638093
220.528002 441.181956
220.691573 441.157599
221.147022 441.046017
221.017439 440.207545
220.998566 440.252002
221.030981 439.639029
221.294260 439.623344
221.344282 439.198947
221.810085 438.680121
221.799389 438.144361
221.832501 438.011542
221.574647 437.773333
222.130397 437.122859
221.980505 436.928923
222.227881 436.658431
222.278138 436.214900
222.582120 435.955113
222.634097 435.650904
222.832361 435.319809
223.006365 435.014640
223.123533 434.841142
222.883840 434.445924
223.482760 433.813950
223.322672 433.557120
223.505387 433.338242
223.450369 433.105346
223.533457 432.534616
223.926387 432.493968
223.806533 431.962578
224.026717 431.250847
223.960406 430.949181
224.137858 430.707770
224.326915 430.601049
224.495158 430.445181
224.504035 429.802161
224.711172 429.545040
224.700363 429.079862
225.109391 428.477711
224.961360 428.292986
225.014634 427.716313
225.461723 427.442170
225.553592 427.028134
225.368781 426.850519
225.475012 426.221442
225.503702 426.021278
225.617249 425.616477
225.483757 425.141229
225.900191 424.768529
225.882795 424.332179
226.146713 424.305851
226.030379 423.658253
226.490418 423.365580
226.433222 422.862348
226.552410 422.528169
226.325296 422.048170
226.463382 421.960246
226.981483 421.258249
227.080795 421.352530
226.968292 420.787731
227.217532 420.163805
227.098386 419.721260
227.305866 419.061496
227.545218 418.963697
227.634796 418.551053
228.115626 417.966216
227.625620 417.920359
228.218760 417.264387
228.238500 416.873276
228.256970 416.618635
228.496031 416.470038
228.162659 416.237436
228.189201 415.343310
228.726738 414.872344
228.456799 414.593308
228.718047 414.221890
228.635214 413.782401
228.939301 413.566479
228.989255 412.739913
229.040362 412.420721
229.329748 411.847425
229.311373 411.522839
229.513469 411.381221
229.450535 410.923181
229.461807 410.529699
229.599327 410.117912
229.709720 409.214963
229.717777 409.392693
230.106330 408.757701
229.962899 408.267711
230.169476 407.979868
230.020848 407.566314
230.445201 406.896937
230.324528 406.681853
230.552991 406.120448
230.457036 405.684219
230.685618 405.387512
230.716154 404.686929
230.646539 404.554585
230.717583 404.059601
230.937075 403.500991
231.085388 403.407555
231.214634 402.675634
231.039976 402.359811
231.520900 401.936189
231.614442 401.477801
231.332956 400.959925
231.695820 400.634310
231.631515 400.075283
231.848489 399.833256
232.032273 399.296436
232.028547 398.601779
231.891342 398.297039
232.299845 397.924534
232.314643 397.193587
232.097850 397.139572
232.398273 396.326492
232.621916 396.113399
233.018185 395.812539
232.713096 395.151923
232.781315 394.707952
232.615785 394.410454
232.957722 393.405317
232.905809 393.240636
233.232672 392.903998
233.392806 392.216776
233.092243 392.159712
233.239001 391.384247
233.341716 390.971720
233.584808 390.795334
233.348825 390.125176
233.671714 389.721580
233.877042 389.266968
233.747323 388.621233
233.642591 388.270670
234.000226 388.002213
234.022932 387.749432
234.149424 386.864608
234.299051 386.327075
234.354130 385.697915
234.504809 385.551732
234.515350 385.098485
234.372840 384.473345
234.878777 384.214549
234.633904 383.735094
234.864103 383.496035
235.048724 382.794833
234.893793 382.530376
235.024711 381.661286
234.935454 381.190926
235.142202 380.962906
235.411893 380.547960
235.375739 380.026628
235.769345 379.564457
235.748315 378.726739
235.473826 378.365506
235.260535 378.013487
235.947733 377.445830
235.844739 376.921147
235.818004 376.614620
235.788520 376.269945
235.755980 375.663645
236.045764 375.359611
236.309242 374.344009
235.906871 374.026295
236.269949 373.667491
236.424661 373.315707
236.289855 372.462901
236.607042 372.196646
236.627877 371.671831
236.691403 371.507900
236.547688 370.617426
236.961005 370.552217
236.907298 369.643074
236.711152 369.386470
236.896887 369.188168
237.508297 368.409763
237.302440 367.871666
237.473251 367.401982
237.383645 367.119154
237.540028 366.746958
237.272335 365.855763
237.453834 365.576736
237.586744 365.051772
237.556599 364.457815
238.147465 364.227862
237.591908 363.546537
238.068218 362.927189
237.849292 362.609464
238.099963 362.101633
238.131129 361.876638
238.087567 360.960408
238.371491 360.652051
238.156877 360.244013
238.214202 359.557153
238.455913 358.956482
238.740815 358.216662
238.529884 357.939068
238.839223 357.812482
238.892612 357.294327
238.510727 356.614376
238.704890 356.038084
239.016798 355.612713
239.254032 354.805618
238.989698 354.383923
238.936450 354.260203
239.276662 353.845868
239.493933 353.125366
239.237384 352.766413
239.345585 351.939970
239.343086 351.640146
239.771624 351.131494
239.831433 350.638796
239.649601 350.534525
240.052353 349.656908
239.719823 348.886815
239.970141 348.590420
240.045103 348.177567
240.105441 347.800601
240.151911 347.020704
240.053807 346.716447
240.073060 346.236297
240.405242 345.621346
240.245013 344.860683
240.257582 344.382276
240.493965 344.058688
240.415490 343.754626
240.636452 343.129423
240.764074 342.776153
240.503077 342.224943
240.535145 341.497903
241.021134 341.218732
241.031694 340.640223
241.206443 339.879532
241.011083 339.615383
241.424353 339.259782
241.336875 338.489015
241.580459 338.171308
241.153868 337.949571
241.152316 336.964606
241.392697 336.444914
241.568176 336.130483
241.567269 335.869964
241.366148 335.287713
241.548400 334.798886
242.018589 334.421551
241.764793 333.398541
241.902980 333.061698
241.649640 332.676675
241.835801 332.279258
242.178971 331.517347
242.099475 331.019739
242.085155 331.017437
242.072910 330.057553
242.421498 329.488166
242.237797 328.843022
242.570049 328.645772
242.520764 327.809255
242.584707 327.574998
242.517223 326.822349
242.618061 326.394928
242.697068 326.031791
242.692707 325.651376
242.791762 325.095272
242.922540 324.664029
242.773153 323.957967
243.113916 323.529822
243.202217 323.115683
243.024249 322.633160
243.109807 322.141848
243.483851 321.659463
243.606446 320.760451
243.237877 320.450805
243.317081 320.044303
243.378781 319.652146
243.638464 319.046166
243.395553 318.564292
243.705047 318.033442
243.664807 317.688721
243.634335 316.922121
243.872823 316.555348
243.956714 315.931886
243.687565 315.287768
243.875705 315.091353
244.115170 314.199358
244.132029 313.958093
243.951134 313.799408
244.202442 313.094706
244.603268 312.383421
244.213805 312.194136
244.132252 311.482278
244.390310 311.117319
244.499059 310.335640
244.638856 310.100435
244.390036 309.371764
244.523383 308.804038
244.816422 308.429604
244.669416 307.824501
244.706181 307.705140
244.931779 306.742274
244.725157 306.582970
244.852878 305.907655
244.852411 305.294261
245.049574 304.940437
245.260041 304.491309
244.997820 304.109509
245.398039 303.399494
244.994162 302.942722
245.100405 302.765825
245.147986 301.975751
245.630344 301.661223
245.385350 300.919037
245.488172 300.506753
245.792771 300.026185
245.418646 299.704193
245.829371 299.029591
245.842377 298.578926
245.598126 298.067057
245.659952 297.492430
245.743249 297.146176
245.964408 296.407360
245.850733 296.114343
246.110566 295.635395
245.762017 295.327788
246.410935 294.882903
246.278683 294.257106
246.150845 293.695967
246.131216 293.197719
246.138123 292.779419
246.351090 292.319297
246.483289 291.648319
246.633963 291.054682
246.519232 290.663931
246.721986 290.247539
246.702259 289.852430
246.361141 289.149849
246.781688 288.956306
246.901365 288.517142
246.833351 287.852181
246.842683 287.288746
246.844087 286.790092
246.991024 286.291814
247.074466 285.635195
247.185498 285.453538
247.239017 284.876814
247.146569 284.613607
247.250294 284.284651
247.113167 283.470484
247.205542 282.911009
247.306663 282.478858
247.593052 281.901851
247.617543 281.380295
247.515581 281.317923
247.696038 280.684853
247.771524 280.255007
247.821441 279.904305
247.621660 279.208840
247.923164 278.858147
247.961387 278.468492
247.852592 277.597429
248.168623 277.327713
247.945446 276.861718
248.012854 276.536385
248.261130 275.961898
248.258609 275.450304
248.381293 274.621783
248.101892 274.501758
248.264871 273.897242
248.469626 273.425741
248.458943 273.124436
248.484671 272.515326
248.496689 272.358278
248.656812 271.853826
248.612863 270.989852
248.604470 270.759024
248.919207 270.489093
248.837222 269.727941
248.842254 269.355532
248.835929 268.748791
248.991488 268.469031
249.091986 267.794617
248.851688 268.101826
248.938115 267.139720
249.185155 266.491633
249.427985 266.172179
249.240602 265.998530
249.148848 265.197068
249.264981 264.609458
249.407478 264.432156
249.442881 264.006122
249.594502 263.505813
249.477697 263.186047
249.458664 262.761135
249.583462 262.215824
249.935623 261.311535
249.682029 261.141547
250.016198 260.692739
250.218661 260.076943
249.910948 259.801296
249.983497 259.328335
249.889288 258.694303
250.022377 258.298420
249.858909 258.092285
250.086367 257.790233
249.950812 257.257010
250.251371 256.706969
250.131669 256.299710
250.434036 255.815546
250.477762 255.391364
250.658623 254.998078
250.422817 254.314854
250.284328 254.176896
250.513545 253.725927
250.494240 253.226015
250.552666 252.858522
250.662793 252.660423
250.641616 252.115854
250.635978 251.446369
250.717261 251.274084
250.958397 250.675521
250.977391 250.062939
251.202052 250.005518
251.035881 249.371422
251.187827 248.916343
251.109883 248.442767
251.137500 248.020198
251.348359 247.618147
251.224148 247.150024
251.113024 247.055604
251.463810 246.529960
251.357634 246.197856
251.508526 245.777348
251.534395 245.133820
251.506892 244.734105
251.669548 244.529247
251.916504 243.902597
251.918182 243.066126
251.714596 243.096809
251.968055 242.709310
251.876461 242.164031
251.814823 242.106882
252.153077 241.607013
252.036328 240.920864
252.167975 240.588462
252.115632 240.180486
252.090016 239.646501
252.198754 239.163344
252.375051 239.091833
252.220126 238.287781
252.444881 238.194461
252.439254 237.556293
252.198897 237.611915
252.504525 237.030533
252.576850 236.617566
252.446248 236.090316
252.485260 235.596714
252.632839 235.092402
252.720693 234.861333
252.662674 234.553613
252.889693 234.054557
253.244032 233.895394
253.161384 233.346966
253.178132 233.120624
252.942330 232.514027
253.583462 232.166257
253.270341 231.808344
253.373215 231.304959
253.148967 231.238932
253.380859 230.312796
253.405973 230.273829
253.560508 229.967000
253.556749 229.550713
253.600569 228.984489
253.486409 228.650368
253.459185 228.518328
253.873780 228.115114
253.673811 227.566421
253.749940 227.438956
253.946912 227.158946
253.774551 226.491414
253.783030 225.940889
254.001062 225.732402
253.999723 225.182903
254.158532 225.001960
254.318696 224.759622
254.037233 224.369987
254.196771 224.175181
254.334851 223.505536
254.331077 222.992777
254.636078 223.173757
254.238375 222.457123
254.534303 222.045889
254.786599 221.963388
254.620357 221.729311
254.715351 221.025789
254.805771 220.594737
255.035225 220.444821
254.817557 219.971298
254.788268 219.686424
254.784114 219.296568
254.954397 219.031324
255.242276 218.715608
255.121511 218.143559
255.149050 217.901078
255.321385 217.473056
255.157400 217.240146
255.560706 217.151976
255.530358 216.380729
255.677259 216.061712
255.405078 215.913147
255.368410 215.630857
255.622312 215.233231
255.561843 214.964246
255.817431 214.447866
255.937466 213.769572
255.905338 213.819903
255.787166 213.531205
256.036919 213.063845
255.999662 212.839118
256.132277 212.701470
256.059613 212.388296
255.989547 211.910365
255.983326 211.551692
256.405807 211.521239
256.361188 210.783606
256.564190 210.581283
256.481513 210.393116
256.687340 209.677398
256.587942 209.617615
256.476676 209.060552
256.684107 208.919847
256.642572 208.655282
256.755887 208.366219
257.102447 208.047968
257.205494 207.929228
257.126211 207.324683
256.994819 206.988567
257.159103 206.810258
257.220990 206.560714
257.238055 206.158047
257.125200 205.842810
257.437043 205.583193
257.379078 205.437895
257.519882 204.787689
257.493480 204.580643
257.556343 204.473547
257.699947 204.369488
257.607611 203.781840
257.828173 203.677789
257.646828 203.345160
257.960973 202.929513
257.878735 202.773134
258.044864 202.435769
257.931049 201.831004
258.086888 201.763633
258.230023 201.405832
258.316962 201.299427
258.171338 201.098485
258.291665 200.572274
258.441623 200.395822
258.329273 200.213609
258.524843 199.730690
258.324455 199.633495
258.663886 199.313830
258.917190 198.650001
258.962832 198.957117
258.687376 198.634986
258.774682 198.057933
258.943510 198.221269
259.075367 197.688702
259.216522 197.323244
259.371007 197.388899
259.273628 196.773048
259.433073 196.674771
259.432004 196.541631
259.464263 195.977643
259.685850 195.898094
259.574591 195.692951
259.636555 195.458667
259.683405 195.066932
259.635414 194.765274
259.739037 194.740102
259.796214 194.326049
259.896241 194.175127
260.073568 194.144865
259.832250 193.569473
260.192321 193.107182
260.432897 193.100137
260.118095 193.022090
259.973164 192.668557
260.219984 192.396052
260.490834 192.280061
260.562616 192.238357
260.576580 191.639655
260.817743 191.448021
260.763277 190.635428
260.835428 190.984338
260.769282 190.667967
261.037245 190.232368
261.441582 190.485271
261.092294 190.372078
261.145820 189.728984
261.326665 189.395369
261.330777 189.599374
261.389361 188.982203
261.408417 188.962988
261.335038 188.417564
261.337452 188.473504
261.753205 188.747185
261.782173 188.002917
261.659972 188.071776
261.884859 187.757724
261.898358 187.669969
262.268082 187.283853
262.026746 187.151765
262.004037 186.542249
262.218046 186.557500
262.412299 186.492648
262.510439 186.135752
262.526718 185.820098
262.569101 185.831069
262.640676 185.616110
262.674240 185.549750
262.701353 185.346644
262.968155 185.003294
262.999013 184.842978
263.042158 185.057021
262.814185 184.193988
263.031513 184.226331
263.001208 184.094749
263.073544 184.174208
263.396059 183.950205
263.647917 183.478872
263.000633 183.717533
263.486983 183.226527
263.253447 182.854371
263.702352 182.859267
263.350530 182.564647
263.905936 182.723869
263.856008 182.784886
264.053425 182.460414
264.175157 182.144017
263.850244 181.611104
264.016099 181.723109
264.203858 181.575130
264.277308 181.426528
264.505270 181.193368
264.390989 180.637665
264.642288 180.754915
264.452574 180.842497
264.804422 180.657140
264.887540 180.235211
264.788365 180.162367
265.160601 180.221361
264.943137 180.066305
265.114764 179.772142
265.207645 179.768389
265.195573 179.305647
265.349592 179.307405
265.204340 179.086949
265.418691 179.062800
265.620560 178.884772
265.684220 178.719931
265.779242 178.697066
265.863659 178.714220
265.816981 178.123077
265.929083 178.348274
266.026096 178.140745
265.845783 177.835450
266.267052 177.946158
266.155979 177.754835
266.244428 177.398584
266.444505 177.477048
266.576325 177.428417
266.851686 177.337014
266.629484 177.212821
266.547218 176.965511
267.009343 176.932194
267.059775 176.998113
266.908889 176.713484
267.090705 176.645500
267.207298 176.481018
267.506866 176.345122
267.328820 176.083483
267.341875 176.183874
267.728763 175.882404
267.346695 175.716288
267.769631 175.562933
267.497442 175.533292
267.572121 175.545148
267.905172 175.403116
268.247268 175.156999
267.818273 175.189417
268.298745 174.881089
268.261328 174.946658
268.409220 174.810998
268.893273 174.769905
268.610694 174.643875
268.275469 174.832404
268.287891 174.738837
268.652932 174.242885
268.924805 174.688881
269.079333 174.244941
269.006747 174.286735
269.157168 174.213055
269.009196 174.103468
269.442715 173.739746
269.331682 173.842610
269.505426 173.830515
269.455291 173.577978
270.079948 173.509314
269.791552 173.535473
269.906582 173.670788
269.955684 173.547065
270.006614 173.465213
270.196510 173.254815
270.309289 173.296695
270.237792 173.003069
270.816895 173.160439
270.551950 173.117955
270.692105 172.622454
270.820641 172.881754
270.944400 172.725041
270.954825 172.955129
271.061402 172.663368
271.235199 172.613832
271.437308 172.593367
271.428599 172.461848
271.284165 172.624627
271.608153 172.562948
271.777153 172.198881
271.782695 172.071670
271.940988 172.164305
272.031816 172.391981
271.979718 172.236902
272.343184 171.950875
272.355863 172.176645
272.501304 171.872362
272.459660 172.248358
272.763336 171.931248
272.618147 172.288080
272.548008 171.971559
272.888781 171.972535
272.823505 172.060160
273.198684 172.158421
273.048508 171.785574
273.434281 172.103271
273.370923 171.576223
273.442924 171.925903
273.680258 171.925216
273.970781 171.671964
273.650166 171.535951
273.871496 171.850219
274.253366 171.712478
274.101166 171.643337
274.387877 171.533877
274.293436 171.622777
274.410653 171.893124
274.386779 171.978983
274.528424 171.477715
274.634030 171.689486
274.837787 171.753038
274.823386 171.327841
274.998631 171.616045
274.941443 171.554643
275.350178 171.447446
275.254479 171.403275
275.465095 171.636387
276.007584 171.744384
275.515335 171.342024
275.797492 171.812558
276.022351 171.503150
276.184077 171.795610
276.363447 171.437072
276.320458 171.414153
276.244992 171.425098
276.437790 171.413309
276.704900 171.639944
276.570878 171.728950
277.042353 171.723540
276.837694 171.646007
277.022436 171.601461
276.894416 171.669272
277.451014 171.622565
277.088797 171.755184
277.657821 171.533232
277.635270 171.877650
277.801969 171.925074
277.927651 171.630732
278.044142 172.103000
278.034101 171.981368
278.031118 172.151616
278.206769 172.235333
278.359096 172.122544
278.452952 172.336734
278.354339 172.145883
278.455753 171.946402
279.169298 172.301173
278.702064 172.203130
279.029160 172.329782
279.518456 172.383884
279.425197 172.404701
279.315546 172.477565
279.737332 172.325644
279.622861 172.681298
279.870990 172.340704
279.896718 172.491370
280.071686 172.598979
280.165327 172.912055
280.449240 172.935680
280.192204 172.783354
280.744946 172.930129
280.589481 172.763736
280.958364 172.902245
281.034912 173.015780
281.043652 173.069698
281.060816 173.367311
281.391770 173.383708
281.354778 173.155565
281.511213 173.171406
281.786095 173.472678
281.733003 173.384167
281.992395 173.386695
282.000767 173.802273
282.076772 173.560442
282.691392 173.389919
282.265281 174.050521
282.509093 173.929091
283.016395 173.820888
282.737974 174.065522
282.943914 174.001755
283.064210 173.958994
283.283323 174.362230
283.318838 174.283449
283.555299 174.317369
283.557024 174.470054
283.954644 174.556233
283.847719 174.623417
283.938481 174.588830
283.989793 174.949254
284.174242 174.921788
284.320454 174.797580
284.454807 175.296235
284.595298 175.076256
284.726608 175.219624
284.958711 175.301264
285.043780 175.383649
285.246371 175.599329
285.359166 175.744040
285.447535 175.928515
285.667704 176.068321
285.721512 175.985604
285.767179 176.047832
286.128592 176.092425
286.366439 176.253920
286.517158 176.196621
286.375566 176.384411
286.706449 176.661150
286.681496 176.603479
286.827383 176.888590
287.095566 176.880051
287.042286 177.014428
287.268228 177.148154
287.320651 177.483526
287.434541 177.562531
287.878443 177.591953
288.091385 177.648504
287.904003 177.602923
287.992424 177.924251
288.012925 177.703567
288.607166 178.188127
288.582075 178.294972
288.779050 178.249709
288.585942 178.592465
289.016850 178.316820
289.115300 178.577180
289.221039 178.723511
289.465764 178.867640
289.354932 179.127025
289.746491 178.940348
289.880790 179.416468
289.942699 179.441548
289.997431 179.281918
290.337217 179.663235
290.470600 179.774143
290.514678 179.967595
290.692161 180.208028
290.786360 179.997204
291.020200 180.155099
290.767483 180.323712
291.231144 180.507417
291.216143 180.732619
291.779181 181.031157
291.748372 181.186261
291.831862 181.058057
292.150832 181.170995
292.250666 181.473763
292.298013 181.553891
292.675227 181.530081
292.697573 181.871982
292.698950 182.068783
293.010833 182.202512
293.153878 182.573176
293.181009 182.573969
293.164736 182.731023
293.300228 182.909260
293.664098 182.992119
293.672519 183.124911
294.170273 183.368954
294.200276 183.430531
294.531234 183.698278
294.422622 183.658131
294.571638 183.897829
294.657163 183.738332
294.956526 184.259767
295.175609 184.545163
295.112508 184.466848
295.249122 184.742927
295.609266 184.796981
295.791002 184.926938
295.791680 185.434726
296.227100 185.335512
296.035262 185.497281
296.513912 185.721996
296.740808 186.048429
296.738784 185.962859
296.839703 186.140511
297.212308 186.309152
296.987640 186.613540
297.388416 186.645512
297.272596 187.063662
297.835809 186.890951
297.918726 187.073014
297.856841 187.095615
298.343172 187.718007
298.345505 187.753391
298.821300 187.826149
298.546795 188.136420
298.973751 188.251321
298.844600 188.360068
299.328822 188.762385
299.143395 188.652525
299.414525 189.013560
300.061989 189.156679
299.909322 189.262864
300.457215 189.475734
300.162438 189.773743
300.210699 190.056607
300.578630 189.994558
300.661406 190.023220
300.838713 190.153173
301.026118 190.607750
301.177355 190.783050
301.311792 191.244643
301.826732 191.223828
301.955531 191.393670
301.912120 191.506366
302.235984 191.915081
302.112045 192.038701
302.402688 192.072391
302.651386 192.113465
302.765523 192.878961
303.071712 192.620067
303.265488 192.999189
303.310856 193.094142
303.535951 193.289871
303.687113 193.686989
304.013070 193.579530
303.998449 194.213572
304.516559 194.227131
304.667258 194.552615
304.585144 194.272248
304.775262 194.580250
304.984766 195.235970
305.181862 195.058298
305.149779 195.084230
305.220275 195.825848
305.815947 195.765895
305.846359 195.982025
306.049672 196.403455
306.292455 196.102631
306.575916 196.316422
306.539145 196.604415
306.789762 196.830711
306.761050 197.069784
307.274178 197.406904
307.436950 197.847321
307.557765 197.937813
307.562110 198.049139
307.721103 198.354921
308.215637 198.627242
308.262121 198.827692
308.431585 198.820645
308.716100 199.225731
309.159126 199.438653
308.851599 199.395482
309.010024 199.767185
309.229246 200.173768
309.539769 200.279976
309.795924 200.450030
309.807747 200.608623
310.089549 200.814083
310.363168 201.147560
310.465819 201.385373
310.776604 201.724566
310.422274 201.599687
311.300274 201.535655
311.526885 202.144336
311.190936 202.459412
311.532844 202.432619
312.104265 202.730868
311.934882 203.309849
312.412742 203.178606
312.349933 203.418713
312.900302 203.522822
312.668359 204.082640
313.013234 204.128150
313.330774 204.276554
313.085299 204.525577
313.832317 205.105956
313.826107 204.998819
314.246613 205.315844
314.284491 205.153321
314.376490 205.706435
314.410980 205.843669
315.093886 206.084676
314.822356 206.065169
315.236098 206.486869
315.308173 206.833250
315.682210 207.051204
315.893481 207.066854
315.946629 207.428752
316.236806 207.852867
316.338206 207.814827
316.873476 208.182533
316.643976 208.339689
316.871945 208.443620
317.061305 208.722854
317.774852 209.222159
317.877973 209.462311
317.855698 209.588507
318.096939 209.596837
318.113117 210.121387
318.311066 210.245984
318.798363 210.558485
318.963039 210.495408
319.196189 210.884930
319.176355 210.837711
319.598906 211.133710
319.483741 211.859510
319.768628 211.765258
320.168975 212.069902
320.215061 212.184411
320.698934 212.480305
320.785120 212.429360
320.913423 213.114151
321.101360 213.074754
321.478617 213.539376
321.684462 213.596861
321.959242 214.158539
322.235067 213.912206
322.712149 214.180506
322.302367 214.657769
322.686008 214.899193
323.111193 215.217561
322.995087 215.321894
323.495829 215.702223
323.728233 215.900202
323.881544 215.933946
323.793802 216.307807
324.139972 216.664680
324.294116 216.654454
324.578086 217.090376
324.972695 217.182515
325.121834 217.655127
325.032062 217.758991
325.677264 218.062848
325.854825 217.998582
325.873151 218.447996
326.085547 218.552948
326.168463 218.637889
326.666935 218.986932
326.722184 219.256752
327.102641 219.479837
327.305130 219.766401
327.463704 219.985529
327.590900 220.146089
327.671365 220.280447
327.992178 220.629644
328.563469 220.922164
328.640549 221.016165
328.885479 221.645877
329.054134 221.501739
329.117519 221.898778
329.376759 222.200193
329.592036 222.078554
330.042178 222.366640
330.287780 222.949966
330.334985 223.059182
330.860151 223.191717
331.118889 223.445580
330.966630 223.742827
331.369594 224.131587
331.697697 224.249998
331.892444 224.454732
332.142486 224.582713
332.091506 224.924605
332.887466 225.247154
332.609859 225.567640
332.666327 225.553187
333.237123 225.722265
333.320262 226.029885
333.560266 226.169746
333.711629 226.285188
333.962292 226.735631
334.491570 226.882855
334.392591 227.454509
334.636956 227.459031
334.902457 227.567970
335.335736 227.975760
335.703610 228.237483
335.771638 228.461238
335.829941 228.779307
336.300688 228.901164
336.547244 228.835488
336.524425 229.306814
336.953669 229.602526
337.185697 229.717659
337.596526 230.026599
337.758372 230.382026
338.074848 230.478731
338.233368 230.699054
338.524993 231.229063
338.447360 231.001607
339.081991 231.369713
339.020662 231.464673
339.466836 231.879561
339.868823 232.008253
339.944701 232.496147
339.836544 232.315886
340.334876 232.613535
340.473835 232.825496
340.758127 233.013927
340.831975 233.431883
341.286644 233.745183
341.590559 233.885859
341.869909 233.908612
341.927278 234.310299
342.387710 234.588932
342.461475 234.686530
342.776905 234.763177
343.113225 235.274274
343.372173 235.528868
343.629735 235.318289
343.761439 235.607080
343.832698 236.021910
344.401375 236.311382
344.507306 236.749029
344.757776 236.557799
344.761932 236.787978
345.237546 236.906063
345.536604 237.401315
345.613329 237.587993
346.049625 237.694542
346.333250 237.898345
346.562991 238.440573
346.775061 238.246532
346.992305 238.664880
347.102418 238.678505
347.427312 239.211924
347.860550 239.475422
347.984805 239.803422
348.118629 239.787659
348.463685 240.157565
348.759490 239.990866
349.046008 240.188702
349.134327 240.706774
349.517903 240.906465
349.646039 241.182435
350.007277 240.903579
350.156058 241.196307
350.328033 241.690706
350.859996 241.910422
350.952446 242.108680
351.101069 242.163065
351.556058 242.355970
351.853881 242.643564
352.168768 242.897395
352.501030 242.984151
352.715451 243.301552
352.914520 243.483148
352.815265 243.953285
353.262466 243.748173
353.612792 243.872518
354.184739 244.176838
354.082350 244.345505
354.512889 244.878881
354.751001 244.752303
355.171606 245.109266
355.128270 245.253597
355.520121 245.496992
355.764794 245.661405
356.308447 246.278613
356.319795 245.911060
356.401467 246.365037
356.580892 246.409558
357.149585 246.657170
357.295827 247.097999
357.742487 246.943441
358.007400 247.177522
358.079675 247.334332
358.602034 247.501269
358.681841 247.927089
359.006372 247.998389
359.129515 248.499489
359.620950 247.981392
359.963065 248.329854
359.831199 248.603433
360.495587 248.851884
360.608741 248.826129
361.009047 249.219682
360.925239 249.490877
361.463357 249.636536
361.855167 249.892194
362.158698 249.976531
362.222043 250.293702
362.651984 250.292658
363.033971 250.537691
363.025061 250.763640
363.169550 250.626645
363.880174 251.208566
363.707450 251.244068
364.214134 251.324076
364.610465 251.496044
364.819577 251.647786
365.022342 252.146134
365.293307 252.010914
365.531596 252.362490
365.710669 252.363317
366.316036 252.800045
366.229429 252.559848
366.413914 252.756612
366.841667 253.077844
366.954855 253.276895
367.005420 253.438310
367.960880 253.397820
367.566883 253.766935
368.383388 253.841668
368.592370 254.256673
369.091559 254.311898
368.933169 254.405885
369.249263 254.535506
369.644153 254.608648
370.191411 254.815672
370.021288 255.061359
370.628360 255.165758
370.691545 255.245979
371.002100 255.386933
371.268120 255.580327
371.453298 255.800397
371.822912 256.043886
372.281365 256.286166
372.303762 256.418992
372.775460 256.446186
373.211264 256.642589
373.372207 256.710676
373.634696 256.894727
373.800476 256.988362
374.451256 257.369747
374.666975 257.428080
374.872028 257.506038
375.372278 257.477904
375.129705 257.597553
375.683418 257.635545
375.763804 257.820193
376.047251 258.165013
376.776030 258.262355
376.600023 258.324000
376.969658 258.465742
377.264424 258.700998
377.783043 258.634211
378.043469 258.819448
378.517320 258.651331
378.610850 259.248543
378.784911 259.111676
379.157840 259.171943
379.342374 259.278550
379.688150 259.239564
379.916581 259.757213
380.242733 259.730641
380.727176 260.146967
380.774861 260.207800
380.916285 260.015826
381.552938 260.295870
381.784443 260.500339
382.030471 260.597246
382.282131 260.499869
382.369136 260.805425
382.815387 260.963934
383.392495 260.887156
383.549905 261.056681
383.802128 260.913581
384.346106 261.151394
384.505316 261.383296
384.766286 261.474282
385.156881 261.411500
385.466400 261.666472
385.621284 261.677620
385.906687 261.923856
386.036092 261.674793
386.469341 262.132887
386.764660 262.326735
387.303166 262.423704
387.626136 262.343911
387.793149 262.291892
387.605380 262.543615
388.192827 262.539998
388.236441 262.790934
388.879937 262.652579
389.038189 262.702942
389.385901 262.761567
389.602770 262.956886
390.066072 263.197137
390.156415 263.079965
390.588063 263.275314
391.016811 263.427594
391.603575 263.375186
391.710802 263.336083
391.916010 263.524470
392.559870 263.420728
392.523212 263.664204
392.734725 263.782475
393.154827 263.814555
393.349474 263.972519
393.623603 263.870899
394.195916 264.199475
394.262190 264.144966
394.668105 264.268555
395.004075 264.425601
395.523966 264.082804
395.552042 264.172621
395.896191 264.067668
395.964779 264.546936
396.574728 264.559343
396.695964 264.339650
397.110945 264.754372
397.459868 264.622658
397.934063 264.699051
398.093794 264.751723
398.347259 264.967754
398.669832 264.666415
399.097611 264.957852
399.234751 264.964412
399.777397 264.391621
399.667875 264.991618
400.097910 265.220263
400.597277 264.986403
400.869362 264.977592
401.075499 265.084358
401.634159 264.864109
401.832032 265.057387
402.121273 265.039287
402.442635 265.017021
402.730965 265.163152
402.797421 265.287843
402.938882 265.190207
403.450773 265.305116
403.937903 265.407657
404.272191 265.270254
404.785042 265.248099
404.927189 265.545914
405.345865 265.642088
405.630621 265.276411
406.038295 265.503930
406.151890 265.454832
406.496408 265.455274
406.829818 265.366331
407.394639 265.458008
407.258381 265.423093
407.729963 265.439534
408.127943 265.446761
408.154548 265.154367
408.936991 265.381770
409.245447 265.459598
409.282833 265.120346
409.757892 265.442858
410.262313 265.324993
410.329827 265.072730
410.546381 265.367863
410.904028 265.185365
411.488779 265.540799
411.435592 265.297624
411.851470 265.486341
412.271522 265.332484
412.416036 265.419727
412.832064 265.476186
413.361618 265.073678
413.597857 265.180837
413.806920 265.228228
414.157814 265.089809
414.388648 264.942185
414.816838 265.047317
415.288919 264.782407
415.466822 265.188156
415.670878 264.754438
415.956450 264.989955
416.228585 264.832832
416.641423 264.700649
417.019368 264.686235
417.333905 264.688156
417.753325 264.580435
418.107733 264.527108
418.293402 264.554287
418.428670 264.372191
418.910707 264.287608
419.301184 264.275099
419.524464 264.479900
420.298951 264.417358
420.356945 264.375986
420.685212 264.105754
420.980876 264.030291
420.959699 263.888621
421.492549 264.019859
421.871432 263.608186
422.266189 263.850312
422.712967 263.789442
423.283459 263.530501
423.449948 263.722899
423.484770 263.487986
423.796062 263.409382
424.169629 263.280318
424.563607 263.109068
425.061579 263.311851
425.117309 263.223534
425.392790 262.738826
425.926831 262.999003
426.097987 262.904836
426.832448 263.184939
426.737114 262.687543
427.013644 262.967014
427.462621 262.573317
427.872423 262.186063
428.157677 262.040157
428.423349 262.099834
428.883910 261.694411
429.171343 262.311504
429.369627 261.869079
429.780304 261.286775
430.026040 261.495748
430.634161 261.479425
430.806011 261.470338
431.190556 261.227528
431.603728 260.926993
431.805051 261.200830
431.847640 260.771875
432.524959 260.800719
432.784095 260.704950
433.034771 260.659721
433.530345 260.655652
433.961694 260.334908
434.380859 259.998703
434.458374 259.721897
434.967019 260.096005
435.097885 259.526977
435.673867 259.458834
435.764083 259.658446
436.120712 259.255849
436.751246 259.226948
436.684978 259.216811
436.918662 258.993039
437.588843 258.612501
437.734097 258.371439
438.446063 258.402443
438.428067 258.313533
439.039462 258.117126
439.299591 258.052437
439.540291 257.795041
439.850768 257.435095
440.014779 257.486112
440.435487 257.248105
440.841664 257.227721
441.258049 256.957233
441.510466 256.717811
441.840004 256.601366
441.970075 256.384538
442.621678 256.268224
442.742929 255.965960
443.185597 255.766175
443.398496 255.500404
443.920853 255.535539
444.280301 255.159489
444.654611 255.071033
444.861445 254.770843
445.198428 254.824107
445.586439 254.503153
445.803230 254.743387
445.953136 253.821972
446.553790 253.955538
447.238327 253.800290
447.357343 253.656895
447.666545 253.019536
448.030713 253.137371
448.658279 252.786730
448.861919 252.479065
449.243849 252.489316
449.480236 252.359451
449.797251 252.051077
449.938209 251.793169
450.262952 251.579006
450.477731 251.398642
451.207079 251.328095
451.599116 250.943788
451.720609 250.653840
452.144403 250.569002
452.478216 250.027033
452.976277 250.065974
453.260372 249.765742
453.414947 249.810280
453.636072 249.026214
454.438492 249.073371
454.417566 248.705521
454.523731 248.827419
455.273430 248.375964
455.634350 247.912485
455.922591 247.960843
455.866395 247.633762
456.652615 247.304050
456.751254 247.006530
457.159014 246.826402
457.491695 246.625324
457.837641 246.169442
458.434666 245.958137
458.683236 245.520532
459.175844 245.228283
459.306582 245.141457
459.522022 244.861077
460.166297 244.888235
460.290188 244.296994
460.388757 244.329163
460.855404 243.654748
461.376011 243.618741
461.933856 243.550278
462.163623 242.865572
462.297311 242.622384
462.861883 242.502008
463.179240 241.782273
463.347361 241.990660
463.698007 241.463872
464.532771 241.166645
464.683144 241.153400
464.929329 240.510262
464.819668 240.142605
465.604332 240.054231
466.029932 239.491590
466.230356 239.040026
466.414458 239.115051
466.566072 238.844313
467.514625 238.190583
467.547905 238.345992
468.008627 237.828083
468.296540 237.241007
468.606856 237.316106
468.987480 236.905722
469.267309 236.339145
469.604107 235.982329
469.811745 235.805753
470.329157 235.334161
470.815347 234.999993
471.122316 234.877026
471.655992 234.514141
471.872234 234.132629
471.890491 233.906396
472.701327 233.414035
473.111409 233.223918
473.445487 232.708846
473.360710 232.393128
473.732616 232.061228
474.153519 231.700885
474.524541 231.172839
474.806988 231.150134
475.225293 230.397448
475.280784 230.187033
475.973677 229.693207
476.012377 229.587222
477.108274 229.264775
476.828411 228.745220
477.308883 228.199010
477.464957 227.993284
478.143034 227.675568
478.271004 227.335001
478.800735 226.730151
478.888978 226.591308
479.591247 226.170335
479.946916 225.942577
479.890052 225.405338
480.666026 225.112609
481.032094 224.461476
481.269702 224.271107
481.427199 223.786330
481.666700 223.231475
482.265175 223.115598
482.565551 222.785096
483.138746 222.002661
483.249864 221.667683
483.738328 221.442048
483.845598 221.062073
484.116411 220.687282
484.298535 220.068892
484.908164 219.780313
485.402216 218.931367
485.512544 218.751207
486.241982 218.661162
486.516815 218.205117
486.651683 217.627377
487.133867 216.974136
487.412467 216.651811
487.883678 216.346887
488.083273 215.758047
488.230750 215.476886
488.850668 214.958011
489.298417 214.447335
489.422367 213.988625
489.865817 213.666879
490.176942 213.121432
490.418857 212.677733
490.706740 212.189091
491.400321 211.861263
491.646449 211.347229
492.155494 210.747520
492.437384 210.358199
492.763400 209.982253
492.990816 209.589323
493.326023 208.895960
493.701175 208.423134
494.146093 208.051608
494.285442 207.726904
494.886016 207.172065
495.132638 206.862240
495.486552 206.287472
495.707738 205.853934
496.207317 205.367583
496.538571 204.694472
496.750029 204.292061
497.212220 203.642035
497.819571 203.502087
497.677555 202.537045
498.105626 202.389043
499.086346 201.693980
498.987631 201.574908
499.311747 201.044092
499.876996 200.372091
500.220017 200.014649
500.228106 199.343888
500.695001 198.868365
500.958140 198.206317
501.499388 197.844587
502.049680 197.365173
502.407511 197.016120
502.714145 195.773329
502.778322 195.855091
503.046588 195.186442
503.696139 194.750842
503.894298 194.479702
504.234077 193.860688
504.640696 193.181056
504.945110 192.510323
505.316376 191.899833
505.792001 191.587956
505.985015 191.154511
506.245376 190.202598
506.815589 189.751562
506.893724 189.441105
507.598592 188.756403
507.670422 188.553703
507.942964 187.907577
508.569879 187.122197
508.835480 186.550787
509.106539 186.103638
509.450909 185.324249
510.014265 184.923619
510.377340 184.432111
511.030178 183.977915
510.756688 183.125433
511.174535 182.702085
511.411425 182.030645
512.011871 181.396328
512.344865 181.095038
512.559350 180.578052
513.073030 180.076894
513.510130 179.304505
513.736911 178.827246
514.167283 177.923701
514.599641 177.511196
514.980767 177.038007
515.063186 176.424975
515.726616 175.724523
515.603985 175.208636
516.399166 174.893324
516.714960 173.743257
516.874228 173.393863
517.233030 172.703699
517.567897 172.090780
518.306772 171.675928
518.230688 170.877648
518.801506 170.545829
519.181577 169.903126
519.286413 169.132869
519.591384 168.570315
520.158134 167.935459
520.447224 167.516368
520.685663 166.933531
521.165950 166.225669
521.448093 165.573756
521.671942 164.799629
522.187502 164.435327
522.464291 163.750377
522.813069 162.929634
523.198353 162.474817
523.441878 161.696320
523.819567 161.179238
524.021175 160.557418
524.630185 159.909692
524.855073 159.281626
525.122292 158.484328
525.755959 157.756226
525.887672 157.224003
526.429967 156.447938
526.592287 155.852571
527.277084 155.323487
527.298726 154.729712
527.854117 153.747570
527.910188 153.435277
528.325590 152.528321
528.661379 152.108490
529.164155 151.717480
529.216927 150.537937
529.629056 150.240827
530.023179 149.200012
530.626684 148.647952
531.019304 148.120455
531.099825 147.549788
531.668496 146.966640
531.830994 146.017379
532.460691 145.553877
532.625204 144.579812
532.776204 143.811014
533.131252 143.311191
533.447581 142.765036
533.585961 141.849668
534.217020 141.372276
534.743659 140.405666
535.045684 139.741128
535.401112 139.020533
535.722534 138.727702
536.355181 137.972551
536.240148 137.032029
536.600539 136.316902
536.823881 135.610641
537.599157 135.335331
537.842025 134.323866
538.223004 133.347727
538.340322 132.995243
538.777253 132.107143
539.285264 131.162462
539.677033 130.611017
539.931157 130.015523
540.300529 129.445113
540.383960 128.700945
540.956105 128.066490
541.145193 127.306390
541.677873 126.335775
542.062796 125.618333
542.393543 124.929480
542.616606 124.223338
543.096197 123.467021
543.374799 122.835128
543.502285 122.147202
544.195472 121.346919
544.378639 120.402507
544.854294 119.558458
545.025521 119.277559
545.243432 118.380845
545.580596 117.651811
545.819924 116.742620
546.279028 116.069408
546.461901 115.528325
547.105857 114.475194
547.624836 113.789581
547.781968 113.079339
548.323999 112.300982
548.266971 111.530344
548.831726 110.750954
549.012797 109.869823
549.197061 109.297775
549.667656 108.362110
550.210352 107.851590
550.319546 106.866573
550.756616 106.223045
551.000395 105.253076
551.559952 104.507523
551.683071 103.819283
552.040182 103.001238
552.710336 102.235429
552.837198 101.409381
552.969427 100.722955
553.689858 100.100516
554.304900 99.079952
554.246571 98.170789
554.833383 97.694427
555.038829 96.843481
555.213796 95.579983
555.760046 95.265897
555.949871 94.245240
556.379890 93.615880
556.618233 92.605313
556.758088 91.956616
557.248551 91.011123
557.862591 90.296849
557.930369 89.595589
558.498622 88.632659
558.587414 87.748536
559.109913 87.192847
559.313510 86.359238
559.899127 85.486159
559.875985 84.600370
560.454889 83.958406
560.708786 82.954352
561.055088 82.321639
561.325214 81.390090
561.716356 80.646595
561.909213 79.715131
562.059617 79.025315
562.635969 78.340354
562.720147 77.304068
563.411943 76.343030
563.730473 75.657978
564.072313 74.746671
563.851062 73.958472
564.676210 72.999830
564.797650 72.349622
565.390085 71.668253
565.543645 70.767887
566.001014 69.672831
566.406982 69.034484
566.586793 68.292832
567.001695 67.025103
567.161194 66.522185
567.581997 65.524612
568.013592 64.642801
568.477186 63.734338
568.496229 62.606922
568.977130 62.056591
569.512676 61.133212
569.812273 60.336665
570.248561 59.373727
570.261768 58.759915
570.831503 57.921629
570.784079 57.093782
571.313874 55.820406
571.562180 55.145047
571.856664 54.524468
572.387431 53.629366
572.505030 52.336433
573.034856 51.719145
573.426294 50.938771
573.649775 50.084255
573.967283 49.117807
574.581746 48.402069
574.456184 47.091537
575.146369 46.382227
575.251632 45.491965
575.648849 44.619247
575.749438 43.528383
575.897210 42.751458
576.767507 41.881051
576.907877 41.300714
577.435886 40.158394
577.672700 39.293752
577.602231 38.600508
578.236302 37.430833
578.577265 36.716629
578.897717 35.624239
579.172708 34.916887
579.637943 33.938961
579.688138 33.134001
580.361708 32.078732
580.577375 31.421741
580.985366 30.561358
581.194025 29.664711
581.679062 28.422069
581.847202 27.672825
582.022285 26.678278
582.147819 25.923076
582.900186 25.076769
583.298773 23.899770
583.395874 23.307193
583.905004 22.048932
583.711958 21.207920
584.228487 20.333111
584.856916 19.186896
585.074808 18.300642
585.728025 17.568583
585.748797 16.480875
585.679240 15.569097
586.177052 14.963072
586.469609 13.984299
587.025922 12.915409
586.910462 11.920409
587.749543 11.153003
587.946641 9.925259
588.263155 9.246079
588.491145 8.339070
588.777104 7.037865
589.106516 6.299269
589.704971 5.573390
589.833423 4.444969
590.243397 3.811497
590.333021 2.550781
590.968879 1.776932
591.048444 0.935142
591.514664 -0.323628
591.790598 -1.128442
592.314535 -1.982505
592.456158 -3.000959
592.778533 -4.177748
592.798745 -4.860475
593.393140 -5.929972
593.349503 -6.984256
594.045680 -7.754755
594.184352 -8.866893
594.635832 -9.704979
594.887018 -10.713855
595.248272 -11.552687
595.446351 -12.303614
595.766306 -13.487022
595.935961 -14.621789
596.620590 -15.323975
596.828297 -16.495818
597.162467 -17.506888
597.583004 -18.716296
597.677572 -19.406545
598.242125 -20.282648
598.545821 -21.003081
598.740495 -22.433578
598.871015 -23.231681
599.355724 -24.069753
599.407512 -24.979864
599.765792 -26.122442
600.267397 -27.061583
600.774645 -27.844912
600.651735 -29.159312
601.332071 -29.949031
601.563613 -30.938758
601.963435 -31.804190
602.206054 -32.999776
602.488170 -34.119041
602.669651 -34.952969
602.897704 -35.979212
603.021251 -36.634865
603.598391 -37.830032
604.013146 -38.627366
604.445871 -39.836455
604.580663 -40.892956
604.969238 -41.740301
605.302268 -42.606522
605.589474 -43.638202
605.791320 -44.893884
606.133403 -45.444659
606.324463 -46.789305
606.787491 -47.427906
606.843588 -49.033605
607.212212 -49.649257
607.587434 -50.697054
607.837596 -51.749641
608.092788 -52.594009
608.606332 -53.881994
609.061063 -54.574941
609.209913 -55.681350
609.467803 -56.805985
609.969578 -57.424501
609.998346 -58.834599
610.290328 -59.548902
610.578783 -60.758497
610.963352 -61.772524
611.440597 -62.502659
611.640684 -63.754434
611.872665 -64.486336
611.827911 -65.627093
612.652769 -66.392145
612.598925 -67.629065
613.197545 -68.496949
613.064050 -69.987282
613.661959 -70.619806
613.918659 -71.753122
614.427291 -72.492382
614.444713 -73.701087
614.657676 -74.475814
614.917948 -75.908705
615.292199 -76.918167
615.914101 -77.425996
616.058075 -78.838637
616.423448 -79.938900
616.811771 -80.823558
616.969819 -81.937641
617.171407 -83.093372
617.499919 -83.733973
617.514127 -85.036669
618.014886 -85.949920
618.366923 -86.929097
618.716883 -87.947109
618.715597 -88.914749
619.441662 -89.943685
619.288095 -90.968701
619.918084 -92.173646
620.150578 -92.856053
620.673825 -94.051346
620.799102 -95.118429
620.952973 -95.909784
621.449984 -97.049380
621.517495 -97.946756
622.043106 -99.386022
622.340580 -100.192956
622.509015 -101.547192
622.537418 -102.123128
622.931184 -103.177097
623.136194 -104.548140
623.910611 -105.218806
623.893167 -106.350488
624.094248 -107.359934
624.665259 -108.505399
624.848688 -109.727101
625.333264 -110.353213
625.345415 -111.585131
625.848136 -112.642177
625.978208 -113.645461
626.070283 -114.474884
626.432498 -115.593821
626.727556 -116.716762
627.039008 -117.828359
627.459361 -118.777074
627.763159 -119.686342
628.101160 -120.906779
628.301129 -121.894266
628.481655 -123.010689
628.696968 -123.844775
628.999642 -125.084844
629.460675 -125.958367
629.432823 -127.032837
630.066689 -127.921398
630.098417 -129.289894
630.405372 -129.959450
630.852663 -131.543201
631.150491 -132.570211
631.591819 -133.149419
631.522680 -134.299157
631.960632 -135.428473
632.210299 -136.413431
632.382115 -137.205056
632.392566 -138.466826
632.767739 -139.541529
633.148481 -140.172853
633.455235 -141.616168
633.716951 -142.503275
634.010213 -143.776227
634.643988 -144.602357
634.680142 -145.399377
634.820887 -146.925071
635.072526 -147.664860
635.374111 -148.709144
635.647578 -150.202421
635.896475 -150.929875
636.469962 -151.820647
636.620145 -152.956309
636.442256 -154.062758
637.118107 -155.191899
637.285516 -156.057139
637.829032 -156.938099
637.901341 -158.396022
638.485419 -159.368633
638.396286 -160.572732
638.808805 -161.317995
639.143403 -162.419691
639.369225 -163.414427
639.635172 -164.365315
639.955956 -165.558359
640.017238 -166.510920
640.280649 -167.698273
640.528851 -168.401013
640.759333 -169.666257
641.274840 -170.679361
641.435504 -171.843210
641.679634 -173.308540
641.861894 -173.741310
642.121125 -174.970769
642.905894 -176.181378
642.700913 -177.119106
642.742851 -178.256692
643.093993 -179.090026
643.536557 -180.536639
643.960129 -181.116090
644.049000 -182.165020
644.455662 -183.489282
644.673703 -184.369489
644.769863 -185.596215
645.219591 -186.141198
645.415740 -187.500591
645.525749 -188.615940
645.915804 -189.678324
646.109674 -190.673847
646.385149 -191.524985
647.038276 -192.869972
646.937106 -193.735208
647.339616 -194.959145
647.426687 -195.800900
647.526375 -196.600789
648.076805 -198.022699
648.268152 -199.182000
648.819844 -200.077351
648.742621 -200.844846
649.220742 -202.181051
649.389104 -203.245041
649.526702 -204.271533
649.882663 -205.117158
650.391344 -206.650105
650.699376 -207.213212
650.609466 -208.473829
650.582383 -209.272421
650.953665 -210.395866
651.310546 -211.779354
651.690068 -212.504177
651.741132 -213.489632
652.406157 -214.586126
652.453542 -215.810740
652.486061 -216.802286
652.905096 -217.780062
653.117335 -218.448259
653.484907 -220.008397
653.470861 -221.162397
653.750872 -221.854187
654.110517 -223.084023
654.492389 -223.936521
654.709939 -225.059397
654.898645 -226.293409
654.876943 -227.254473
655.284636 -228.293926
655.625809 -229.279440
655.704594 -230.260683
656.198820 -231.355709
656.519055 -232.270740
656.702028 -233.409968
656.952687 -234.287082
656.847976 -235.264364
657.307024 -236.361794
657.283720 -237.558906
657.620432 -238.550057
658.147753 -239.500368
658.368527 -240.782510
658.805361 -241.829231
658.803670 -242.776344
659.007539 -243.902272
659.504199 -244.611436
659.595179 -245.776113
659.683152 -246.801643
659.933294 -247.802389
660.370542 -248.882187
660.612954 -249.786879
660.915062 -250.607037
660.821099 -252.116682
661.093305 -252.989150
661.276771 -254.066430
661.881450 -254.904365
662.241099 -255.912091
662.386184 -257.145358
662.419221 -257.959539
662.840050 -259.403656
662.740938 -260.287185
663.057828 -260.966667
663.694943 -262.138005
663.712025 -262.918873
663.964717 -264.148422
664.189447 -265.197678
664.571665 -266.165851
664.617496 -267.354173
664.878721 -268.564418
665.143476 -269.315323
665.356770 -270.526371
665.612875 -271.343416
665.775061 -272.332756
665.884841 -273.623526
666.310209 -274.751494
666.563785 -275.126628
666.762218 -276.323596
667.182449 -277.309263
667.511169 -278.610154
667.349387 -279.419914
667.388915 -280.505643
667.871375 -281.321582
668.251287 -282.412241
668.425185 -283.528198
668.593595 -284.433015
668.930248 -285.663625
669.074281 -286.575190
669.274654 -287.398143
669.424834 -288.716290
669.553014 -289.669932
670.007952 -290.614044
670.053306 -291.477758
670.393121 -292.492329
670.923821 -293.318214
670.871964 -294.551794
671.212280 -295.412405
671.216128 -296.788529
671.623538 -297.570916
671.809497 -298.522362
671.836702 -299.678627
672.325286 -300.623874
672.270106 -301.637662
672.669358 -302.668789
673.092318 -303.465483
672.829799 -304.547157
673.509920 -305.080563
673.424836 -306.563873
673.512499 -307.475873
674.007898 -308.507705
673.993184 -309.423011
674.649414 -310.325541
674.648520 -311.525230
674.947549 -312.526173
674.651682 -313.749192
675.454141 -314.277585
675.447587 -315.581570
675.638467 -316.638550
675.862155 -317.166478
676.022764 -318.529656
676.130996 -319.360681
676.405705 -320.274082
676.717129 -321.098617
677.066967 -322.257482
676.981720 -323.302687
677.452406 -324.231180
677.673869 -325.239567
677.658741 -326.593342
677.879436 -327.053619
678.379498 -328.006757
678.520874 -329.115468
678.686078 -330.376169
678.921664 -331.186479
679.014648 -332.205974
679.306629 -332.887836
679.646989 -334.137078
679.773303 -334.967935
679.644847 -335.780037
680.058665 -336.797239
680.245845 -337.729784
680.760201 -338.768382
680.862459 -339.865693
680.941105 -340.894498
681.353855 -341.506623
681.330885 -342.635722
681.509385 -343.793504
681.738338 -344.731376
681.730250 -345.460945
682.077368 -346.464052
682.033062 -347.395791
682.532560 -348.453093
682.971215 -349.326708
683.089389 -350.248277
683.320202 -351.321823
683.449398 -352.183722
683.760226 -353.179697
683.969253 -353.957305
683.971083 -354.869749
684.199967 -356.015727
684.340983 -357.020714
684.708617 -357.827638
684.816351 -358.607487
685.194739 -359.655381
684.971898 -360.534109
685.167714 -361.674593
685.636361 -362.243109
685.486799 -363.634399
685.949946 -364.231174
686.010255 -365.383785
686.634435 -366.059180
686.558382 -366.965812
686.859026 -368.179089
686.935527 -369.061125
687.076667 -369.820799
687.585512 -371.027037
687.729135 -371.887773
687.813078 -372.604381
688.170445 -373.571035
688.249714 -374.239258
688.648335 -375.240597
688.711889 -376.235952
689.038097 -377.113878
688.883041 -378.119514
689.238478 -379.253994
689.281929 -379.696783
689.389433 -380.783880
689.797945 -381.621223
689.825032 -382.786772
690.139837 -383.667495
690.553959 -384.447431
690.639160 -385.524298
690.788840 -385.900231
690.880799 -387.339230
691.248187 -388.138281
691.072094 -389.130886
691.275684 -389.776561
691.512687 -390.877128
691.771217 -391.573320
692.147002 -392.341258
692.149740 -393.261304
692.267167 -394.043281
692.663628 -395.144724
692.517327 -395.921722
692.869959 -397.041345
693.001201 -397.920919
693.382193 -398.644793
693.499395 -399.305327
693.487361 -400.419350
693.658114 -401.252188
694.125684 -402.189357
694.297535 -402.993534
694.475777 -404.158832
694.715986 -404.557411
694.933737 -405.725751
695.240515 -406.515122
695.301530 -407.313757
695.521775 -408.517434
695.365750 -409.060873
695.627743 -410.053416
696.067732 -410.940883
696.066726 -411.656518
696.164195 -412.914773
696.096352 -413.459664
696.882799 -414.380523
696.725776 -414.810853
696.911359 -415.894595
697.128307 -416.943517
697.128437 -417.738523
697.431182 -418.616888
697.533026 -419.309935
697.961489 -419.835452
697.848920 -420.985664
697.981961 -421.958424
698.044595 -422.442232
698.411676 -423.391289
698.489969 -424.719371
699.076588 -425.440722
698.837115 -425.847071
699.177057 -426.882835
699.534958 -427.723117
699.625570 -428.690370
699.889868 -429.410801
699.872543 -430.255913
699.893316 -431.009253
700.322164 -431.821458
700.382592 -432.671239
700.720480 -433.634300
700.438526 -434.014767
700.533562 -434.779438
701.022859 -435.781331
701.240615 -436.752417
701.436438 -437.153686
701.708027 -438.369936
701.876900 -439.240974
701.823693 -439.843607
702.208156 -440.871841
702.343992 -441.522742
702.105033 -442.106366
702.452398 -443.349851
702.798050 -444.093877
702.785165 -444.799676
702.883188 -445.255388
703.262625 -446.431184
703.295781 -446.979230
703.694911 -447.703046
703.471417 -448.746686
703.913622 -449.217576
703.884669 -450.203320
704.211601 -450.841444
703.900667 -451.699247
704.578347 -452.653000
704.744713 -453.387572
704.807867 -454.095479
704.689321 -454.701806
705.074438 -455.271200
705.372348 -456.500368
705.454266 -456.875752
705.689460 -457.502856
706.011884 -458.645009
705.933519 -458.934065
706.223011 -460.148210
705.958220 -461.032582
706.440628 -461.564898
706.469654 -462.383451
706.522656 -462.949853
706.801780 -463.721635
706.714162 -464.259871
707.290055 -465.107900
706.956823 -465.873154
707.204074 -466.678688
707.745927 -467.316721
707.832486 -467.932041
707.900013 -469.061625
707.947378 -469.666231
708.303331 -470.555235
708.450411 -471.124248
708.409396 -471.983455
708.557539 -472.518402
708.748586 -473.169930
708.685227 -474.220487
708.920241 -474.548594
709.203379 -475.422362
709.461123 -476.040558
709.440005 -477.062116
709.613718 -477.784369
709.804468 -478.375119
710.004338 -478.933796
710.052954 -479.569074
710.679052 -480.640099
710.763153 -481.206330
710.341247 -481.899651
710.799414 -482.416128
710.740891 -483.226467
710.864164 -483.739762
711.310201 -484.553745
711.163573 -485.256800
711.062491 -485.891408
711.608870 -486.619481
711.618183 -487.074710
711.883003 -487.861485
712.053212 -488.572826
712.316191 -489.472382
712.255525 -490.279980
712.337848 -490.305498
712.348583 -491.437896
712.670065 -491.807261
712.922976 -492.680570
713.214902 -493.267883
713.270005 -493.678251
713.090402 -494.797488
713.456514 -495.199212
713.519185 -495.838708
713.636589 -496.294388
713.337299 -496.985540
713.964634 -497.840732
713.916112 -498.280095
714.024482 -499.089917
714.505050 -499.993480
714.517357 -500.335557
714.669148 -501.086751
714.827796 -501.493866
714.829399 -501.967668
714.838153 -503.010352
715.322818 -503.567287
715.135373 -504.225835
715.636230 -504.661684
715.402882 -505.681498
715.898126 -505.981245
715.743014 -506.769627
715.627327 -507.444927
716.114676 -507.931827
716.447555 -508.328790
716.242667 -509.212402
716.655460 -509.733765
716.988562 -510.265627
716.517034 -511.186297
716.740880 -511.261274
716.943225 -512.448796
717.015285 -512.710764
717.442948 -513.193620
717.343056 -513.802112
717.826950 -514.275520
717.509514 -514.916349
717.917611 -515.251928
717.917614 -516.229981
718.054653 -516.830982
718.149738 -517.455799
718.256382 -518.127002
718.504901 -518.359861
718.255789 -518.936500
718.544129 -519.403319
718.903296 -520.016604
718.965431 -520.898281
718.688990 -521.281357
718.933115 -521.830853
719.023928 -522.297497
719.447362 -523.159673
719.347772 -523.454966
719.747413 -524.032590
719.632387 -524.589022
719.824039 -525.237434
719.767890 -525.692695
719.977231 -526.257469
719.918542 -526.649889
720.256594 -527.298166
720.685761 -527.609508
720.679622 -528.525873
720.686369 -528.855537
720.858938 -529.404995
721.060219 -529.850527
721.238314 -530.346774
721.069238 -531.036568
721.289233 -531.443049
721.334715 -532.020485
721.475740 -532.610643
721.704158 -532.903226
722.024494 -533.393213
721.815875 -533.860507
721.775931 -534.491048
722.022093 -535.135877
722.518259 -535.613834
722.372835 -535.957345
722.446646 -536.742895
722.613878 -537.080545
722.662695 -537.520760
722.860574 -537.941379
722.677654 -538.453378
723.283006 -539.253480
722.992110 -539.549419
722.945493 -540.196673
723.211526 -540.223673
723.412066 -541.007402
723.553400 -541.263223
723.762513 -541.796895
724.196765 -542.227882
723.976051 -542.809071
723.892005 -543.363656
723.937631 -543.563505
724.265014 -544.195387
724.297378 -544.394246
724.427920 -544.997907
724.611089 -545.375972
724.562644 -546.265148
724.491584 -546.285300
724.805446 -546.829857
724.741857 -547.336449
725.124524 -547.645846
725.051690 -548.257976
725.609154 -548.552789
725.410015 -549.144702
725.415211 -549.410766
725.465536 -549.778840
725.570060 -550.324911
725.728865 -550.880662
725.716666 -551.029564
725.903352 -551.488892
726.140317 -551.822410
726.387966 -552.377938
726.196912 -552.657715
726.601468 -553.142447
726.566198 -553.521012
726.655746 -553.795487
726.720792 -554.196444
726.945761 -554.358391
726.877313 -554.899829
727.207560 -555.644717
727.273372 -555.756033
727.198139 -556.600959
727.502113 -556.807776
727.464876 -557.258601
727.679939 -557.644386
727.602719 -557.827805
727.789416 -558.337215
727.958708 -558.411356
727.934390 -558.893239
727.674680 -558.973979
728.152116 -559.479414
728.311795 -559.927311
728.485601 -560.388309
728.632810 -560.410330
728.607455 -561.021881
728.821054 -561.285577
728.715001 -561.745532
728.886569 -561.924241
728.888531 -562.261774
729.354453 -562.630607
729.146379 -562.970864
729.184929 -563.558373
729.232631 -563.927578
729.585521 -564.122963
729.258399 -564.301416
729.684755 -564.656650
729.523255 -565.191514
730.082549 -565.433707
729.980165 -565.641170
729.797239 -566.194871
730.172439 -566.331827
730.148523 -566.438094
730.039917 -566.909921
730.551295 -567.078430
730.426141 -567.435982
730.652895 -567.936669
730.429014 -567.972079
730.749867 -568.122763
730.736177 -568.537602
731.047907 -568.901940
731.018085 -569.403926
731.060102 -569.619906
731.197213 -569.984038
731.320238 -569.838431
731.241013 -570.302223
731.178180 -570.580292
731.589955 -571.063144
731.721887 -571.179399
731.998761 -571.444028
731.874824 -571.746313
731.735100 -571.595014
732.018373 -572.197734
732.091012 -572.719396
731.961341 -573.003877
732.450310 -572.927949
732.288425 -573.466010
732.300388 -573.512513
732.326009 -573.609014
732.476290 -574.022639
732.667388 -574.546550
732.889156 -574.447609
732.520474 -574.745058
732.887574 -575.071826
733.074585 -574.963638
733.158601 -575.581069
733.089041 -575.888684
733.304642 -575.961662
733.399482 -575.909167
733.573269 -576.213031
733.486303 -576.699699
733.934755 -576.334851
733.676211 -576.808649
733.600108 -577.136156
733.858737 -577.368471
734.200365 -577.432754
733.925291 -577.737525
734.136466 -578.109397
734.253510 -578.068324
734.396962 -578.198255
734.244977 -578.538640
734.631431 -578.557909
734.593178 -578.714597
734.570310 -579.146812
734.933591 -579.187907
734.936617 -579.346016
734.988859 -579.633753
734.704512 -579.714326
734.908525 -579.739296
735.111130 -580.233870
735.026894 -580.372591
735.104069 -580.335035
735.201270 -580.301840
735.434986 -580.757386
735.642949 -580.643940
735.556554 -580.983206
735.894879 -580.954307
735.520052 -581.192600
735.633104 -581.222901
735.680245 -581.590349
735.818174 -581.557877
735.829474 -581.761326
735.740137 -581.764917
735.735524 -581.993338
736.251268 -582.219575
736.453925 -582.097534
736.525011 -582.216447
736.487909 -582.560594
736.552885 -582.452958
736.579816 -583.090243
736.410144 -582.569099
736.612383 -583.037859
736.951272 -582.915945
736.966909 -583.130408
736.638132 -582.918351
736.972750 -583.184170
737.123765 -583.521805
737.135157 -583.558130
737.495367 -583.815549
737.379563 -583.436838
737.315713 -583.785985
737.287905 -583.625571
737.365728 -583.853980
737.312292 -584.156084
737.711928 -584.267103
737.711403 -584.371825
737.833968 -584.416287
737.732263 -584.264706
737.676218 -584.272923
737.909748 -584.188483
738.023552 -584.618222
738.188516 -584.391628
737.876720 -584.690215
738.500280 -584.800126
738.198070 -584.930428
738.398289 -584.925195
738.586451 -585.004616
738.516504 -584.848037
738.565312 -584.892254
738.580582 -585.024799
738.977626 -584.859936
738.924775 -584.794886
738.989846 -585.026094
739.083943 -585.041639
739.326365 -584.995386
739.138824 -584.811674
739.322775 -585.168470
739.337781 -585.269287
739.295718 -585.062689
739.420523 -585.123013
739.322614 -585.044944
739.615531 -585.210061
739.594967 -585.036440
739.738096 -585.056153
739.801174 -585.015124
739.904157 -585.031053
739.784727 -585.040661
739.826129 -585.167334
740.042632 -585.057025
739.954728 -584.965518
740.007579 -584.961496
739.985948 -584.810938
740.323069 -584.915719
740.316827 -585.157939
740.127843 -584.918632
740.386486 -584.849055
740.661587 -584.801595
740.425467 -584.732146
740.541413 -584.727986
740.785829 -584.824249
740.978287 -584.753236
740.826623 -584.464512
740.913054 -584.730671
740.895302 -584.519337
740.943575 -584.575898
741.214495 -584.471791
741.395296 -584.407442
741.043465 -584.358141
741.398135 -584.343663
741.487849 -584.188785
741.441013 -584.229167
741.448003 -584.049126
741.661687 -584.043526
741.331146 -584.062145
741.524627 -583.721580
741.553101 -583.881858
741.702288 -583.653289
741.795380 -583.755786
741.821807 -583.330674
741.988025 -583.324016
741.875337 -583.329013
741.861738 -583.104288
742.235631 -583.124763
742.111816 -583.113000
742.210329 -582.633188
742.179849 -582.743178
742.483251 -582.681160
742.209528 -582.503741
742.694023 -582.416943
742.518056 -582.330425
742.263197 -582.155772
742.568909 -582.218139
742.884670 -582.099652
742.772590 -582.015514
742.866628 -581.911308
742.907525 -581.550597
743.042639 -581.628506
742.924365 -581.420470
743.155828 -581.417102
743.046545 -580.942722
743.188893 -581.101694
743.387065 -580.715743
743.427102 -580.638803
743.339729 -580.394182
743.325595 -579.937696
743.407370 -580.062207
743.408463 -580.037287
743.539510 -579.899779
743.475665 -579.622937
743.611953 -579.143040
743.703205 -579.392269
743.879269 -578.859514
743.602179 -578.764241
743.739897 -578.845797
743.745821 -578.663983
743.802151 -578.503709
744.015234 -578.251071
744.159410 -578.003574
744.164905 -577.660477
744.257136 -577.483483
744.306808 -577.567045
744.138477 -577.694548
744.332210 -577.250986
744.448424 -576.685072
744.167788 -576.573557
744.334108 -576.747416
744.951741 -576.148245
744.224333 -575.850540
744.690592 -575.615450
744.639954 -575.594975
744.850696 -575.718136
744.906394 -575.068340
744.797563 -574.887072
745.093578 -574.738362
745.218838 -574.418782
745.344597 -574.246803
745.312007 -574.075880
745.311038 -573.769125
745.329137 -573.473017
745.268671 -573.393754
745.099068 -573.070446
745.246713 -572.976926
745.418113 -572.517389
745.614872 -572.298243
745.554422 -572.075013
745.500626 -571.633775
745.930293 -571.699512
745.553393 -571.526012
745.653081 -571.232038
745.890364 -570.802943
746.024382 -570.538622
745.981195 -570.343854
746.235817 -569.788150
745.935254 -569.712994
746.067218 -569.524002
746.073686 -569.380965
746.169105 -568.788889
746.468366 -568.507521
746.335252 -568.164563
746.353738 -568.099506
746.218026 -567.615393
746.620695 -567.646206
746.331751 -566.912454
746.605727 -567.078204
746.576964 -566.533380
746.835761 -566.199437
746.967158 -565.910327
746.845006 -565.532084
746.753220 -565.497425
746.667533 -564.986764
746.825150 -564.752799
746.996824 -564.528895
746.971678 -564.014562
747.326544 -563.908766
747.016947 -563.236974
747.198280 -563.288118
747.185936 -562.752197
747.273150 -562.540086
747.143326 -562.342308
747.554261 -561.831880
747.589120 -561.816981
747.400946 -561.179929
747.639280 -560.576730
747.619130 -560.683007
747.525264 -560.408275
747.891256 -559.886123
747.643573 -559.344660
747.991967 -559.215878
747.762236 -558.773694
747.636352 -558.389372
748.042139 -558.081460
748.096798 -557.749242
748.066173 -557.183947
748.107020 -556.786594
748.268770 -556.705870
748.183608 -556.401696
748.422304 -555.515491
748.251351 -555.516792
748.412224 -555.174765
748.364187 -554.718392
748.219422 -554.567821
748.523863 -554.047626
748.567949 -553.588485
748.767301 -553.450450
748.535245 -552.746067
748.700400 -552.491307
748.918018 -552.404679
749.009560 -551.707855
748.644160 -551.161368
749.154533 -550.721160
748.896556 -550.444067
749.064232 -550.353481
749.417483 -549.894410
749.392337 -549.345175
749.171656 -548.971979
749.390939 -548.256401
749.257753 -548.207754
749.175083 -547.599975
748.995161 -547.526540
749.380003 -546.821886
749.355266 -546.513263
749.218678 -546.085594
749.502955 -545.559650
749.661592 -545.470053
749.859451 -545.066876
749.751401 -544.387913
749.870712 -543.805700
749.743985 -543.501658
749.571740 -543.032241
749.761208 -542.722178
749.752455 -542.139229
749.905941 -541.568046
749.937183 -541.478162
749.949153 -540.804604
749.842146 -540.163241
750.130692 -539.930839
750.234530 -539.358854
750.362808 -539.117995
750.205416 -538.252648
750.046491 -538.241818
750.278827 -537.494493
750.503219 -537.120264
750.379495 -536.655386
750.414964 -536.321457
750.494790 -535.877891
750.507899 -535.267648
750.751830 -534.950137
750.687407 -534.289180
750.828445 -533.661925
750.816447 -533.350711
751.004048 -533.069291
750.791406 -532.643913
751.065111 -531.983829
751.091151 -531.449596
751.133310 -530.885681
751.091444 -530.378688
751.292864 -530.207643
751.215341 -529.273932
751.839114 -529.017245
751.354025 -528.759383
751.416654 -528.024437
751.364236 -527.247696
751.530683 -527.159536
751.384888 -526.395222
751.503494 -526.139226
751.395188 -525.510436
751.787294 -524.858112
751.783815 -524.220747
751.619261 -523.924547
751.904052 -523.683548
751.868666 -523.083957
751.981114 -522.525375
752.095154 -521.640456
752.014188 -521.452338
751.914887 -520.770387
752.008399 -520.163137
752.446252 -519.514307
752.520702 -519.226421
752.366936 -518.828503
752.148710 -518.065189
752.184483 -517.491463
752.319208 -517.133352
752.759505 -516.524149
752.626093 -516.061646
752.728493 -515.517013
752.510904 -515.081049
752.466495 -514.574578
752.852455 -513.849694
752.659154 -513.169051
752.880477 -512.667973
752.755130 -512.250235
753.007331 -511.665811
753.156759 -510.951665
753.281468 -510.462679
753.011684 -509.940803
753.507986 -509.222237
753.187061 -508.714005
753.230568 -508.302956
753.482255 -507.623010
753.504141 -506.855487
753.341035 -506.499914
753.609544 -505.854426
753.462216 -505.391422
753.858595 -504.906609
753.691280 -504.170863
753.458472 -503.567989
753.523567 -503.052036
753.962178 -502.575814
753.600994 -501.920334
753.878010 -501.312479
753.967068 -500.700118
753.765635 -499.992105
753.712348 -499.615373
754.210609 -499.083929
753.924393 -498.487830
754.121562 -497.478165
754.022993 -497.118161
754.269686 -496.704452
754.145194 -496.159435
754.456734 -495.277552
754.655384 -494.918110
754.192790 -494.082738
754.643122 -493.384157
754.333208 -492.728622
754.690094 -492.040096
754.692369 -491.522231
754.690233 -490.794782
754.753621 -490.729808
754.919941 -489.714493
755.127944 -489.276729
755.051437 -488.649731
755.247394 -487.869672
755.023883 -487.258179
755.150317 -486.601677
755.150698 -486.140279
755.176430 -485.761419
755.133837 -484.729344
755.463499 -484.386439
755.498885 -483.630986
755.595463 -483.069145
755.532916 -482.540733
755.761199 -481.653155
755.661869 -480.727357
755.875970 -480.240499
755.804172 -479.891346
755.878092 -479.164498
755.814033 -478.350374
755.873635 -477.845701
755.995090 -477.462310
756.112007 -476.473637
756.095554 -475.901621
756.095686 -475.383115
756.105438 -474.907397
756.336241 -474.183170
756.244537 -473.642161
756.268323 -472.591455
756.438068 -472.010825
756.516855 -471.610024
756.668660 -470.758929
756.599149 -469.968790
756.253137 -469.157671
756.657409 -468.622961
756.713955 -468.133231
757.020736 -467.554090
756.924331 -466.784581
757.015261 -465.900278
757.099616 -465.280301
756.963345 -464.728331
757.161089 -463.836889
757.239839 -463.370834
757.259215 -462.528625
757.355981 -461.853120
757.283956 -461.172779
757.349147 -460.614444
757.547853 -460.146414
757.482185 -459.223006
757.604164 -458.455279
757.289864 -458.143837
757.846724 -457.096719
758.048828 -456.537136
757.996047 -455.496599
757.533256 -455.388719
757.861134 -454.661459
758.223066 -453.795341
757.950809 -452.875963
758.213922 -452.453403
758.278902 -451.807640
758.132202 -450.794893
758.170799 -450.347672
758.289080 -449.656847
758.037423 -449.105052
758.502960 -447.962262
758.644287 -447.542835
758.583757 -447.011766
758.625934 -446.090106
758.637389 -445.257641
758.846677 -444.555868
759.180322 -443.848855
758.616384 -443.427845
758.965271 -442.640335
758.998860 -441.581745
759.111322 -441.261441
759.376707 -440.395230
759.217127 -439.616680
759.365034 -439.041637
759.360367 -438.026344
759.599409 -437.616198
759.480591 -436.544104
759.502808 -436.252733
759.508605 -435.238920
759.654366 -434.598857
759.773086 -433.921566
759.873624 -432.954974
759.926768 -432.348342
760.096121 -431.589537
760.162257 -431.273469
760.062682 -430.179820
760.102403 -429.637072
760.168148 -428.887694
760.304213 -427.942382
760.283270 -427.150354
760.306520 -426.664803
760.463223 -425.898922
760.666431 -425.127764
760.663868 -424.223090
760.406188 -423.632998
760.735248 -423.161973
760.792304 -422.172959
760.635007 -421.202712
760.937440 -420.997362
760.914706 -419.964392
761.036842 -419.285567
760.960963 -418.388210
761.044724 -417.534430
761.330987 -416.896152
761.240877 -416.166673
761.403740 -415.411771
761.222437 -414.685133
761.191005 -413.914736
761.972147 -413.327146
761.549442 -412.304066
761.614159 -411.829712
761.774767 -410.897542
762.010422 -410.235038
761.859910 -409.448444
761.914459 -408.607066
762.296174 -408.018789
761.988269 -407.145902
762.145237 -406.590464
762.103725 -405.894050
762.364821 -404.965789
762.714638 -404.033458
762.364730 -403.495015
762.519859 -402.770638
762.650149 -401.637051
762.685946 -401.141236
762.510765 -400.492217
762.892155 -399.524307
762.980510 -398.950929
763.156147 -398.044310
762.822054 -397.366329
763.075618 -396.441758
762.995871 -395.528753
763.317295 -394.761827
763.609057 -394.161605
763.372656 -393.258305
763.281908 -392.409812
763.608213 -391.861701
763.521898 -391.219109
763.720850 -390.178681
763.839987 -389.817656
763.815153 -388.618070
764.269390 -387.940225
764.127225 -387.139179
764.085811 -386.533805
764.085197 -385.783016
764.369007 -384.674216
764.348005 -384.116809
764.604898 -382.907605
764.268648 -382.374265
764.628932 -381.627709
764.789944 -380.661900
764.745109 -379.786128
764.665353 -379.210606
764.706384 -378.752767
765.062253 -377.646518
764.991466 -376.884581
765.048458 -376.015236
765.014692 -375.363699
765.359234 -374.575505
765.396317 -373.836814
765.089915 -373.250053
765.706006 -372.136344
765.840552 -371.441382
765.970656 -370.681144
765.953169 -369.939575
765.797095 -368.942131
765.744197 -368.057158
766.319166 -367.494406
766.331464 -366.780872
766.169601 -365.871414
766.206152 -365.007518
766.505735 -364.221129
766.377646 -363.752326
766.600184 -362.781576
766.378445 -362.113388
766.661716 -360.907903
766.845471 -360.471727
766.710432 -359.691574
766.803645 -358.721058
767.208024 -357.541119
767.390725 -357.221077
767.351923 -356.335126
767.557332 -355.473488
767.307394 -354.606457
767.348646 -354.045363
767.506469 -353.190867
767.327384 -352.197955
768.126716 -351.734689
768.015870 -351.001922
767.887581 -350.069953
768.015376 -349.064749
767.880827 -348.365209
768.272976 -347.676992
768.436352 -346.541778
768.267569 -345.718223
768.135656 -345.219259
768.596284 -344.180913
768.770242 -343.371414
768.700190 -342.610267
768.788322 -342.128649
769.009238 -341.017657
768.944757 -340.383974
769.346048 -339.631167
769.155402 -338.790481
769.227241 -337.708296
769.388004 -337.118127
769.539897 -336.125243
769.499460 -335.522276
769.492625 -334.934265
769.926198 -333.948874
769.612111 -333.162093
769.707915 -332.059996
769.958700 -331.564635
769.943971 -330.759660
770.327011 -330.015071
770.264391 -328.918484
770.401342 -328.148768
770.419537 -327.725686
770.532459 -326.638360
770.431692 -325.537128
770.913537 -325.000385
770.873926 -324.133845
770.632500 -323.388775
771.142495 -322.530638
770.958477 -321.533941
771.256986 -321.067030
771.215967 -320.145787
771.250801 -319.157639
771.414378 -318.440217
771.860887 -317.750153
771.525680 -316.838522
771.721603 -316.077658
771.750960 -315.448672
771.927375 -314.598886
771.920174 -313.167531
772.548135 -312.425535
772.238068 -312.135270
772.467271 -311.313267
772.442738 -310.487125
772.718672 -309.551571
772.733769 -308.814955
772.756502 -308.184096
772.872397 -307.147326
773.051553 -306.359134
772.941761 -305.465116
773.412061 -304.686617
773.562762 -304.228541
773.268154 -303.081888
773.301173 -302.640477
773.611629 -301.567247
773.587465 -300.627611
773.779154 -299.887910
774.008892 -299.100867
774.190929 -297.987793
773.887781 -297.491152
774.368625 -296.739429
774.249020 -295.713378
774.591419 -294.749631
774.525665 -294.033317
774.702857 -293.059067
774.757946 -292.512429
774.837073 -291.875390
774.778633 -291.273840
775.301703 -289.765418
774.930554 -289.121588
775.357122 -288.468615
775.498334 -287.643240
775.911476 -286.681632
775.504524 -286.170457
775.938777 -285.237425
775.808955 -284.365386
775.961241 -283.404658
775.919710 -283.113597
776.088368 -282.078463
776.187011 -281.399598
776.252171 -280.559448
776.648640 -279.695523
776.582162 -278.508162
776.677584 -277.859181
776.991794 -277.020874
776.865945 -276.455468
777.259944 -275.463214
777.071813 -274.736767
777.285234 -274.143268
777.479243 -272.912871
777.422605 -272.388872
777.573548 -271.485955
778.052703 -270.522313
777.892115 -269.935881
777.992136 -269.065685
777.921726 -268.296697
778.278480 -267.587913
778.131175 -266.645924
778.385431 -266.075904
778.740622 -264.837006
778.992325 -264.277835
778.882683 -263.221711
778.996315 -262.429541
779.057220 -261.872084
779.222115 -260.922487
779.372746 -260.030213
779.413656 -259.423922
779.686095 -258.612398
779.506048 -257.646371
779.429205 -256.819469
779.996611 -256.186781
780.161882 -255.446740
780.156710 -254.802013
780.047989 -253.720278
780.293183 -253.159536
780.616171 -252.201333
780.499367 -251.415167
780.947757 -250.430892
780.852997 -249.698626
780.881394 -248.728083
781.288667 -248.255079
781.246258 -247.266663
781.485396 -246.457837
781.568114 -245.761791
781.351371 -244.799167
781.665129 -244.187349
781.837279 -243.272170
781.903948 -242.811063
782.313884 -241.738708
782.452096 -241.057296
782.398513 -240.122913
782.321901 -239.698807
782.478792 -238.771252
782.997707 -237.499340
782.827391 -237.080493
782.939550 -236.341204
783.167816 -235.464394
783.192957 -234.743363
783.284850 -234.048442
783.445473 -233.047248
783.708754 -232.442612
783.912229 -231.568258
784.041087 -230.819806
784.299129 -229.796212
784.269562 -229.004635
784.195800 -228.175556
784.241355 -227.640787
784.465717 -227.155552
784.496306 -226.152239
784.897248 -225.360465
785.098594 -224.572630
784.953101 -223.538770
785.407422 -222.999283
785.119238 -222.346287
785.418688 -221.392366
785.811427 -220.614571
785.811073 -219.782904
785.726525 -218.901588
786.268024 -218.215211
786.409034 -217.555496
786.315150 -216.537259
786.425917 -216.060059
786.856826 -215.217401
786.607041 -214.422652
786.544677 -213.491578
787.207153 -213.063023
787.043481 -211.826500
787.428716 -211.384303
787.398648 -210.504554
787.777041 -209.679343
787.789343 -209.057684
788.077038 -208.171985
787.822098 -207.550581
788.398866 -206.998425
788.111736 -205.878051
788.392283 -205.365555
788.030117 -204.480883
788.875731 -203.817808
788.670067 -202.788839
789.196283 -202.274950
789.077859 -201.609573
789.274260 -200.733676
789.393853 -200.229093
789.701988 -199.379653
789.507617 -198.380809
789.553063 -197.829555
789.860571 -197.106574
790.042813 -196.090699
790.551226 -195.189486
790.074116 -194.597514
790.461162 -193.743967
790.687262 -193.007158
790.984602 -192.366404
790.787676 -191.619211
791.278238 -190.721484
791.306269 -189.957531
791.469502 -189.503045
791.660252 -188.436133
791.981350 -187.902417
791.954128 -187.104439
791.884457 -186.275669
792.098220 -185.568920
792.290315 -184.924771
792.533493 -184.081272
792.769684 -183.413024
792.806116 -182.556067
792.938797 -181.867947
793.069283 -181.139892
793.433217 -180.272275
793.586737 -179.474911
793.641527 -178.771719
793.725865 -178.034006
794.043037 -177.201068
794.210711 -176.615320
794.289423 -176.059832
794.301537 -175.125438
794.363418 -174.287246
794.743939 -173.699803
795.016216 -173.025478
795.016519 -172.657465
795.240672 -171.523604
795.126086 -170.853215
795.489775 -170.000822
795.409067 -169.516071
795.795243 -168.839185
796.013084 -168.296034
795.805612 -167.270069
796.388933 -166.669968
796.523457 -165.780979
796.716363 -165.096734
796.535854 -164.391009
796.973652 -163.449619
796.892671 -162.615676
797.267966 -162.404790
797.401716 -161.364163
797.615892 -160.932587
797.875682 -159.961605
797.938026 -159.142326
798.418996 -159.052204
798.272286 -157.702939
798.508266 -157.051246
798.685394 -156.784618
798.671343 -155.864226
799.133501 -155.168278
799.028492 -154.536996
799.296296 -153.723185
799.780506 -153.074229
799.418633 -152.260975
799.813999 -151.628886
799.835162 -150.886996
800.038992 -150.342001
800.193396 -149.418937
800.236816 -148.884842
800.582823 -148.066350
800.766944 -147.349311
800.850290 -146.730421
801.178080 -146.092632
801.543473 -145.336886
801.521363 -144.564271
801.712111 -144.080078
801.972673 -143.022123
801.917266 -142.576213
802.195302 -141.975462
802.066370 -141.403091
802.403483 -140.411600
802.531219 -139.747818
802.732299 -139.294648
802.989943 -138.674589
802.992759 -137.706285
803.571776 -137.059166
803.725150 -136.429102
803.943656 -136.007763
804.020824 -135.003506
804.166080 -134.577855
804.160110 -133.921586
804.400611 -133.661957
804.720953 -132.318249
804.923550 -131.854771
804.900604 -131.252610
805.400232 -130.758775
805.710194 -130.116885
805.680734 -129.331092
805.665718 -128.893978
806.057186 -127.848137
806.258346 -127.329711
806.480533 -126.571664
806.436695 -126.019128
806.831954 -125.236555
806.893211 -124.860721
807.004977 -124.138537
807.077334 -123.615961
807.471919 -122.705452
807.569034 -122.189766
807.781833 -121.545242
807.927081 -120.656367
808.182667 -120.018835
808.211764 -119.756566
808.541980 -118.984286
808.639683 -118.361142
808.840730 -117.446083
809.014540 -117.092418
809.274275 -116.232536
809.444621 -115.595955
809.816669 -114.755300
809.927535 -114.425326
810.065107 -113.950119
810.203062 -112.833151
810.384473 -112.486002
810.465964 -111.690070
810.732614 -111.185997
810.914905 -110.789559
811.132806 -110.135922
811.250816 -109.448627
811.803896 -108.645480
811.786437 -108.218007
812.024412 -107.526255
812.310692 -106.922692
812.580094 -106.309266
812.530718 -105.730822
812.708695 -105.195735
812.736267 -104.686993
812.978508 -103.969809
813.344413 -103.316405
813.474858 -102.416101
813.784531 -102.241655
813.954108 -101.312604
814.069999 -100.942321
814.344190 -100.236922
814.528721 -99.511203
814.750893 -99.073495
814.645423 -98.387797
815.068978 -97.830964
815.336742 -97.131429
815.327143 -96.491701
815.742380 -96.001910
815.901116 -95.107563
816.160964 -94.859590
816.057268 -94.299591
816.570823 -93.863396
816.679070 -93.066594
817.022422 -92.730180
817.080744 -91.957639
817.313174 -91.278905
817.648708 -90.597683
818.111280 -90.151315
817.995913 -89.626662
818.121107 -89.168721
818.312391 -88.556548
818.353960 -87.863397
818.668185 -87.285612
818.916778 -86.671254
819.383234 -86.099854
819.321507 -85.667748
819.615035 -85.109770
819.740076 -84.312014
820.044038 -83.992737
820.238764 -83.378334
820.344473 -82.764283
820.570547 -82.332809
820.948406 -81.789403
821.260672 -81.318149
821.333180 -80.519781
821.528852 -79.982780
821.823119 -79.515197
821.843700 -78.977520
822.411486 -78.536034
822.487969 -77.958342
822.620252 -77.123104
822.570323 -76.878373
823.098628 -76.023881
823.094748 -75.401536
823.357242 -75.067794
823.804442 -74.698710
824.079073 -74.163980
824.031237 -73.575660
824.611097 -72.980015
824.609575 -72.277299
824.632903 -71.788609
824.867318 -71.654194
825.077118 -70.860800
825.015698 -70.521529
825.558404 -69.754865
825.884295 -69.299898
825.910257 -68.688926
826.024241 -68.150351
826.220963 -67.601589
826.534964 -66.988673
826.827363 -66.800378
826.959449 -66.108262
827.153934 -65.721454
827.621148 -65.305418
827.642551 -64.739965
827.799105 -64.264688
828.223601 -63.884313
828.450956 -63.135074
828.701937 -62.644812
828.546512 -62.277878
829.169695 -61.668109
829.178358 -60.908427
829.760118 -60.854456
829.777228 -60.073081
830.269077 -59.979303
830.349072 -59.226288
830.504618 -58.722689
830.956876 -57.896737
830.894470 -57.841670
831.547340 -57.151990
831.231580 -56.563484
831.591415 -56.299281
832.009754 -56.026732
832.221592 -55.261598
832.364085 -54.781982
832.292332 -54.449981
832.828706 -53.782395
832.993763 -53.634898
833.195250 -53.034289
833.351832 -52.372286
833.745084 -52.202236
833.912479 -51.423423
834.193689 -51.068979
834.400276 -50.756474
834.915817 -50.097322
834.736368 -49.933123
834.835612 -49.290851
835.491245 -48.825186
835.532035 -48.435347
836.030446 -47.492292
835.633047 -47.431368
836.353053 -46.850985
836.439400 -46.546193
836.854325 -45.799207
836.723086 -45.684532
837.297697 -45.288778
837.384328 -44.492996
837.748063 -44.329019
838.016194 -44.013447
838.208825 -43.302874
838.604129 -42.837564
838.684555 -42.527226
838.866928 -41.880399
839.330846 -41.550891
839.391832 -41.329742
839.425316 -40.839978
839.986313 -40.320161
840.303642 -39.946461
840.110730 -39.597178
840.722880 -39.034146
840.859542 -38.656682
841.009005 -38.134524
841.249756 -37.753336
841.576203 -37.637183
842.048685 -37.019366
842.188955 -36.479850
842.305176 -36.225508
842.585022 -35.826459
842.675363 -35.414678
842.796515 -35.082663
843.273144 -34.442800
843.238165 -34.050804
843.988560 -33.588430
844.241214 -33.501011
844.140714 -33.133045
844.739620 -32.196814
844.542911 -32.153507
844.832423 -32.016606
845.140286 -31.121557
845.458212 -30.831570
845.882372 -30.687905
846.234998 -30.339233
846.208055 -29.722641
846.492257 -29.442835
846.911149 -28.849837
846.771038 -28.637018
847.484236 -28.024966
847.169784 -27.999312
847.813825 -27.570540
848.163061 -27.060549
848.390601 -26.795944
848.536761 -26.248719
848.898222 -25.968813
849.089479 -25.765538
849.215338 -25.264929
849.740296 -25.071423
849.890201 -24.496354
850.059030 -24.212089
850.450736 -23.951749
850.820456 -23.737587
850.968405 -23.014896
851.335060 -23.069528
851.226629 -22.247965
851.527515 -22.062232
852.064821 -21.867580
852.006421 -21.506799
852.416379 -21.123685
852.690973 -20.682958
853.018184 -20.421069
853.286541 -19.852633
853.598416 -19.573018
853.661928 -19.284114
853.778125 -18.916440
854.386270 -18.724803
854.721805 -18.167084
855.070460 -18.127521
855.050445 -17.727719
855.240336 -17.183523
855.739510 -16.974914
855.780264 -16.807802
856.087765 -16.278964
856.454450 -15.856982
856.541480 -15.777482
857.090362 -15.316285
856.899705 -14.797266
857.320583 -14.599715
857.640411 -14.398061
858.206912 -14.366239
858.175811 -13.890090
858.450350 -13.518377
858.898181 -13.098226
858.957061 -12.629851
859.422833 -12.682820
859.509246 -12.348514
859.866825 -12.002454
860.216308 -11.723703
860.376231 -11.435222
860.553440 -10.921119
860.688927 -10.717198
861.309715 -10.262101
861.316822 -9.983398
861.713144 -9.861324
862.043124 -9.783563
862.470369 -9.193368
862.447700 -9.100582
863.172809 -8.757771
863.081671 -8.689356
863.331579 -8.084960
863.558442 -7.861809
863.963126 -7.660951
864.339774 -7.357708
864.451504 -7.055742
864.469583 -6.694079
865.130542 -6.392651
865.357840 -6.251854
865.649134 -5.561403
865.678752 -5.612756
866.194481 -5.311794
866.184323 -4.872205
866.869486 -4.946789
867.227671 -4.626634
867.549943 -4.359946
867.208869 -4.138907
867.721507 -4.085205
867.920338 -3.582711
868.235846 -3.221881
868.375444 -3.157994
868.978822 -2.810430
869.104444 -2.582712
869.314261 -2.482388
869.537561 -1.935957
869.971537 -2.037981
870.270607 -1.442994
870.859705 -1.541188
871.149919 -1.176462
871.333777 -0.799697
871.329169 -0.799162
871.477212 -0.456622
872.072900 -0.260330
872.109372 0.068846
872.701031 0.255207
872.770577 0.508494
873.008058 0.724937
873.490969 1.067254
873.998651 1.407904
874.138512 1.272857
874.392110 1.360855
874.577384 1.772120
874.789860 2.083075
875.087643 2.524382
875.413694 2.721490
875.770927 2.499314
876.032601 3.180519
876.281062 3.081557
876.675405 3.394806
876.994537 3.227691
877.061084 3.606260
877.916261 3.769139
877.770928 4.493784
878.116418 4.491836
878.458614 4.250786
878.552089 4.648036
878.642188 4.568452
879.353932 5.362305
879.335876 5.248835
880.006343 5.614853
879.868238 5.640469
880.434388 5.551807
880.584438 5.936407
880.613198 6.085288
881.271272 6.451311
881.350956 6.650260
881.810441 6.729745
882.045566 6.602362
882.558765 7.175126
882.720324 7.201540
882.816353 7.515690
883.245184 7.713922
883.711688 7.723310
883.797197 7.943448
884.252787 7.877683
884.528227 8.084780
884.742334 8.814646
884.945474 8.478367
885.330459 8.760643
885.494595 9.006178
886.083652 9.190307
886.338727 9.231227
886.443302 9.433372
886.962983 9.456145
887.152060 9.738228
887.822834 10.057588
887.986043 10.144321
887.991116 10.279651
888.612443 10.186720
888.693605 10.500750
889.069605 10.800985
889.257058 10.745616
890.060712 10.838856
889.684302 11.072045
890.107995 11.164624
890.476894 10.985025
890.810378 11.497721
891.278173 11.623743
891.577134 11.977198
891.785995 11.931831
891.961539 12.086156
892.265512 11.769387
892.600469 12.419828
893.056973 12.334660
893.110203 12.459591
893.528818 12.447063
893.688434 12.732183
894.177640 12.951103
894.330493 12.694154
894.728415 13.247864
894.842714 13.088595
895.270161 13.578577
895.844098 13.395189
896.101891 13.451044
896.287689 13.391358
896.453694 13.633263
896.733438 13.967489
897.067965 14.141508
897.609196 14.131022
898.010139 14.236731
898.036951 14.236230
898.553297 14.210636
898.899385 14.471050
899.165688 14.617178
899.266072 14.934416
899.657064 14.837014
899.924435 14.764965
900.329390 14.902966
900.617223 15.089754
900.858172 15.307203
901.339769 14.940001
901.424660 15.279491
901.726685 15.311734
902.283146 15.578883
902.257092 15.394150
902.849969 15.625510
903.248177 15.653677
903.444172 15.699909
903.710435 15.998850
904.124168 15.818899
904.537673 16.051310
904.760958 16.199532
904.941905 16.338134
905.216368 16.222261
905.457616 16.117254
906.285571 16.392925
906.210114 16.766700
906.326418 16.734551
906.940882 16.595667
907.185513 16.635251
907.760498 16.894554
907.833987 16.685079
908.174789 16.711736
908.366757 16.876764
908.692193 16.881909
909.069704 16.879260
909.670147 16.770794
909.865643 17.243665
910.052330 17.170878
910.418850 17.252954
910.821789 17.377518
910.975181 17.196433
911.402987 17.477617
911.793404 17.355008
912.367104 17.223019
912.592351 17.404762
912.620426 17.830984
913.236191 17.842830
913.397443 17.710309
913.390706 17.509466
913.909035 17.816408
914.350098 17.888596
914.773189 18.009421
914.891856 17.516776
915.359469 17.830066
915.458190 17.919620
915.659222 17.890699
915.959007 17.605377
916.393201 18.200185
916.840419 18.124247
917.128361 18.093432
917.185709 17.948487
917.662291 17.875074
918.134757 18.161254
918.494701 18.114580
918.871611 18.152191
919.132526 18.074111
919.498477 18.242073
919.587694 18.096664
920.227723 18.013714
920.331168 18.377318
920.820421 18.383764
921.136130 18.194869
921.105103 18.567559
921.820032 18.136047
922.043439 18.182152
922.336597 18.372862
922.572937 18.574034
922.956262 18.227395
923.510945 18.125202
923.680872 18.619274
924.003913 18.336951
924.231559 18.164089
924.612968 18.645113
925.112740 18.382353
925.407386 18.443050
925.583239 18.293068
925.952274 18.358062
926.146461 18.089085
926.510127 18.336300
926.785578 18.385369
927.108451 18.228340
927.403217 18.342456
927.711042 17.937825
928.280761 18.275744
928.717088 18.240043
928.996294 18.227322
929.294720 18.390597
929.563336 18.021600
930.122942 18.295471
930.344457 18.050564
930.662417 18.365714
930.850898 18.193209
931.053516 17.931829
931.733830 18.147274
931.866862 17.862277
932.140570 18.307514
932.594077 18.105127
933.005393 17.989387
933.318163 17.872345
933.754152 17.906410
933.870867 17.944477
934.246695 17.892992
934.459449 17.536730
934.590776 17.548962
935.103827 17.649876
935.589906 17.774603
936.004902 17.491121
936.542647 17.614186
936.503604 17.580045
936.968692 17.609562
937.181341 17.748322
937.365559 17.549685
938.050331 17.429935
938.128421 17.407895
938.746048 17.365230
938.864525 17.003747
939.324543 16.973369
939.780539 17.104081
940.125563 17.322967
940.284856 17.097089
940.918793 17.040135
940.918417 16.961146
941.188108 16.982912
941.615027 16.527814
941.818174 17.071087
942.442147 17.177758
942.400595 16.476544
943.151071 16.562848
943.459352 16.568858
943.842889 16.562710
943.982408 16.778940
944.456681 16.399929
944.265485 16.676585
945.004698 16.420125
945.223154 16.302640
945.577180 16.155682
945.660027 16.307914
946.410306 16.016588
946.890552 16.039425
946.991014 15.854825
947.626728 16.261647
947.579420 15.723979
948.036650 15.930169
948.426122 15.721271
948.876785 15.710086
949.057754 15.583178
949.385224 15.690841
949.777951 15.466951
950.120629 15.540111
950.401470 15.619876
950.674164 15.036014
951.181608 15.237007
951.423026 15.604080
951.894547 15.224371
952.263180 15.012551
952.374608 14.909102
952.935850 14.611349
952.851151 14.914964
953.634931 14.721433
953.840630 14.697870
954.016666 14.407639
954.480834 14.593012
954.869659 14.243922
955.378825 14.397564
955.576422 14.232166
955.746852 14.003411
956.143305 13.964511
956.740755 13.808844
957.074342 13.961096
957.177959 14.075115
957.618208 13.501894
957.860594 13.648051
958.315367 13.511012
958.338089 13.267775
958.812352 13.435718
959.282766 13.142217
959.730910 13.316332
960.198058 13.181118
960.297328 12.905443
960.761675 12.714236
961.088112 12.781198
961.554624 12.392963
961.743065 12.598167
962.402682 12.586992
962.402667 12.288150
962.929313 12.373767
963.039428 12.222395
963.747275 12.202539
963.751924 11.795125
964.306247 11.949853
964.708143 12.012667
964.795454 11.723615
965.116147 11.359647
965.553700 11.645063
965.957695 11.421087
966.059193 11.343402
966.634455 11.221674
966.919498 11.073126
967.409896 11.075372
967.393614 10.961510
967.972612 10.829509
968.477295 10.814329
968.990405 10.574421
969.164035 10.341948
969.507125 10.191061
969.887411 10.129208
969.908598 10.272087
970.560703 10.332073
970.747398 9.894431
971.135498 9.675556
971.370251 9.774908
971.652897 9.318861
971.966083 9.549711
972.356527 9.577525
973.006024 9.418949
973.200532 9.228189
973.394095 9.153301
974.055684 9.000069
974.082539 8.629484
974.592828 8.738695
975.294572 8.445074
975.086432 8.593294
975.599025 8.851083
975.834061 8.549926
976.228727 8.203790
976.675790 7.949318
977.267391 8.063249
977.271138 8.056520
977.636319 7.951415
978.139440 7.517195
978.470839 7.392796
978.547299 7.610658
979.069667 7.172924
979.291546 7.210765
979.552256 6.897345
980.235733 6.757582
980.647203 6.917626
981.038659 6.665111
981.141962 6.483200
981.885927 6.549434
981.990359 6.406251
982.578315 6.447320
982.402479 6.149196
983.273648 5.960659
983.340515 5.763555
983.777253 5.698800
984.248660 5.475930
984.354023 5.539582
984.695469 5.344964
985.135188 5.224215
985.469003 4.947037
985.985351 4.743639
986.051477 5.118214
986.178699 5.099968
986.762623 4.620582
987.199845 4.704270
987.529979 4.519171
988.047147 4.532981
988.288438 4.084838
988.419654 3.949328
988.904270 3.842374
989.420974 3.512528
989.556963 3.802938
989.949469 3.544188
990.451407 3.660304
990.888219 3.199542
990.772999 3.196614
991.253344 2.993091
991.632904 3.108527
992.031887 2.787995
992.603233 2.757964
992.768369 2.608979
993.390982 2.567522
993.488199 2.391025
993.886073 2.396462
994.159986 2.162929
994.878425 1.821037
994.911397 2.053371
995.540735 1.820237
995.672872 1.557424
995.704168 1.309923
996.477111 1.245176
996.625941 1.223465
996.994482 0.998892
997.039401 1.002937
997.716607 0.853533
998.009172 0.790306
998.292009 0.785479
998.893086 0.584756
999.088460 -0.024765
999.314286 -0.074810
999.829852 0.120968
1000.483193 -0.167140
1000.452028 -0.432989
1001.289163 -0.221080
1001.420501 -0.502530
1001.531952 -0.605377
1001.585229 -0.806364
1002.274733 -0.773209
1002.805275 -0.902585
1002.888538 -1.196867
1003.236555 -0.917354
1003.714279 -1.324127
1004.277389 -1.355781
1004.454814 -1.740996
1004.880881 -1.869083
1005.072153 -2.009229
1005.679242 -1.862400
1005.734570 -2.219335
1006.065507 -2.158266
1006.193461 -2.197717
1006.982799 -2.459734
1007.246386 -2.417900
1007.643158 -2.654284
1007.800491 -2.874353
1008.237499 -3.255745
1008.645125 -3.253063
1008.969519 -3.191281
1009.242349 -3.583247
1009.713777 -3.401204
1010.013969 -3.520260
1010.217159 -3.506956
1010.700368 -3.682882
1010.911690 -4.036532
1011.439672 -4.011851
1011.746653 -3.988395
1011.852757 -4.291046
1012.240010 -4.160502
1012.841631 -4.310446
1013.391438 -4.759297
1013.440075 -4.576508
1013.731378 -4.928570
1014.140928 -5.198074
1014.851991 -5.043965
1014.840426 -5.473179
1015.229280 -5.293354
1015.864712 -5.202440
1015.978003 -5.388412
1016.333039 -5.613004
1016.681115 -5.949016
1017.227223 -6.024714
1017.249877 -6.245180
1017.829383 -6.114734
1018.164500 -6.323885
1018.185831 -6.280791
1018.849840 -6.524410
1018.959288 -6.815269
1019.540224 -6.933418
1019.891238 -6.910353
1020.206453 -6.909330
1020.613043 -7.130642
1020.707077 -7.324006
1021.392941 -7.370772
1021.805024 -7.730930
1022.116777 -7.785364
1022.024900 -7.886653
1022.433552 -7.627547
1022.789863 -7.915295
1023.251825 -8.335527
1023.699904 -8.181251
1023.798071 -8.164791
1024.199843 -8.699450
1024.832910 -8.608749
1024.851958 -8.742906
1025.286156 -8.779573
1025.540868 -8.711882
1026.142403 -9.027623
1026.687285 -9.076179
1026.828096 -9.231170
1027.115744 -9.133996
1027.385060 -9.302859
1027.705182 -9.634233
1028.017822 -9.868858
1028.582866 -9.947125
1028.992728 -9.727077
1029.151462 -9.865068
1029.622012 -9.927123
1029.740781 -10.122145
1030.412060 -10.326437
1030.650366 -10.482502
1031.269631 -10.372568
1031.251801 -10.401475
1031.611485 -10.658291
1032.088890 -10.580778
1032.277111 -10.616531
1032.820836 -10.865682
1033.145507 -10.953436
1033.436893 -11.198169
1033.934149 -11.267222
1034.185798 -11.574011
1034.635827 -11.460045
1034.972187 -11.533024
1035.091308 -11.604920
1035.315106 -12.085443
1035.645423 -11.726430
1036.023307 -12.096092
1036.624905 -12.034590
1036.716854 -12.214404
1037.106169 -12.173913
1037.586441 -12.537021
1037.670645 -12.730256
1038.291362 -12.481369
1038.585631 -12.810693
1038.715819 -12.652888
1038.845981 -12.789922
1039.524232 -13.016973
1040.265522 -12.950670
1040.306412 -13.154732
1040.410829 -13.398966
1040.705446 -13.333360
1041.112741 -13.414318
1041.596467 -13.405379
1042.017380 -13.613023
1042.320694 -13.811184
1042.746953 -13.752680
1043.340607 -13.673196
1043.401803 -13.746613
1043.548237 -14.091134
1043.848157 -13.969234
1044.509310 -14.322213
1044.907491 -14.200117
1044.929755 -14.360090
1045.398189 -14.132852
1045.745223 -14.387893
1046.128970 -14.319284
1046.353260 -14.527741
1046.801815 -14.806126
1047.158596 -14.565741
1047.590783 -14.982737
1047.722532 -14.818614
1048.358505 -15.147990
1048.383286 -15.211313
1048.684197 -15.089355
1049.231603 -15.326025
1049.284496 -15.390220
1049.711817 -15.291769
1050.294465 -15.382620
1050.530199 -15.414694
1051.037592 -15.533711
1051.436958 -15.699593
1051.408461 -15.937672
1052.170446 -15.993919
1052.338428 -15.872101
1052.586763 -15.754710
1053.166505 -16.114403
1053.310235 -16.044870
1053.413626 -16.040077
1054.041533 -16.203156
1054.526297 -16.508818
1054.756066 -16.399355
1054.823012 -16.269418
1055.300555 -16.511910
1055.913633 -16.689305
1055.821537 -16.666757
1056.379984 -16.611922
1056.662801 -16.805919
1056.864972 -16.671989
1057.078382 -16.686031
1057.645119 -16.661809
1058.087932 -16.808139
1058.395626 -17.263389
1058.757456 -17.005717
1059.196390 -17.153730
1059.225457 -16.921240
1059.593895 -17.016707
1059.848268 -17.185324
1060.448074 -17.243544
1060.680699 -17.134679
1060.762780 -17.435446
1061.139769 -17.492364
1061.610678 -17.336922
1062.025860 -17.351906
1062.571867 -17.262536
1062.692747 -17.967047
1063.116001 -17.380517
1063.222068 -17.688707
1063.841356 -17.559484
1064.164795 -17.586000
1064.121743 -17.585513
1064.665439 -17.411053
1065.330406 -17.787345
1065.611877 -17.903434
1065.812689 -17.754089
1066.215035 -18.076870
1066.734406 -17.837456
1066.929891 -17.967806
1067.087427 -17.965081
1067.432232 -18.004729
1067.851957 -17.658024
1067.861343 -18.130069
1068.132966 -18.085267
1068.725614 -18.001261
1068.999467 -18.370802
1069.259950 -18.057926
1069.717149 -17.833075
1070.316413 -18.160966
1070.509059 -18.074129
1070.970192 -18.057199
1071.048167 -18.331663
1071.277506 -18.219149
1071.606023 -18.358699
1072.098889 -18.470904
1072.254335 -17.937234
1072.401472 -18.119136
1073.085439 -18.395845
1073.499136 -18.463041
1073.737790 -18.312880
1074.025504 -18.304883
1074.462323 -18.185094
1074.906421 -18.377752
1075.016702 -18.216447
1075.448794 -18.528212
1075.661554 -18.206448
1076.271769 -18.562548
1076.493585 -18.497077
1076.721685 -18.298106
1076.897359 -18.331796
1077.388759 -18.149991
1077.635728 -18.138148
1077.789978 -18.384761
1078.083107 -18.247247
1078.681885 -18.144870
1078.968457 -18.125145
1079.013832 -18.212273
1079.496446 -18.136228
1079.864921 -18.202604
1080.492978 -17.994848
1080.586641 -18.302800
1081.038494 -18.187527
1081.193795 -18.207005
1081.429108 -18.095023
1082.057055 -17.951423
1082.133575 -18.329356
1082.260301 -18.030339
1082.699549 -18.023176
1083.189155 -17.884380
1083.185996 -17.996357
1083.834697 -18.005707
1084.162675 -18.040406
1084.407797 -17.758273
1084.650543 -17.809098
1085.215171 -17.892498
1085.417472 -17.932085
1085.811726 -17.878749
1085.914538 -17.620477
1086.451920 -17.599799
1086.464653 -17.907687
1086.941325 -17.697207
1087.339795 -17.586928
1087.637124 -17.792227
1088.201859 -17.356822
1088.542248 -17.572042
1088.437139 -17.463329
1088.822248 -17.361342
1089.310708 -17.213142
1089.312013 -17.312661
1089.955608 -16.928187
1090.353247 -17.215026
1090.609930 -16.851678
1090.913581 -17.050130
1091.547035 -16.934470
1091.632139 -16.831178
1091.741473 -16.855092
1092.111444 -16.700768
1092.478712 -16.854475
1092.768702 -16.603874
1093.142482 -16.830466
1093.579529 -16.370747
1093.720267 -16.422716
1094.258559 -16.310422
1094.371488 -16.504063
1094.955934 -16.252887
1094.921580 -16.260329
1095.280813 -16.399940
1095.689090 -15.868676
1095.882631 -15.862910
1096.214609 -15.911478
1096.545741 -15.731186
1096.854828 -15.533444
1097.065257 -15.648868
1097.827269 -15.373032
1097.653607 -15.570389
1098.280861 -15.522831
1098.439200 -15.307472
1098.600240 -15.245345
1098.930513 -15.024246
1099.456545 -15.002351
1099.833866 -15.001708
1100.011883 -14.742376
1100.107928 -14.874790
1100.481629 -14.458843
1100.993510 -14.609677
1101.382865 -14.239127
1101.433218 -14.394684
1101.987217 -14.140021
1101.928312 -14.159123
1102.374579 -14.139723
1102.795379 -14.104042
1103.039982 -13.757900
1103.476631 -13.669198
1103.566737 -13.728397
1104.244389 -13.548736
1104.330599 -13.711681
1104.504520 -13.368343
1104.859641 -13.324868
1105.196427 -13.275188
1105.845831 -13.348750
1105.916353 -12.829913
1106.114804 -12.882489
1106.469741 -12.711652
1106.769998 -12.589846
1106.705412 -12.221682
1107.533445 -12.210644
1107.814126 -11.883989
1107.740393 -11.972730
1108.147902 -11.906719
1108.549871 -11.577377
1108.806631 -11.272037
1109.121460 -11.626689
1109.396826 -11.423066
1109.759033 -11.257093
1110.009410 -11.065927
1110.232511 -11.066822
1110.599961 -10.783028
1110.672136 -10.544667
1111.530231 -10.587265
1111.664800 -10.400034
1111.637926 -10.230828
1112.372248 -10.029203
1112.549529 -9.843073
1112.944712 -9.755144
1113.203810 -9.369697
1113.283989 -9.459826
1113.869889 -9.208735
1114.089200 -8.998187
1114.210057 -8.993889
1114.370663 -9.043161
1114.862794 -8.357132
1115.337220 -8.614793
1115.427850 -8.105889
1115.702192 -8.070741
1115.880181 -8.024391
1116.465438 -7.758294
1116.670303 -7.748207
1116.974938 -7.385439
1117.333802 -7.471764
1117.584349 -7.238780
1117.893154 -7.127054
1118.113517 -6.481222
1118.607903 -6.730540
1118.658004 -6.372582
1119.135062 -6.645607
1119.561606 -5.873078
1119.681818 -5.762151
1120.013419 -5.740110
1120.251181 -5.486828
1120.343171 -5.278128
1120.727800 -5.188906
1121.012340 -4.880494
1121.242658 -4.738931
1121.541139 -4.376182
1121.890666 -4.121273
1121.944665 -4.149710
1122.744436 -4.201801
1123.096836 -3.781283
1123.049476 -3.760131
1123.245807 -3.340066
1123.751424 -3.289295
1123.834588 -2.916021
1124.252875 -2.620672
1124.448578 -2.310681
1124.731033 -2.434872
1125.178137 -1.820180
1125.776747 -1.795313
1125.638415 -1.508902
1125.993934 -1.374447
1126.108846 -1.065835
1126.694929 -0.903561
1126.970415 -0.603392
1127.127874 -0.119200
1127.389805 -0.254288
1127.678061 0.168367
1128.211354 0.293004
1128.268450 0.672405
1128.830537 0.645771
1129.063209 0.671168
1129.333728 1.164859
1129.234427 1.417452
1129.862786 1.470396
1129.982649 1.849754
1130.562093 2.189480
1130.670394 2.577971
1130.866167 2.565636
1130.837976 3.011816
1131.572516 3.194662
1131.714593 3.398018
1131.518242 3.507360
1132.281650 4.073458
1132.773703 4.164847
1132.843722 4.285692
1132.963790 4.336041
1133.016010 4.724955
1133.247221 5.137719
1133.644269 5.601521
1134.129346 5.655283
1134.512955 5.812670
1134.700555 6.176625
1134.871900 6.550966
1135.316832 6.949591
1135.651423 7.274143
1135.817025 7.318715
1136.064612 7.743330
1136.254010 8.046745
1136.569463 7.980335
1136.834731 8.461724
1137.384983 8.858128
1137.532530 9.196349
1137.976307 9.243349
1138.023925 9.483683
1138.227056 9.918723
1138.524090 10.054350
1138.925753 10.274736
1139.164142 10.695660
1139.358173 10.968020
1139.847189 11.422480
1139.931619 11.718401
1140.122231 12.043053
1140.552216 12.534715
1140.758940 12.662938
1140.934089 12.744498
1141.043613 13.175195
1141.383312 13.645984
1141.574717 13.847177
1142.063479 14.057295
1142.385422 14.278795
1142.476619 14.696957
1142.802169 14.905619
1143.208987 15.107836
1143.436121 15.900212
1143.357666 15.990535
1143.922779 16.257296
1144.186353 16.530135
1144.396438 16.978685
1144.862079 17.444558
1144.993000 17.704158
1145.100421 17.884262
1145.343125 18.430756
1145.977432 18.675540
1145.803772 18.742302
1146.430186 19.307504
1146.424940 19.825584
1147.064057 20.174834
1146.998553 20.479745
1147.329508 20.694840
1147.637516 20.857159
1147.694657 21.285012
1147.867084 21.875522
1148.353081 22.202829
1148.495567 22.602296
1148.748817 23.142580
1149.313170 22.941535
1149.532929 23.371592
1149.417829 23.957380
1150.047747 24.150961
1150.335672 24.588030
1150.691514 24.772574
1151.021269 25.206452
1151.054352 26.031864
1151.182531 25.939814
1151.246580 26.718427
1151.817688 26.736185
1151.971769 26.864697
1152.111584 27.530856
1152.536887 27.884398
1152.799383 28.176574
1153.054249 28.694511
1153.229071 29.084723
1153.469739 29.632754
1153.795965 29.669464
1153.828567 30.194709
1153.991274 30.604342
1154.361742 30.637410
1154.577974 31.095818
1154.897447 31.489816
1155.280902 32.173292
1155.471759 32.444237
1155.760625 32.604320
1156.065469 33.100296
1156.076837 33.789024
1156.614420 34.198071
1156.693429 34.327108
1156.988718 35.133441
1157.215088 35.194953
1157.295813 35.982328
1157.498760 35.996107
1158.122305 36.457510
1158.244387 37.054989
1158.465272 37.551589
1158.554400 37.997153
1158.805386 38.285587
1158.947924 38.831570
1159.771564 39.153203
1159.566125 39.536152
1159.770482 39.659124
1160.069233 40.357772
1160.344801 40.707863
1160.789157 40.995041
1160.985723 41.641680
1160.963723 41.997148
1161.169728 42.546451
1161.723166 42.895462
1161.832681 43.244147
1162.043414 44.021516
1162.079082 44.085658
1162.394671 44.735782
1162.637145 45.157097
1162.869187 45.548498
1163.339408 45.615163
1163.338697 46.445277
1163.681063 46.848002
1163.774374 47.674361
1164.108526 47.775075
1164.521233 48.059668
1164.618040 48.752250
1164.883295 49.271540
1164.989802 49.665244
1165.542410 49.970146
1165.598998 50.715120
1165.755131 51.308781
1165.976769 51.483451
1166.282690 51.997560
1166.436208 52.634327
1166.648301 52.834435
1167.235428 53.442050
1167.227931 53.922167
1167.658466 54.469456
1167.581828 54.692470
1167.856910 55.684573
1168.106634 55.664010
1168.508145 55.995952
1168.587153 56.550215
1168.777786 57.231432
1169.004950 57.762275
1169.503280 58.157975
1169.627815 58.578443
1169.806707 59.160634
1170.197201 59.550201
1170.171366 60.168423
1170.535602 60.613005
1170.473235 60.890365
1170.959512 61.506369
1171.174234 62.207989
1171.317161 62.770943
1171.256861 63.120455
1171.784422 63.919039
1171.877822 64.276875
1172.231131 64.503081
1172.437845 64.911916
1172.627663 65.903122
1172.626724 65.993264
1173.056499 66.599861
1173.305494 67.238461
1173.482711 67.779279
1173.749328 68.458213
1174.120817 68.756117
1174.215830 69.324961
1174.405380 69.867698
1174.593140 70.573034
1174.960275 70.691541
1174.996830 71.294892
1175.038199 72.145621
1175.657174 72.464241
1175.645171 73.118501
1175.714285 73.576149
1176.227438 74.276925
1176.332893 74.485723
1176.889390 75.184129
1177.024744 75.621153
1176.903985 76.152201
1177.360761 77.164745
1177.375465 77.380303
1177.584235 78.039780
1178.093611 78.418660
1178.169810 79.048442
1177.861244 79.683653
1178.924188 80.086308
1178.572965 80.518616
1178.980157 81.469155
1179.297479 81.838473
1179.409033 82.188997
1179.671918 83.259416
1179.704436 83.320535
1180.139422 84.140524
1180.193140 84.332721
1180.206641 85.183541
1180.448358 85.712296
1180.772751 86.308194
1181.286134 86.939050
1181.493892 87.253480
1181.377781 88.056268
1181.429609 88.645407
1181.699618 89.038335
1182.148153 89.462458
1182.361302 90.141248
1182.438717 90.941945
1182.603059 91.486279
1183.045138 92.211171
1182.933204 92.650421
1183.450987 93.063065
1183.365482 93.515311
1183.838948 94.418690
1184.109722 94.845446
1184.068179 95.076381
1184.258531 96.127786
1184.357638 96.546805
1184.833416 97.289610
1184.898711 97.495474
1185.004726 98.245604
1185.503236 98.778463
1185.587389 99.720623
1185.775855 100.132572
1186.220898 100.669893
1186.051638 101.515021
1186.384975 101.944265
1186.392671 102.639915
1186.337142 102.945504
1187.011981 103.442490
1187.018748 104.437540
1187.180559 104.966821
1187.560310 105.618471
1187.304347 106.365031
1187.911018 106.891301
1187.933277 107.235894
1188.559355 108.115271
1188.595260 108.809323
1188.632589 109.600485
1189.028587 110.163544
1188.921084 110.459574
1189.394672 111.257327
1189.397753 111.733917
1189.383855 112.650448
1189.815444 112.970917
1189.951824 113.566334
1190.085775 114.244583
1190.429060 115.064064
1190.536533 115.917501
1190.749167 116.199837
1191.011629 117.043957
1190.947100 117.826062
1191.341381 118.085679
1191.676000 118.947490
1191.974081 119.609514
1191.761440 120.113554
1192.052158 120.876419
1191.997867 121.485917
1192.371058 121.857347
1192.406365 122.547440
1192.875710 123.437179
1193.012367 124.129816
1193.089364 124.733384
1193.436870 125.261221
1193.423862 125.817693
1193.603835 126.645713
1193.893876 127.024434
1194.160705 128.011944
1194.107602 128.713030
1194.550368 129.248833
1194.564695 130.079408
1194.796141 130.792943
1194.976400 130.717302
1194.997789 131.997498
1195.416289 132.667951
1195.693082 133.457565
1195.651167 134.015506
1196.001387 134.421778
1196.153913 135.381514
1196.387081 136.178541
1196.781936 136.598363
1196.526081 137.347740
1196.792900 138.034489
1196.995999 138.330539
1197.042695 139.154626
1196.980458 140.030878
1197.714859 140.467382
1197.799181 141.091492
1197.718335 141.973385
1198.064203 142.884649
1198.117698 143.397834
1198.319100 144.091590
1198.343497 144.668026
1198.674519 145.112589
1198.913380 146.095989
1198.931635 146.749175
1199.197057 147.732064
1199.296948 147.976154
1199.555131 149.100840
1199.676936 149.577483
1199.741057 150.140765
1200.139449 151.010465
1200.253227 151.607556
1200.545215 152.249450
1200.663973 153.093651
1200.562051 153.652707
1200.718171 154.497441
1201.092689 155.029994
1201.167709 155.788876
1201.446948 156.609639
1201.627401 157.451277
1201.770161 158.150155
1201.718219 158.605524
1202.109731 159.342382
1202.424195 159.938366
1202.484162 161.075050
1202.431205 161.422867
1202.970821 162.245951
1202.742144 162.855538
1203.124972 163.834516
1202.840494 164.358133
1203.277591 165.395199
1203.532584 165.946940
1203.573748 166.497433
1203.470628 167.417863
1204.178368 167.929293
1204.004155 169.077782
1204.247135 169.449228
1204.640881 170.220764
1204.538863 171.203736
1204.612376 171.682772
1204.878686 172.312231
1205.175054 172.812758
1205.327564 173.964360
1205.365834 174.688733
1205.702511 175.329001
1205.607295 175.860438
1205.963669 176.789264
1206.097317 177.188677
1206.349260 178.020344
1206.588082 179.234182
1206.752681 179.630998
1206.753197 180.140766
1206.802054 181.478139
1206.707288 181.922841
1207.123794 182.690219
1207.234175 183.472998
1207.452315 183.929513
1207.475760 184.903756
1207.540960 185.705768
1207.587860 186.547309
1207.899870 187.284503
1208.468095 187.774501
1208.598132 188.589969
1208.577132 189.539240
1208.625382 190.196852
1208.699345 191.045619
1208.876207 191.727841
1209.145522 192.407077
1208.965831 193.054250
1209.496991 193.881950
1209.478675 194.718253
1209.673940 195.153678
1209.896516 196.066625
1209.874489 196.637928
1210.289762 197.493421
1210.251383 198.545938
1210.386433 199.151875
1210.503609 199.769022
1210.493485 200.870222
1210.931715 201.433618
1211.013959 202.010194
1211.182360 202.751948
1211.350862 203.737574
1211.414084 204.526690
1211.682830 205.254440
1211.501107 205.847976
1211.859042 206.910062
1212.005018 207.522711
1212.162242 208.203556
1212.348311 208.796600
1212.321057 210.066110
1212.711171 210.473230
1212.787854 211.271156
1212.692383 212.138154
1212.882579 213.072144
1213.101136 213.537943
1213.271982 214.388510
1213.523655 215.299268
1213.410816 216.073151
1213.861596 216.797402
1213.976696 217.424520
1214.119966 218.310196
1214.270518 219.105950
1214.311731 219.594565
1214.172404 220.635156
1214.341517 221.221130
1214.266802 222.020886
1214.808915 222.781003
1214.995291 223.465757
1215.331096 224.701151
1214.812064 225.003869
1215.312290 225.830904
1215.332684 226.920356
1215.280134 227.745954
1215.692246 228.219602
1216.033684 229.316889
1215.872816 230.161062
1216.004352 230.531284
1216.204972 231.590181
1216.349035 232.356199
1216.508303 233.125154
1216.649038 234.095033
1216.748247 234.833141
1216.822603 235.396793
1216.798326 236.362917
1217.165671 236.899874
1217.080631 238.129289
1217.455518 238.611443
1217.539870 239.365752
1217.666946 240.289770
1217.547407 240.877564
1217.940629 241.659466
1218.160785 242.598832
1218.115283 243.529471
1218.316874 244.347280
1218.303576 245.073265
1218.631325 245.772721
1218.609226 246.673372
1218.913639 247.309128
1218.981124 248.075651
1218.799051 249.083382
1219.145547 249.648659
1219.134868 250.642370
1219.441031 251.531814
1219.549155 252.128215
1219.795544 253.283500
1219.754709 253.711589
1219.891481 254.510691
1219.805514 255.400510
1220.129971 256.055896
1220.408429 257.393202
1220.414451 257.653779
1220.488244 258.663054
1220.592731 259.396578
1220.779316 260.050613
1220.935999 260.886711
1221.235818 261.703587
1220.818492 262.719178
1221.013439 263.980145
1221.506328 264.318356
1221.307480 265.121580
1221.669364 265.781505
1221.591679 266.516428
1221.859640 267.515101
1221.831580 268.201547
1222.148424 269.229858
1222.138885 269.790671
1222.347105 270.365077
1222.287839 271.333605
1222.403488 272.307493
1222.758037 273.380551
1222.948044 273.823200
1222.855634 274.595671
1222.986041 275.441696
1223.138656 276.449161
1223.086646 277.304422
1223.370450 277.851605
1223.270110 278.960320
1223.340857 279.806313
1223.903562 280.406011
1223.757073 281.126169
1223.683064 282.100695
1223.851687 282.754704
1224.367278 283.608080
1224.532689 284.632261
1224.397754 285.308227
1224.671065 285.976771
1224.407749 286.799277
1224.424707 287.498964
1224.639544 288.594855
1224.875531 289.203891
1224.839440 289.940525
1224.846282 290.714441
1224.886488 291.715893
1225.299456 292.412700
1225.361856 293.380909
1225.553191 294.076400
1225.617052 294.958750
1225.406728 295.914948
1225.854587 296.614397
1225.962734 297.561732
1225.787455 298.528152
1225.994838 298.824685
1225.912943 299.649650
1226.296991 300.526747
1226.200880 301.521874
1226.191212 302.062191
1226.920568 303.111117
1226.669274 303.884394
1226.837579 304.755140
1226.933733 305.507763
1227.035693 306.202990
1227.026472 307.275900
1227.076746 307.926118
1227.123863 308.523921
1227.269848 309.458887
1227.561624 310.551241
1227.543924 311.137566
1227.668786 312.222772
1227.936111 312.719425
1228.004482 313.521523
1228.074348 314.242523
1227.901337 315.149329
1228.143051 315.908011
1228.255079 316.832221
1228.264057 317.810740
1228.580332 318.443650
1228.625381 319.435814
1228.843941 320.204370
1228.709034 321.185495
1228.835578 321.853987
1229.050227 322.507871
1229.203262 323.192365
1228.894008 324.348742
1229.373831 324.943487
1229.427118 325.664514
1229.707587 326.589454
1229.436050 327.534858
1229.826010 328.425237
1229.482013 328.949649
1229.771083 329.883282
1230.109635 330.549413
1229.979819 331.467012
1230.228909 332.410053
1230.001279 332.839373
1230.307041 333.756413
1230.590928 334.577167
1230.566728 335.363549
1230.935905 336.171901
1230.580581 337.380867
1231.077310 337.823136
1230.775914 338.701398
1230.949695 339.489905
1231.034726 340.488444
1230.998142 341.417629
1230.928542 341.660838
1231.449351 342.769601
1231.567607 343.737417
1231.508942 344.051929
1231.679309 345.093128
1231.710216 345.720353
1231.673412 346.796718
1231.866576 347.488246
1232.042760 348.313130
1232.072973 349.095120
1232.076661 349.585663
1232.280984 350.879756
1232.154768 351.324844
1232.435072 352.355005
1232.420394 353.215413
1232.415540 353.828737
1232.550868 354.644197
1232.878782 355.725374
1232.734092 356.366122
1233.200776 357.105346
1232.893918 358.047494
1233.189988 358.733979
1233.184530 359.496256
1233.017135 360.381302
1233.459396 360.975077
1233.448742 361.689650
1233.473446 362.797562
1233.749372 363.520760
1233.512590 364.235725
1233.862037 364.950805
1233.993021 365.577297
1233.686852 366.801531
1234.037746 367.402287
1234.019298 368.166985
1234.118401 369.256468
1233.951693 370.007358
1234.344534 370.653635
1234.581752 371.611911
1234.451599 372.415724
1234.337211 372.909687
1234.811462 373.977611
1234.634117 374.421127
1234.839274 375.270522
1234.503385 376.141280
1234.771094 377.105377
1234.775904 377.611241
1235.267520 378.484057
1235.346254 379.496335
1235.092250 380.281154
1235.443074 380.803491
1235.197106 381.829169
1235.317509 382.674632
1235.663805 383.083316
1235.271235 383.970532
1235.782053 384.607276
1235.815705 385.362078
1236.045165 386.392227
1236.288047 387.194506
1236.280549 388.114168
1236.159316 388.465426
1236.224341 389.378685
1236.289995 390.122472
1236.419660 391.004263
1236.338458 391.813244
1236.012971 392.691026
1236.509957 393.610332
1236.671305 394.366401
1236.553990 394.850361
1236.641288 395.740823
1236.943757 396.165126
1236.985437 397.094141
1236.791554 397.804561
1237.103421 398.644742
1237.153594 399.443447
1237.155785 400.060153
1237.198080 401.199266
1237.395586 401.937670
1237.388485 402.800483
1237.321538 403.548974
1237.753139 403.939392
1237.753252 404.820996
1237.847832 405.743286
1237.963124 406.249722
1237.604095 407.041855
1237.762232 407.858122
1237.946045 408.557886
1238.220372 409.518033
1238.229185 410.058415
1238.169797 411.157558
1238.111858 411.644008
1238.390745 412.395183
1238.663275 413.106194
1238.562601 413.851790
1238.480219 414.657581
1238.767347 415.433595
1238.856628 416.231266
1238.682730 416.827439
1238.526631 417.688887
1238.990329 418.413734
1238.979028 419.385351
1239.018938 419.938929
1239.082606 420.690177
1238.930762 421.216775
1239.052654 422.241213
1239.142021 422.820782
1239.463671 423.463312
1239.197053 424.138489
1239.728989 425.069318
1239.434672 425.429498
1239.653454 426.464094
1239.459976 427.544286
1239.867966 427.993108
1239.576503 429.072529
1240.074712 429.731548
1240.055055 430.230372
1239.931055 430.951372
1240.333234 431.667854
1239.966823 432.419100
1240.095916 433.404824
1240.076016 433.734247
1240.286500 434.393306
1239.984095 435.183517
1240.266708 436.093605
1240.718593 436.841176
1240.424787 437.496285
1240.736737 438.186201
1240.533467 438.860660
1240.904684 439.697615
1240.895061 440.302039
1240.877806 441.029658
1240.925395 441.602758
1241.254544 442.428133
1241.048479 443.048725
1241.048320 443.585052
1241.316114 444.629512
1241.095768 445.402159
1241.274317 445.934461
1241.119673 446.629851
1241.537459 447.437226
1241.299827 448.112775
1241.573869 448.887255
1241.458914 449.422102
1241.654800 450.331538
1241.967942 450.942306
1241.584970 451.624253
1241.871536 452.253203
1241.740921 452.910686
1242.044962 453.841141
1241.960555 454.306932
1242.171305 455.184296
1242.368416 455.765488
1242.384036 456.472997
1242.108803 457.334786
1242.450353 457.999599
1242.536561 458.659495
1242.397938 458.966805
1242.442748 459.947190
1242.509697 460.691072
1242.867353 461.289863
1242.580452 462.199752
1242.742453 462.661307
1242.496663 463.079278
1243.023863 464.070152
1243.135876 465.027980
1242.990240 465.361271
1243.035554 466.058660
1243.279518 466.596618
1243.414688 467.084031
1243.313174 468.234274
1243.335352 468.802406
1243.177263 469.622479
1243.578722 469.928358
1243.179832 470.554365
1243.435511 471.059322
1243.613129 472.091993
1243.647760 472.639376
1243.869264 473.374370
1244.088927 473.891358
1243.846408 474.516406
1243.821035 475.424134
1243.989486 476.104759
1244.111029 476.486446
1243.613012 476.924739
1244.389526 477.713554
1244.305488 478.446841
1244.065283 479.277452
1244.387719 479.941746
1244.225447 480.576607
1244.374230 481.370210
1244.468508 481.873148
1244.255253 482.627851
1244.761196 482.872537
1244.773342 483.509513
1244.665817 484.209762
1244.464247 484.870478
1244.659473 485.692668
1244.627825 486.070051
1244.698152 486.896169
1244.940616 487.529654
1244.860187 488.058815
1245.156923 488.593701
1245.005035 489.292287
1245.185424 489.896264
1244.978667 490.425095
1245.061872 491.556701
1245.309692 491.475547
1245.271563 492.168467
1245.733700 493.047082
1245.365756 493.748800
1245.640922 494.059069
1245.386205 494.584312
1245.549166 495.368794
1245.615890 496.072773
1245.748224 496.571067
1245.892066 496.909752
1245.792261 497.596626
1245.920760 498.504919
1245.806784 498.656307
1246.261406 499.775353
1246.199502 500.004995
1246.157749 500.787519
1246.176674 501.537243
1246.508352 501.949938
1246.285598 502.722025
1246.287899 503.077548
1246.343299 503.939932
1246.589987 503.867582
1246.709957 504.800167
1246.283524 505.605479
1246.612876 505.996669
1246.590043 506.769341
1246.752033 507.011381
1246.416862 507.558631
1246.667404 508.182440
1246.967118 508.651606
1246.808520 509.612463
1246.758287 510.025848
1246.886516 510.826187
1247.064806 510.909085
1246.874824 511.501166
1246.912579 512.322026
1246.936683 512.804093
1247.233565 513.497361
1247.490398 514.051427
1247.203558 514.392583
1247.181348 515.250488
1247.390655 515.704164
1247.587433 515.957094
1247.381221 516.534703
1247.486206 517.071505
1247.805742 517.830368
1247.925989 517.931553
1247.536353 518.651147
1248.096779 519.596768
1247.731689 519.787741
1247.890602 520.583919
1248.004498 521.062796
1247.991487 521.250256
1247.882164 521.771554
1248.178913 522.557893
1248.440458 523.008688
1248.162769 523.340888
1248.234689 524.080619
1247.920389 524.314479
1248.102381 525.288627
1248.474568 525.424612
1248.467283 526.204169
1248.384100 526.560060
1248.486718 527.062806
1248.590229 527.603408
1248.511987 527.879106
1248.688948 528.472127
1248.704095 529.194352
1248.670562 529.476579
1248.848209 529.987698
1248.786325 530.349295
1248.693728 530.935641
1249.114708 531.773130
1248.938742 532.014172
1249.132408 532.503613
1248.953166 533.050002
1249.244188 533.162490
1249.271655 533.949839
1249.109095 534.213362
1249.486181 534.923968
1249.640405 535.111208
1249.315709 535.672394
1249.317765 536.127744
1249.486527 536.475770
1249.433647 537.077520
1249.752579 537.616913
1249.712661 538.047612
1249.548209 538.515535
1249.867006 539.172155
1249.964286 539.807000
1250.143982 539.908538
1249.862278 540.383104
1249.960893 540.729867
1249.752751 541.313438
1249.926757 541.670919
1249.845242 542.306275
1249.913539 542.866278
1250.041148 543.092877
1250.210737 543.293014
1250.167847 543.980483
1250.256491 544.454753
1250.358282 544.649691
1250.444652 545.273391
1250.577834 545.890270
1250.410649 545.851622
1250.725519 546.337764
1250.635052 546.714939
1250.606633 547.203594
1250.765564 547.756412
1250.696423 548.010168
1250.947653 548.300246
1250.833588 548.899839
1250.956441 549.526667
1251.048628 549.868527
1250.922297 550.137726
1250.849564 550.629587
1250.947428 551.093152
1251.128389 551.589025
1251.133641 551.703681
1251.050072 552.280923
1251.362903 552.665656
1251.066712 552.966451
1251.649039 553.546713
1251.320970 553.995367
1251.325421 553.899025
1251.721436 554.278462
1251.625558 554.752022
1251.958897 555.204938
1251.987982 555.656877
1251.635071 556.229811
1251.834998 556.382196
1251.926140 556.946129
1251.695721 557.279613
1251.716021 557.251160
1251.778667 557.788185
1252.042600 558.176369
1251.811408 558.342074
1252.249622 558.944184
1252.006125 559.126173
1252.363837 559.676192
1251.889108 559.944675
1252.241175 559.905613
1252.630016 560.516128
1252.559777 561.018579
1252.514652 561.145529
1252.454819 561.661379
1252.627152 561.921191
1252.558316 561.969349
1252.894348 562.470488
1252.896512 563.169507
1253.172040 563.137114
1252.580738 563.399049
1253.228804 563.821929
1253.040997 564.197040
1252.972149 564.620863
1253.348158 565.171797
1253.177411 564.885802
1253.299825 565.378175
1253.135102 565.360710
1253.450823 566.120983
1253.333616 566.295128
1253.497618 566.521214
1253.570760 567.172455
1253.522996 567.324883
1253.200148 567.460721
1253.257451 567.814667
1253.739438 568.116602
1253.629191 568.519858
1253.698721 568.667017
1253.789946 568.676771
1253.782673 569.224470
1253.818652 569.459449
1254.153946 569.729751
1253.995385 570.000370
1253.812548 570.520449
1254.073216 570.593464
1254.046021 570.625708
1254.069127 571.324455
1254.419472 571.143081
1254.198347 571.685014
1254.589490 571.780589
1254.254027 572.061084
1254.436676 572.697584
1254.579443 572.584824
1254.511393 572.747742
1254.557026 573.100595
1254.785021 573.093425
1254.783249 573.620954
1254.729798 573.882382
1254.926807 573.807182
1254.911286 574.269966
1255.222389 574.537803
1255.147558 574.590117
1255.175827 575.140842
1255.228028 575.067294
1255.351345 575.219260
1255.281294 575.671794
1255.246899 575.743417
1255.328151 575.990054
1255.693448 576.462719
1255.704238 576.475732
1255.498403 576.722275
1255.663814 576.940366
1255.435238 577.046391
1255.802786 577.697213
1255.637013 577.411932
1255.714696 577.883108
1255.858595 577.814967
1255.885402 578.058752
1255.978896 578.318078
1256.105677 578.559876
1256.274796 578.553872
1256.083882 578.715185
1256.208074 579.070177
1256.302404 579.117495
1256.136753 579.142289
1256.182386 579.355879
1256.347088 579.782762
1256.548799 579.574095
1256.280309 579.912172
1256.663741 580.090244
1256.610126 580.214727
1256.792818 580.476646
1256.700337 580.367951
1256.805164 580.668818
1256.858777 580.634300
1257.141680 581.034320
1257.122112 581.262674
1257.132836 581.225571
1256.972978 581.228741
1257.232868 581.615276
1257.271543 581.561355
1257.233580 581.658193
1257.045648 581.957136
1257.140688 582.598754
1257.490523 582.388885
1257.611071 582.359882
1257.372093 582.476333
1257.851427 582.420099
1257.818009 582.637539
1257.844963 582.678682
1257.928588 583.077961
1257.802104 583.004080
1257.974815 583.190620
1258.162541 583.176043
1257.990498 583.301668
1258.127658 583.168003
1258.224920 583.651477
1258.218526 583.624476
1258.185730 583.704276
1258.296333 583.761729
1258.274094 583.896971
1258.616421 583.844011
1258.519750 584.145202
1258.530614 583.890681
1258.701992 584.091547
1258.731500 584.179680
1258.795732 584.243457
1258.727545 584.474271
1258.838551 584.489807
1259.181249 584.348421
1258.968935 584.511831
1259.020951 584.636427
1258.959611 584.439491
1259.108811 584.688257
1259.324621 584.790755
1259.260861 584.477625
1259.461777 584.679464
1259.483766 584.817282
1259.346827 584.914822
1259.591451 585.027081
1259.653356 585.232117
1259.558090 585.266961
1260.009885 584.939956
1259.629292 584.942556
1259.830967 585.116756
1260.036007 585.144258
1259.740221 584.770148
1260.100315 585.278988
1260.161632 585.367620
1260.035895 585.111710
1260.448091 585.127563
1260.541884 585.250529
1260.357633 585.067090
1260.264349 585.120472
1260.826770 584.865486
1260.584076 585.261259
1260.712705 584.827429
1260.720305 585.159521
1260.831116 585.020246
1260.872679 585.258512
1260.804898 585.274425
1260.919187 585.014007
1261.051925 585.110658
1261.342101 584.934297
1260.934244 584.860264
1261.045243 584.591952
1261.281231 584.812808
1261.386548 584.575874
1261.571888 585.031996
1261.496074 584.996596
1261.373652 584.820689
1261.804755 584.652143
1261.778900 584.620674
1261.680342 584.333973
1262.045299 584.565538
1262.039310 584.382520
1261.903855 584.231804
1261.898497 584.163955
1262.272849 584.314086
1262.212178 584.402486
1262.235774 584.125911
1262.651970 584.297778
1262.679028 584.162750
1262.399820 583.825730
1262.512359 584.011025
1262.479146 583.642346
1262.661017 583.501900
1262.692711 583.785688
1263.016961 583.467848
1262.792228 583.269678
1263.081321 583.217083
1263.100581 583.073987
1263.242184 583.072422
1263.369931 583.094903
1263.440215 582.799121
1263.424016 582.328509
1263.405224 582.749773
1263.562133 582.328967
1263.460340 582.335408
1263.616308 582.149760
1263.943085 582.375469
1263.926015 581.869405
1264.184657 582.111252
1264.005626 581.873166
1263.971528 581.478729
1264.438518 581.588268
1264.248739 581.400746
1264.339824 581.323943
1264.569817 581.322257
1264.340316 580.928073
1264.558543 580.557271
1264.881386 580.660809
1264.482610 580.487718
1264.721812 580.141887
1265.055790 580.212733
1264.991122 580.193629
1265.252232 579.848931
1264.972804 579.601928
1265.249430 579.450365
1265.299714 579.513525
1265.549619 579.033064
1265.378596 579.170070
1265.407850 578.797626
1265.637948 578.817966
1265.589445 578.553305
1265.732902 578.326966
1265.810818 578.097764
1265.726625 577.738933
1265.828928 577.664975
1266.080660 577.519570
1266.228387 577.047196
1266.297907 577.006724
1266.084810 576.767138
1266.504267 576.471367
1266.684872 576.275576
1266.526265 576.282650
1266.505598 575.891178
1266.810961 575.735943
1266.680422 575.582945
1266.913245 575.462073
1266.888911 575.296833
1267.017391 574.681570
1267.003019 574.725477
1267.240412 574.115922
1267.116949 574.243417
1267.465172 573.766784
1267.544693 573.716982
1267.577704 573.499122
1267.708422 573.260742
1267.867644 573.011719
1267.997440 572.752607
1267.870800 572.120382
1268.126735 572.326044
1267.853544 571.668806
1268.176978 571.579718
1268.231566 571.675569
1268.349025 571.233312
1268.509820 570.983360
1268.202827 570.748532
1268.958176 570.347011
1268.871947 570.252199
1269.060574 569.748711
1269.150117 569.308214
1269.019690 569.327354
1269.050558 568.812567
1269.342013 568.535729
1269.253525 568.427354
1269.299319 568.080772
1269.403397 567.707744
1269.415657 567.594036
1269.779745 567.241846
1269.625741 566.920794
1270.128114 566.621020
1269.691614 565.969078
1270.163202 565.808308
1270.068565 565.560587
1270.157493 565.565425
1270.369816 565.001668
1270.268452 564.448094
1270.509075 564.376857
1270.285853 563.936916
1270.435701 563.637559
1270.810741 563.160806
1270.838415 562.933109
1271.061867 562.795199
1271.116794 562.210407
1270.906181 562.269539
1271.200869 561.509265
1271.233502 561.540994
1271.257834 561.107366
1271.221710 560.955999
1271.626922 560.208106
1271.568630 559.657321
1271.744772 559.439337
1271.974284 559.199440
1272.009502 558.932194
1272.302499 558.385499
1272.031678 558.171597
1272.175651 557.457818
1272.223072 557.648493
1272.592742 556.983306
1272.494127 556.791400
1272.700919 555.939206
1272.442416 555.663509
1272.986354 555.191201
1272.792315 555.241683
1273.451518 554.369080
1273.043856 554.237479
1273.218738 553.838193
1273.083423 553.380240
1273.512194 552.863440
1273.671082 552.517940
1273.603529 552.534721
1273.591123 552.124135
1273.667487 551.420931
1274.073527 551.184483
1273.941742 550.768427
1274.424855 550.346269
1274.089452 549.874086
1274.544269 549.309879
1274.840078 548.944456
1274.608287 548.513296
1274.822272 548.130508
1274.999558 547.617360
1274.767744 547.372209
1275.042780 546.760912
1275.228734 546.308214
1275.398678 545.910407
1275.534296 545.689142
1275.644349 545.052732
1275.799643 544.505552
1275.664004 544.219714
1275.828055 543.526110
1275.900674 543.255476
1275.908604 542.816399
1275.994180 542.295545
1276.478697 541.848620
1276.550481 541.362465
1276.761384 540.912631
1276.739485 540.282987
1276.690513 539.905630
1276.790399 539.252550
1276.744440 539.289257
1277.059330 538.488499
1277.376181 538.044724
1277.462772 537.422360
1277.375247 537.012254
1277.511267 536.303974
1277.809961 535.968468
1277.778232 535.439281
1277.933497 535.049277
1277.914101 534.795170
1278.189320 533.968222
1278.223101 533.558104
1278.564598 533.255527
1278.542113 532.185789
1278.425071 532.079489
1278.483210 531.558137
1278.566004 531.209348
1278.917567 530.431182
1278.863475 529.830259
1278.858478 529.444155
1279.276334 528.986649
1279.385963 528.503014
1279.606398 527.897869
1279.711322 527.224824
1279.763419 526.776716
1279.943734 525.969822
1280.234656 525.554379
1280.233679 525.183185
1280.141595 524.805237
1280.446427 523.977862
1280.288452 523.597942
1280.689007 522.931170
1280.910796 522.603691
1281.058190 521.795875
1280.866781 521.356068
1281.113597 520.712812
1281.019459 520.143303
1281.324717 519.561940
1281.376943 519.068556
1281.474638 518.424309
1281.854574 517.955107
1282.006748 517.290313
1281.725097 516.954917
1282.380419 516.011948
1282.316798 515.662805
1282.178890 514.924037
1282.030640 514.602051
1282.552461 513.931289
1283.004524 513.366528
1282.952012 512.809598
1282.918225 512.033837
1283.196999 511.542192
1283.271462 510.858724
1283.653662 510.377361
1283.706740 509.822326
1283.651315 509.063069
1283.858775 508.411027
1284.191962 507.715523
1284.092496 507.154704
1284.024518 506.660531
1284.446460 506.104716
1284.332892 505.261267
1284.618955 504.701237
1284.849195 504.287067
1284.893773 503.491679
1284.549447 502.871305
1285.022158 502.234549
1285.266193 501.362664
1285.325659 501.098834
1285.525938 500.434633
1285.389569 499.871168
1285.808241 499.071276
1285.773821 498.159446
1285.915733 497.951419
1286.378208 496.991207
1286.492716 496.677254
1286.565002 495.574679
1286.470876 495.027223
1286.873698 494.742583
1286.840251 494.168431
1287.005449 493.274602
1287.236806 492.624583
1287.384095 491.883799
1287.367868 491.160600
1287.467742 490.710185
1287.856762 489.623852
1287.819595 489.442256
1287.962301 488.708262
1288.334224 487.862544
1288.076953 487.442140
1288.361354 486.349936
1288.772677 485.788648
1288.630581 485.034262
1288.813728 484.527999
1288.884841 483.837396
1288.955398 483.116917
1289.309482 482.567029
1289.439093 481.878235
1289.471333 481.049385
1290.017939 480.180880
1289.765366 479.608323
1289.941571 479.226219
1290.031948 478.243026
1290.318757 477.711998
1290.341239 476.632205
1290.691133 476.086844
1290.791405 475.303532
1290.869519 474.583853
1290.945752 473.964965
1291.281078 473.093992
1291.483236 472.777741
1291.674044 471.693129
1291.744634 471.375366
1291.868644 470.312341
1291.867852 469.528535
1292.129505 469.113083
1292.251188 468.402700
1292.346430 467.457817
1292.490894 466.672357
1293.002320 465.949355
1292.898840 465.267265
1293.171225 464.852756
1293.342589 463.713895
1293.546514 463.030936
1293.469955 462.487886
1293.673008 461.594838
1293.431787 460.985309
1293.827753 459.951493
1294.067382 459.343625
1294.340682 458.667968
1294.453740 457.734284
1294.664250 456.923891
1294.639264 456.226553
1294.982472 455.165103
1295.029085 454.641290
1295.377432 453.846188
1295.521772 453.208824
1295.459372 452.345265
1295.606634 451.704890
1295.721248 450.752871
1296.005252 450.298598
1296.232422 449.259687
1296.223552 448.509679
1296.559653 448.038816
1296.716366 446.899421
1296.554949 445.956138
1297.202231 445.552281
1297.276013 444.614814
1297.254436 443.846703
1297.544937 442.961800
1297.561827 442.278719
1297.862520 441.554762
1298.064921 440.733284
1298.072598 440.049773
1298.188926 438.978181
1298.490705 438.330259
1298.847314 437.575975
1298.577816 436.740657
1298.819853 435.984112
1299.005606 435.165630
1299.267809 434.534024
1299.213636 433.428654
1299.515819 432.580668
1299.608013 431.785988
1300.092504 430.793076
1299.991016 430.315638
1300.137022 429.189615
1300.304630 428.688561
1300.699951 427.806321
1300.742489 426.918646
1300.980341 426.132642
1301.043235 425.098696
1301.698752 424.420958
1301.533059 423.767070
1301.440232 422.780783
1301.764957 421.954322
1301.916583 421.146866
1302.165370 419.865189
1302.490251 419.410276
1302.586949 418.648899
1302.914023 417.660034
1303.062466 417.074254
1302.970079 415.810731
1303.377717 414.852901
1303.588991 414.253849
1303.628804 413.355907
1303.858881 412.534411
1303.963467 411.667731
1304.463422 411.022850
1304.216839 410.035174
1304.591709 409.045402
1304.788111 408.224090
1304.805682 407.584584
1305.061911 406.617777
1305.441909 405.757111
1305.495104 404.456290
1305.683905 403.917696
1305.436529 402.975021
1306.047305 402.142181
1306.177731 401.244260
1306.312260 400.407775
1306.730599 399.750989
1306.725283 398.778499
1306.628927 397.889168
1307.045397 396.864505
1307.346990 396.021262
1307.723946 395.200786
1307.633185 394.120835
1307.976692 393.436827
1308.062190 392.554428
1308.256319 391.663320
1308.560915 390.967205
1308.646009 389.685881
1308.714029 389.072505
1308.955409 388.131624
1309.113368 387.385528
1309.301277 386.217799
1309.485153 385.378413
1309.417770 384.540245
1309.802012 383.438100
1309.910962 382.630942
1309.869983 381.705825
1310.571411 380.811448
1310.443185 379.806426
1310.822111 378.794732
1310.863430 378.112887
1311.031284 377.220976
1311.435181 376.216051
1311.477692 375.314328
1311.726380 374.678543
1311.857471 373.643608
1312.084653 372.742886
1312.379365 371.756686
1312.369330 370.895314
1312.942328 370.129393
1313.020290 368.725533
1313.078390 367.940600
1313.351373 367.145128
1313.570644 366.351071
1313.577397 365.277728
1313.639784 364.402166
1313.989530 363.440246
1314.685138 362.588855
1314.809333 361.336104
1314.723848 360.654436
1314.792775 359.704112
1315.046436 358.604259
1315.223566 357.716896
1315.368641 356.846070
1316.016739 355.797916
1315.803074 354.996728
1316.261551 354.354226
1316.581305 353.496368
1316.692630 352.336366
1316.747856 351.236372
1316.991053 350.434805
1317.310070 349.331397
1317.413617 348.200379
1317.479651 347.324007
1317.945061 346.514686
1318.093825 345.618052
1317.930465 344.571758
1318.644664 343.655879
1318.571223 342.449244
1319.163170 341.846151
1319.144717 340.666889
1319.133006 339.630978
1319.406759 338.691105
1319.844198 338.106026
1319.967328 336.965879
1320.018900 335.948084
1320.141741 335.308087
1320.539506 334.174429
1320.439577 333.163940
1321.003366 332.211603
1321.094263 331.423082
1321.372043 330.120132
1321.602794 329.058182
1321.685412 328.184142
1321.538625 327.289362
1322.321897 326.152718
1322.525293 325.338097
1322.760784 324.159865
1323.097312 323.268656
1323.133166 322.297166
1322.943020 321.237627
1323.504703 320.248098
1323.573961 319.233650
1323.742622 318.162782
1323.907715 317.307027
1324.406513 316.201334
1324.541745 315.737245
1324.641695 314.525389
1325.086868 313.444780
1325.642580 312.426304
1325.596252 311.581202
1325.661748 310.419609
1325.929845 309.369616
1326.122920 308.462777
1326.445343 307.513741
1326.543579 306.623685
1326.587943 305.537666
1326.939324 304.425370
1327.138153 303.641180
1327.480125 302.738742
1327.662705 301.572194
1327.712319 300.889284
1327.805187 299.710576
1328.378326 298.743679
1328.852714 297.672183
1328.811152 296.679160
1329.081332 295.483894
1329.372807 294.550827
1329.163379 293.763993
1329.584082 292.798037
1329.902003 291.669675
1330.015499 290.718269
1330.364194 289.614845
1330.543177 288.559224
1330.596027 287.527452
1331.325517 286.781659
1331.298888 285.353297
1331.459917 284.546439
1331.714621 283.609528
1332.051438 282.512521
1332.028163 281.258038
1332.246904 280.657379
1332.906306 279.572090
1332.809984 278.516513
1332.674018 277.243582
1333.083813 276.268356
1333.557965 275.522348
1333.389571 274.722591
1334.147727 273.530926
1334.086716 272.266683
1334.517770 271.264010
1334.879310 270.434118
1334.912130 269.549242
1335.139425 268.250887
1335.215471 267.153000
1335.918074 266.333438
1335.748815 265.054876
1336.154865 264.100892
1336.214200 263.203193
1336.534173 262.041466
1336.851652 261.061406
1337.179220 260.128038
1337.237204 259.214866
1337.578845 258.161440
1337.941070 257.161602
1338.057724 256.088398
1338.163309 255.040665
1338.714454 254.101431
1338.648945 252.777017
1338.933352 251.774340
1339.360411 251.053458
1339.624775 249.807303
1339.387599 248.660268
1339.972975 247.979791
1340.258405 246.803599
1340.435496 245.806212
1340.946719 244.780899
1340.900759 243.788193
1340.926077 242.663126
1341.201544 241.768993
1341.598846 240.666329
1341.697664 239.907886
1342.009508 238.588937
1342.537585 237.395569
1342.610623 236.441959
1342.939820 235.060071
1342.959739 234.476912
1343.441112 233.347734
1343.686807 232.244155
1343.552628 231.053162
1344.299818 230.113459
1344.124244 229.335391
1344.436863 227.997151
1344.891244 226.995721
1345.268066 226.098579
1345.425405 224.899466
1345.628724 224.149760
1345.713691 222.774344
1345.913235 221.935221
1346.715800 220.596603
1346.443732 219.727896
1346.516129 218.967881
1347.156598 217.624746
1347.321616 216.556116
1347.366749 215.639887
1347.994309 214.696962
1347.942535 213.734387
1348.416913 212.412814
1348.876139 211.296516
1349.058438 210.388044
1349.152994 209.581175
1349.255174 208.320758
1349.581252 207.574038
1350.010407 206.350303
1350.256705 205.216456
1350.401179 204.422048
1351.034069 203.288374
1350.790786 202.199182
1350.849533 201.269579
1351.489307 199.951262
1351.783594 198.847587
1351.815027 198.065527
1352.483019 196.854726
1352.405943 195.790054
1352.708548 194.815978
1353.112034 193.792983
1353.203867 192.650946
1353.612332 191.784231
1353.983927 190.653594
1353.964619 189.787586
1354.386197 188.793985
1354.768530 187.636012
1354.870557 186.477101
1355.275839 185.624007
1355.357185 184.616472
1355.559100 183.215044
1355.980913 182.250563
1356.196398 181.320180
1356.543780 180.163079
1356.509147 179.121889
1357.345905 178.305091
1357.428770 176.871276
1357.600730 176.038473
1357.804233 174.728526
1358.388608 173.812805
1358.415224 173.008250
1358.743328 172.032479
1358.857575 170.645832
1359.255346 169.920455
1359.352653 168.782514
1359.666752 167.540270
1359.828133 166.694298
1360.398763 165.504914
1360.618894 164.431240
1360.963523 163.448720
1361.072295 162.448742
1361.154521 161.561448
1361.489069 160.273118
1362.049402 159.306484
1361.988086 158.386574
1362.148247 157.394439
1362.757644 156.298010
1362.926921 155.049627
1363.239564 154.300909
1363.471386 152.812669
1364.140416 152.208739
1364.015224 151.190051
1364.407595 149.839050
1364.552450 148.740485
1364.745966 147.767312
1365.243216 146.846119
1365.500743 145.764521
1365.985178 144.692419
1365.820878 143.552950
1366.397472 142.298677
1366.508601 141.547350
1366.856528 140.386676
1366.954132 139.486115
1367.416826 138.605840
1367.821527 137.427950
1367.745885 136.570871
1368.417466 135.412191
1368.365065 134.433590
1368.752833 133.163831
1369.010128 132.198422
1369.138866 131.566952
1369.615421 130.248959
1369.758143 129.182635
1370.019758 128.216385
1370.549172 127.131867
1370.781301 126.070450
1370.939153 125.006027
1371.364621 123.923589
1371.443027 122.609483
1371.983653 121.782942
1372.166981 120.718725
1372.463367 119.864506
1372.492797 119.035658
1372.977909 117.824611
1373.254227 116.593139
1373.457930 115.947354
1373.613274 114.572605
1374.250953 113.386394
1374.175883 112.506880
1374.604064 111.417693
1374.817662 110.463165
1375.422482 109.320081
1375.836871 108.528187
1375.606823 107.518969
1376.081723 106.432740
1376.708318 105.508409
1376.604126 104.289292
1376.786701 103.323302
1377.122606 102.415135
1377.514785 101.444364
1377.575498 100.118179
1378.192225 99.237157
1378.287638 98.010492
1378.836108 96.984582
1379.090267 96.128659
1379.253269 95.005420
1379.857598 93.990904
1379.408180 93.019940
1380.335623 92.031319
1380.406926 91.267597
1380.754732 89.887031
1380.981960 88.946352
1381.379623 88.157552
1381.684517 87.094212
1381.828424 86.030187
1381.930587 84.707162
1382.476274 83.977870
1382.845806 82.789611
1382.903080 81.938159
1382.974960 80.824132
1383.603813 79.857491
1383.979578 78.866786
1384.363577 77.970899
1384.737402 76.913986
1384.900348 75.779966
1385.416709 74.733248
1385.439698 73.498613
1385.835008 72.792044
1386.252421 71.654456
1386.223303 70.500054
1386.672026 69.663962
1387.038907 68.741311
1387.406812 67.860191
1387.625220 66.369083
1387.787943 65.795445
1388.036401 64.461838
1388.364538 63.683286
1388.692195 62.567878
1388.877836 61.882957
1389.501005 60.467191
1389.298411 59.660784
1389.860106 58.680575
1390.187408 57.672612
1390.626098 56.358831
1390.871257 55.456086
1391.196974 54.710698
1391.451168 53.763331
1391.896751 52.878314
1391.836197 51.695191
1392.542569 50.723870
1392.660491 49.765209
1393.091164 48.956644
1393.510944 47.352469
1393.589326 46.858024
1393.841653 45.727608
1394.263541 44.495623
1394.198409 44.010550
1394.630392 42.661949
1395.213431 41.836873
1395.368342 40.840606
1395.997452 39.945417
1395.933457 38.773781
1396.325194 37.834213
1396.746441 36.801635
1397.077767 35.770782
1397.307757 35.234652
1397.871149 33.754113
1397.607591 32.744617
1398.407036 31.820507
1398.542845 30.940780
1398.969494 29.931683
1399.079849 28.813415
1399.453301 28.012457
1399.796232 27.109500
1399.993622 26.308517
1400.391060 25.368598
1400.523380 24.017835
1400.831744 22.822629
1401.198446 22.131731
1401.486788 21.363744
1402.054660 20.168390
1402.353004 19.177130
1402.587871 18.137274
1402.731476 17.364798
1402.991850 16.307203
1403.771816 15.625632
1403.866587 14.770920
1404.188568 13.660489
1404.517919 12.551537
1404.602144 11.223509
1405.013515 10.667419
1405.396223 9.577328
1405.814189 8.793562
1406.168990 7.698141
1406.565762 6.809347
1406.910972 5.666955
1407.266246 5.107386
1407.248873 3.926441
1407.615966 3.223549
1407.925398 1.719690
1408.260016 1.297640
1408.552719 0.271585
1408.896936 -1.003872
1409.359337 -1.782582
1409.788946 -2.659650
1409.892715 -3.632128
1410.050753 -4.529501
1410.476062 -5.466402
1410.681175 -6.733493
1411.120350 -7.530209
1411.562007 -8.063067
1411.949656 -9.231647
1412.027082 -10.225948
1412.444164 -11.170874
1412.807115 -11.976427
1413.083757 -13.020180
1413.343374 -13.809024
1413.481568 -14.722153
1414.237419 -15.665495
1414.299218 -16.778943
1414.654841 -17.814448
1415.047386 -18.620422
1415.180688 -19.666714
1415.690295 -20.200739
1415.953004 -21.206929
1416.387814 -21.902337
1416.524715 -23.045350
1416.935633 -23.941616
1417.089237 -24.822637
1417.522869 -25.902475
1417.821388 -26.958760
1418.336834 -27.760609
1418.686881 -28.663254
1419.041905 -29.500776
1419.093957 -30.215287
1419.594207 -31.441798
1419.768113 -32.256505
1420.061862 -33.041338
1420.559482 -34.110580
1420.718891 -34.683468
1421.367337 -35.889497
1421.504444 -36.751732
1421.707366 -37.314740
1422.043062 -38.442543
1422.200552 -39.481109
1422.796071 -40.206282
1423.073486 -41.317120
1423.536081 -42.171969
1423.572672 -42.776010
1424.007420 -44.064790
1424.489500 -44.650556
1424.919556 -45.754214
1425.060118 -46.399358
1425.504244 -47.474876
1425.881788 -48.124734
1426.202608 -48.995274
1426.470728 -49.899372
1426.434881 -50.924895
1427.200548 -51.666470
1427.406113 -52.657000
1427.750929 -53.683518
1428.095265 -54.283398
1428.207101 -55.141636
1428.643851 -56.110326
1429.026269 -57.096942
1429.149868 -58.222762
1429.657684 -58.624957
1430.044756 -59.517228
1430.324284 -60.408591
1430.686683 -61.273487
1430.894011 -61.869430
1431.408271 -63.138234
1431.754368 -63.758247
1432.067581 -64.679485
1432.374239 -65.693778
1432.485441 -66.170708
1432.999164 -67.414466
1433.248367 -68.496769
1433.581722 -68.696221
1434.050778 -69.917953
1434.304475 -70.469259
1434.771080 -71.272714
1435.136829 -72.092643
1435.218358 -73.140212
1435.418514 -73.982023
1436.170733 -74.554741
1436.291267 -75.412604
1436.818352 -76.409191
1437.167283 -77.238414
1437.547658 -78.074618
1437.799824 -78.933646
1438.022608 -79.623923
1438.277418 -80.467423
1438.507277 -81.428229
1438.867128 -82.123204
1439.370839 -82.966664
1439.686634 -83.763118
1439.940397 -84.488460
1440.187510 -85.295171
1440.742132 -86.458559
1441.276682 -87.067179
1441.349717 -87.974733
1441.762480 -88.600152
1442.178317 -89.707323
1442.203284 -90.540778
1442.944251 -91.144758
1442.841365 -92.237661
1443.497180 -92.815071
1443.859077 -93.524371
1444.162115 -94.346903
1444.206200 -94.986583
1444.902045 -95.826168
1445.090561 -96.756725
1445.362652 -97.628055
1445.842057 -98.409166
1446.290165 -99.180358
1446.626542 -99.987106
1446.618720 -100.519682
1447.088475 -101.489631
1447.472523 -102.175461
1448.034691 -102.949543
1448.070689 -103.906308
1448.596185 -104.426388
1448.725901 -105.585918
1449.110573 -106.098836
1449.532277 -106.762915
1449.836473 -107.830388
1450.178664 -108.640156
1450.577453 -109.099801
1450.900742 -110.052189
1451.426389 -110.953822
1451.462773 -111.105610
1451.806517 -112.187783
1452.256971 -113.288648
1452.627951 -113.826006
1452.851824 -114.486737
1453.221421 -115.424309
1453.574306 -116.168433
1454.287309 -116.888164
1454.372856 -117.543852
1454.542505 -118.192317
1454.972971 -118.922954
1455.094246 -119.914675
1455.346884 -120.541273
1456.059007 -121.510977
1456.239396 -121.867913
1456.618258 -122.745752
1457.189702 -123.494971
1457.565048 -124.242047
1457.769704 -124.991091
1458.071678 -125.712593
1458.411465 -126.449709
1458.842383 -127.216676
1459.208745 -127.904124
1459.477510 -128.715206
1459.863589 -129.398257
1460.059655 -129.799201
1460.414212 -130.667561
1460.886781 -131.394421
1461.356007 -132.048689
1461.296299 -132.913775
1461.921705 -133.767729
1462.144868 -134.355280
1462.392109 -135.117352
1462.947606 -135.605883
1463.149899 -136.333951
1463.652282 -136.803139
1464.098013 -137.999727
1464.619642 -138.598591
1464.506907 -139.318480
1464.995672 -140.031207
1465.206549 -140.483331
1465.527557 -141.281627
1465.743798 -142.067002
1466.390738 -142.670746
1466.830792 -143.087241
1467.103346 -144.026298
1467.617438 -144.545408
1467.819953 -145.336360
1467.827745 -146.260600
1468.459036 -146.595440
1468.570754 -147.375209
1469.137315 -147.966199
1469.570256 -148.768929
1469.817898 -149.581349
1470.398699 -150.090853
1470.569679 -150.620145
1470.905719 -151.501112
1471.353318 -152.038874
1471.649338 -152.711539
1471.673216 -153.444403
1472.232651 -153.876763
1472.646183 -154.563516
1472.688001 -155.324342
1473.103608 -156.145841
1473.590860 -156.613474
1473.955187 -157.663036
1474.224249 -158.066064
1474.859341 -158.525282
1474.980959 -159.105335
1475.701515 -159.687499
1475.658041 -160.795021
1476.056632 -160.977009
1476.247125 -161.648524
1476.905003 -162.602921
1477.176138 -163.181068
1477.350809 -163.667848
1477.606308 -164.196373
1478.420018 -164.859136
1478.606601 -165.495095
1478.902498 -166.196244
1479.341014 -166.761045
1479.776879 -167.414548
1479.987946 -167.875325
1480.342241 -168.673890
1480.667659 -169.267580
1481.086568 -169.714903
1481.236037 -170.234130
1481.767096 -171.008826
1482.103991 -171.352989
1482.220215 -172.050670
1482.645172 -172.873382
1482.934714 -173.541193
1483.530558 -174.190334
1483.489902 -174.776812
1483.827504 -175.544424
1484.550262 -175.945310
1484.911817 -176.442097
1485.125843 -176.831257
1485.657641 -178.014190
1485.915331 -178.312539
1486.263058 -178.459916
1486.798686 -179.464136
1486.788742 -179.940330
1487.341035 -180.277677
1487.582052 -181.110983
1488.105832 -181.544144
1488.330332 -182.226242
1488.769292 -182.926790
1489.238986 -183.339718
1489.505573 -183.845079
1489.428787 -184.612617
1490.056289 -185.175016
1490.434086 -185.299313
1490.627638 -186.010508
1490.822318 -186.838123
1491.310159 -187.130773
1491.953195 -188.063218
1492.039562 -188.563176
1492.387093 -189.070068
1492.891348 -189.641763
1493.268110 -190.251827
1493.752430 -190.400389
1494.109574 -190.827812
1494.112132 -191.672992
1494.573588 -192.140094
1494.886251 -192.686410
1495.395626 -193.476562
1495.461608 -193.806436
1496.284315 -194.510580
1496.459656 -194.789315
1496.899564 -195.496121
1497.149789 -195.528080
1497.482658 -196.460406
1497.456170 -196.968698
1498.355181 -197.262995
1498.698640 -197.818130
1498.980361 -198.178388
1499.060246 -198.822453
1499.728482 -199.505431
1499.960423 -199.781371
1499.813583 -200.559904
1500.642051 -200.673714
1500.863445 -201.178464
1501.497591 -201.990206
1501.812506 -202.473778
1501.911312 -203.018638
1502.643627 -203.317822
1502.716325 -203.825126
1502.983663 -204.195908
1503.201378 -205.170449
1503.929689 -205.401581
1504.088149 -205.755426
1504.561093 -206.496102
1504.611870 -206.583788
1505.093071 -207.223056
1505.489688 -207.728582
1505.689829 -208.203974
1506.107733 -208.436099
1506.669974 -209.126388
1506.675177 -209.645765
1507.508829 -209.841439
1507.817949 -210.638105
1508.025348 -211.046111
1508.153453 -211.089964
1508.890969 -211.637610
1509.056948 -212.437286
1509.500117 -212.578126
1509.774505 -213.476525
1510.038573 -213.316076
1510.606349 -214.303393
1510.912046 -214.306538
1511.356480 -214.960991
1511.281763 -215.418809
1511.958885 -215.919740
1512.259486 -216.273309
1512.682209 -216.724266
1512.903497 -217.077149
1513.307289 -217.371454
1513.710027 -218.241663
1514.292622 -218.358807
1514.249597 -218.803319
1514.599105 -219.309296
1514.945585 -219.721513
1515.331728 -220.145745
1515.607095 -220.459315
1515.967331 -220.995469
1516.244115 -221.414732
1516.664080 -221.698943
1517.071367 -222.255127
1517.429188 -222.527836
1517.621832 -222.953064
1518.115988 -223.271270
1518.446661 -223.917405
1518.929907 -224.037394
1519.327878 -224.719309
1519.417978 -225.021008
1519.818731 -225.356058
1520.397643 -225.895668
1520.735237 -226.411063
1521.304802 -226.692070
1520.958193 -227.016714
1521.864072 -227.152587
1522.324188 -227.587484
1522.271002 -228.118942
1522.771326 -228.408288
1522.959965 -228.744336
1523.604264 -228.876912
1523.502236 -229.233198
1524.166030 -229.551205
1524.279710 -230.137587
1524.915522 -230.672614
1525.253272 -230.479950
1525.650810 -231.442799
1525.889127 -231.633740
1526.081669 -231.959205
1526.259511 -232.252713
1526.984752 -232.752837
1527.017984 -233.047371
1527.694661 -233.454169
1527.958210 -233.625972
1528.392337 -234.240164
1528.523326 -234.274625
1528.927817 -234.892414
1529.247761 -235.162036
1529.718784 -235.569566
1530.250523 -235.734897
1530.219714 -236.088807
1530.833883 -236.416200
1530.908244 -237.055356
1531.223747 -237.012583
1532.012052 -237.589636
1532.056399 -237.944719
1532.081246 -238.116223
1533.013096 -238.276665
1532.909004 -238.957804
1533.610608 -239.158982
1533.832107 -239.409179
1534.209150 -239.487248
1534.582957 -239.980591
1534.604212 -240.341261
1534.941603 -240.562221
1535.444491 -240.945509
1535.625355 -241.051917
1536.353872 -241.608206
1536.775737 -241.975929
1537.013490 -241.862842
1537.243571 -242.325606
1537.637185 -242.401485
1537.980726 -242.945674
1538.338990 -243.419028
1538.609170 -243.664386
1538.780828 -244.229771
1539.106588 -244.004945
1539.384541 -244.147390
1540.032449 -244.475116
1540.379283 -244.985194
1540.745602 -245.313070
1541.239364 -245.443462
1541.644566 -245.569801
1541.830035 -245.790818
1542.043080 -246.169449
1542.654266 -246.521805
1542.758302 -246.793832
1542.886758 -246.644172
1543.670353 -247.376874
1543.732069 -247.496211
1544.341484 -247.701750
1544.543154 -248.072142
1544.711759 -248.356815
1545.042581 -248.448198
1545.482862 -248.817010
1545.643466 -249.176500
1546.184991 -249.121474
1546.449971 -249.597962
1546.862308 -249.765790
1547.402850 -249.728836
1547.703197 -250.197218
1548.114321 -250.418193
1548.228066 -250.911348
1548.204799 -251.027894
1548.751928 -251.280924
1549.156451 -251.378569
1549.834742 -251.369646
1549.835297 -251.608737
1550.093659 -252.052640
1550.571620 -252.351734
1550.806196 -252.413303
1551.062721 -252.611565
1551.864659 -253.015182
1551.876004 -253.054047
1552.485101 -253.025346
1552.566118 -253.432472
1553.113198 -253.481042
1553.348360 -253.954433
1553.617197 -254.206025
1554.119536 -254.703878
1554.580306 -254.439718
1554.898031 -254.745771
1554.919464 -254.939327
1555.526484 -254.931264
1555.895372 -255.380561
1556.063480 -255.562752
1556.485398 -255.777168
1556.602217 -255.928411
1557.095055 -256.294347
1557.211142 -256.254751
1557.986762 -256.386615
1557.999309 -256.806233
1558.289610 -256.568580
1558.948192 -257.059736
1559.290970 -257.268101
1559.271683 -257.097224
1559.713647 -257.274286
1560.349739 -257.530473
1560.627189 -257.467667
1560.916510 -257.687280
1561.212411 -258.164125
1561.552450 -258.060939
1561.667696 -258.347065
1562.327534 -258.321591
1562.411142 -258.752938
1562.827963 -258.472799
1563.055638 -259.215854
1563.641772 -259.355700
1563.876886 -259.376901
1564.335829 -259.496264
1564.654174 -259.682874
1564.951158 -259.617326
1565.148207 -259.620565
1565.580928 -260.032979
1565.848891 -260.358716
1566.250784 -260.290988
1566.638977 -260.433795
1566.922580 -260.530844
1567.265606 -260.675763
1567.451561 -260.895669
1567.653445 -261.033798
1568.402385 -260.834509
1568.562527 -261.159771
1568.793542 -261.391885
1569.374260 -261.334661
1569.120272 -261.529228
1570.006958 -261.658042
1570.287436 -261.697178
1570.261810 -261.802813
1570.867258 -262.023830
1571.222347 -261.837040
1571.644716 -261.986035
1571.615129 -262.258405
1572.207532 -262.377458
1572.300590 -262.423994
1572.976358 -262.489404
1573.076297 -262.828685
1573.456638 -262.691803
1573.845538 -262.913405
1574.073309 -262.792580
1574.321677 -262.968137
1574.744865 -263.031050
1575.088198 -263.322110
1575.644410 -263.445977
1575.477158 -263.303211
1575.982694 -263.444949
1576.157834 -263.376241
1577.112291 -263.476830
1577.046425 -263.371579
1577.332183 -263.938404
1578.014107 -263.574565
1578.066998 -263.916881
1578.282496 -263.815686
1578.437089 -264.257254
1579.180463 -263.941387
1579.309848 -264.135901
1579.679027 -264.286603
1579.895117 -264.251820
1580.537326 -264.116744
1580.372706 -264.434586
1580.937304 -264.368137
1581.401643 -264.393443
1581.737582 -264.802505
1581.916047 -264.576353
1582.170547 -264.417927
1582.345239 -264.707008
1582.780613 -264.692121
1583.230857 -264.700328
1583.445418 -264.823672
1583.776056 -264.660894
1584.136486 -265.074686
1584.443460 -264.780028
1585.133550 -265.044754
1585.097400 -264.804499
1585.445696 -265.115312
1586.098823 -264.812055
1586.492274 -265.325264
1586.541789 -265.290859
1586.762136 -265.100784
1587.307143 -265.446709
1587.703776 -265.148797
1587.688703 -265.165095
1588.018715 -265.350727
1588.481023 -265.303307
1588.946889 -265.516852
1589.168514 -265.554376
1589.401092 -265.372763
1589.818233 -265.339157
1590.099440 -265.334014
1590.190786 -265.506960
1590.665731 -265.310809
1590.859112 -265.103939
1591.127456 -265.408638
1591.171858 -265.642370
1591.731846 -265.381438
1592.494908 -265.762181
1592.570617 -265.230571
1592.753463 -265.512486
1593.379642 -265.453057
1593.501218 -265.366868
1593.686658 -265.239373
1594.116392 -265.456241
1594.368446 -265.280437
1594.930527 -265.391683
1595.099873 -265.418852
1595.117077 -265.392139
1595.689566 -265.399376
1596.104216 -265.246504
1596.504541 -265.041199
1596.767137 -265.240868
1597.074737 -265.144885
1597.330996 -265.198880
1597.582802 -265.060883
1598.019253 -264.950548
1598.171751 -265.117213
1598.602478 -264.950292
1598.764624 -265.073582
1598.886137 -264.962620
1599.590035 -265.102614
1599.655448 -264.742901
1599.935783 -264.771788
1600.238440 -264.879534
1600.927460 -265.127768
1600.909570 -264.630538
1601.055841 -264.792283
1601.544495 -264.876152
1602.087425 -264.799961
1602.223419 -264.790625
1602.460998 -264.624204
1602.789292 -264.518704
1603.115119 -264.486738
1603.438206 -264.538459
1603.840271 -264.629530
1604.287271 -264.438684
1604.766566 -264.363450
1604.825017 -264.288449
1605.104625 -263.997205
1605.129921 -264.196479
1605.607754 -264.360882
1606.165357 -264.057279
1606.303877 -264.135738
1606.357674 -263.971735
1606.863644 -263.607597
1607.159822 -263.639389
1607.323366 -263.853064
1607.767738 -263.394849
1608.144663 -263.582946
1608.247837 -263.492851
1608.520944 -263.289250
1608.824570 -263.493612
1609.356216 -263.295129
1609.625269 -263.262726
1610.065507 -263.137904
1610.177319 -262.873828
1610.583584 -263.147628
1610.604026 -262.979887
1611.158873 -262.593297
1611.525718 -262.921739
1611.601996 -262.533987
1612.017929 -262.432043
1612.397968 -262.355688
1612.728815 -262.402588
1612.717739 -262.243046
1613.322901 -262.007943
1613.595095 -262.109119
1613.619831 -262.024816
1614.182841 -261.893973
1614.546937 -261.518678
1614.683591 -261.709913
1615.020422 -261.687482
1615.352605 -261.730839
1615.485745 -261.367067
1615.958308 -261.315362
1615.973997 -261.200817
1616.752949 -261.142311
1616.582055 -260.941281
1616.928216 -260.871159
1617.409978 -260.465281
1617.604101 -260.732969
1617.843663 -260.491491
1618.135814 -260.484792
1618.792875 -260.150419
1618.823124 -260.662740
1619.126284 -260.127139
1619.385300 -259.785056
1619.891406 -259.893444
1620.109557 -259.944311
1620.220625 -259.585689
1620.837537 -259.316747
1620.922297 -259.221905
1621.115772 -259.504347
1621.472799 -259.085929
1621.858264 -258.777910
1622.076502 -259.048544
1622.203681 -258.754359
1622.738053 -258.534408
1622.685223 -258.393636
1623.181500 -258.390688
1623.404089 -258.225258
1623.923646 -258.023315
1623.955224 -257.874882
1624.289333 -257.795849
1624.714397 -257.640182
1625.001344 -257.460340
1625.265670 -257.264591
1625.661727 -257.054440
1625.728571 -257.227360
1625.850219 -256.881704
1626.544775 -256.718062
1626.635410 -256.707325
1627.037865 -256.399360
1627.272100 -256.284516
1627.665486 -256.042039
1627.548929 -255.981006
1627.879672 -256.202940
1628.365090 -256.110893
1628.693914 -255.415077
1628.904331 -255.503502
1629.048805 -255.380412
1629.377596 -254.999459
1629.668264 -255.144228
1630.234219 -255.041221
1630.331332 -254.763475
1630.611697 -254.659452
1630.980510 -254.308050
1631.218169 -254.442495
1631.383677 -254.121531
1631.711364 -253.885959
1631.784576 -254.107783
1632.352690 -253.480272
1632.757240 -253.209480
1632.641989 -253.380261
1632.852669 -252.797256
1633.342586 -253.206260
1633.897092 -252.658071
1633.795947 -252.815105
1634.274165 -252.205598
1634.437002 -252.298417
1634.717873 -252.249308
1635.121166 -251.906386
1635.403236 -251.756996
1635.579410 -251.414710
1635.794998 -251.293958
1636.067994 -251.128060
1636.520162 -251.096504
1637.054371 -250.813106
1637.174351 -250.865762
1637.698726 -250.447272
1637.664108 -250.409380
1637.736771 -250.096027
1638.087724 -249.810719
1638.526960 -249.729628
1638.831446 -249.533703
1639.036656 -249.477897
1639.172923 -249.284106
1639.433503 -248.999353
1639.650484 -248.679584
1640.074669 -248.788064
1640.211752 -248.223825
1640.608739 -248.537840
1640.704024 -248.232582
1641.008908 -248.081512
1641.307611 -247.696666
1641.331120 -247.803561
1641.697240 -247.297210
1642.294059 -247.315156
1642.161933 -246.780922
1642.623808 -246.771031
1642.698529 -246.550613
1643.320168 -246.438610
1643.358713 -246.201251
1643.710361 -245.877259
1644.195065 -245.676498
1644.234342 -245.497737
1644.646215 -245.339251
1644.795545 -245.530439
1644.984818 -245.070484
1645.615593 -244.813391
1645.602989 -244.853316
1645.937254 -244.380747
1646.082639 -244.334699
1646.433925 -243.915251
1646.426296 -243.917432
1646.946550 -243.872163
1647.041539 -243.435709
1647.617172 -243.214384
1647.873348 -243.093978
1647.805560 -242.829349
1648.320122 -242.603549
1648.423798 -242.274552
1648.686691 -242.174882
1649.226525 -241.939248
1649.076246 -241.680468
1649.432135 -241.489011
1649.738905 -241.494220
1649.956859 -241.229404
1650.135758 -241.025718
1650.298845 -240.814492
1650.637716 -240.443155
1650.886581 -240.307800
1651.320042 -240.131583
1651.599932 -239.930424
1651.609639 -239.989113
1652.055184 -239.363820
1652.410414 -239.597707
1652.408762 -239.039025
1652.629792 -238.809990
1653.048000 -238.707230
1653.115878 -238.530817
1653.638077 -238.425262
1653.738834 -237.999860
1654.178979 -237.808596
1654.163190 -237.514048
1654.432360 -237.179819
1654.787789 -237.404112
1655.218875 -236.856456
1655.239676 -236.767163
1655.526974 -236.451307
1655.664283 -236.426447
1655.680507 -236.139117
1656.488662 -235.723163
1656.533511 -235.896918
1656.686385 -235.467067
1657.127631 -235.156270
1657.315902 -234.937509
1657.516202 -234.757543
1657.616477 -234.605302
1658.042769 -234.386925
1658.377423 -234.289834
1658.623501 -233.886925
1658.375489 -233.878954
1658.836719 -233.540155
1659.283206 -232.959474
1659.353985 -233.177097
1659.564579 -232.570432
1659.907542 -232.325085
1660.139865 -232.201668
1660.458263 -231.901398
1660.837194 -231.743425
1660.903760 -231.460019
1661.216229 -231.224201
1661.496063 -230.890765
1661.854393 -230.932878
1661.711526 -230.770772
1662.535835 -230.691055
1662.329313 -230.194176
1662.513065 -230.294543
1662.911227 -229.608199
1663.287879 -229.532812
1663.471531 -229.259273
1663.266157 -229.084571
1663.690162 -228.850888
1664.058257 -228.570976
1664.372319 -228.181391
1664.753519 -228.090783
1664.675669 -227.954816
1665.276620 -227.823996
1665.443700 -227.537928
1665.446792 -226.986881
1665.660522 -227.177662
1665.635269 -226.926969
1666.156445 -226.679957
1666.402575 -226.229162
1666.970669 -226.113107
1666.800254 -226.008198
1666.781503 -225.866778
1667.445775 -225.436869
1667.632772 -225.394582
1668.084573 -224.956731
1668.076845 -224.739337
1668.369150 -224.234747
1668.140628 -224.101472
1668.552932 -223.819957
1669.067769 -223.814497
1668.954899 -223.429573
1669.327554 -223.252720
1669.704279 -222.785559
1669.800369 -222.747981
1669.862175 -222.533396
1670.496004 -222.166799
1670.562309 -222.216016
1670.881271 -221.756445
1671.114681 -221.507586
1671.233534 -221.347217
1671.556035 -221.299675
1671.382210 -221.066440
1671.702346 -220.781931
1672.123555 -220.504083
1672.253718 -220.369321
1672.707970 -220.065201
1672.848736 -219.934177
1672.984929 -219.505253
1673.019086 -219.097224
1673.370655 -218.786025
1673.645014 -218.969219
1673.798559 -218.547067
1674.219680 -218.475550
1674.319831 -218.004695
1674.665262 -218.023001
1674.577395 -217.695075
1674.870754 -217.363212
1675.319582 -217.262199
1675.496808 -217.115666
1675.514987 -216.785277
1675.593156 -216.718268
1676.217254 -216.348809
1676.182225 -215.809596
1676.355955 -215.701900
1676.636650 -215.338830
1677.033544 -215.284672
1677.064582 -215.027259
1677.491756 -214.830959
1677.580309 -214.562321
1677.866913 -214.395894
1677.958114 -214.426446
1677.996954 -213.810332
1678.490893 -213.556431
1678.340883 -213.568091
1678.821728 -213.034818
1678.827175 -213.021669
1678.978377 -212.956813
1679.497286 -212.433920
1679.177580 -212.231865
1679.844756 -212.222160
1679.910919 -211.900549
1680.221345 -211.635287
1680.436632 -211.267437
1680.772715 -211.310896
1680.894994 -211.146406
1680.934635 -210.479282
1681.076254 -210.607074
1681.810970 -210.218566
1681.696761 -210.056282
1681.973100 -209.524121
1682.232162 -209.612444
1682.373847 -209.304512
1682.528685 -208.879440
1682.850380 -208.766874
1682.957855 -208.641841
1683.311510 -208.104699
1683.327037 -208.033568
1683.600125 -207.870431
1683.862532 -207.629080
1684.053671 -207.458307
1684.150347 -207.216371
1684.221752 -207.087375
1684.793769 -206.701771
1684.433462 -206.540867
1684.958471 -206.606287
1685.243537 -206.040270
1685.118265 -205.958271
1685.432310 -205.812167
1685.993345 -205.515773
1686.069631 -205.350814
1686.091958 -205.024513
1686.458459 -204.722900
1686.062976 -204.609651
1686.814574 -204.614267
1686.702941 -204.347258
1686.885904 -204.151253
1687.137208 -203.729280
1687.268372 -203.514097
1687.729245 -202.820802
1687.756002 -202.881872
1687.793251 -202.662153
1688.213994 -202.481371
1688.553665 -202.391368
1688.633092 -202.033566
1688.802858 -201.710871
1689.239707 -201.563571
1689.233709 -201.701643
1689.677790 -201.179508
1689.514880 -201.025552
1689.798273 -200.968232
1689.989315 -200.744872
1690.281687 -200.372482
1690.394526 -200.232609
1690.698160 -200.131285
1690.831040 -200.025443
1691.017933 -199.416569
1690.971701 -199.203921
1691.486132 -198.988690
1691.537610 -198.760362
1691.896053 -198.633966
1692.112201 -198.421141
1692.032794 -198.375193
1692.413652 -197.922812
1692.395552 -197.897862
1692.623944 -197.502880
1692.635498 -197.222487
1693.086814 -197.467058
1693.066110 -197.075226
1693.351887 -196.811570
1693.611684 -196.719328
1694.030197 -196.376109
1693.889923 -196.048511
1693.964984 -195.799912
1694.142850 -195.518000
1694.257596 -195.695195
1694.627561 -195.255991
1694.903265 -194.918960
1695.048051 -195.008194
1695.416929 -194.555820
1695.211719 -194.375296
1695.760695 -194.555840
1695.811271 -194.247586
1695.728051 -193.858688
1696.251380 -193.723657
1696.183484 -193.398656
1696.470739 -193.329331
1696.564539 -193.393582
1696.869060 -192.904380
1697.050540 -192.678888
1697.430640 -192.656904
1697.066047 -192.266228
1697.461113 -192.367262
1697.487063 -191.866523
1697.755673 -191.919804
1698.116948 -191.573947
1698.198544 -191.506215
1698.109410 -190.960624
1698.186334 -191.067469
1698.557288 -190.908190
1698.866038 -190.648014
1699.105496 -190.911518
1699.418644 -190.291295
1699.270261 -190.136339
1699.477992 -190.385388
1699.973038 -189.530326
1700.024585 -189.387428
1700.251781 -189.440590
1700.274543 -189.223775
1700.489950 -189.171832
1700.759630 -188.841502
1700.766532 -188.565663
1700.964155 -188.530376
1701.067409 -188.630049
1701.449209 -188.056625
1701.475571 -187.688386
1701.501078 -187.747984
1701.660588 -187.421146
1701.750119 -187.245665
1702.286047 -187.178837
1702.478866 -187.096538
1702.353165 -186.801644
1702.468087 -186.726982
1702.897034 -186.409718
1702.924688 -186.550264
1703.188980 -186.300762
1703.254120 -186.400220
1703.625901 -185.798670
1703.456595 -185.641423
1703.586875 -185.368114
1703.850010 -185.291665
1704.156348 -184.905821
1704.491077 -184.800630
1704.509278 -184.673803
1704.291327 -184.622705
1704.509631 -184.705569
1705.077132 -184.414908
1704.810600 -184.411645
1705.307496 -183.980182
1705.363977 -184.155353
1705.489242 -183.620200
1705.484954 -183.779691
1705.759760 -183.428982
1706.081907 -183.417087
1706.042663 -183.058476
1706.417353 -182.892350
1706.370939 -183.027900
1706.844094 -182.554202
1706.612594 -182.603513
1706.883720 -182.317176
1706.935126 -182.024123
1707.390913 -182.020377
1707.371575 -182.019697
1707.461227 -181.942559
1707.776369 -181.456934
1707.836934 -181.188996
1707.967904 -181.349246
1708.289650 -181.423466
1708.310875 -181.287480
1708.166581 -180.928673
1708.418100 -180.663210
1708.628869 -180.309917
1708.928269 -180.603602
1709.055322 -180.249156
1709.474312 -180.400739
1709.286752 -179.920087
1709.493550 -180.034831
1709.455160 -179.840432
1709.927630 -179.594345
1709.935504 -179.315068
1710.009284 -179.421999
1710.082375 -179.515203
1710.395960 -179.366306
1710.483332 -178.824515
1710.716718 -178.766702
1710.541027 -178.775950
1711.078044 -178.821371
1711.114643 -178.706530
1711.015854 -178.310174
1711.250397 -178.285656
1711.654058 -178.306537
1712.062365 -177.859172
1711.687215 -177.735652
1712.021977 -177.671644
1712.023631 -177.519407
1712.284450 -177.454177
1712.393884 -177.435144
1712.444362 -177.536449
1712.609200 -177.369439
1712.749203 -176.991855
1713.124399 -177.158922
1712.910347 -177.050602
1713.225886 -176.686097
1713.243326 -176.700865
1713.875989 -176.630894
1713.487837 -176.607697
1713.505259 -176.180305
1714.039343 -176.317259
1714.174115 -176.166086
1714.082961 -176.049885
1713.966058 -176.105268
1714.439873 -175.778868
1714.548082 -175.770350
1714.711965 -175.337053
1715.036151 -175.529148
1714.820917 -175.352167
1715.323035 -175.145902
1714.997555 -175.280365
1715.251719 -175.346553
1715.530643 -175.249350
1715.591100 -174.982008
1715.849002 -174.844976
1715.685759 -174.628079
1715.923189 -174.408568
1716.152861 -174.458497
1716.461943 -174.657925
1716.356796 -174.529326
1716.480388 -174.401137
1716.501034 -174.299895
1716.788531 -174.532472
1716.853545 -174.234931
1716.935108 -173.800223
1716.932831 -174.153772
1717.311518 -173.967145
1717.511536 -173.609145
1717.840350 -173.750728
1717.605832 -173.655013
1717.622359 -173.436973
1718.285000 -173.697000
1717.927330 -173.584373
1718.216622 -173.418664
1718.255632 -173.514682
1718.660453 -173.339042
1718.507673 -173.205650
1718.906287 -173.156081
1718.924050 -173.175725
1718.994548 -173.017864
1719.317772 -173.390780
1719.204901 -172.813503
1719.375136 -173.052291
1719.598301 -172.699043
1719.730918 -172.860719
1719.699320 -172.880441
1719.771431 -172.664693
1719.955151 -172.860737
1719.868624 -172.479374
1720.137720 -172.431823
1720.091056 -172.505326
1720.337116 -172.478726
1720.314765 -172.536082
1720.455961 -172.361157
1720.589305 -172.350609
1720.828208 -172.300864
1720.773050 -172.245381
1720.948783 -172.367452
1721.265917 -172.110626
1721.401589 -172.240549
1721.278565 -171.835860
1721.294103 -172.155809
1721.899900 -171.958410
1722.068397 -171.699688
1722.140731 -171.696397
1722.060685 -172.037170
1722.287291 -172.040264
1722.028416 -171.973576
1722.403221 -171.792135
1722.696177 -171.818099
1722.981125 -171.755296
1722.850318 -171.833139
1722.886236 -171.681284
1722.830354 -171.673771
1722.926530 -171.342207
1723.026572 -171.631089
1723.238495 -171.871322
1723.492806 -171.545834
1723.312525 -171.785900
1723.818425 -171.489003
1723.841619 -171.769945
1723.816899 -171.395314
1723.668465 -171.783814
1723.990114 -171.545462
1724.413255 -171.298782
1724.194567 -171.400224
1724.144462 -171.483791
1724.757595 -171.792570
1724.600048 -171.325317
1724.721952 -171.489089
1724.899606 -171.694585
1724.898853 -171.407463
1725.119997 -171.691987
1725.174475 -171.661506
1725.313386 -171.660739
1725.453610 -171.719688
1725.593831 -171.817243
1725.827926 -171.594235
1725.830420 -171.575668
1726.082260 -171.793222
1725.590363 -171.466130
1725.905719 -171.653558
1726.301114 -171.477881
1726.122021 -171.698780
1726.417917 -171.572493
1726.308491 -171.546845
1726.528194 -171.795881
1726.781698 -171.709029
1726.990426 -171.924065
1726.926517 -171.648769
1726.911751 -171.994857
1727.138920 -171.797297
1726.869108 -171.722522
1727.476287 -172.100828
1727.219789 -171.888896
1727.570670 -171.996135
1727.326392 -172.171503
1727.703247 -172.140922
1727.377460 -172.342126
1727.617919 -172.383802
1727.993746 -172.287755
1728.064040 -172.341325
1728.161051 -172.270472
1728.415865 -172.541892
1728.372447 -172.145630
1728.444673 -172.515071
1728.437964 -172.559073
1728.682205 -172.555688
1728.604992 -172.564242
1729.194219 -172.638240
1728.906567 -172.494926
1729.075780 -172.788630
1728.844976 -172.848159
1729.079943 -172.950580
1729.225767 -172.696421
1729.516909 -172.871344
1729.291504 -173.044695
1729.313998 -173.281739
1729.609600 -173.172379
1729.754646 -172.905734
1729.880609 -173.503405
1729.917314 -173.796202
1730.099819 -173.663566
1730.251902 -173.430150
1730.329525 -173.893396
1730.610009 -173.550334
1730.412736 -173.843775
1730.511178 -173.819044
1730.490025 -173.789248
1730.614766 -174.092309
1730.856044 -173.952036
1730.762580 -173.807421
1731.019462 -174.510407
1730.889844 -174.289922
1731.230869 -174.522480
1731.297955 -174.597462
1731.177756 -174.653882
1731.390140 -174.530134
1731.660384 -174.770811
1731.660369 -174.725982
1732.186250 -175.031242
1732.040203 -175.314913
1731.670772 -175.197681
1732.075748 -175.319658
1732.081564 -175.059258
1732.184473 -175.698558
1732.298610 -175.723902
1732.325748 -175.669316
1732.299865 -175.670576
1732.354659 -175.877678
1732.688790 -175.984254
1732.537696 -176.234280
1732.625919 -176.136814
1732.836363 -176.272024
1732.986345 -176.657967
1732.849352 -176.628550
1733.071476 -176.782673
1732.916169 -176.820650
1733.205668 -177.170930
1733.061790 -177.257060
1733.450567 -177.158007
1733.693852 -177.165578
1733.628592 -177.468582
1733.678268 -177.573987
1733.672059 -177.589340
1734.026116 -177.909842
1734.116142 -177.882836
1733.993830 -178.064364
1734.029581 -178.368210
1734.168696 -178.086797
1734.433257 -178.594695
1734.383774 -178.589863
1734.445588 -178.775682
1734.569966 -178.795745
1734.439944 -178.813236
1734.345442 -179.324517
1734.785460 -179.314886
1734.544561 -179.357517
1734.915503 -179.670450
1735.021359 -179.722799
1735.002087 -180.033733
1735.381472 -180.362197
1735.048471 -180.433542
1735.242556 -180.187117
1735.305075 -180.580913
1735.335020 -180.345413
1735.233568 -180.858590
1735.483648 -181.308359
1735.458022 -181.149265
1735.933212 -181.454112
1735.675307 -181.595591
1735.979627 -181.665312
1735.949222 -181.906484
1736.174360 -182.010185
1736.302375 -182.244224
1736.429752 -182.408443
1736.480340 -182.514481
1736.316307 -182.711260
1736.196931 -182.592502
1736.590591 -183.166968
1736.318426 -183.244341
1736.628396 -183.468621
1736.495839 -183.650398
1737.088446 -183.977084
1736.982091 -183.967679
1736.682970 -184.353940
1737.130075 -184.365410
1737.073081 -184.629267
1737.002675 -184.567784
1737.297493 -184.783036
1737.331284 -185.064955
1737.545811 -185.324205
1737.237639 -185.575382
1737.372886 -185.574787
1737.811418 -186.010542
1737.818932 -185.996714
1737.679125 -186.431665
1738.007678 -186.402025
1737.865011 -186.496488
1737.902412 -186.645936
1737.918980 -187.443376
1737.965146 -187.448455
1738.089383 -187.298114
1738.348758 -187.732430
1738.278621 -187.898394
1738.200670 -188.112705
1738.466323 -188.405800
1738.435159 -188.455840
1738.364577 -188.973134
1738.715356 -188.935613
1738.607221 -189.120806
1738.836129 -189.476385
1738.973981 -189.525936
1738.916918 -189.814491
1739.103860 -189.751739
1739.005675 -190.393721
1739.129654 -190.663364
1739.200727 -190.811265
1739.229494 -191.033655
1739.608019 -191.147137
1739.167436 -191.351396
1739.422865 -191.678434
1739.515887 -192.111841
1739.718735 -192.253868
1739.635084 -192.312401
1739.750013 -192.673710
1739.680261 -192.810416
1740.053812 -192.858236
1739.849084 -193.138462
1740.286971 -193.693030
1739.781789 -193.780924
1740.279814 -194.099827
1740.316511 -194.361231
1740.403529 -194.824460
1740.453496 -194.736579
1740.215229 -195.180908
1740.433124 -195.306301
1740.580471 -195.632882
1740.389985 -196.129087
1740.692587 -196.411144
1740.755438 -196.259193
1740.667891 -196.638380
1740.628154 -196.851650
1741.053110 -197.122141
1741.079080 -197.415496
1741.094844 -197.606778
1741.165741 -197.745154
1741.013527 -198.244009
1740.823138 -198.325421
1741.444688 -198.596914
1741.275284 -199.114352
1741.153028 -199.032539
1741.452978 -199.747291
1741.676546 -199.973347
1741.459608 -200.299013
1741.359830 -200.293590
1741.553528 -200.678779
1741.586602 -200.819672
1741.952473 -201.139976
1741.742521 -201.290149
1741.837013 -201.961662
1741.940156 -202.153303
1741.976747 -202.391258
1742.524539 -202.517439
1742.080021 -202.858942
1741.932379 -203.301590
1742.174805 -203.597034
1742.178158 -203.868866
1742.543753 -204.183007
1742.155783 -204.573140
1742.534381 -204.825120
1742.678945 -205.039968
1742.675540 -205.285529
1742.579786 -205.615721
1742.731092 -205.998369
1742.966184 -206.148418
1742.705732 -206.638415
1742.701020 -207.023268
1742.990749 -206.907433
1743.082880 -207.339230
1743.046833 -207.571800
1743.115491 -207.950785
1743.360337 -208.179898
1743.177294 -208.687155
1742.978633 -208.813399
1743.233118 -209.147074
1743.426906 -209.599799
1743.624152 -209.786768
1743.573786 -210.252232
1743.602449 -210.528405
1743.859818 -210.984953
1743.717921 -211.139741
1743.722413 -211.713249
1743.861002 -211.928406
1743.950473 -212.269629
1743.917903 -212.560201
1743.995734 -212.923578
1744.150907 -213.099199
1744.203303 -213.471221
1744.223195 -213.621373
1744.266813 -214.291484
1744.288572 -214.607082
1744.392823 -214.983433
1744.169632 -214.918362
1744.577929 -215.405013
1744.518220 -215.806531
1744.622257 -216.175768
1744.461800 -216.619255
1744.812855 -217.023718
1744.689333 -217.382879
1744.603803 -217.415974
1744.862549 -217.971405
1744.859029 -218.434555
1745.106631 -218.418294
1744.943295 -218.659102
1745.007637 -219.574049
1745.211078 -219.586495
1745.230984 -219.833727
1745.214852 -220.448143
1745.363610 -220.589213
1745.146145 -221.063054
1745.208186 -221.469192
1745.552169 -222.018124
1745.588368 -222.226600
1745.508390 -222.810595
1745.382176 -222.699829
1745.664813 -223.244734
1745.511087 -223.592503
1745.631100 -223.847922
1745.707453 -224.062903
1745.812014 -224.458001
1745.722407 -224.986766
1746.149456 -225.442113
1745.898903 -225.842026
1746.052509 -225.999655
1746.296234 -226.513652
1746.014060 -226.782914
1746.246767 -227.205705
1746.441563 -227.414744
1746.380735 -227.938534
1746.402883 -228.316565
1746.322229 -228.734913
1746.508350 -229.278497
1746.364027 -229.728522
1746.537171 -229.833384
1746.471736 -230.564922
1746.404091 -230.966516
1746.529337 -231.105632
1747.117757 -231.485687
1746.620817 -232.006441
1746.930572 -232.263876
1746.912943 -232.487102
1746.983004 -233.062755
1746.823653 -233.530720
1747.049143 -233.687542
1747.049830 -234.085971
1747.418888 -234.282983
1747.573157 -234.992355
1747.355957 -235.379001
1747.277111 -235.721165
1747.257044 -236.178311
1747.405736 -236.454911
1747.571770 -237.205171
1747.516918 -237.294553
1747.711261 -238.007727
1747.463672 -238.186426
1747.496709 -238.391745
1747.599671 -238.843254
1747.718378 -239.701873
1747.705790 -239.823447
1747.784966 -240.040123
1747.643040 -240.757373
1748.000112 -241.114347
1748.059933 -241.730682
1747.826035 -242.095396
1748.044042 -242.147863
1748.048374 -242.522756
1748.308392 -243.176481
1748.447708 -243.558232
1747.930474 -243.895836
1748.458731 -244.265431
1748.402372 -244.662700
1748.383870 -245.020393
1748.193506 -245.631952
1748.256229 -246.129949
1748.921191 -246.529345
1748.639791 -246.761353
1748.573461 -247.031405
1748.651962 -247.742525
1748.993221 -248.163970
1748.629234 -248.342390
1749.031820 -248.675301
1748.969810 -249.204971
1749.089130 -249.806858
1748.896793 -250.049661
1749.224663 -250.664343
1748.895085 -250.854096
1749.088876 -251.006647
1749.463564 -252.010487
1749.206514 -252.437441
1749.638809 -253.028920
1749.454632 -253.364578
1749.399836 -253.565953
1749.491568 -254.169552
1749.454226 -254.599429
1749.613767 -255.100554
1749.869226 -255.487350
1749.882775 -255.850601
1749.717955 -256.382030
1750.056198 -256.854671
1749.918929 -257.233978
1750.000093 -257.537578
1749.881700 -258.099261
1750.104870 -258.573209
1750.122043 -258.849246
1750.211458 -259.436262
1750.268498 -259.956166
1750.413213 -260.455636
1750.222182 -260.465090
1750.156829 -261.385415
1750.506123 -261.598361
1750.331673 -262.171189
1750.271994 -262.772977
1750.667839 -262.973829
1750.623752 -263.748047
1750.630151 -264.003953
1750.478980 -264.305104
1750.549046 -264.886171
1750.689101 -265.183585
1750.710357 -265.711221
1751.014347 -266.296627
1751.124257 -266.565411
1750.845124 -267.358920
1751.114887 -267.875607
1751.345895 -267.881570
1750.932013 -268.312938
1751.102564 -268.972260
1751.262056 -269.381148
1751.284721 -269.930186
1751.365498 -270.225756
1751.231683 -270.581439
1751.446518 -271.270714
1751.549940 -271.688379
1751.699898 -272.220714
1751.763827 -272.404582
1751.588755 -273.289261
1751.578886 -273.618428
1752.000826 -274.053304
1751.754597 -274.413252
1751.672468 -275.073316
1751.969381 -275.231707
1751.979824 -275.700946
1751.844671 -276.442556
1751.928359 -277.148353
1752.051514 -277.462416
1751.996969 -278.183259
1751.932211 -278.018474
1752.116366 -278.833153
1752.231371 -279.128611
1752.108547 -279.892093
1752.105362 -280.086678
1752.440270 -280.474460
1752.417354 -281.124975
1752.362702 -281.467956
1752.413805 -282.371662
1752.703237 -282.779072
1752.641840 -282.922750
1752.515982 -283.428391
1752.892832 -284.016239
1752.817061 -284.440376
1752.873212 -284.953185
1752.957233 -285.237514
1752.947480 -285.981954
1752.892371 -286.392683
1753.120344 -286.988518
1753.224310 -287.252756
1753.171715 -287.779962
1752.957486 -288.612486
1753.341258 -288.817443
1753.506533 -289.341157
1753.273914 -289.843969
1753.640670 -290.100332
1753.296311 -290.993626
1753.276848 -291.136941
1753.521453 -291.420923
1753.627112 -292.372492
1753.534384 -292.467394
1753.769175 -293.103961
1753.853987 -293.687412
1753.771567 -294.236783
1754.176721 -294.744813
1753.694368 -295.145927
1753.962520 -295.749176
1754.149529 -296.117233
1754.359431 -296.623200
1753.897718 -297.192425
1754.052238 -297.783892
1754.280945 -298.151639
1754.421097 -298.610782
1754.126858 -298.869371
1754.029934 -299.875561
1754.484773 -299.836749
1754.575081 -300.608323
1754.749227 -301.196246
1754.324474 -301.494851
1754.841807 -301.936767
1754.580043 -302.543114
1754.679809 -303.174151
1754.891109 -303.442596
1754.727396 -303.993616
1755.139099 -304.788694
1754.995030 -305.213664
1755.007410 -305.471770
1755.015777 -306.079859
1755.012187 -306.387416
1755.426417 -306.892243
1755.178936 -307.575210
1755.369049 -308.129990
1755.307321 -308.437588
1755.365316 -309.239762
1755.578431 -309.438265
1755.262803 -310.086094
1755.764843 -310.557814
1755.509318 -310.855032
1755.660866 -311.528178
1755.419591 -312.106491
1755.695011 -312.337865
1756.184283 -312.933579
1756.093810 -313.340707
1755.861596 -314.027912
1755.922167 -314.301442
1755.999311 -314.897737
1756.110405 -315.472709
1756.245914 -315.887438
1756.146506 -316.440551
1756.491936 -316.957534
1756.300761 -317.533721
1756.387521 -318.044864
1756.326583 -318.148533
1756.283700 -319.093017
1756.237420 -319.331601
1756.470961 -319.883136
1756.587766 -320.613050
1756.570067 -321.067161
1756.813520 -321.407744
1756.679354 -321.988119
1757.087523 -322.403108
1756.976895 -323.083003
1756.894539 -323.690396
1757.455586 -323.942623
1757.010332 -324.876827
1757.032056 -325.052818
1757.122216 -325.557828
1757.504606 -326.318437
1757.585776 -326.608539
1757.620024 -327.165222
1757.464034 -327.462962
1757.765368 -327.895480
1757.562701 -328.453700
1757.882561 -329.106486
1757.774636 -329.754010
1757.818876 -329.978860
1757.919318 -330.531119
1758.167325 -330.934625
1757.992453 -331.730616
1757.684221 -331.734582
1757.933207 -332.630212
1758.297373 -333.150764
1758.204852 -333.580133
1758.097964 -333.984477
1758.225642 -334.500900
1758.307462 -335.220971
1758.290917 -335.471876
1758.227436 -336.276670
1758.620741 -336.634870
1758.693489 -337.230348
1758.563056 -337.409829
1759.046663 -338.038125
1758.968875 -338.571639
1758.740784 -338.920354
1758.902319 -339.600561
1758.977651 -340.517244
1758.877458 -340.695439
1759.288179 -341.152455
1759.357681 -341.481407
1759.208602 -342.184931
1759.284169 -342.721087
1759.446174 -342.900032
1759.247527 -343.756290
1759.569888 -343.999386
1759.620748 -344.550647
1759.550474 -345.074407
1759.565500 -345.205551
1759.891305 -346.293427
1760.011179 -346.733989
1759.713863 -347.200487
1759.883320 -347.500347
1760.162036 -348.201582
1759.974251 -348.578306
1760.098791 -349.025914
1760.497254 -349.825250
1760.282659 -350.254855
1760.349518 -350.566755
1760.582628 -351.248372
1760.211775 -351.411862
1760.338113 -352.253077
1760.628287 -352.383301
1760.759323 -353.209079
1760.648295 -353.579735
1761.042827 -354.318286
1760.869079 -354.423462
1760.853917 -355.298668
1760.941784 -355.630222
1761.215471 -356.054793
1760.976244 -356.491428
1760.876464 -357.034563
1761.514469 -357.596263
1761.108699 -358.127748
1761.135656 -358.610277
1761.484077 -358.949924
1761.582181 -359.544689
1761.789926 -360.169784
1761.864127 -360.375550
1761.903692 -360.921460
1761.973692 -361.491062
1762.061380 -362.126059
1762.059880 -362.312118
1762.086660 -363.142176
1761.930148 -363.457763
1762.246312 -364.042269
1762.269606 -364.427568
1762.311122 -364.804163
1762.294996 -365.125499
1762.604977 -365.773596
1762.298837 -366.540693
1762.780483 -366.724715
1762.647927 -367.338507
1762.953654 -367.728186
1762.554967 -368.304709
1763.036803 -369.000375
1762.908034 -369.402125
1762.878520 -369.936826
1763.341484 -370.643993
1763.059250 -370.855505
1763.399921 -371.603422
1763.078043 -371.997044
1763.420950 -372.109301
1763.470478 -372.622065
1763.510534 -373.083217
1763.746514 -373.641831
1763.590342 -374.214209
1763.899433 -374.739837
1763.994763 -374.878611
1764.078878 -375.428378
1764.227076 -375.870639
1764.164528 -376.415768
1764.247101 -376.909348
1764.244900 -377.550349
1764.356452 -377.839275
1764.258849 -378.563258
1764.397869 -379.205855
1764.348174 -379.258952
1764.666086 -379.935642
1764.840655 -380.808760
1764.665666 -381.040216
1765.036924 -381.437454
1764.912136 -381.545534
1765.122454 -382.284706
1765.139745 -382.794373
1765.106612 -383.350791
1765.318521 -383.707016
1765.315839 -383.665684
1765.343531 -384.335533
1765.617048 -385.036485
1765.674186 -385.815564
1765.761922 -386.036684
1765.839814 -386.661412
1765.810814 -386.790462
1766.025321 -387.173576
1765.970193 -388.113116
1766.089210 -388.426102
1766.486528 -388.431064
1766.169869 -389.325714
1766.383235 -389.648358
1766.036213 -389.899519
1766.562192 -390.327225
1766.592701 -390.980958
1766.658861 -391.374451
1766.956142 -391.904590
1766.754236 -392.594550
1766.578935 -392.816079
1767.293452 -393.345101
1767.190931 -393.685304
1766.975657 -394.430693
1767.125714 -394.428945
1767.452384 -395.132389
1767.389613 -395.587943
1767.596712 -396.107887
1767.620327 -396.326934
1767.716779 -397.245533
1767.786941 -397.386838
1767.812572 -397.532708
1767.955724 -398.355555
1767.870023 -398.797072
1768.372420 -399.288121
1768.304242 -399.891994
1768.318189 -400.098331
1768.297093 -400.500768
1768.610226 -400.737453
1768.478444 -401.107826
1768.906487 -401.746185
1768.680983 -402.611990
1768.811233 -402.409687
1768.666218 -403.095624
1769.277801 -403.391752
1768.955175 -404.204778
1769.139613 -404.353980
1769.488382 -404.728823
1769.131327 -405.499795
1769.506580 -405.775446
1769.436213 -406.038987
1769.318891 -406.689721
1769.867670 -406.854220
1769.738099 -407.566016
1769.963030 -407.932287
1770.131563 -408.149933
1770.176179 -408.930148
1770.149057 -409.301989
1770.305389 -409.709010
1770.387935 -409.829877
1770.463675 -410.791295
1770.372524 -410.828226
1770.432293 -411.188251
1770.858047 -411.638215
1770.911643 -412.052382
1771.140426 -412.459933
1771.102893 -412.937169
1771.016537 -413.744074
1770.995547 -413.841530
1771.347638 -414.211805
1771.801353 -414.779298
1771.808018 -414.850482
1771.754733 -415.521382
1771.647074 -416.048664
1772.023117 -416.286067
1771.817115 -416.447653
1771.952310 -417.088745
1772.010904 -417.253169
1772.204735 -418.133294
1772.387902 -418.170657
1772.581034 -418.323279
1772.769007 -419.095861
1772.635170 -419.217304
1772.748713 -419.776228
1772.890102 -420.266082
1773.009066 -420.531979
1772.941716 -421.191024
1773.121253 -421.068852
1772.964705 -421.512285
1773.553602 -422.289070
1773.636393 -422.541559
1773.690396 -422.543710
1773.611439 -423.159460
1773.783830 -423.716019
1773.682515 -424.085303
1773.770845 -424.475346
1774.014922 -424.741138
1774.267321 -425.213156
1774.414916 -425.762556
1774.260091 -425.856159
1774.373422 -426.188782
1774.668885 -426.799716
1774.633543 -427.264341
1774.582118 -427.704553
1774.750115 -427.719535
1775.119776 -427.864932
1775.028012 -428.661238
1775.252955 -428.857667
1775.500680 -429.399785
1775.484052 -429.768870
1775.513542 -429.980020
1775.405006 -430.256040
1775.750004 -430.719380
1775.925689 -431.204743
1775.895448 -431.649387
1776.193606 -431.883006
1776.214267 -432.144700
1776.669941 -432.726950
1776.461517 -433.013037
1776.636744 -433.153337
1776.683457 -433.843574
1776.653505 -433.867308
1776.664028 -434.252866
1777.096902 -434.527374
1777.234177 -435.212104
1777.044917 -435.662200
1777.490573 -435.646634
1777.404567 -435.926468
1777.362762 -436.385581
1777.628428 -436.725831
1777.827662 -436.972828
1777.779984 -437.586280
1778.154251 -437.680938
1777.868399 -438.106626
1778.245642 -438.459266
1778.413238 -438.762068
1778.543142 -439.087603
1778.745300 -439.591230
1778.651011 -439.596099
1778.693927 -440.276299
1778.929095 -440.514745
1779.220813 -440.792342
1778.760004 -441.078390
1779.324398 -441.275116
1779.455698 -441.682931
1779.480557 -441.757095
1779.809615 -442.194358
1779.782004 -442.477980
1779.933534 -442.870331
1780.077030 -443.264654
1780.472375 -443.628455
1780.080052 -443.786701
1780.134729 -444.060225
1780.280879 -444.432563
1780.867671 -444.754589
1780.723480 -444.704838
1780.905075 -445.560366
1781.148123 -445.490200
1781.240702 -445.804074
1781.365804 -446.003553
1781.367808 -446.639991
1781.564212 -446.728217
1781.705362 -446.948223
1781.891459 -447.305772
1781.763277 -447.760171
1782.051412 -447.996671
1782.118828 -448.561564
1782.452535 -448.589454
1782.605449 -449.002815
1782.790934 -448.892411
1782.401876 -449.237887
1782.623587 -449.492096
1783.042810 -449.898439
1783.027324 -450.216661
1783.304458 -450.228238
1783.455913 -450.573098
1783.727052 -450.855447
1783.543399 -451.214708
1783.666700 -451.578249
1783.847595 -451.757026
1784.192531 -452.115933
1783.999357 -452.302770
1783.984617 -452.351881
1784.570771 -452.788623
1784.447638 -452.965158
1784.630840 -453.118078
1784.779720 -453.318968
1785.065875 -453.879179
1785.106980 -453.919585
1785.193110 -454.384343
1785.339106 -454.796156
1785.580448 -454.724603
1785.407938 -455.062921
1785.810592 -455.495348
1786.106288 -455.627502
1786.056035 -455.572480
1786.346771 -456.177258
1785.928296 -456.215264
1786.238545 -456.718644
1786.599120 -456.409442
1786.450540 -456.764827
1786.583934 -457.135232
1787.222174 -457.610590
1787.287954 -457.704868
1787.224479 -457.889247
1787.244996 -457.983905
1787.125834 -458.358267
1787.947255 -458.194510
1787.856722 -458.457306
1787.941838 -458.972710
1788.089029 -458.883012
1788.351437 -459.185768
1787.943415 -459.522252
1788.427860 -459.628935
1788.607632 -460.152075
1788.927796 -460.046255
1788.847834 -460.558568
1789.085862 -460.521265
1789.366774 -460.757137
1789.183104 -460.757998
1789.305154 -460.995019
1789.501390 -461.140545
1790.103785 -461.461176
1789.861963 -461.677489
1790.008558 -461.943799
1790.248811 -462.237364
1790.210115 -462.178419
1790.376213 -462.302199
1790.592010 -462.571246
1790.966376 -462.775375
1791.091487 -463.092027
1790.988059 -463.125134
1791.209576 -463.343153
1791.202380 -463.841776
1791.596589 -463.676423
1791.598201 -463.673210
1792.005161 -463.971301
1791.942578 -464.027901
1792.296825 -464.391362
1792.424519 -464.331786
1792.525591 -464.362264
1792.355766 -464.889739
1792.841528 -464.753395
1792.746070 -465.151133
1793.064682 -465.179603
1793.114094 -465.267928
1793.582072 -465.229720
1793.658886 -465.580980
1793.444445 -465.698393
1793.681417 -465.771252
1794.061752 -466.014009
1793.971145 -466.068313
1794.128310 -466.261386
1794.286501 -466.477171
1794.554929 -466.327690
1794.787508 -466.526843
1794.805655 -466.922958
1795.058807 -466.881084
1794.996838 -467.050558
1795.518926 -467.429435
1795.712032 -467.162652
1795.704522 -467.225054
1796.033968 -467.546900
1795.906173 -467.492628
1796.251801 -467.785989
1796.197242 -467.649806
1796.433854 -467.956432
1796.603712 -467.791421
1796.980440 -467.950252
1797.141865 -468.522565
1797.156393 -468.250823
1797.588215 -468.805479
1797.568416 -468.449915
1797.544516 -468.572828
1797.804301 -468.503410
1798.285788 -468.679968
1798.264803 -468.705266
1798.347478 -468.773985
1798.517131 -469.041606
1798.823210 -469.252052
1798.931392 -468.986093
1799.183124 -469.223377
1799.090661 -469.502346
1799.368486 -469.209974
1799.240061 -469.433024
1799.685871 -469.617297
1799.608907 -469.257568
1800.034226 -469.588473
1800.452793 -469.799494
1800.406979 -469.816083
1800.589560 -469.628519
1800.660867 -470.151884
1800.714251 -469.840468
1801.188552 -470.153060
1801.205501 -470.075427
1801.533235 -470.127186
1801.516718 -469.958282
1801.751247 -470.282068
1801.740694 -470.153639
1802.344452 -470.641273
1802.084785 -470.216771
1802.265069 -470.333681
1802.606063 -470.391341
1802.911557 -470.276435
1802.777526 -470.308001
1803.210113 -470.427107
1803.314939 -470.624351
1803.550332 -470.536017
1803.708948 -470.171212
1803.717035 -470.147928
1804.160872 -470.387312
1804.368652 -470.501509
1804.191686 -470.879333
1804.238157 -470.689954
1804.800128 -470.703383
1804.906075 -470.534986
1805.263144 -470.373979
1805.524481 -470.355032
1805.337991 -470.676086
1805.512868 -470.549436
1805.739956 -470.518049
1806.093711 -470.586561
1806.083950 -470.624758
1806.416936 -470.317835
1806.467649 -470.646228
1806.911096 -470.459547
1806.773963 -470.453427
1806.885647 -470.507628
1807.198029 -470.244860
1807.368231 -470.476842
1807.891025 -470.209809
1807.859174 -470.231406
1808.315476 -470.293691
1808.340888 -470.292566
1808.392520 -470.335575
1808.735515 -469.947654
1808.822829 -470.179410
1808.961194 -470.254907
1808.960557 -470.362922
1809.397944 -470.033453
1809.501358 -470.124704
1809.915633 -470.005130
1809.803676 -469.974514
1810.248311 -469.577266
1810.113149 -469.775098
1810.490966 -469.532405
1810.582265 -469.403550
1810.784551 -469.570638
1810.952951 -469.536069
1811.198090 -469.525939
1811.418884 -469.453508
1811.299008 -469.021815
1811.768651 -469.047130
1812.078287 -469.066161
1812.199425 -468.969949
1812.447379 -468.965139
1812.591047 -468.779332
1812.688683 -468.711156
1812.755374 -468.615845
1813.112155 -468.675513
1813.501465 -468.347241
1813.353496 -468.418961
1813.786202 -468.346818
1814.033208 -468.333448
1814.111971 -467.967598
1814.456224 -468.143458
1814.626995 -467.733185
1814.869964 -467.798271
1814.900641 -467.475439
1815.083797 -467.532566
1815.462677 -467.317301
1815.817987 -467.139282
1815.748595 -467.251021
1815.785229 -467.287589
1816.351433 -466.915193
1816.562216 -466.726447
1816.508769 -466.654436
1816.851137 -466.529096
1817.053651 -466.528333
1817.189763 -466.221414
1817.489467 -466.225318
1817.597759 -465.890833
1817.892489 -465.646550
1817.984314 -465.521250
1818.053894 -465.786796
1818.419482 -465.514470
1818.710508 -465.357643
1819.011216 -464.916586
1819.186426 -464.773765
1819.147346 -464.693649
1819.598911 -464.675092
1819.672610 -464.541635
1819.831836 -464.149843
1820.178363 -464.226850
1820.434068 -463.815600
1820.563072 -463.545699
1820.568587 -463.616446
1821.108362 -463.469467
1820.795527 -462.980407
1821.257617 -462.793337
1821.345218 -462.899383
1821.766512 -462.657292
1821.819604 -462.435914
1822.024116 -462.178331
1822.325434 -462.028317
1822.860572 -461.906963
1822.981640 -461.406447
1822.926329 -461.442167
1822.968302 -461.242765
1823.565934 -460.879791
1823.661814 -460.430747
1823.958328 -460.690883
1824.156098 -460.674025
1824.254738 -460.345030
1824.448224 -459.994401
1824.520836 -459.807105
1825.164545 -459.749525
1825.129952 -459.033248
1825.355086 -458.863985
1825.912134 -458.863520
1825.925843 -458.587473
1826.219327 -458.183794
1826.128951 -458.194422
1826.312182 -458.034159
1826.942805 -457.824528
1827.055899 -457.457313
1827.016424 -457.148899
1827.583212 -456.935362
1827.690542 -456.579812
1827.797897 -456.163175
1827.995848 -455.709625
1828.582227 -455.944424
1828.628171 -455.817550
1828.834104 -455.125659
1829.139115 -455.158121
1829.094481 -454.643876
1829.670849 -454.367650
1829.620835 -454.292880
1829.663129 -453.942683
1830.183145 -453.720005
1830.465174 -453.323847
1830.768267 -453.111527
1830.705367 -452.839914
1831.220341 -452.621712
1831.303079 -452.253928
1831.568570 -452.151290
1831.929771 -451.860849
1831.705984 -451.476906
1832.277633 -451.190186
1832.298765 -450.814523
1832.835737 -450.204286
1833.065264 -450.227329
1833.167550 -449.567282
1833.589974 -449.366143
1833.514910 -449.038729
1833.817428 -449.138154
1833.805680 -448.513506
1834.308527 -448.469187
1834.591673 -447.713461
1834.995704 -447.568229
1835.064594 -447.194256
1835.200271 -446.952359
1835.632887 -446.656551
1835.950849 -446.620490
1835.849172 -445.734496
1836.131320 -445.527349
1836.390959 -445.298889
1836.807264 -444.844203
1836.996289 -444.802404
1837.257036 -444.403414
1837.477179 -443.828812
1837.678569 -443.597588
1837.803010 -443.254089
1838.189234 -442.737850
1838.218192 -442.684826
1838.397658 -442.068822
1838.512350 -441.514603
1839.226952 -441.229883
1839.063349 -440.981225
1839.413882 -440.639175
1839.759452 -440.013518
1839.931442 -440.046271
1839.841010 -439.577597
1840.761119 -439.125077
1840.589656 -438.637693
1841.120771 -438.357121
1841.211934 -437.705497
1841.629373 -437.744984
1841.707295 -436.964983
1841.994966 -436.614627
1842.235777 -436.391937
1842.394360 -435.797793
1842.658720 -435.579744
1843.043254 -435.001138
1843.181950 -434.553925
1843.134022 -434.237754
1843.514851 -433.947665
1843.927990 -433.634869
1844.494020 -433.062443
1844.359613 -432.477923
1844.576594 -432.150979
1845.121463 -431.708775
1845.124208 -431.359326
1845.855320 -430.605433
1845.303457 -430.433424
1845.842081 -430.162782
1845.890378 -429.712061
1846.546441 -429.287756
1846.623805 -428.366083
1846.956266 -428.338868
1847.076745 -428.049194
1847.698251 -427.121077
1847.757634 -426.982538
1847.790545 -426.458736
1848.345617 -426.152665
1848.606357 -425.495757
1848.617426 -425.311739
1848.751854 -424.738308
1848.977853 -424.384619
1849.632760 -423.860179
1849.672523 -423.324999
1849.853034 -422.830108
1850.239160 -422.695227
1850.617772 -422.047065
1850.736197 -421.419205
1851.080661 -420.769281
1851.266973 -420.565591
1851.390433 -420.068372
1851.757846 -419.342527
1852.104125 -419.001707
1852.217132 -418.764952
1852.572464 -418.183681
1852.876266 -417.552761
1852.908903 -416.994306
1853.358225 -416.522922
1853.861904 -416.054230
1854.278765 -415.602860
1854.180382 -415.231564
1854.529462 -414.712125
1854.685387 -414.216379
1855.032253 -413.421531
1855.216780 -412.761090
1855.380004 -412.421232
1855.509517 -411.884088
1855.729724 -411.281167
1856.330961 -410.867336
1856.507978 -410.161669
1856.769394 -409.946542
1857.055792 -409.308729
1857.248436 -408.915102
1857.503765 -408.228528
1857.916873 -407.667117
1858.230260 -407.366520
1858.452271 -406.569753
1858.681280 -405.947041
1858.885418 -405.365612
1859.275471 -404.876019
1859.379517 -404.427266
1859.917685 -404.027748
1859.785260 -403.392676
1860.136152 -402.546416
1860.761954 -402.103594
1860.826874 -401.529818
1860.966614 -401.196964
1861.385371 -400.515800
1861.512364 -399.878106
1861.684991 -399.080165
1862.253131 -398.875050
1862.570345 -398.052277
1862.631838 -397.580362
1862.900307 -397.014700
1863.230254 -396.555181
1863.308355 -395.737292
1863.761839 -395.360196
1864.036897 -395.026945
1864.456899 -394.151911
1864.628217 -393.319271
1865.032207 -392.728207
1865.128007 -392.130663
1865.400269 -391.493700
1865.872271 -391.140513
1866.017574 -390.243329
1866.478976 -389.609732
1866.629973 -389.143544
1866.696791 -388.453767
1867.052922 -388.041512
1867.287005 -387.313467
1867.463653 -386.569964
1868.097944 -385.777400
1868.231683 -385.426467
1868.271971 -384.978173
1868.795091 -383.886871
1868.978984 -383.530082
1869.239621 -382.981116
1869.801838 -382.353703
1870.058766 -381.654057
1870.143700 -381.047186
1870.547261 -380.318837
1870.602733 -379.505704
1871.053363 -379.098636
1871.101341 -378.392726
1871.797950 -377.657977
1872.029853 -377.103087
1872.191720 -376.422370
1872.295220 -375.862937
1872.894793 -375.120527
1873.170364 -374.649873
1873.195555 -373.838246
1873.853055 -373.131291
1873.725820 -372.196851
1874.185154 -372.081303
1874.579727 -371.694728
1874.791337 -370.431390
1875.146238 -370.175215
1875.279378 -369.131477
1875.578751 -368.341001
1876.263315 -367.632575
1876.274708 -367.310788
1876.377581 -366.143934
1876.815108 -365.763560
1877.159752 -364.846477
1877.452171 -364.310254
1877.649174 -363.433062
1877.898022 -363.013013
1878.147074 -362.580320
1878.451860 -361.725227
1878.672396 -360.561476
1879.108761 -360.280574
1879.438068 -359.221630
1879.666479 -358.607537
1879.845727 -358.095909
1880.508007 -357.082928
1880.459337 -356.544932
1880.541535 -355.778241
1881.099309 -355.149539
1881.478194 -354.409016
1881.959245 -353.759690
1881.868938 -352.797984
1882.313238 -352.187184
1882.731082 -351.361927
1883.158996 -350.511007
1882.837298 -350.093149
1883.691159 -349.131232
1883.611004 -348.577371
1884.060881 -347.920712
1884.206043 -347.170161
1884.501904 -346.221145
1884.668600 -345.427685
1885.466254 -344.840534
1885.657882 -343.942337
1886.166504 -343.310747
1886.018455 -342.553920
1886.404289 -341.787673
1886.733942 -341.198526
1886.808142 -340.619259
1887.404865 -339.523623
1887.755082 -338.722673
1887.978330 -338.046088
1888.192115 -337.194507
1888.332466 -336.301169
1888.865800 -336.015298
1889.177735 -335.248557
1889.498998 -333.919797
1889.729595 -333.414582
1890.084507 -332.429802
1890.366429 -331.587395
1890.527199 -330.995605
1890.988722 -330.215969
1891.310554 -329.323484
1891.705942 -328.655447
1891.844362 -327.734204
1892.158363 -327.055742
1892.550099 -326.202486
1892.764564 -325.614976
1893.155278 -324.672316
1893.703925 -323.808762
1893.789275 -323.033330
1894.003066 -322.176251
1894.478518 -321.399868
1894.605378 -320.486259
1894.876828 -319.947845
1895.222275 -318.913059
1895.704953 -318.164883
1895.597169 -317.466514
1896.215215 -316.534345
1896.643338 -315.530357
1897.124177 -314.836034
1897.150034 -314.184775
1897.375321 -313.449712
1897.715272 -312.484570
1897.639851 -311.568034
1898.288747 -310.945934
1898.354798 -309.965614
1898.882044 -309.321913
1899.118146 -308.340972
1899.302855 -307.464524
1899.709146 -306.131769
1900.501663 -305.825756
1900.597211 -305.012485
1900.667243 -304.010827
1901.095373 -303.128483
1901.648676 -302.457406
1901.895607 -301.505522
1901.984679 -300.724532
1902.392562 -299.718934
1902.844695 -299.226762
1903.027467 -298.014786
1903.379337 -297.275645
1903.495781 -296.487026
1903.830601 -295.374896
1903.970810 -294.595593
1904.663799 -293.755399
1904.948654 -292.872310
1905.149957 -291.693703
1905.624999 -291.100209
1905.748615 -290.136815
1906.082321 -289.339971
1906.273318 -288.157057
1906.656859 -287.671631
1906.858516 -286.834035
1907.482938 -285.955916
1907.725317 -284.909788
1908.088912 -284.033362
1908.505936 -283.336764
1908.734080 -282.501917
1908.901472 -281.407542
1908.945909 -280.512629
1909.498098 -279.749708
1909.709536 -278.851092
1910.322288 -277.823401
1910.621522 -276.958384
1910.703319 -276.037981
1911.302034 -275.050323
1911.479163 -274.122427
1911.882622 -272.959735
1912.091957 -272.453494
1912.337161 -271.127479
1912.882661 -270.068579
1913.242103 -269.629512
1913.474571 -268.671629
1913.809493 -268.175510
1913.953522 -266.935787
1914.185140 -266.041991
1914.920202 -265.131036
1915.138875 -264.523949
1915.353161 -263.179768
1915.531680 -262.550002
1916.043357 -261.323885
1916.247569 -260.399099
1916.809648 -259.434457
1917.047046 -258.546434
1917.139207 -257.690363
1917.596446 -256.676313
1917.914802 -255.993314
1918.473786 -254.425564
1918.775446 -253.694215
1919.070884 -252.999206
1919.208731 -251.921621
1919.513649 -251.136380
1919.762945 -250.122081
1920.071921 -249.142579
1920.557562 -248.302302
1921.007903 -247.534477
1921.423781 -246.421970
1921.443592 -245.115020
1921.987796 -244.406175
1922.225483 -243.350557
1922.102814 -242.303384
1922.918835 -241.609122
1923.185891 -240.576546
1923.400936 -239.677326
1924.002237 -238.611932
1924.145483 -237.864086
1924.550262 -236.453161
1924.725688 -235.714011
1925.157599 -234.557586
1925.314489 -233.694951
1925.720273 -232.755431
1926.361211 -231.922853
1926.455718 -230.932659
1926.427370 -229.783041
1926.767847 -228.627170
1927.155160 -227.936878
1927.732980 -227.080868
1927.968211 -225.769091
1928.366758 -224.921642
1929.061736 -223.673617
1929.299677 -223.057091
1928.939543 -221.825427
1929.858034 -221.153025
1930.166051 -220.126087
1930.302956 -219.159784
1930.862388 -218.241304
1930.899302 -217.153930
1931.394010 -216.025743
1931.823973 -215.071050
1931.909078 -214.072625
1932.291946 -213.048158
1932.818297 -211.973219
1933.264534 -211.264503
1933.372272 -209.933966
1933.536416 -208.929780
1934.022717 -207.983274
1934.468021 -206.994521
1934.793247 -206.181227
1935.082840 -204.771076
1935.334235 -203.894689
1935.673903 -203.034611
1936.307194 -202.020523
1936.405502 -200.843435
1936.867317 -200.180495
1937.286098 -198.790435
1937.332574 -197.907553
1937.591567 -196.949563
1938.092371 -195.868578
1938.385171 -194.944188
1938.809526 -193.602485
1939.153784 -192.972203
1939.625800 -191.979960
1939.754024 -190.929449
1940.074714 -189.454162
1939.997096 -188.799170
1940.545560 -187.491376
1941.420339 -186.595367
1941.660882 -186.027551
1941.843547 -184.481309
1942.237602 -183.616892
1942.414831 -182.592079
1942.851051 -181.545146
1943.207327 -180.472662
1943.391009 -179.301050
1943.827902 -178.519334
1944.535687 -177.284553
1944.443144 -176.249975
1944.812854 -175.509582
1944.857003 -173.869405
1945.545020 -173.065437
1945.846219 -172.137053
1945.942137 -170.929525
1946.310445 -170.203920
1946.949166 -168.902995
1947.169586 -167.522368
1947.651179 -166.493953
1947.833602 -165.754665
1948.427368 -164.569371
1948.585083 -163.857252
1948.715524 -162.555490
1949.044630 -161.410578
1949.777587 -160.355827
1949.689525 -159.204007
1950.316048 -158.721120
1950.549706 -157.495102
1950.975500 -156.291501
1951.248396 -155.183115
1951.485017 -154.348335
1951.817429 -153.261236
1952.274228 -151.859419
1952.759912 -150.913896
1953.070099 -149.695851
1953.399106 -148.600230
1953.702194 -147.743358
1954.222961 -146.731581
1954.267995 -145.826074
1954.726558 -144.500157
1955.191201 -143.297034
1955.440471 -142.588400
1955.413503 -141.203949
1956.139175 -140.178716
1956.428003 -139.191656
1956.491950 -138.318400
1957.320967 -136.705836
1957.348764 -136.165308
1957.450429 -135.043093
1958.171939 -133.553953
1958.589823 -132.577982
1958.804675 -131.472771
1959.058036 -130.429982
1959.760479 -129.640193
1960.163021 -128.300005
1960.024737 -127.291477
1960.554149 -126.279739
1960.749049 -124.810739
1961.248194 -123.964517
1961.489471 -123.057259
1961.892332 -121.527529
1962.512387 -120.465917
1962.741849 -119.624922
1963.067473 -118.646533
1963.807088 -117.308285
1963.487836 -116.480386
1963.761760 -115.325985
1964.369778 -113.917133
1964.996465 -113.010026
1965.016976 -112.075930
1965.209477 -110.762329
1965.775026 -109.461631
1966.236542 -108.728702
1966.457495 -107.864124
1966.889726 -106.354442
1967.127832 -105.642735
1967.720404 -104.428330
1967.836047 -103.146185
1968.288120 -102.099392
1968.266530 -100.635743
1969.096035 -99.908023
1969.268264 -99.058845
1969.743446 -97.396564
1969.861742 -96.755148
1970.057513 -95.634235
1970.514814 -94.380419
1971.080608 -93.355457
1971.323163 -92.086892
1971.876671 -91.127949
1971.794329 -90.053041
1972.413689 -88.902835
1972.721691 -87.588894
1973.019300 -86.520196
1973.265084 -85.430738
1973.821567 -84.518051
1974.007827 -83.148605
1974.424999 -82.226160
1974.625660 -81.309486
1975.218608 -79.973699
1975.432970 -78.797440
1975.717239 -77.415771
1976.281462 -76.630242
1976.425692 -75.431777
1977.064789 -74.324061
1977.324528 -73.380876
1977.250907 -71.911070
1977.889151 -70.865198
1978.157496 -69.638194
1978.697818 -68.769320
1978.927064 -67.630740
1979.167650 -66.439961
1979.711010 -65.451140
1979.818395 -64.396141
1980.313005 -63.135362
1980.674260 -61.949772
1981.210427 -61.065335
1981.450945 -60.047632
1981.674484 -58.627165
1982.064277 -57.472955
1982.514966 -56.564773
1982.793753 -55.744109
1983.199014 -54.319124
1983.446862 -53.020813
1983.775483 -51.790595
1984.326763 -50.775433
1984.654752 -49.816854
1984.751674 -48.336733
1985.281903 -47.590939
1985.877438 -46.302251
1985.738344 -45.140496
1986.363165 -43.873834
1986.639326 -42.816179
1987.122942 -41.781547
1987.117175 -40.566004
1987.823285 -39.687551
1988.003117 -38.262655
1988.448389 -37.240442
1988.654069 -36.208263
1989.148323 -35.177936
1989.062844 -33.975368
1989.905224 -32.832759
1990.054103 -31.657705
1990.680028 -30.472290
1990.881080 -29.366188
1991.147901 -28.378491
1991.628034 -26.965104
1992.192183 -25.883498
1992.320168 -24.740234
1992.576708 -24.129420
1992.857954 -22.521433
1993.466997 -21.326731
1993.722846 -20.172420
1993.986794 -19.503528
1994.267707 -18.188310
1994.720538 -16.995122
1995.060869 -15.497265
1995.291166 -14.723455
1995.750205 -13.655426
1996.050959 -12.685454
1996.511786 -11.424303
1996.823180 -10.151011
1996.912495 -9.092276
1997.567675 -8.085680
1997.676922 -6.902127
1998.374601 -5.690947
1998.693037 -4.650516
1998.946584 -3.373266
1999.376656 -2.057426
1999.577755 -0.983364
1999.985305 -0.176048
