-0.021614 -0.025936
0.100239 0.482301
0.214734 0.529404
0.400656 1.090909
0.435200 1.525395
0.619524 2.059547
0.800110 2.278589
0.707802 2.486812
0.972437 3.212669
1.058669 3.377053
1.249121 3.551962
1.239447 4.220537
1.534233 4.487875
1.576646 4.938185
1.754438 5.110950
1.839258 5.427731
1.477961 5.940848
1.850512 6.540252
2.204454 6.602953
2.348849 7.012443
2.325737 7.495643
2.472766 8.039473
2.668292 8.346104
2.786950 8.742333
2.712336 8.939886
2.852814 9.499316
3.002717 10.151700
3.034264 10.013418
3.389351 10.768433
3.466856 11.057426
3.721874 11.294841
3.411398 11.606016
3.884695 11.846151
3.863708 12.477555
3.928256 12.924973
4.179626 13.541489
4.302419 13.478708
4.242066 13.822212
4.586088 14.238746
4.549618 14.812978
4.568546 15.033335
4.517780 15.291803
4.825718 15.893320
5.206807 16.204955
5.183890 16.609679
5.424297 17.095234
5.419540 17.186325
5.630892 17.771847
5.796321 18.086916
6.022140 18.414269
6.085026 18.862055
5.885518 19.052193
6.057193 19.811619
6.319191 20.078100
5.957240 20.458045
6.513882 20.645530
6.453278 21.104277
6.922997 21.322949
6.716973 22.062057
6.831097 22.179712
7.029559 22.424702
7.164756 22.805982
7.381413 23.364416
7.708016 23.782562
7.687219 23.921428
7.580908 24.541855
7.977947 24.617693
7.981540 25.334965
8.179834 25.729533
8.074467 25.920824
7.996280 26.404763
8.271601 27.054850
8.325547 27.176210
8.298694 27.445155
8.690057 28.004372
8.984939 28.250441
8.716972 28.702007
9.078940 29.083324
9.013179 29.555809
9.248234 29.866980
9.542985 30.229583
9.511673 30.837276
9.622070 30.846106
9.719125 31.489038
9.836950 31.720630
10.115313 31.941874
9.793775 32.439773
10.204025 32.679693
10.417029 33.238042
10.253915 33.600630
10.490543 33.676410
10.704693 34.268025
10.641746 34.729169
10.943538 34.939992
11.047159 35.554754
10.996984 35.835476
11.221073 36.494067
11.058086 36.634256
11.408263 36.890707
11.856203 37.280198
12.023868 37.590884
11.857061 37.959276
11.817636 38.417945
11.995604 38.814590
11.838983 39.460204
12.246431 39.796860
12.237153 39.954867
12.979698 40.156063
12.397394 40.580054
12.809290 41.141512
13.048697 41.374411
12.731525 41.723132
13.274613 42.233630
12.911752 42.533889
13.531727 43.233465
13.522959 43.336186
13.369376 43.538581
13.679141 44.115795
13.875824 44.343801
13.732694 44.674051
13.848623 45.262386
13.792008 45.491008
14.323007 46.144395
14.382892 46.441348
14.429014 46.554525
14.504368 47.270284
14.871319 47.489259
15.338380 47.786231
15.048542 48.212122
15.038851 48.888276
15.414765 48.705763
15.245434 49.354736
15.539519 49.462985
15.200334 49.754029
15.644624 50.399202
15.823691 50.673895
15.704885 50.860518
16.054506 51.594076
16.270680 52.031746
16.209722 52.490038
16.334467 52.563010
16.393424 52.948865
16.263233 53.434449
16.742155 53.731038
16.714169 54.215489
17.195344 54.539760
16.978231 54.819570
17.160471 55.092801
17.268698 55.665883
17.680736 56.172379
17.675681 56.298029
17.737602 56.608139
17.800440 57.215893
17.755210 57.826986
18.071799 57.615626
18.186137 58.213841
18.219925 58.718695
18.394803 58.716795
18.278974 59.512358
18.764396 60.055693
18.956179 59.835604
18.917608 60.230165
19.160702 60.929243
18.863958 61.566316
19.248194 61.354706
19.312078 61.902214
19.401206 62.315569
19.706983 62.545275
19.665012 63.404274
19.609793 63.537077
19.880568 63.775315
20.063876 64.266574
19.941544 64.889522
20.318264 64.973312
20.220426 65.253837
20.616969 65.722588
20.617637 66.089915
20.757570 66.473165
20.896068 66.836013
21.022303 67.337239
20.996742 67.480255
20.989578 67.870906
21.099279 68.484633
21.356311 68.962980
21.821544 69.103752
21.363779 69.415506
21.701010 69.622016
21.791062 70.260835
21.876038 70.474992
21.947450 71.230672
22.153620 71.210545
22.237929 71.850503
22.307452 72.151896
22.635621 72.564204
22.852670 72.741432
22.928896 73.077194
22.815768 73.747603
23.114862 73.940522
22.929043 74.396423
23.129442 74.545507
23.243013 75.092929
23.138307 75.481882
23.598769 75.711850
23.844437 76.262954
23.714162 76.442393
24.025578 76.687089
23.987604 77.191394
24.164165 77.689219
24.275380 78.199223
24.420242 78.353139
24.320568 78.880004
24.697575 79.360632
24.622384 79.518203
24.841840 79.872274
24.968336 79.999356
25.206652 80.725583
25.368594 81.336049
25.267290 81.364146
25.432706 82.031794
25.287652 82.184175
25.442798 82.094861
25.476379 82.645561
26.055931 83.093246
25.977524 83.419589
26.219342 83.799381
26.441397 84.186211
26.245067 84.724031
26.479531 85.289709
26.609911 85.265158
26.623818 85.730684
26.932634 86.244381
26.921971 86.687404
26.976599 86.906619
27.198973 87.526313
27.273056 87.614438
27.246929 88.139878
27.431619 88.458374
27.350477 88.933091
27.551872 89.029742
28.026386 89.315842
27.971608 89.896758
27.949662 90.456606
28.440173 90.328908
28.113910 91.115308
28.251698 91.305137
28.582470 91.836508
28.645426 92.116248
28.678272 92.664990
28.836344 92.891204
28.949746 93.225237
29.117109 93.553899
29.106099 94.066647
29.586097 94.352510
29.599657 94.810535
29.744811 95.099051
29.753249 95.551806
29.847525 95.644709
29.956557 95.876061
30.067865 96.589790
30.369909 96.918870
30.439486 97.264426
30.262487 97.421062
30.386283 97.796041
30.742525 98.337949
30.848732 98.748166
31.035499 99.264173
30.897789 99.431921
31.030353 99.597728
31.327239 100.387033
31.340662 100.502454
31.620922 100.592339
31.599559 101.333158
31.602950 101.887914
31.949821 102.007447
31.906828 102.355789
31.958627 102.585066
32.358041 103.302728
32.386367 103.351539
32.694352 104.179805
32.526008 104.114167
32.483399 104.679531
32.591966 104.978494
33.007759 105.124407
33.260857 105.952169
32.889959 105.871777
33.148524 106.295740
33.266984 106.429748
33.387732 107.453797
33.370033 107.508776
33.429556 108.011767
33.734664 108.573363
33.914942 108.592573
34.081902 108.938538
33.913899 109.425762
34.203989 109.771341
34.401952 110.035693
34.524273 110.738669
34.410260 111.104325
34.655392 111.094339
35.171268 111.598131
35.128107 112.062986
34.785809 112.323862
35.074441 112.469786
35.002813 113.051636
35.472427 113.460054
35.453324 113.646760
35.466468 114.048269
35.574827 114.465980
35.841629 114.726922
35.925521 115.112043
36.074914 115.666846
36.217548 116.026218
36.058261 116.263125
36.462797 116.780558
36.296798 117.072634
36.832663 117.386260
36.752676 117.844834
36.919137 118.242595
37.008100 118.528326
36.995028 118.843858
37.415509 119.202688
37.317391 119.523397
37.575877 119.832648
37.709487 120.183949
37.529346 120.718949
37.822630 121.096172
38.077562 121.353061
38.099697 121.641778
38.337180 122.236350
38.343826 122.532811
38.260542 122.818588
38.568670 123.227796
38.626974 123.389597
38.750575 123.852592
38.675897 124.295905
38.674897 124.786535
39.196138 125.036291
39.034221 125.264972
39.275560 125.405603
39.440228 126.231127
39.481288 126.419516
39.670272 126.908400
39.921993 127.220603
39.769287 127.510607
40.014911 128.175093
40.054436 128.145563
40.086805 128.350683
40.381623 128.822538
40.261949 129.091849
40.394086 129.834940
40.479877 129.848570
40.818104 130.421090
40.970965 130.944510
41.019622 130.999833
41.117075 131.630517
41.162932 131.700750
41.530495 132.214884
41.418429 132.640276
41.749083 133.038046
41.659214 133.461352
42.145925 133.927639
42.039462 133.911476
42.615989 134.260276
42.112045 134.695255
42.526473 135.223346
42.182980 135.560428
42.593683 135.832405
42.443203 136.131217
42.675277 136.603083
42.777377 137.069565
42.827418 137.059088
42.973535 137.880551
43.112992 138.388666
43.387196 138.222114
43.302826 138.792422
43.365804 139.471147
43.508286 139.576050
43.990395 139.816383
43.736440 140.150561
44.054581 140.681547
44.123173 140.698717
44.235418 141.166218
44.015974 141.520962
44.242969 142.071902
44.863825 142.620867
44.600569 142.630029
44.904205 143.217317
44.852401 143.394618
45.360561 143.757687
45.071021 144.149485
45.345058 144.335846
45.335112 144.671634
45.444889 145.485525
45.712129 145.547403
45.575134 145.871772
45.986926 146.191330
46.161081 146.426538
46.014199 147.250898
45.870704 147.524545
46.008334 147.689471
46.374307 148.183225
46.041139 148.128408
46.543537 148.778010
46.608562 149.095641
46.678709 149.424774
46.843698 149.877659
47.171989 150.411985
47.100362 150.505234
47.320022 150.864480
47.419082 151.030073
47.596651 151.482699
47.511336 151.737235
47.943009 152.309734
48.055246 152.726939
47.741268 152.878703
48.224398 153.281465
48.061077 153.724366
48.311991 153.954343
48.403506 154.389095
48.177808 154.890909
48.558463 155.365711
48.621500 155.287534
49.085996 155.641039
48.926246 156.322615
49.086031 156.338805
49.277473 156.911981
49.555622 157.383324
49.932162 157.401933
49.587300 157.842502
49.877496 158.479352
49.931106 158.592944
49.819929 158.758451
50.301814 159.492387
50.119932 159.909324
50.385356 160.268621
50.142830 160.368181
50.529304 160.881385
50.757185 161.029483
50.746278 161.864178
50.944567 162.016446
50.951468 162.353382
51.338496 162.606501
51.365031 162.811389
51.383470 163.430337
51.295661 163.811357
51.420665 163.877675
51.635248 164.639970
51.795260 164.842138
51.752562 165.064882
51.799277 165.318966
52.214520 165.750134
52.420267 166.076681
52.286265 166.649582
52.332029 166.581038
52.737865 167.221941
52.331230 167.517188
52.708761 168.122817
52.773285 168.124444
52.859362 168.403804
53.004121 168.696763
53.067773 169.021288
53.111102 169.378334
53.370745 169.859626
53.378158 170.383698
53.668111 170.596824
53.718904 171.250099
53.937634 171.431904
53.626901 171.611851
53.802286 171.995178
54.297047 172.307045
54.431939 172.603740
54.553599 172.872957
54.541040 173.517698
54.773731 173.784247
55.097332 174.089666
54.851742 174.086277
55.297731 174.793109
54.968972 175.394731
55.443668 175.560862
55.156054 175.955358
55.391018 176.064675
55.753651 176.268061
55.795120 177.004393
56.130582 177.331685
55.627034 177.504789
56.058350 178.030720
56.308608 178.030492
56.224811 178.816859
56.618701 179.297348
56.441357 179.529529
56.869415 179.891170
56.833962 180.182079
56.719661 180.187150
57.098288 180.698382
57.059342 181.009717
57.117309 181.477397
57.135633 181.798596
57.438470 182.122431
57.402650 182.597617
57.907705 182.734903
57.924578 183.303821
57.454002 183.401469
57.869178 183.978007
58.105374 184.276869
58.285073 184.415715
58.190161 184.711837
58.389098 185.221998
58.552797 185.475234
58.775556 186.066238
58.983998 186.379583
58.892273 186.717839
59.068317 186.863166
59.282653 187.562551
59.498161 187.653766
59.362615 188.054517
59.425930 188.428410
59.520456 188.649776
59.914783 189.046749
59.773273 189.497414
59.898039 189.751797
59.978204 189.867804
60.095325 190.223018
60.243707 190.558891
60.461887 191.190918
60.478624 191.405809
60.611165 191.468247
60.496340 192.082723
60.824776 192.435031
60.734403 192.808734
60.929128 192.970073
61.158679 193.440381
61.400779 193.913092
61.443541 194.202765
61.318580 194.355292
61.336681 195.268478
61.507418 195.146009
61.727238 195.476045
61.805632 195.578551
61.855436 195.990663
62.098055 196.436961
62.125883 196.912168
62.253412 197.359661
62.394754 197.593549
62.365720 197.998100
62.615551 198.300543
62.837625 198.552739
62.932518 198.860353
63.213577 199.397548
63.195775 199.419506
63.070226 199.835935
63.310075 200.341568
63.324029 200.789644
63.570714 200.649746
63.610523 200.902330
63.680689 201.546048
63.813496 201.917801
63.957532 202.215565
64.353593 202.824759
64.068495 203.168371
64.108099 203.195718
64.691597 203.319464
64.660531 203.804723
64.664189 204.302928
65.051826 204.545441
64.898331 205.098020
64.982336 205.217453
65.122622 205.691448
65.375490 205.872482
65.286873 206.398760
65.440509 206.658767
65.574356 206.918283
65.568256 207.424729
65.635228 207.869247
65.943353 207.838638
66.064456 208.390751
66.247551 208.874885
66.189470 208.930151
66.264722 209.224268
66.354819 209.749082
66.580222 209.967537
66.578321 210.428115
66.724928 210.554458
66.888504 211.005214
66.861817 211.503229
67.260274 211.719409
67.264057 212.126350
67.350771 212.514784
67.714800 212.726856
67.643406 213.179349
67.637611 213.212491
67.935146 213.479683
68.178481 214.178679
68.049198 214.388751
68.394618 214.571981
68.068734 214.956877
68.314323 215.228165
68.487480 215.731919
68.453111 216.284232
68.477147 216.184367
68.853125 216.676709
68.970094 216.946794
68.863142 217.274471
69.026291 217.781568
69.167503 218.148403
69.438355 218.521500
69.595878 218.814138
69.686854 218.949909
69.642679 219.083674
69.836289 219.587760
69.963303 220.098431
69.810780 220.197569
70.071696 220.602191
70.259633 220.836556
70.352119 221.086486
70.132217 221.776999
70.370107 221.915103
70.463699 222.117201
70.726854 222.596304
71.044429 223.054392
70.968210 223.429609
71.285178 223.706492
71.167043 224.126278
71.603543 224.401107
71.714120 224.769405
71.686080 224.795124
71.501930 225.279315
71.528734 225.525728
72.019423 225.842680
72.079450 226.067395
72.035552 226.751077
72.250981 226.968428
72.585497 227.446578
72.308324 227.776762
72.457608 227.903305
72.662198 228.393612
72.600525 228.626994
72.958496 229.007347
72.958293 229.362383
72.993055 229.710028
73.262536 229.653899
73.380781 230.216595
73.376115 230.404895
73.503284 230.624487
73.902749 230.996892
73.659755 231.663036
73.956487 231.924350
74.206001 232.094348
73.931262 232.592509
74.317398 232.741379
74.117817 233.300672
74.503707 233.233009
74.643977 233.546957
74.564222 233.918523
74.650553 234.285782
74.763819 234.843020
75.009571 235.152133
75.238778 235.325204
75.196434 235.784960
75.549961 236.162068
75.610662 236.502862
75.671475 236.404968
75.754449 237.027100
75.739864 237.238407
75.777331 237.702097
76.076487 237.737017
76.092551 238.199437
76.026539 238.664128
76.229153 238.827914
76.272364 239.290339
76.495490 239.405611
76.480080 239.863034
76.776213 240.053845
76.897846 240.408433
77.342959 240.711452
76.924422 241.202111
77.016706 241.617401
77.531374 241.755197
77.396154 242.055597
77.479288 242.667780
77.722460 242.636983
77.929217 243.266360
77.879273 243.312438
77.925137 243.611108
78.094362 244.001901
77.797894 244.507083
78.270751 244.848541
78.330478 245.033491
78.627052 245.381678
78.611780 246.123791
78.652032 245.984969
79.046267 246.156634
78.738770 246.380205
79.083703 247.006323
79.223587 247.026742
79.371931 247.726499
79.315120 247.868761
79.539698 248.235748
79.643272 248.334398
79.629378 248.631908
79.858835 249.209613
79.857870 249.490735
79.747740 249.890871
80.019629 250.097340
80.365503 250.280140
80.486238 250.727691
80.419313 251.107784
80.336439 251.428622
80.641104 251.809909
80.707718 251.914762
80.904023 252.274978
80.780796 252.569244
81.255326 252.898658
81.042880 253.334131
81.003676 253.222648
81.389289 253.881604
81.531168 254.034156
81.583705 254.271701
81.747363 254.552481
81.800166 255.147113
81.667160 255.342427
82.156952 255.965903
81.921189 256.097130
82.069420 256.156767
82.602229 256.771026
82.350170 257.015723
82.675048 257.321961
83.023781 257.697361
82.345651 257.874519
82.791997 258.198809
83.012364 258.442969
82.955443 259.056189
83.315595 259.061931
83.435729 259.574510
83.631642 259.625453
83.666268 260.002926
83.830258 260.375397
83.423925 260.719564
83.604735 260.991510
83.971273 261.273535
83.864581 261.475845
84.068524 261.915287
84.496057 262.367990
84.339498 262.761657
84.312638 262.982102
84.599057 263.223396
84.828583 263.394433
84.960433 263.803220
85.309451 264.067048
85.245455 264.517645
84.986332 264.932392
85.110737 264.701041
85.505119 265.503548
85.492223 265.611240
85.829245 266.064183
85.600561 266.373966
85.619671 266.487046
85.755694 266.547367
85.843943 267.367018
85.963013 267.407286
86.060664 267.925575
86.342088 268.175111
86.433129 268.231431
86.409940 268.838082
86.654444 269.133881
86.295664 269.489286
86.802931 269.953568
86.907361 269.936570
87.189954 270.105470
87.328706 270.444387
87.498033 270.964300
87.485860 271.040660
87.486751 271.498065
87.320132 271.673924
87.872615 271.869887
88.030497 272.269113
87.993859 272.494275
88.124722 273.038717
88.329190 273.475120
88.453407 273.605868
88.188072 274.075432
88.282969 274.113217
88.695722 274.547530
88.930657 274.782179
88.544703 275.043106
88.930812 275.333228
89.223036 275.649919
88.902229 276.058138
89.051866 276.543978
89.370920 276.379192
89.598676 277.245579
89.242494 277.325976
89.722016 277.517006
89.807195 277.864391
89.758003 278.302026
89.765757 278.683747
90.303544 278.511442
90.179761 279.201556
90.213075 279.263245
90.332495 279.761571
90.407801 279.883635
90.686061 280.152440
90.581113 280.280634
90.589362 280.602996
90.665015 280.968848
91.074100 281.383721
91.011017 281.520444
91.091922 281.762315
91.161440 282.374819
91.241995 282.567241
91.465818 283.225626
91.394799 283.187033
91.720062 283.338783
91.923166 283.774018
91.821281 284.110661
92.145699 284.538990
92.101508 284.858798
92.269134 284.637303
92.482748 285.216750
92.377531 285.664070
92.544713 285.971522
92.708599 286.226254
92.928446 286.479207
92.777212 286.840525
93.040749 287.297054
93.214725 287.403340
93.133604 287.523516
93.368232 287.702441
93.283542 288.155110
93.552735 288.494902
93.837287 288.697543
93.877131 289.028710
93.851150 289.381585
93.675317 289.645407
93.994935 289.788214
93.912796 290.153301
94.019372 290.642105
94.370208 290.550936
94.410164 291.207957
94.527023 291.343806
94.665912 291.657830
94.571332 291.961141
94.847564 292.701723
95.004280 292.480815
95.289428 292.816062
95.284056 292.998465
95.584210 293.325352
95.512072 293.879084
95.514910 293.998741
95.753352 294.390505
95.606621 294.604469
95.733065 294.754390
95.882318 295.337346
96.323742 295.834327
96.180424 295.605662
96.148108 296.261163
96.167369 296.260469
96.417785 296.858290
96.455233 297.048622
96.908751 297.145742
96.886057 297.227139
96.907459 297.712684
96.638183 298.094040
97.182797 298.064326
97.022055 298.492341
97.258865 298.844984
97.298842 299.025767
97.592828 299.391469
97.635093 299.713916
97.823928 300.010641
97.988785 300.334448
98.097088 300.791079
97.848812 301.027136
98.439429 301.027578
98.271319 301.404300
98.446291 301.820103
98.383809 302.223013
98.459711 302.289207
98.845734 302.886597
98.719250 302.994352
98.933080 302.922868
98.860692 303.262547
99.032341 303.663571
99.215871 304.200371
99.378862 304.689103
99.382760 304.691758
99.585191 305.081380
99.569948 305.264009
99.974814 305.310722
99.822892 305.775912
99.872547 305.850201
100.316286 306.228060
100.405074 306.467062
100.217452 306.943513
100.321140 306.969526
100.347554 307.425469
100.459093 307.677788
100.323858 307.860667
100.738816 308.147094
100.720208 308.370866
100.983178 309.005650
100.866162 309.020148
101.325780 309.390548
101.268427 309.551362
101.387719 309.882194
101.160970 310.068168
101.299682 310.647172
101.818670 310.613052
101.919128 311.376153
101.808029 311.481113
102.058932 311.527877
101.941705 311.756949
102.151362 311.769722
102.393146 312.345374
102.485413 312.607090
102.969187 312.697516
102.482377 313.327819
103.078968 313.348900
103.102412 313.635726
103.124837 314.059901
103.368105 314.590996
103.039191 315.038953
103.070441 314.826247
103.612936 315.037559
103.348203 315.441650
103.614906 315.754206
103.537775 315.999528
103.847812 316.469250
103.903960 316.329155
103.961507 316.697256
104.257579 316.812067
104.246134 317.176398
104.455402 317.724501
104.399884 317.956979
104.418813 318.254807
104.564232 318.535115
104.682764 318.325041
104.699201 319.196420
105.096372 319.255846
104.961798 319.461035
105.177470 319.869127
105.038175 320.152258
105.472096 320.180311
105.361228 320.663396
105.599730 320.800891
105.514048 321.064289
105.753138 321.467929
105.794414 321.468407
105.735772 322.037833
105.818020 322.245321
106.048946 322.389881
106.208924 323.000305
106.350064 322.972927
106.187529 323.362327
106.680803 323.644600
106.786923 323.892774
106.518241 324.082121
106.894135 324.464382
106.843085 324.613881
107.073539 325.081023
107.271025 325.254007
107.281224 325.269785
107.158167 325.676104
107.581039 326.015278
107.610426 325.996621
107.408443 326.655504
107.723895 326.555921
107.962784 327.056919
108.374517 327.470740
108.085110 327.525386
108.169227 327.797253
108.019809 328.216164
108.378073 327.928000
108.342702 328.480851
108.686319 328.862296
108.863420 328.893703
108.580035 329.555808
108.744182 329.500046
108.864497 329.807750
109.125398 330.352116
108.907431 330.403226
109.248546 330.721408
109.472306 330.989076
109.361226 331.066120
109.275337 331.438827
109.652021 331.894125
109.693980 332.365579
109.839927 332.205462
110.009212 332.393104
110.084152 332.489580
110.254891 333.069487
110.285693 333.342780
110.163643 333.444622
110.690239 333.913244
110.466223 334.161638
110.717475 334.650853
110.923346 334.678343
110.789859 335.142990
110.942417 335.003410
110.874994 335.262961
111.103768 335.765245
111.395677 336.080991
111.381934 336.290733
111.798141 336.560011
111.799901 336.454113
111.548392 336.825063
111.358269 337.205584
112.068822 337.370818
111.989370 337.579371
111.986362 338.006420
111.980791 338.395653
111.972348 338.523588
112.286413 338.954110
112.574354 338.673379
112.196628 339.090844
112.584532 339.467521
112.764249 339.851515
112.654629 339.734777
112.997181 340.204875
113.043557 340.416689
113.132802 340.989660
113.014981 340.836354
113.454369 341.508573
113.426906 341.337111
113.257178 341.818435
113.469504 342.358304
114.107677 342.318304
113.928753 342.518842
114.126669 342.788016
114.064337 343.244262
114.248162 343.611352
114.008080 343.459648
114.217357 343.920310
114.378210 344.135227
114.376174 344.281339
114.995313 344.791634
114.468193 344.850732
114.973103 344.971976
114.782938 345.395004
115.062532 345.628082
115.122782 346.144147
115.108462 345.969121
115.421788 346.402105
115.236732 346.735541
115.323773 346.790279
115.595357 346.931326
115.910286 346.933338
115.729536 347.397684
116.069210 348.013138
116.153086 348.237120
115.801841 348.299394
116.026794 348.465411
116.369643 348.782426
116.637966 348.717788
116.404871 349.038614
116.383008 349.657475
116.754752 349.985774
117.003701 350.007952
116.778975 350.391720
116.919143 350.308034
116.948754 350.750995
117.409545 350.985150
117.501747 351.235276
117.352450 351.873840
117.787876 351.739063
117.488159 351.711808
117.771429 352.158244
117.879479 352.488208
117.973041 352.854039
118.052870 352.816915
117.988260 353.255399
118.041141 353.517952
118.407083 353.645661
118.280747 353.627607
118.327339 353.891755
118.597875 354.310660
118.553683 354.749024
118.809056 354.866173
118.971215 355.255175
118.744883 355.446153
118.811741 355.461209
119.332646 355.924036
119.378244 356.087422
119.588156 356.068517
119.428079 356.546038
119.876755 356.931987
119.824803 356.902642
120.104031 357.326224
119.713203 357.845636
119.747532 357.601677
120.023912 357.822838
120.235504 358.249105
120.270825 358.729120
120.106047 358.887235
120.324755 359.138599
120.831511 359.501274
120.614396 359.218088
120.789372 359.620877
120.572932 359.975288
120.796100 360.317100
121.176386 360.294209
121.134112 360.535405
121.157121 361.271685
121.182309 361.050155
121.568434 361.218888
121.422374 361.311627
121.792369 361.852013
121.780928 361.752882
121.882816 362.255753
121.853376 362.239970
121.992356 362.549146
122.109603 362.922332
122.143580 363.277960
122.281068 363.457612
122.450374 363.761835
122.339609 363.790940
122.719088 364.097659
122.846196 364.418076
122.707126 364.669793
122.831674 364.912400
123.244796 365.163608
123.406558 364.997857
123.077244 365.421134
123.195789 365.747211
123.296916 366.087283
123.596111 366.213177
123.392796 366.462817
123.741968 366.663113
123.741488 367.049166
123.750859 367.012962
124.029269 367.376202
124.153161 367.482362
123.924091 367.567473
124.152388 368.099884
124.432087 367.936309
124.489255 368.423052
124.348744 368.991957
124.640508 369.014422
125.081864 369.029875
124.733003 369.566892
124.692123 369.580896
124.990924 369.941353
125.140484 369.884638
125.321161 370.373940
125.113288 370.369313
125.287647 370.525163
125.621764 370.873830
125.515901 370.991350
125.593871 371.594125
125.860737 371.352905
125.695445 371.914750
125.864556 371.960083
125.905539 372.066829
126.144210 372.432632
126.396243 372.702613
126.175645 373.039398
126.617543 373.047438
126.255399 373.308186
126.403430 373.848269
126.492850 373.774629
127.017101 374.175983
126.814050 374.149122
126.958866 374.451601
127.305507 374.685228
126.973474 375.076859
127.426336 375.115300
127.481527 375.377094
127.279506 375.577094
127.383606 375.713742
127.509221 376.078162
127.772741 376.049415
127.701467 376.465855
128.003743 376.695748
127.697677 377.096360
128.389115 377.359067
128.299422 377.440230
128.214180 377.585413
128.237181 377.792844
128.286754 378.079574
128.542422 378.323828
128.717353 378.356568
128.910793 378.465984
128.838858 378.777616
129.084438 379.062933
129.107567 379.368852
128.809333 379.366615
129.272790 379.872724
129.435404 380.132517
129.410353 380.165812
129.462672 380.299926
129.507086 380.498110
129.697055 380.695954
129.823550 380.734735
129.977658 381.247750
130.074270 381.364966
130.024936 381.794963
130.171790 382.158467
130.077810 382.036015
130.213348 382.167500
130.357646 382.425552
130.687226 382.537985
130.754921 382.705102
130.696175 383.330629
130.919859 383.384681
131.038581 383.641173
131.131744 383.976021
130.975216 383.965313
131.319981 384.298580
131.401470 384.592081
131.335947 384.403366
131.695253 384.815184
131.515355 385.029905
131.626044 385.384466
131.917603 385.489045
131.958364 385.655682
132.124330 385.504556
131.888209 386.061084
132.094465 386.132271
132.342495 386.335622
132.375080 386.708311
132.444072 386.772333
132.499347 387.287550
132.702720 387.454490
132.702012 387.261032
132.736851 387.699839
133.094809 388.098655
133.056035 388.005359
133.104264 388.299910
133.141124 388.359228
133.339853 388.744622
133.483505 388.734452
133.286346 389.704988
133.415894 389.405291
133.706038 389.418687
133.991952 389.759788
133.847633 390.245759
133.798922 390.102980
133.958076 390.173108
134.143571 390.652597
134.221948 390.882401
134.416518 391.036973
134.342636 391.371126
134.366500 391.599167
134.534166 391.705837
134.929166 391.452554
134.718382 391.932592
135.095330 392.132825
135.340540 392.165081
135.075542 392.536492
135.190771 392.709590
135.139209 392.720615
135.314909 392.968782
135.194015 393.405684
135.464009 393.745654
135.370952 393.853432
135.713969 393.943367
135.636686 394.175053
135.981429 394.328802
136.067489 394.541494
136.290641 394.784038
136.097081 394.735599
136.000793 395.231374
136.272165 395.413081
136.294967 395.544785
136.395452 395.807845
136.547589 396.239228
136.568372 396.323069
136.604644 396.280917
136.727783 396.734884
137.010723 396.761487
137.071466 396.772980
137.337821 397.338540
137.213289 397.326327
137.406817 397.492028
137.370396 397.638125
137.439478 397.834117
137.691741 398.049513
137.608874 398.197717
137.539032 398.718501
137.931038 398.806934
137.866018 399.087774
138.058001 399.279075
138.124895 399.246216
138.138351 399.456026
138.341898 399.859545
138.629677 399.840120
138.672108 399.609719
138.509204 400.245312
138.803274 400.461558
138.752219 400.518857
138.731046 401.063114
139.109692 401.163475
139.033258 401.076377
139.205144 401.341842
139.192964 401.530544
139.207431 401.592048
139.356173 401.703184
139.572395 402.224766
139.457313 402.012604
139.721830 402.509969
139.755881 402.461274
139.555118 403.105155
139.900256 403.110814
140.012004 403.283666
139.920739 403.341009
139.999000 403.430772
140.185739 403.508591
140.312662 403.858417
140.293623 404.130350
140.559530 404.209704
140.952664 404.627703
140.908718 404.655186
140.964072 405.003499
140.766782 404.970299
141.446329 405.194664
141.171526 405.407620
141.312619 405.473835
141.126491 405.976134
141.396403 405.617048
141.459435 406.143852
141.651786 406.401509
141.685740 406.548422
141.767168 406.544108
141.690513 406.770602
141.700686 407.197882
142.152572 407.352685
141.989786 407.360706
142.102988 407.788646
142.336925 408.062732
142.201417 407.947981
142.246638 407.948919
142.501299 408.290575
142.536475 408.289894
142.731685 408.656442
142.928134 408.960264
142.682840 409.115456
142.878429 409.464138
143.052442 409.336641
143.084482 409.364687
143.425177 410.085124
143.063046 409.906598
143.394424 410.032118
143.682046 410.485015
143.551008 410.784977
143.681080 410.614130
143.806452 410.714389
144.070731 411.094413
143.887760 411.149460
143.893039 411.391780
143.923325 411.527741
144.127917 411.786931
144.449972 411.994267
144.363252 411.943882
144.424701 412.221676
144.630812 412.312535
144.500469 412.597112
144.937279 413.025028
144.940299 412.768467
145.120430 412.962730
144.881339 413.326038
144.877621 413.554212
145.164333 413.665637
145.136532 413.904286
145.424646 413.894121
145.577062 413.720621
145.577170 414.274322
145.491090 414.487568
145.772787 414.520720
145.767327 414.795075
145.931590 415.155072
145.890427 415.338106
145.851710 415.354942
145.876687 415.489594
146.330214 415.951019
146.316488 415.703818
146.550229 415.990474
146.498138 416.289832
146.734393 416.060184
146.665268 416.485013
146.584116 416.411099
146.821502 416.752081
146.809764 416.967736
146.952716 417.157426
147.328750 417.316456
147.461111 417.673522
147.410978 417.543308
147.308572 417.680046
147.501676 417.973109
147.592219 418.193455
147.637772 418.259191
147.553238 418.410870
147.893232 418.616679
147.863251 418.935315
148.031867 418.747548
148.033106 419.001444
148.123439 419.353791
148.294338 419.707674
148.229124 419.576464
148.476633 419.927346
148.322059 420.048141
148.662799 420.084408
148.606977 420.378430
148.799345 420.489953
148.711589 420.332560
148.893307 420.711041
149.062140 420.797572
149.174594 421.133977
149.054302 421.374318
149.199778 421.287865
149.374700 421.549643
149.287128 421.804128
149.507290 421.756375
149.331306 422.092811
149.694954 422.205241
149.972284 421.971968
150.041762 422.708100
149.789952 422.813443
149.900712 422.662320
150.092801 423.250040
150.247725 423.140309
150.411753 423.196138
150.588915 423.681528
150.514017 423.483860
150.695746 423.802211
150.716763 424.084142
150.770909 423.933667
151.014183 424.266072
150.924410 424.471320
151.007660 424.645865
151.075592 424.661393
151.048480 424.765433
151.172778 425.144389
151.250425 425.132896
151.370717 425.382963
151.568101 425.752117
151.346632 425.574566
151.726344 425.508540
151.986352 425.896184
151.690771 426.211246
151.564851 426.249243
151.830469 426.366686
152.119905 426.639060
152.210059 426.984136
152.242180 426.770628
152.501286 426.962603
152.464545 426.532029
152.554205 427.261368
152.505350 427.323835
152.790384 427.265482
153.211573 427.894037
152.878917 428.154902
152.948854 427.884268
153.145886 427.921517
153.165963 428.494788
153.240289 428.245282
153.274862 428.592131
153.216773 428.411170
153.234252 428.829970
153.664841 429.464907
153.708419 429.080289
153.600598 429.507191
153.839635 429.549576
153.867054 429.816648
154.250466 429.783751
154.022585 430.003271
154.013100 429.743751
154.240098 430.107386
154.447104 430.389306
154.557763 430.377566
154.586324 430.405454
154.640752 430.758351
154.724133 430.883701
154.769265 431.156033
154.807706 431.289999
155.085596 431.282103
155.127300 431.455620
155.181049 432.001876
154.963436 431.469434
155.190882 431.830746
155.170449 432.026510
155.252412 432.431691
155.584308 432.531786
155.845299 432.382925
155.206901 432.942434
155.701888 432.770649
155.476740 432.716087
155.933782 433.036950
155.589846 433.056669
156.152887 433.528601
156.110340 433.900699
156.314886 433.885678
156.443491 433.877103
156.125197 433.650381
156.297416 434.066946
156.491280 434.221896
156.570579 434.374591
156.804131 434.441096
156.695182 434.183425
156.951552 434.597075
156.766649 434.979423
157.123047 435.087199
157.210452 434.956769
157.115302 435.173790
157.491298 435.521015
157.277330 435.652555
157.452187 435.643352
157.548034 435.922926
157.538659 435.741875
157.695109 436.023689
157.552018 436.081653
157.768262 436.334288
157.971753 436.431409
158.036765 436.540081
158.132867 436.789093
158.218092 437.076488
158.171950 436.753951
158.284313 437.246117
158.381313 437.303921
158.200711 437.262323
158.621415 437.635092
158.509501 437.704195
158.596831 437.606734
158.795510 437.942352
158.925654 438.149240
159.199059 438.311720
158.974621 438.439775
158.889836 438.443078
159.349161 438.658740
159.396511 438.972001
159.242258 438.933081
159.420423 439.109172
159.533081 439.187131
159.828427 439.292042
159.645873 439.269577
159.654133 439.607509
160.035938 439.541947
159.648498 439.610107
160.065773 439.689396
159.787632 439.890768
159.856069 440.132005
160.182586 440.217724
160.517856 440.197727
160.081742 440.454636
160.554801 440.369170
160.509676 440.655972
160.649566 440.739916
161.125320 440.916801
160.834146 441.007121
160.490028 441.410373
160.493260 441.529903
160.848811 441.245424
161.110895 441.901267
161.255335 441.665552
161.172358 441.913946
161.312088 442.045243
161.153123 442.139013
161.575345 441.977026
161.452712 442.280004
161.614552 442.466404
161.552207 442.410743
162.164349 442.537337
161.863131 442.757137
161.965032 443.084477
162.000697 443.151163
162.037882 443.258105
162.213724 443.234887
162.312138 443.462336
162.225967 443.352666
162.790084 443.692381
162.509841 443.830632
162.634385 443.514258
162.746997 443.951077
162.854519 443.970276
162.848392 444.374669
162.938102 444.255609
163.094716 444.377171
163.279325 444.526200
163.252799 444.562575
163.090230 444.891648
163.395764 444.994662
163.545993 444.793691
163.532442 444.827979
163.671322 445.080518
163.742416 445.466504
163.670262 445.468140
164.013350 445.337237
164.005327 445.716542
164.129743 445.564203
164.066749 446.090556
164.348751 445.922217
164.181562 446.426233
164.089095 446.255314
164.407216 446.400308
164.318958 446.630370
164.670828 446.869490
164.497014 446.635923
164.858819 447.091322
164.771164 446.700403
164.818536 447.184637
165.030911 447.316932
165.296142 447.195092
164.949903 447.188920
165.145276 447.631464
165.500854 447.620432
165.322030 447.676435
165.581780 447.690557
165.460043 447.901478
165.549628 448.292286
165.497785 448.497050
165.611122 448.113129
165.688084 448.440693
165.862858 448.618487
165.819134 448.305980
165.964717 448.705325
165.877526 448.753517
166.255918 448.754368
166.129533 448.816702
166.309121 449.154777
166.820240 449.366198
166.296277 449.065723
166.546377 449.636606
166.738834 449.426012
166.867812 449.815755
167.014089 449.552969
166.937662 449.624273
166.828409 449.727916
166.987074 449.807299
167.219703 450.123585
167.050851 450.300721
167.487147 450.381923
167.246959 450.389486
167.395823 450.428520
167.231572 450.578401
167.751590 450.612253
167.352440 450.823924
167.884179 450.679517
167.823989 451.099977
167.952697 451.221942
168.040033 451.000642
168.117823 451.544454
168.068727 451.492873
168.026333 451.731678
168.162216 451.882463
168.274419 451.835254
168.327794 452.113539
168.188341 451.985299
168.248557 451.846948
168.920545 452.261370
168.411395 452.221503
168.696215 452.404857
169.142874 452.514190
169.006618 452.588769
168.853608 452.713928
169.231673 452.612838
169.073118 453.017861
169.276800 452.725178
169.257719 452.922298
169.387512 453.074907
169.435615 453.431532
169.673624 453.497256
169.370317 453.385583
169.876424 453.571568
169.673957 453.442944
169.995471 453.617782
170.024282 453.766211
169.984917 453.853590
169.953608 454.183233
170.235719 454.230233
170.149515 454.031267
170.256369 454.074863
170.481298 454.402470
170.377882 454.338877
170.586579 454.364909
170.543884 454.802580
170.568451 454.581433
171.131258 454.430188
170.652963 455.108666
170.844216 455.003711
171.298584 454.910586
170.966855 455.168903
171.119112 455.117429
171.185349 455.085572
171.350028 455.498326
171.330731 455.427681
171.512004 455.468357
171.458163 455.626421
171.799839 455.716606
171.636592 455.786424
171.670653 455.753105
171.664886 456.113431
171.791875 456.084507
171.880248 455.957481
171.956380 456.451963
172.038270 456.226459
172.110597 456.362953
172.283336 456.436373
172.308658 456.509194
172.451120 456.713971
172.503403 456.846442
172.530877 457.017345
172.689766 457.142248
172.681911 457.043300
172.665529 457.087974
172.964508 457.113694
173.139535 457.254997
173.227049 457.176193
173.021866 457.341167
173.288770 457.593783
173.199452 457.510685
173.280586 457.769069
173.483628 457.732505
173.364819 457.837564
173.524843 457.940681
173.510958 458.244156
173.558152 458.289982
173.934968 458.284944
174.080433 458.305758
173.825184 458.223168
173.845347 458.506216
173.797198 458.245987
174.322398 458.689738
174.227872 458.754515
174.355021 458.665928
174.091694 458.964108
174.451990 458.642639
174.479435 458.855930
174.513774 458.953950
174.686705 459.048530
174.503684 459.257132
174.822660 459.018442
174.883979 459.441321
174.872514 459.411938
174.853476 459.196625
175.119095 459.521043
175.177914 459.573839
175.147031 459.707971
175.249156 459.887880
175.267599 459.615331
175.425285 459.710303
175.096016 459.814800
175.482726 459.933200
175.390374 460.091910
175.875663 460.322776
175.766705 460.409028
175.771645 460.210798
176.011666 460.252539
176.032150 460.482945
175.999746 460.489547
176.296808 460.391053
176.238600 460.657115
176.159021 460.776926
176.389546 460.832517
176.450831 461.123901
176.395799 461.044274
176.296960 461.119774
176.349483 461.215325
176.629980 461.214371
176.554624 461.262227
176.968197 461.420215
176.913614 461.394622
177.159582 461.574088
176.965575 461.444553
177.028790 461.593760
177.028109 461.342673
177.240860 461.771425
177.372925 461.963046
177.222398 461.789870
177.271181 461.970006
177.543087 461.927038
177.636178 461.958901
177.547803 462.367524
177.893762 462.168079
177.612056 462.228557
178.000429 462.350923
178.136640 462.573954
178.043522 462.383934
178.052939 462.456091
178.333632 462.518198
178.016643 462.715016
178.324688 462.638385
178.115727 462.946907
178.585389 462.663544
178.574345 462.733936
178.418088 462.643852
178.809636 463.152550
178.716776 463.073234
179.096966 463.030291
178.726445 463.223864
179.056973 463.221075
178.830983 463.211144
179.217952 463.493799
178.934862 463.263299
179.107915 463.502719
179.656890 463.523252
179.405321 463.505886
179.853898 463.594245
179.459392 463.766784
179.407512 463.923227
179.674887 463.733809
179.656693 463.634160
179.732616 463.634863
179.818224 463.959254
179.867248 464.003440
179.899058 464.332994
180.310957 464.179220
180.336298 464.215187
180.189016 464.193096
180.408593 464.466118
180.179951 464.453144
180.365476 464.349342
180.508640 464.252030
180.516827 464.878254
180.716650 464.479204
180.803644 464.717291
180.741814 464.670335
180.859294 464.723287
180.902424 464.976761
181.119932 464.724801
180.996445 465.213485
181.405272 465.080836
181.446271 465.259266
181.254039 464.831004
181.333623 464.990276
181.432173 465.496434
181.517899 465.168374
181.374028 465.043095
181.332317 465.632686
181.815364 465.419894
181.732733 465.482377
181.822585 465.749358
181.951487 465.293287
182.120650 465.351038
181.969161 465.482203
182.104642 465.550889
181.960376 465.631573
182.357529 465.809531
182.403907 466.090018
182.407910 466.019816
182.295023 465.969690
182.336364 466.113266
182.712827 466.222632
182.640821 466.259384
182.691374 466.087900
182.856559 466.327816
183.179835 466.374838
182.752138 466.165043
182.789973 466.369404
182.888185 466.607931
183.077278 466.545374
183.211582 466.545959
183.101134 466.534384
183.260245 466.568982
183.410752 466.730909
183.389871 466.796489
183.576703 466.962769
183.098000 466.664304
183.851206 466.426018
183.952602 466.859781
183.491017 466.999280
183.706869 466.796258
184.151813 466.917630
183.855532 467.319090
184.206073 467.009689
184.015525 467.071005
184.437733 466.995695
184.077208 467.375473
184.293080 467.240324
184.481197 467.207458
184.105877 467.274604
184.722628 467.672503
184.585731 467.382290
184.875129 467.515648
184.781477 467.168872
184.741526 467.537151
184.643644 467.488975
185.193757 467.544002
184.789013 467.337949
185.069119 467.572543
185.007137 467.731263
185.246697 467.761006
185.323068 467.587901
185.240896 467.760505
185.395333 467.994792
185.360570 467.766395
185.759257 467.943222
185.392751 467.908980
185.483295 467.821001
185.534808 467.907817
186.110087 468.214203
186.074520 468.260937
185.913135 468.193225
186.014846 468.007161
185.891072 468.336836
185.948649 468.266083
186.295152 468.382764
186.318614 468.123402
186.410129 468.316179
186.248240 468.071762
186.528314 468.170114
186.270253 468.697822
186.411823 468.405042
186.668432 468.510725
186.570360 468.425846
186.909654 468.521930
186.850842 468.270760
186.833726 468.754914
186.875824 468.514474
187.106822 468.777654
187.165987 468.633301
187.293668 468.992753
187.421975 468.543809
187.751118 468.609120
187.192977 468.883022
187.427840 468.920717
187.703828 469.034994
187.438105 468.934880
187.788811 469.110410
187.870759 469.103245
187.873195 468.931505
187.634160 469.099547
187.828617 469.250271
187.830630 469.033573
187.962050 469.262705
188.203690 469.147742
188.199442 469.412943
187.955864 469.309096
188.446842 469.404945
188.469761 469.132381
188.333028 469.373210
188.389946 469.269299
188.316967 469.145103
188.659125 469.284740
188.557644 469.344891
188.780952 469.358049
188.825876 469.434435
188.826468 469.443138
188.795264 469.393032
188.716913 469.316489
188.878494 469.454555
189.290135 469.535720
189.207150 469.418148
189.291598 469.836073
189.299355 469.479941
189.201427 469.664783
189.298937 469.753806
189.352069 469.419583
189.639650 469.494900
189.722276 469.865279
189.606091 469.761372
189.967452 469.680616
190.061969 469.721025
189.745076 469.804662
189.982990 469.979660
190.145630 469.884162
190.174500 469.874847
190.258251 469.788644
190.040566 469.916223
190.669408 470.024335
190.224269 470.130266
190.112793 469.901146
190.515232 469.855450
190.429601 469.948195
190.500423 469.873087
190.482192 469.773468
190.562848 470.008766
190.921708 469.940766
190.651899 470.297124
190.725023 470.086282
190.818871 469.979796
191.080088 470.172103
191.275487 470.218295
191.170631 470.226472
191.055639 470.328925
191.352682 470.235132
191.425123 469.953778
191.227780 470.209404
191.482091 470.289400
191.538776 470.188805
191.773854 470.282011
191.759540 470.421706
191.899448 470.302684
191.880992 470.307292
191.995233 470.621602
191.739807 470.178472
192.196239 470.330931
191.956304 470.210278
192.223466 470.409594
192.446033 470.322759
192.342085 470.595177
192.053696 470.199497
192.371391 470.281789
192.329307 470.278461
192.432151 470.251678
192.324145 470.454498
192.596556 470.552749
192.717809 470.478465
192.814093 470.286355
192.687991 470.473282
192.964549 470.537262
192.854037 470.420319
192.984788 470.282546
193.136025 470.579347
193.209488 470.619776
193.281164 470.195167
193.226579 470.270070
193.111149 470.471160
193.492734 470.547043
193.411173 470.771262
193.473751 470.366767
193.289614 470.383851
193.576536 470.289017
193.686501 470.571531
193.573735 470.545657
193.820140 470.439848
193.913477 470.431490
193.952531 470.761762
193.973515 470.355974
193.999278 470.562790
193.917510 470.365104
194.050128 470.687437
194.290692 470.740083
194.221877 470.857468
194.162236 470.631333
194.313431 470.791117
194.414979 470.414549
194.506847 470.402777
194.400120 470.711507
194.588255 470.702128
194.520558 470.769303
194.685568 470.281937
194.637730 470.366442
194.612692 470.652913
194.947249 470.664999
194.841902 470.655934
194.792337 470.503306
195.048745 470.489514
195.147597 470.570735
195.263123 470.618519
195.395633 470.499561
195.409912 470.611587
195.408451 470.588153
195.108276 470.853609
195.354169 470.444173
195.502799 470.364555
195.872662 470.465278
195.567801 470.430721
195.795481 470.761250
195.830348 470.432210
196.047321 470.587100
195.799969 470.529752
195.987418 470.571868
196.027303 470.535409
196.365784 470.952156
196.171575 470.384559
196.047307 470.638914
196.020409 470.484241
196.382396 470.533093
196.321549 470.775602
196.560738 470.423168
196.617799 470.459823
196.481841 470.419663
196.795585 470.390092
196.666397 470.619869
196.781553 470.495601
196.694943 470.801609
196.976245 470.088904
197.107847 470.243246
196.765092 470.323201
197.218212 470.378527
197.119721 470.160153
197.308006 470.361597
197.011799 470.441199
197.337143 470.395789
197.515804 470.460904
197.605811 470.355231
197.455257 470.482930
197.670924 470.292958
197.838265 470.349613
197.614336 470.387737
197.543432 470.063478
198.038292 470.458701
197.649430 470.308076
197.939607 470.202533
198.119060 470.189533
198.110923 470.156894
198.096069 470.471452
198.149046 470.153042
198.168979 470.322032
198.129327 470.140880
198.515601 470.396244
198.209533 469.975303
198.174191 469.991949
198.381751 470.133693
198.274380 470.153892
198.104019 470.137095
198.838190 469.919041
198.222539 470.111244
198.817025 470.009721
198.803626 470.249135
199.080071 470.129435
198.698575 470.049171
198.791199 470.005220
198.962260 469.905474
199.285327 469.940299
198.890654 470.014482
199.272815 469.948077
199.110731 469.858199
199.195657 469.829765
199.235690 469.854487
199.194524 469.906605
199.337436 469.982869
199.568832 470.058655
199.363814 470.025725
199.607743 469.887904
199.815422 469.920041
199.747886 469.824614
199.781543 469.845908
199.718136 469.777549
200.139377 469.997710
200.125205 469.895591
200.100015 469.813875
200.369671 469.626852
199.896154 469.588401
200.218572 469.469087
200.067314 469.497229
200.118768 469.686347
200.615206 469.628797
200.206511 469.536365
200.343110 469.524850
200.404493 469.607673
200.689383 469.389285
200.715734 469.423755
200.955167 469.105713
200.813934 469.553844
200.752887 469.268747
200.890366 469.181640
200.839107 469.141734
200.948748 468.957101
200.940703 469.329974
201.030038 469.159502
201.277324 469.432809
201.087513 469.351509
200.991101 469.018293
201.389580 469.157992
201.382572 469.223016
201.389752 469.181384
201.402226 468.946380
201.249709 469.115225
201.456103 469.137944
201.793019 468.926302
201.709903 468.961894
201.721266 468.685797
202.024051 468.791554
201.941736 468.892346
201.960849 468.853172
202.109257 468.661186
202.176258 468.787914
202.088294 468.671785
202.130520 468.791713
202.016418 468.417318
202.205834 468.751060
202.256991 468.821540
202.551009 468.796131
202.629165 468.594956
202.551039 468.422553
202.117806 468.554897
202.459465 468.432909
202.256967 468.566489
202.654028 468.311796
202.565524 468.246844
202.666157 468.191183
202.635627 468.273248
202.851209 468.401284
202.693513 468.172939
202.876802 468.258161
203.056874 468.301367
203.394644 468.140941
203.252561 467.994882
203.208141 468.077378
203.602057 467.868816
203.315142 468.008547
203.276083 468.024154
203.445299 467.954653
203.388747 468.012126
203.411364 467.811109
203.731854 468.041386
203.545994 467.889681
203.699466 467.917182
203.782682 467.979251
204.049510 467.542596
203.824215 467.539675
203.914686 467.343109
203.729289 467.731895
204.084946 467.654955
203.951585 467.347055
204.111665 467.674713
204.205382 467.457084
204.424068 467.448715
204.327987 467.417782
204.325338 467.551370
204.391496 467.168754
204.562559 467.380084
204.442683 467.307713
204.728014 466.657171
204.360879 467.180600
204.533003 467.333866
204.774161 467.025818
204.787742 466.944017
204.735079 466.978996
205.034644 466.688164
204.973127 466.812069
205.002686 466.725811
205.064072 466.636605
205.092134 466.717018
204.898031 466.777220
204.778642 466.616326
205.029394 466.669213
205.255095 466.710971
205.327666 466.514030
205.578512 466.433585
205.458368 466.674362
205.614466 466.714755
205.636358 466.294559
205.780885 466.468824
205.631047 466.367740
205.711850 466.317471
205.781262 466.179094
206.081803 466.222618
205.680985 466.140836
205.887726 466.111701
206.020585 466.074645
205.781791 465.739265
206.298556 465.924985
206.341058 465.962437
206.112213 465.584118
206.320765 465.868878
206.558404 465.714577
206.358861 465.427203
206.308085 465.688549
206.398130 465.473594
206.715006 465.797906
206.393675 465.524946
206.541136 465.685220
206.692502 465.504267
206.568062 465.565763
206.714867 465.597828
206.974931 465.172284
206.941413 465.257766
206.880453 465.284847
206.961060 465.127487
206.921342 464.962294
207.078717 465.051234
207.279720 464.771512
207.186284 465.163833
207.118738 464.718074
207.132449 464.942942
207.132464 464.776566
207.272922 464.636527
207.378228 464.615661
207.419871 464.612536
207.566140 464.501179
207.647141 464.445630
207.559149 464.472003
207.420501 464.290523
207.628370 464.207981
207.744425 464.198940
207.693032 464.408641
208.192596 464.352435
207.975416 464.318837
208.028260 464.057821
208.048254 463.993021
207.751158 463.863462
208.007843 464.008265
208.110314 463.611613
208.228415 463.870219
208.398291 463.827293
208.691639 463.587762
208.580741 463.801041
208.337934 463.588482
208.371356 463.533709
208.466812 463.429957
208.582441 463.285502
208.801824 463.516567
208.578728 463.458022
208.575147 463.004579
208.829888 463.297519
208.721509 463.237615
209.176202 463.553485
208.800866 463.093362
208.797160 463.411616
208.965669 463.058215
209.094772 462.712774
209.099098 462.610200
209.083612 462.714732
209.262786 462.355690
209.268604 463.020693
209.185046 462.627710
209.313655 462.096384
209.277098 462.357873
209.602701 462.395607
209.491811 462.442122
209.593391 462.256462
209.723378 462.014627
209.641294 462.348718
209.400256 461.981573
209.793729 462.073788
209.768799 462.042951
209.735193 462.064221
209.946268 462.128219
210.092901 461.877113
210.227136 461.612120
210.019506 461.408105
210.242794 461.856583
210.088089 461.363508
210.378289 461.372904
210.182512 461.651643
210.252938 461.329765
210.597061 461.383177
210.244173 461.456951
210.191030 461.318688
210.574176 461.025264
210.432191 460.872919
210.856713 460.994249
210.551068 460.997276
210.874613 460.894418
210.846688 460.924895
210.799134 460.764283
210.821157 460.502744
210.696514 460.653789
210.828369 460.517438
210.945496 460.600340
211.072634 460.434769
211.035608 460.301898
211.075507 460.293641
210.915746 460.186640
211.277323 460.181794
211.108355 459.992643
211.260614 459.907618
211.182912 459.758255
211.414479 459.911450
211.482947 459.655114
211.566091 459.688028
211.481570 459.510867
211.527013 459.688821
211.623299 459.494221
211.548180 459.862475
211.405991 459.070746
211.714369 459.335670
212.106448 459.313452
211.932825 459.304763
211.949208 458.803786
212.020378 459.059682
212.354768 458.848783
212.265054 458.682545
212.353455 458.835909
212.296136 458.850844
212.319271 458.688960
212.166176 458.579235
212.196693 458.514950
212.117074 458.486160
212.551853 458.568885
212.649151 458.339550
212.475736 458.206277
212.604453 458.279819
212.643023 457.897936
212.845673 458.098672
212.834194 457.961946
212.693028 458.171702
212.618250 457.554568
213.124604 457.770373
212.807450 457.572891
212.617225 457.866875
213.070375 457.589229
213.134587 457.301282
213.125962 457.526899
212.772742 457.378803
213.261781 457.229805
213.063086 457.114730
213.173356 457.118780
213.208394 457.103614
213.256543 456.835380
213.555621 456.813460
213.506092 456.566981
213.700452 456.467598
213.532793 456.575381
213.449688 456.491354
213.795271 456.716612
213.620323 456.325217
213.419908 456.558981
213.587428 456.087913
213.808763 456.257004
214.067195 456.395393
213.997407 455.919294
213.831398 455.886469
214.096135 455.978215
214.113518 455.472361
213.981527 455.896390
214.031924 455.587006
214.566303 455.508947
214.416157 455.716635
214.361688 455.296196
213.951240 455.153006
214.434986 455.290868
214.559535 454.956233
214.458779 454.734447
214.341571 455.041022
214.191747 455.003608
214.838734 454.584978
214.570323 454.977263
214.729227 454.698007
214.715197 454.351363
214.723448 454.668675
214.801883 454.502283
214.779401 454.181481
214.813768 454.072224
214.718855 454.144990
214.933597 453.924526
215.116998 453.843272
215.121062 453.975006
215.351716 453.868611
215.264822 453.745379
214.979828 453.779215
215.487300 453.548713
215.593905 453.622249
215.624396 453.372622
215.235920 453.324143
215.304019 453.261277
215.421006 453.171763
215.488003 452.916343
215.466320 453.168061
215.580389 452.691596
215.331539 452.759200
215.719988 452.545192
215.454140 452.720826
216.245388 452.681799
215.660775 452.447465
215.836397 452.188278
215.687522 452.271378
216.060551 452.244292
215.883377 452.196158
216.107868 451.885547
215.890775 452.042748
216.287615 451.919624
216.337762 451.991521
215.975282 451.755745
216.445549 451.766286
216.505821 451.420230
216.437542 451.536747
216.289065 451.360664
216.222504 451.116313
216.514830 451.312748
216.508972 451.296369
216.775848 450.829867
216.580564 450.812633
216.762542 450.906553
216.563245 450.847944
216.527411 450.796331
216.402807 450.502929
216.705630 450.541151
216.892799 450.020819
216.696166 450.171085
217.118567 450.413278
217.086287 450.291284
216.913969 450.049408
217.088895 449.733844
217.060164 449.751009
217.223973 449.787389
217.116096 449.541666
216.956031 449.605435
217.268340 449.433304
217.408412 449.271184
217.224619 449.162846
217.360260 449.193284
217.363512 449.001834
217.297492 448.913945
217.277376 448.782927
217.662898 448.814537
217.600905 448.661752
217.801770 448.425106
217.775422 448.400660
217.793142 448.391402
217.712205 448.366973
217.739003 448.043922
217.805693 447.943221
217.942094 447.945630
217.772874 447.996673
218.064827 447.819393
218.002777 447.888936
218.047969 447.695348
217.960385 447.644799
218.151146 447.543248
218.173535 447.256744
218.076081 447.242750
218.229316 446.982950
218.527666 447.235036
218.076607 446.663835
218.195594 446.911481
218.867187 446.613872
218.459306 446.894061
218.474216 446.764311
218.730221 446.495181
218.763961 446.542414
218.462733 446.278131
218.620275 446.210891
218.574028 445.958927
218.805856 446.009082
219.046695 445.943356
219.095042 446.009790
219.092162 445.184287
218.846796 445.685134
218.805490 445.437369
219.145441 445.424450
219.033973 445.577789
219.064102 445.385049
219.161044 445.133485
219.155758 444.892616
219.217301 444.713781
219.383182 444.835352
219.266432 444.837146
219.217008 444.322264
219.477417 444.310047
219.245732 444.440198
219.640761 444.197892
219.402738 444.439373
219.365410 444.239215
219.682442 443.901587
219.638148 443.779712
219.599300 443.783881
219.633751 443.457590
219.887178 443.511839
219.940316 443.476989
220.283207 443.481228
219.699765 443.088958
219.807653 443.127597
219.734578 442.919918
220.025056 442.751135
220.048078 442.917151
219.952589 442.869240
220.156293 442.838928
220.283417 442.539152
220.200223 442.536272
220.320622 442.108871
220.443009 442.174274
220.514167 442.180755
220.286623 442.049154
220.640096 441.831892
220.207513 441.800953
220.692750 441.972346
220.698609 441.310738
220.547950 441.451558
220.596836 441.253359
220.621799 441.134155
221.050781 441.214768
220.664817 440.913700
220.925770 441.080838
220.995991 440.938836
220.790993 440.671022
220.786147 440.612652
221.043098 440.483719
221.022407 440.572288
220.951086 440.498848
221.121634 440.302116
221.094059 440.163065
221.008213 439.903530
221.214102 440.055549
221.181245 439.888646
221.220402 439.587676
221.296092 439.654354
221.230050 439.399074
221.298201 439.406928
221.190301 439.311762
221.489833 439.192404
221.405274 439.094420
221.363079 438.828916
221.687365 438.634317
221.509731 438.637305
221.742715 438.398156
221.595759 438.341408
221.971318 438.352645
221.683761 438.300891
221.929991 437.862467
221.676941 438.095587
221.783264 437.735736
221.810015 437.864702
222.003795 438.024177
221.747616 437.396806
221.850838 437.653552
221.936100 437.168274
222.230791 437.173432
222.314645 437.204830
222.086448 437.194734
222.346450 437.173830
222.200331 436.788482
222.521461 436.890562
222.377460 436.483746
222.219999 436.283859
222.266641 436.354610
222.274618 436.380686
222.104703 436.039207
222.427524 436.137356
222.645983 435.747940
222.639887 435.662243
222.687254 435.522137
222.700676 435.811438
223.025385 435.640061
222.602475 435.284951
222.655054 435.156873
222.570649 435.039295
223.038243 435.354298
222.973496 434.934775
223.046928 434.552203
222.856766 434.794910
222.986287 434.503620
223.186958 434.157367
223.271459 434.205965
223.218387 434.212128
223.280635 434.244982
223.057017 434.105686
223.322187 434.077706
223.204376 433.925683
223.430235 433.564743
223.508414 433.458571
223.532496 433.382581
223.448973 433.290891
223.622059 433.150613
223.594236 433.136342
223.415382 433.067620
223.802310 432.888119
223.679303 432.566063
223.848870 432.345942
223.714094 432.690541
223.626090 432.420890
223.657426 432.320483
223.591015 432.041478
223.744470 432.000008
223.621785 432.092221
223.960274 431.673937
224.173879 431.624719
224.025730 431.552414
224.262575 431.413537
223.900456 431.283917
224.160216 431.147078
224.036390 430.910031
223.915854 430.983596
224.081748 430.695067
224.319843 430.833206
224.124537 430.498365
224.257208 430.506529
224.196692 430.189765
224.452056 430.098924
224.271087 430.066901
224.324216 429.906575
224.690493 429.799984
224.513586 429.634648
224.342154 429.610425
224.759033 429.651679
225.070633 429.296291
224.708973 429.053786
224.992564 429.245559
224.894904 429.064222
224.766876 428.471804
225.010247 428.830266
224.897308 428.483619
225.024679 428.529729
224.960491 428.196090
224.797933 428.225771
224.986101 427.960108
225.297967 427.927108
225.063692 427.908563
225.330012 427.629787
225.116994 427.431252
225.337806 427.562583
225.239841 427.417420
225.524021 427.234209
225.199568 427.039709
225.477287 427.090450
225.430127 426.780512
225.475501 426.843323
225.444828 426.608702
225.535303 426.563537
225.427622 426.331798
225.277622 426.343101
225.553703 426.360647
225.337742 426.028254
225.729536 425.772488
225.748199 425.794086
225.790308 425.590802
225.269463 425.511996
225.795156 425.264111
225.617280 425.326022
225.910539 425.358128
225.765065 425.172592
225.923540 424.793714
226.030757 424.872889
225.911961 424.850100
226.028401 424.302572
225.889582 424.521187
226.012214 424.246475
226.145784 424.088850
226.311502 423.905894
226.032817 423.505301
226.216139 423.683103
226.454258 423.489167
226.456577 423.423365
226.595741 423.192472
226.311977 423.311999
226.584894 423.208343
226.240807 423.116413
226.474094 422.580235
226.426048 422.643353
226.424338 422.762525
226.659069 422.608442
226.480791 422.057792
226.714900 422.184049
226.810781 422.148475
226.738866 422.040011
226.761141 421.820862
227.080534 421.853666
226.660067 421.292915
227.055510 421.334619
226.866198 421.196600
226.969006 421.077351
226.775353 420.741175
226.629051 420.720155
227.205444 420.606864
227.052079 420.784849
227.286524 420.402054
227.229945 420.298135
226.866256 420.366806
227.207279 419.960235
227.255369 420.010319
227.283122 419.683396
227.265590 419.742685
227.438478 419.532570
227.196504 419.496587
227.578083 419.211454
227.501937 419.325756
227.618295 419.237817
227.535502 419.114759
227.729268 418.646849
227.606319 418.673473
227.490496 418.455926
227.325307 418.478852
227.787136 418.411795
227.895370 418.015164
227.702305 418.204067
227.921455 417.728394
227.438617 417.671073
227.665543 417.581053
228.004559 417.220721
227.933227 417.121437
228.297411 417.177433
228.029342 416.878858
227.671136 416.757287
227.880493 416.942537
227.884789 416.756102
228.153036 416.480610
227.749705 416.280061
228.301112 416.308156
228.210734 415.876954
228.239968 415.995357
228.180879 415.886963
228.179957 415.385403
228.222689 415.447475
228.534665 415.523282
228.376841 415.197560
228.500740 415.367796
228.304494 414.911790
228.654685 414.943650
228.448789 414.908561
228.629753 414.457480
228.620638 414.461337
228.859733 414.416923
228.716722 414.209089
228.754673 413.843887
228.490669 413.973709
228.801060 413.717717
228.473629 413.477889
228.886224 413.522793
228.741527 413.226996
228.909852 413.206189
228.878096 413.015520
228.956623 412.995821
228.872191 413.064946
228.909851 412.702504
228.797428 412.389611
229.200198 412.510202
229.126265 412.162035
229.179013 411.975534
229.318349 411.591581
229.131935 411.727669
229.415730 411.678779
229.438889 411.786431
229.353249 411.184884
229.203679 411.216591
229.408524 411.209183
229.180671 411.130586
229.259537 410.820365
229.481954 410.714420
229.710243 410.765118
229.308601 410.285572
229.710435 410.331530
229.663703 410.178296
229.785482 410.150167
229.750289 409.792688
229.754825 409.512330
229.658958 409.518103
229.609897 409.332349
229.456563 409.517967
229.757057 409.164849
229.895401 409.210334
230.051951 408.844831
229.910805 408.632674
230.023679 408.630429
230.081247 408.610056
230.093229 408.424968
230.020091 408.016614
230.087430 408.313900
230.003987 407.818039
230.192753 408.028945
229.974831 407.273466
230.069679 407.508743
230.171368 407.312578
230.148241 407.112321
230.130390 407.120973
230.371136 406.686695
230.553316 406.848134
230.429862 406.596786
230.415695 406.327879
230.645662 406.565754
230.402871 406.012703
230.423543 406.156098
230.440940 405.804846
230.554701 405.649801
230.761389 405.779282
230.691173 405.387749
230.653103 405.516711
230.338553 405.237433
230.893869 405.334470
230.570737 404.960242
230.900325 404.955649
230.498055 404.329198
230.827445 404.561142
230.815885 404.292874
231.056514 404.419237
230.806193 404.076722
230.751671 404.168746
230.744720 403.603163
230.852008 403.461560
231.207209 403.822132
231.084744 403.278432
231.183941 403.047641
231.306351 403.032981
231.198751 402.789416
231.134955 402.504718
231.198348 402.735656
230.947703 402.305002
231.183875 402.264288
231.271594 402.158139
231.357502 402.013637
231.092433 401.919985
231.554985 401.765509
231.138173 401.615418
231.505188 401.285856
231.474979 401.479287
231.735795 401.160277
231.598912 400.969918
231.490897 401.055723
231.726294 400.793715
231.532466 400.774349
231.797011 400.213508
231.833696 400.285410
231.741616 399.810414
231.509782 400.114116
231.643586 399.940175
231.588914 399.449546
232.103925 399.659673
231.827354 399.409156
231.769587 399.281242
232.082031 399.017670
232.007173 398.678213
232.233742 398.934696
231.988168 398.585713
232.233447 398.411938
232.106359 398.292254
231.941558 398.346753
232.047180 398.112056
232.085930 397.873664
232.141358 397.646920
232.305973 397.583355
232.354320 397.559529
232.437156 397.224819
232.382246 397.123337
232.308183 396.893192
232.269193 396.945650
232.317855 396.592385
232.525165 396.605917
232.243880 396.418751
232.624602 396.417735
232.403479 395.937017
232.457874 396.155468
232.652896 395.459944
232.698749 395.321377
232.888395 395.630821
232.567867 395.369937
232.754725 395.129671
232.753593 395.033953
232.674906 395.131751
232.435148 394.759580
232.560409 394.574647
232.691537 394.833257
232.748973 394.280033
232.761670 394.283169
232.806212 393.900604
233.191564 393.964999
232.979596 394.058636
232.872519 393.423724
232.876636 393.574837
232.931000 393.421566
232.957548 392.819408
232.959827 392.983174
233.287000 392.983713
233.191171 392.739451
232.767574 392.524479
233.198021 392.286891
233.120330 392.313270
233.419052 392.323990
233.246871 391.757801
233.586766 391.676972
233.253756 391.364695
233.422705 391.511290
233.514041 391.301479
233.496908 391.198650
233.520208 391.139684
233.598656 390.838570
233.417908 390.777942
233.439602 390.482517
233.446396 390.671694
233.435780 390.298349
233.710500 390.177120
233.630689 389.905116
233.634657 389.331593
233.577067 389.790587
233.596760 389.452841
234.142306 389.133889
233.698415 389.087753
233.501757 388.841689
233.614619 388.899802
233.819216 388.344552
234.005139 388.656375
233.856676 388.498621
234.026321 388.065434
234.007661 388.076193
233.867438 387.740315
234.081101 388.086059
234.041503 387.617262
233.916083 387.392375
234.071029 387.220310
234.030110 387.114957
234.071115 387.153834
234.490093 386.698700
234.155094 386.723147
234.324097 386.388718
234.177982 386.436290
234.044806 386.525539
234.362694 385.992572
234.321822 385.722012
234.641619 385.715194
234.332824 385.836016
234.579698 385.387909
234.517136 385.211786
234.424135 385.072928
234.549823 385.114695
234.828555 384.468892
234.906966 384.792674
234.587760 384.418685
234.331708 384.506454
234.474348 384.269094
234.602915 383.771411
234.754450 383.932104
234.577856 383.831872
235.015551 383.620299
234.835935 383.280300
234.641783 383.173053
234.834475 383.079256
234.820703 383.294711
234.962594 382.617889
234.723198 382.346866
234.778189 382.537705
234.913146 382.190144
235.070662 382.219562
235.064188 381.978233
235.029202 381.625395
234.784142 381.545123
234.968810 381.386076
235.087290 381.280574
234.943718 381.178943
235.215919 380.963122
235.314466 380.926882
235.276084 380.666025
235.305724 380.666854
234.980329 380.567083
235.219030 380.346724
234.975714 380.026235
235.092751 379.911254
235.400734 379.836653
235.402507 379.429754
235.620677 379.257804
235.400660 379.184981
235.386541 378.932857
235.665552 379.097005
235.539221 378.805138
235.410222 378.651913
235.443731 378.522959
235.664686 378.314433
235.691145 378.280487
235.777639 378.330542
235.468404 377.690571
235.525678 377.687231
235.494553 377.478526
235.884982 377.508607
236.030723 377.368331
235.962242 377.001942
235.782055 377.054059
235.990002 376.475655
235.678351 376.457248
235.783045 376.642288
236.208307 376.334867
236.013879 376.417303
236.055405 376.050441
236.069313 375.863245
236.241054 375.756501
236.076752 375.428970
236.128189 375.078871
236.183501 375.187460
236.187696 374.835249
236.235049 374.876376
236.188828 374.744536
236.090547 374.310589
236.308201 374.038760
236.354408 374.519073
236.345820 374.176856
236.559376 374.045235
236.681769 373.597681
236.314007 373.640539
236.147903 373.406705
236.425078 373.441932
236.600053 373.201701
236.569363 372.935429
236.533533 372.879547
236.666295 372.497117
236.606786 372.432968
236.603966 372.456662
236.551302 371.984386
236.476987 371.875833
236.729780 371.776022
236.573340 371.755812
236.711710 371.583943
237.041316 371.599953
236.788716 371.207453
236.928638 371.187101
236.732444 370.650407
236.940163 370.706616
236.926782 370.592926
236.754999 370.273569
237.044946 370.164376
236.791480 369.985783
236.992799 369.788984
237.218178 369.825744
236.758431 369.576646
237.241675 369.874930
236.960068 369.222417
236.851559 369.140314
237.151141 368.937476
236.940962 368.850251
237.402080 368.774884
237.206428 368.401434
237.311053 368.225798
236.821135 367.827150
237.429897 368.122184
237.230000 367.640675
237.227891 367.405215
237.258944 367.697844
237.227273 367.154255
237.143578 367.141842
237.226717 367.046071
237.346924 367.038179
237.505901 366.694962
237.230148 366.464403
237.510682 366.349549
237.542349 366.153787
237.337781 365.611618
237.369391 365.961919
237.680724 365.818328
237.633726 365.518124
237.610912 365.064885
237.658837 365.060985
237.564515 364.846843
237.669546 364.969269
237.823313 364.523245
237.763389 364.494529
237.449053 364.483486
237.677346 364.266253
237.679360 364.132581
238.008905 363.891754
237.926708 363.591107
237.821258 363.357852
238.050267 363.540157
237.843914 363.204359
237.839388 362.838747
237.885672 362.691905
237.695272 362.752222
237.860437 362.537849
237.634533 362.393686
237.952791 362.122796
238.210564 362.034424
238.148214 361.896921
238.198861 361.606259
238.148247 361.526055
238.279623 361.310581
238.309557 361.312274
238.132650 361.177923
238.183156 360.808825
238.146152 360.579500
238.336123 360.547013
238.266553 360.540369
238.467994 360.264443
238.068565 360.156439
238.088151 359.785430
238.380925 359.985134
238.055849 359.360801
238.343840 359.529717
238.229351 359.141522
238.679090 359.229264
238.428957 359.084484
238.555876 358.631766
238.459013 358.508992
238.427145 358.507276
238.763341 358.057687
238.734673 357.952284
238.646684 357.989688
238.832477 357.775717
238.740529 357.858845
238.968293 357.607517
238.861347 357.360828
239.017414 357.230216
238.692574 356.970537
238.878586 356.580652
238.752969 356.881089
238.691764 356.535841
238.931925 356.438969
238.791019 356.012502
238.938189 355.869470
239.185034 355.825826
239.103316 355.483848
239.086435 355.841394
239.012190 355.134457
239.213733 355.066047
238.872153 354.802656
238.910612 354.884761
238.982843 354.510536
239.076959 354.539241
239.288687 354.494750
239.127726 354.296694
239.081811 354.235246
239.315287 353.852864
239.006360 353.793454
239.196722 353.389939
239.166051 353.224989
239.385488 353.214249
239.341492 353.265352
239.168616 352.861465
239.178885 352.737255
239.486327 352.507201
239.498408 352.408620
239.517236 351.947395
239.598388 352.251358
239.657438 351.784025
239.805871 351.694120
239.708898 351.593404
239.771512 351.086093
239.458212 351.237463
239.563285 350.938166
239.846710 350.742376
239.689497 350.716843
239.631114 350.147111
239.407774 350.289158
240.039080 350.053645
239.727272 350.307065
239.758425 349.905471
239.821299 349.537090
239.667709 349.421012
239.817088 349.219958
239.765923 349.202598
240.041730 349.351138
239.776860 348.873350
239.757955 348.571374
239.668997 348.756704
239.884840 348.475136
239.812248 347.812886
240.248338 347.755706
239.858688 348.011862
240.048807 347.636931
240.257239 347.455806
240.198735 347.146026
240.314270 347.081381
240.148535 346.890362
240.021250 346.789418
240.302394 346.627905
240.215470 346.427107
240.406358 346.111316
239.977756 346.376400
239.926496 346.255555
240.269850 345.895758
240.342014 345.565035
240.392596 345.802389
240.519296 345.223018
240.543630 344.987108
240.346235 345.017848
240.586862 344.621228
240.579212 344.600175
240.197117 344.644629
240.401696 344.027447
240.604913 343.907942
240.449942 343.824880
240.406228 343.990115
240.644278 343.433470
240.536396 343.502775
240.794837 343.394505
240.431003 342.964600
240.733217 343.105630
240.564621 342.729985
240.752257 342.700136
240.302376 342.448777
240.841456 342.099634
240.869570 341.967832
240.794818 341.860850
240.538715 341.853599
240.786620 341.881426
240.947665 341.247620
240.893065 341.465735
240.992086 341.430259
241.178684 340.877863
240.964837 341.176684
241.119194 340.548534
240.719612 340.248268
241.067575 340.298166
240.962498 340.059930
240.881744 340.071943
241.027455 339.876669
240.806768 339.913030
241.249936 339.637681
240.784321 339.443187
240.899533 339.206489
241.309690 339.135361
241.264894 339.085012
241.201410 338.518459
241.118105 338.474941
241.343730 338.145078
241.360824 338.133252
241.190163 337.829274
241.209001 337.847596
241.271084 337.747371
241.079101 337.246144
241.185831 337.465394
241.341025 337.137003
241.471164 337.062200
241.322781 336.582046
241.369566 336.399205
241.433728 336.345869
241.507348 336.322604
241.430051 336.220733
241.930574 335.681105
241.889438 335.644255
241.342632 335.478297
241.676234 335.487159
241.493484 335.200133
241.492865 335.208118
241.815346 334.913380
241.545498 334.727529
241.321531 334.608081
241.745359 334.393118
241.632456 334.448947
241.775394 334.171173
241.824054 333.966772
241.965818 333.572092
241.784270 333.267298
241.746043 333.742512
241.636562 333.108768
241.838159 333.235976
241.971517 332.857153
242.144221 332.762237
242.080433 332.842172
241.782269 332.211140
242.030151 332.295520
241.974922 332.140022
241.974755 332.166229
241.558224 331.954851
242.068647 331.577316
241.903541 331.613488
241.895655 331.277076
242.260295 330.844793
242.157001 330.971863
242.193518 330.687679
242.237218 330.745434
242.124200 330.734356
242.018660 330.152248
242.389355 330.053737
242.088265 329.851457
242.475802 329.869716
242.129459 329.301847
242.512031 329.451878
242.244570 329.111102
242.016859 328.881235
242.392505 328.837588
242.614004 328.881697
242.298058 328.436972
242.600114 328.352306
242.822801 328.254949
242.241178 327.766588
242.355250 328.121719
242.448140 327.362103
242.411064 327.525834
242.729911 327.466466
242.521522 327.279249
242.897237 327.224898
242.471939 327.000904
242.772492 327.079938
242.665268 326.514269
242.695395 326.323421
242.683886 326.106523
242.684251 325.841001
242.826806 326.011582
242.472045 325.836139
242.655050 325.768267
242.909196 325.551679
242.866624 325.064444
242.485788 325.073552
242.625831 324.913980
242.612874 324.834995
242.932850 324.358212
242.730113 324.446040
243.026917 324.249264
242.809365 324.071404
242.898800 323.799283
242.740744 323.718030
242.848488 323.524978
242.688509 323.501990
242.925579 323.220854
243.254071 323.274356
243.147565 322.720538
243.054252 322.751120
243.127065 322.559602
243.228898 322.469703
243.307848 322.326780
243.039933 321.987996
243.161393 321.930208
243.108643 321.699146
243.151739 321.453041
243.282531 321.502185
243.505543 321.351598
243.199902 321.221374
243.063237 320.925568
243.212979 320.613140
243.613025 320.465244
243.371779 320.449452
243.350069 319.989277
243.422079 319.974655
243.375971 319.855118
243.479223 319.752826
243.201973 319.556797
243.713292 319.070308
243.328658 319.085621
243.188600 318.747256
243.361486 319.026781
243.469175 318.547207
243.517951 318.593171
243.634799 318.358910
243.977079 318.224960
243.664686 317.938428
243.489253 317.676121
243.443783 317.766166
243.680360 317.421791
243.622209 317.508053
243.662526 317.187122
243.755759 317.089394
243.617667 316.478160
243.457248 316.733552
243.682038 316.462140
243.529664 316.226290
243.823833 316.185232
243.662787 315.839033
244.132324 315.807742
243.845543 315.476940
243.763381 315.469575
243.726632 315.357783
243.744365 315.065577
243.816661 314.761271
243.718236 314.861392
243.818976 314.648662
243.970278 314.559317
244.132542 314.245534
243.856384 314.205071
244.176115 313.957220
244.056298 313.813103
244.061578 313.770640
244.042632 313.599255
244.183886 313.664441
244.032001 313.347694
244.279085 312.825051
244.262010 312.933536
244.104164 312.305962
244.325799 312.314047
244.206496 312.075673
244.339765 311.899886
244.181024 311.924009
244.286471 311.619684
244.374785 311.748170
244.269758 311.466453
243.929609 311.583417
244.326875 311.273222
244.406653 311.018099
244.500825 310.747408
244.568668 310.913225
244.464213 310.487042
244.598979 310.406242
244.414358 310.126708
244.507623 310.125946
244.431545 309.963882
244.819692 309.768041
244.534105 309.598295
244.495405 309.178817
244.466117 308.975159
244.742280 308.942837
244.338691 308.924961
244.688839 308.727818
244.451391 308.348556
244.934995 308.259475
244.757179 308.202633
244.499078 307.797060
244.799360 307.805740
244.700781 307.842612
244.517769 307.511429
244.954995 307.481065
244.755942 307.259160
244.909051 306.891620
244.611778 306.986856
244.859491 306.964315
244.772912 306.675116
245.012004 306.433913
244.909794 306.052556
244.879673 305.954699
244.944895 305.706181
244.996278 305.964895
244.845659 305.611699
244.711679 305.441714
245.052553 305.064435
245.113829 305.051240
245.320292 304.887157
245.126188 304.682903
244.916541 304.929718
245.130134 304.419997
245.133334 303.988817
244.934466 303.792299
245.354479 303.953672
245.123878 303.498535
245.067364 303.532436
245.024746 303.513817
245.107028 303.175552
245.230362 302.724478
245.384604 302.893733
244.948632 302.664073
245.248676 302.402570
245.368867 302.573496
245.386296 302.016278
245.250383 301.766348
245.399863 301.748528
245.428814 301.853653
245.536942 301.599892
245.384548 301.160796
245.767802 301.570688
245.444289 301.139403
245.303445 300.851879
245.497561 300.657016
245.774902 300.627654
245.435767 300.355271
245.583107 300.013256
245.636541 300.081653
245.716606 299.976514
245.501458 299.658388
245.824971 299.658843
245.723999 299.519347
245.638633 299.101789
245.939636 299.072817
245.880605 298.924297
245.871007 298.643615
245.525040 298.567562
245.667650 298.544577
245.809068 298.049452
245.663861 297.907645
245.680281 297.939580
245.716941 297.964619
245.890330 297.498382
246.038179 297.598601
245.891882 297.243573
246.170517 297.254174
245.736211 296.995049
245.789994 296.941379
245.778075 296.548027
245.857153 296.552060
245.809809 296.317638
245.662036 296.280538
245.599193 296.016073
246.056912 295.751258
246.201751 295.832187
246.215221 295.669627
246.120706 295.279299
246.128474 295.338220
246.098396 294.649687
245.871918 295.117050
246.017551 294.591977
246.300033 294.655045
246.259462 294.379203
245.874675 294.527350
246.153481 294.195089
246.248880 293.788481
246.204851 293.680653
246.509835 293.349200
246.339000 293.651348
246.220312 293.223110
246.137858 293.301903
246.161228 292.989345
246.053529 292.600566
246.399093 292.400343
246.344686 292.203892
246.413557 292.065174
246.258346 292.119976
246.148983 292.012454
246.329380 291.995065
246.390237 291.460975
246.502440 291.580695
246.138066 291.172713
246.709231 290.950886
246.354809 290.706148
246.502997 290.594426
246.639310 290.395531
246.517694 290.430118
246.515012 290.261394
246.478969 290.001825
246.824879 290.037149
246.721071 289.970146
246.735362 289.604372
246.778853 289.451749
246.970843 289.358413
246.733045 289.400025
246.866911 288.898621
246.832005 288.650688
246.740201 288.707662
246.815434 288.495208
246.668125 288.418642
246.911809 288.096387
246.842182 288.110368
246.936413 287.928513
246.950761 287.804900
247.005179 287.621829
246.837348 287.442582
246.830515 287.143773
246.998945 287.079451
246.863130 286.993833
246.868232 286.818237
246.799013 286.786685
247.088705 286.497305
247.035194 286.067997
246.799099 286.117729
247.010788 285.995244
247.239092 285.848159
246.956330 285.720579
247.025789 285.525229
247.223873 285.226975
247.370153 285.093518
247.172462 285.175296
247.213018 284.699716
247.149542 284.699153
247.152241 284.428224
247.377736 284.315492
247.513260 284.160532
247.116299 283.988057
247.425987 283.778293
247.470864 283.706464
247.379336 283.436914
247.341778 283.385325
247.511057 283.156836
247.136254 282.901671
247.285614 283.003234
247.270108 282.601500
247.375456 282.586162
247.424846 282.237307
247.407711 282.413613
247.530504 282.169019
247.374526 281.910325
247.317775 281.878911
247.648649 281.599855
247.481950 281.350599
247.537711 281.566955
247.464612 281.191075
247.725526 280.984770
247.409446 280.891435
247.851713 280.705049
247.633648 280.515958
247.336818 280.412577
247.600686 280.069754
247.874730 279.905364
247.721058 279.704207
247.773629 279.520702
247.773181 279.591289
247.867075 279.220843
247.707702 279.133933
247.898187 278.839948
247.748046 279.014570
247.849656 278.553437
248.007208 278.634827
248.006743 278.404809
247.878985 278.340074
247.824580 278.484813
247.866201 278.046162
247.827254 277.754555
247.918374 277.573149
247.814714 277.528694
247.911299 277.684912
247.962958 277.109624
248.099540 277.313946
247.783076 277.078411
247.881529 276.663676
247.848294 276.509941
247.865571 276.332301
248.039708 276.244660
248.145042 276.149519
248.111797 276.147618
248.165393 275.977259
248.176531 275.543990
247.969767 275.064431
248.125167 275.153587
248.203148 275.362752
247.884377 275.115175
248.012659 274.579883
248.592351 274.815285
247.827098 274.746888
248.255607 274.613543
248.167312 274.263256
248.340491 273.767006
248.358718 274.041392
248.212507 273.844929
248.471232 273.613591
248.559292 273.550809
248.647940 273.338115
248.578326 273.122057
248.540421 273.039525
248.521669 272.944044
248.424437 272.629418
248.218153 272.556543
248.329200 272.251585
248.464084 272.310354
248.624408 272.126445
248.527604 271.944336
248.437535 271.977954
248.831006 271.502320
248.417989 271.263648
248.481637 271.143178
248.682956 271.155561
248.781085 271.000905
248.702084 270.774434
248.920965 270.906641
248.584733 270.556044
248.681100 270.317031
248.652043 270.029814
248.712005 270.189390
248.975879 270.036017
248.807446 269.941994
248.790679 269.567835
248.619781 269.610500
248.987330 269.136010
248.663330 269.423860
248.902313 268.809985
248.838620 268.904467
249.062549 268.785852
249.159139 268.620193
249.002239 268.541459
248.875765 268.116936
248.755448 268.166214
248.878492 267.936599
249.015648 267.694729
248.956042 267.741097
249.276501 267.376742
248.932551 267.576199
249.079582 267.050541
249.032990 267.109773
249.086005 266.843022
248.922034 266.559769
249.298869 266.587002
249.299677 266.116545
249.077499 266.266083
249.281877 266.379615
249.227814 265.781521
249.100081 265.562290
249.432249 265.588336
249.150785 265.631556
249.465439 265.259959
249.202009 265.199634
249.042467 265.079319
249.414635 264.880472
249.435712 264.703812
249.371542 264.758113
249.378881 264.642361
249.507159 264.207874
249.388558 263.994732
249.593850 264.361522
249.389524 263.838710
249.517057 263.657136
249.435710 263.587820
249.257665 263.210618
249.528856 263.200961
249.539719 263.128175
249.705876 262.732212
249.440650 262.900530
249.572661 262.617162
249.757160 262.163602
249.815606 262.318185
249.417133 262.320381
249.894454 262.214251
249.603446 261.942963
249.738110 261.483131
250.058369 261.389750
250.000249 261.384505
249.746610 261.201195
249.932952 261.358245
249.766840 260.846349
249.651259 260.891573
249.438439 260.400444
249.790395 260.538531
249.732784 260.278588
249.563332 260.135695
249.814756 260.089087
249.940548 259.604147
250.105570 259.430805
249.964689 259.531270
250.051177 259.533015
249.891631 259.254619
249.686571 259.139634
249.843228 258.863336
249.801666 258.857969
249.922345 258.838887
249.920780 258.336559
249.899943 258.415963
249.760127 258.461237
250.015863 258.095617
250.086887 258.067652
250.182347 257.706638
249.992133 257.968195
249.800380 257.373320
249.999880 257.513032
250.191429 257.277744
250.034853 257.131204
250.037462 256.851821
250.084416 256.680184
250.064642 256.673339
250.275678 256.371880
250.178346 256.411992
250.286462 256.416530
250.241526 256.103161
250.396174 255.758137
250.150561 255.555213
250.391278 255.585143
250.384311 255.487374
250.393444 255.417446
250.318530 255.288757
250.486882 254.822288
250.376268 255.116657
250.966928 254.732180
250.448700 254.347059
250.478167 254.437208
250.392559 254.567345
250.525789 254.007097
250.346750 254.121206
250.432083 253.725203
250.290475 253.700206
250.649248 253.696959
250.612404 253.676975
250.414452 253.314053
250.665813 252.894162
250.596963 252.831099
250.675911 252.725270
250.756415 252.944025
250.641876 252.464230
250.508964 252.476526
250.568826 252.412384
250.972991 252.388088
251.013710 252.001121
250.826172 251.722465
250.574133 251.807487
250.576048 251.701209
250.676872 251.377609
251.083222 251.303401
250.915817 251.080795
250.984177 250.938629
250.732499 250.686108
250.653954 250.502414
251.005728 250.535457
250.778190 250.522589
250.965224 250.328493
250.805536 250.049396
251.023342 249.935331
251.138322 249.949340
251.228527 249.736546
250.924182 249.555003
251.385867 249.568517
251.030268 249.370071
251.039041 249.072819
251.255935 249.042848
251.242967 249.098843
251.044945 248.741283
251.278476 248.672037
251.096106 248.418713
251.457380 248.185609
251.254895 248.201853
250.986849 248.083646
251.016641 247.876946
251.419880 247.628948
251.023256 247.558646
251.264762 247.439162
251.318239 247.322635
251.081155 247.300213
250.992143 246.944971
251.454607 246.742907
251.132519 246.603969
251.293742 246.877074
251.159151 246.499001
251.369744 246.173121
251.209075 245.977044
251.484359 246.116330
251.646675 245.731683
251.147665 245.821475
251.561500 245.772993
251.215007 245.679987
251.535230 245.618499
251.500759 245.384885
251.461792 245.359394
251.488263 244.669972
251.617580 244.929442
251.788492 244.609917
251.674805 244.478189
251.833493 244.498090
251.572624 244.347998
251.661607 244.241495
251.624447 243.938472
251.612543 243.551503
251.532221 243.816344
251.824060 243.390620
251.821527 243.376051
251.880091 243.166485
251.779430 242.922109
251.969502 243.035526
251.831863 243.185794
252.007555 242.895761
251.897246 242.466665
251.932554 242.413914
251.829779 242.447094
251.850563 242.169484
251.933096 241.769260
252.010985 241.972990
251.955398 241.758743
251.916289 241.489670
251.886693 241.176500
252.078037 241.110536
251.946767 240.860056
251.930875 241.117982
252.060831 240.904547
252.099717 240.510004
252.211508 240.564481
252.101868 240.556736
251.715614 240.568708
252.079527 240.303017
252.095598 239.991096
252.361786 239.767343
252.224670 239.732720
252.274770 239.811661
252.318175 239.625051
252.140833 239.369214
252.297385 239.451636
252.334819 239.107465
252.312756 239.138248
252.367959 239.001131
252.254245 238.867661
252.277622 238.611004
252.434386 238.262865
252.326649 238.368933
252.406431 238.318157
252.049803 237.809938
252.564206 238.036242
252.723721 237.773867
252.628219 237.991307
252.122574 237.274956
252.407465 237.176857
252.726274 237.216495
252.410760 237.308279
252.630479 236.902137
252.651928 236.718095
252.461559 236.899941
252.456348 236.515172
252.530681 236.372922
252.234937 236.090565
252.656244 236.398132
252.753199 235.981271
252.648154 235.674993
252.645672 235.758254
252.612324 235.751274
252.776663 235.612561
253.065212 235.478056
252.456031 235.056519
252.759528 235.000461
252.747577 235.214469
252.814349 234.689183
253.033894 234.708801
252.828323 234.639762
252.930086 234.366226
252.879122 234.531958
253.071713 234.091566
252.906290 234.312151
252.881746 233.751049
252.840625 233.911430
252.939311 233.697111
253.010798 233.519074
253.063944 233.629399
253.069536 233.378832
253.191178 233.279512
253.209440 232.736535
253.061830 232.970225
253.053352 232.652107
253.070735 232.539720
253.158273 232.622371
253.088638 232.550851
253.063029 232.171973
253.170707 232.072550
253.324721 231.977534
253.272796 232.015173
252.965584 231.737375
253.244943 231.339659
253.252125 231.459090
253.044783 231.558917
253.296999 230.893018
253.223873 231.053915
253.295443 230.859849
253.168824 230.883504
253.201668 230.862779
253.436838 230.625754
253.295458 230.479138
253.406872 230.357161
253.173940 230.206140
253.090700 230.098108
253.819853 229.806503
253.344978 229.949628
253.357343 229.543275
253.465415 229.593993
253.648350 229.374304
253.444934 229.277973
253.446393 229.235699
253.774833 228.939604
253.413465 228.927405
253.516783 228.597050
253.421432 228.406972
253.628499 228.448045
253.924097 228.492502
253.519780 228.142388
253.620307 227.977534
253.695804 228.221224
253.676614 227.826479
253.446252 227.584283
253.772266 227.660330
253.805051 227.341203
253.924920 227.354681
253.534862 227.138893
253.732264 227.169072
253.596156 227.187070
253.861019 227.058379
254.096021 226.762382
253.802658 226.768867
253.654748 226.719954
253.923687 226.370078
253.779804 226.114105
253.920983 226.255399
253.982143 225.716725
253.899126 226.016057
254.294974 225.793097
254.094213 225.692794
253.993996 225.396282
253.934370 225.244655
254.158959 225.450514
254.078527 225.104463
254.275778 225.409698
253.879674 225.038565
254.179893 224.880149
254.280627 224.940496
254.175301 224.910320
254.034838 224.579417
254.014948 224.130359
254.309681 224.329247
254.177540 224.183363
254.172961 224.144436
254.077406 223.887256
254.359941 223.766294
254.334797 223.595397
253.965948 223.272144
254.519370 223.475420
254.591027 223.259537
254.658018 223.108523
254.577196 222.938443
254.357562 223.023843
254.240882 222.996387
254.751841 222.646330
254.699904 222.446683
254.473580 222.442593
254.445442 222.392580
254.680108 222.264708
254.486874 221.818904
254.644037 221.874705
254.356692 221.627612
254.574127 221.917488
254.691814 221.437734
254.490475 221.301645
254.517155 221.355610
254.854767 221.618699
254.970467 221.021595
254.864429 220.990113
255.002365 220.934037
254.684718 220.883079
254.658025 220.525917
254.747664 220.461895
254.500157 220.536034
255.230828 220.080280
255.051081 219.893784
254.853649 219.906255
254.912062 219.991732
254.707888 219.771325
255.030169 219.539377
255.123434 219.754218
254.884296 219.657197
254.681784 219.235391
255.071567 219.352776
255.174434 219.241132
255.033045 219.080958
255.049591 218.641087
255.198675 218.830426
255.062112 218.542300
255.391073 218.373147
255.127847 218.291730
255.126854 218.451675
255.214534 218.119473
255.293094 218.189862
255.179069 217.870217
255.098394 217.535504
255.457874 217.598067
255.069438 217.461923
255.090638 217.641001
255.266563 217.213260
255.176718 217.095053
255.484385 216.916389
255.346134 217.089658
255.407196 216.935996
255.349243 216.435648
255.385757 216.599497
255.208322 216.777214
255.613238 216.390408
255.496436 216.333371
255.177558 216.154845
255.609837 216.089373
255.347841 216.162453
255.568106 215.705746
255.448580 215.703378
255.404641 215.767925
255.489179 215.561766
255.856383 215.328274
255.441604 215.316379
255.557687 215.153756
255.506936 214.859300
255.602974 214.785694
255.515126 215.293714
256.062169 215.112439
255.670915 214.479502
255.818658 214.378380
255.712395 214.281480
255.906325 214.294081
255.839145 214.107840
255.779327 213.815943
255.812397 213.930067
255.908454 213.795726
255.715287 213.767333
256.101935 213.623548
256.168708 213.159474
255.789895 213.384118
255.738431 212.903666
255.964126 213.055185
255.854921 213.073271
255.961290 212.891587
256.105427 212.757417
256.201584 212.949456
255.812273 212.525246
256.206673 212.356310
256.000342 212.461898
256.255731 212.505387
256.102684 212.301652
256.192299 212.356070
256.159525 211.983098
256.150505 211.700756
256.003633 211.383159
256.437983 211.972676
255.977828 211.697848
256.315103 211.432417
256.366734 211.339649
256.690005 211.383379
256.192894 210.976950
256.536698 210.992656
256.316137 210.947653
256.377393 210.991632
256.244542 210.366240
256.321587 210.485225
256.328325 210.248252
256.301288 210.172879
256.605266 210.121605
256.446002 210.394093
256.448345 210.128537
256.669181 210.052648
256.449662 209.704204
256.749695 209.782962
256.467301 209.596272
256.586164 209.276999
256.685315 209.594996
256.533523 209.206973
256.589013 209.198252
256.972415 209.250644
256.715775 208.926224
256.719444 208.885969
256.552381 208.744915
256.812182 208.544071
256.567622 208.576852
256.724320 208.238091
256.981651 208.568641
257.135192 208.219901
256.927084 208.368560
256.941945 208.253716
256.903775 207.904615
256.969291 207.948115
257.020236 207.934763
256.961155 207.635902
257.133296 207.542755
256.852645 207.604597
256.674890 207.527807
257.141076 207.257302
257.204819 207.094654
257.097810 206.837203
256.886944 207.017276
257.029682 206.676880
257.249904 206.734472
257.030023 206.620562
257.375026 206.705301
257.176566 206.538577
257.100953 206.610681
257.403902 206.185806
257.256857 206.276905
257.391045 206.188985
257.368499 205.988860
257.046179 206.055894
257.254044 205.772710
257.319987 205.793479
257.280132 205.360775
257.583230 205.539924
257.614286 205.328741
257.453231 205.371145
257.268829 204.903894
257.317613 204.940719
257.728103 205.322536
257.449043 204.851927
257.452139 204.702405
257.571023 204.691054
257.486463 204.524582
257.468333 204.332661
257.518613 204.447681
257.671230 204.166818
257.763720 204.156352
257.781271 204.020668
257.927684 204.160818
257.786165 204.069647
257.600128 204.016680
257.533084 203.670110
257.644524 203.274721
257.561867 203.398127
257.849238 203.310719
257.936688 203.220103
257.676974 203.376247
258.016747 203.038760
257.613690 202.815528
257.797940 202.893974
258.075152 202.797051
257.958944 202.754764
257.758215 202.762896
258.183204 202.576863
258.207375 202.364947
257.996324 202.512339
257.989596 202.119485
258.302679 202.092886
257.934739 202.019180
257.753889 202.082605
258.297549 201.644324
258.014730 202.014831
258.280487 201.591834
258.130609 201.607218
258.388860 201.568899
258.280688 201.327867
258.447576 201.351721
258.071496 201.112130
258.526791 200.804147
258.117854 201.065243
258.276260 200.719328
257.791619 200.746460
258.514423 200.552873
258.185614 200.726061
258.588351 200.385058
258.346110 200.196436
258.418361 200.219230
258.413465 199.871616
258.596775 199.869766
258.277243 200.018235
258.197191 199.720032
258.378862 199.594480
258.434930 199.762752
258.816831 199.817296
258.212871 199.563539
258.472727 199.572302
258.571298 199.465277
258.740771 199.263152
258.415638 199.168426
258.777653 199.225199
258.676796 199.149169
258.710801 198.764647
258.771982 198.993532
258.963170 198.690205
258.805697 198.652131
258.605433 198.645845
258.688262 198.518539
258.749080 198.329637
258.860639 198.341097
258.964868 198.178321
258.868994 198.205274
258.869028 198.064415
258.866522 197.964522
259.097120 198.005225
259.116960 197.976715
259.037727 197.855079
258.987697 197.769014
259.170155 197.779227
259.202771 197.543310
259.146079 197.278198
259.022445 197.393061
258.948231 197.412796
259.192312 197.182860
259.327802 197.040890
259.190971 196.593695
259.277644 196.913443
259.025231 196.770815
259.250745 196.811294
259.031515 196.485238
259.278822 196.352429
259.357446 196.087001
259.010409 196.305508
259.453817 196.099278
259.448078 196.183066
259.500374 196.063244
259.178905 195.966042
259.475394 196.105649
259.252756 196.138959
259.486043 195.550365
259.477436 195.792669
259.548904 195.427085
259.665637 195.602074
259.584573 195.626531
259.921785 194.923008
259.630967 195.479807
259.722487 195.340220
259.754804 194.816757
259.595591 194.948252
259.912235 194.856500
259.661362 194.701286
259.782949 194.729808
260.120590 194.594685
259.611796 194.625077
259.859889 194.475524
259.733426 194.436995
259.789278 194.202801
259.795351 194.347909
259.690087 194.105285
259.887057 194.148299
259.921787 194.091106
259.855390 193.937015
260.033082 193.803076
260.248024 193.788354
260.075109 193.791762
260.114698 193.508015
260.223747 193.799302
260.016473 193.479819
260.142287 193.316455
259.860779 193.125995
260.044961 193.355944
260.019412 193.259474
260.066851 192.953687
260.170499 192.816090
260.018964 193.028041
260.443275 192.920116
260.441588 192.796447
260.504676 192.465368
260.426072 192.718528
260.415199 192.394404
260.252745 192.302227
260.336406 191.814742
260.499552 192.412670
260.544597 192.131709
260.363742 191.990773
260.705106 191.742858
260.856446 191.644350
260.668008 191.691099
260.493658 191.390527
260.725434 191.700046
260.766546 191.483515
260.828328 191.507976
260.623728 191.328299
260.857868 191.380037
260.757650 191.026417
260.707582 191.020531
260.617749 190.816426
260.849786 191.001647
260.783996 190.793440
260.833533 190.715471
260.815161 190.883256
260.906769 190.801105
260.771531 190.345101
260.937055 190.400522
260.869708 190.308224
260.905346 190.509262
260.913390 190.150332
261.007001 190.299045
261.010865 190.225889
261.216074 190.358243
261.159742 189.981354
261.129759 189.751140
261.099801 190.164132
261.112939 189.808754
261.025801 189.903610
261.123462 189.708064
261.136407 189.406341
261.184604 189.363279
261.132552 189.355341
261.515212 189.464723
261.326974 189.199904
261.393812 189.200838
261.508597 189.115063
261.606146 189.040633
261.384559 188.932705
261.389966 188.782908
261.244609 188.608259
261.313564 188.643545
261.505825 188.616549
261.462268 188.837954
261.597580 188.335005
261.592438 188.588168
261.533252 188.284074
261.632007 188.316608
261.640745 188.370978
261.686766 188.138857
261.404786 188.156249
261.651474 188.046299
261.742012 188.080581
261.554830 188.056588
261.792125 187.884190
261.772562 188.117886
261.853753 187.706749
261.571041 187.609180
261.905224 187.389352
261.833741 187.531681
261.997004 187.215173
261.874881 187.336345
261.926507 187.365268
262.080881 187.398239
262.361934 187.197918
262.064691 187.077447
262.007652 186.891833
262.016346 186.862021
261.874967 186.914761
262.005887 186.853711
262.070819 186.830812
262.353256 186.766537
262.107153 186.564553
262.215949 186.490026
262.155901 186.656867
262.274417 186.346821
262.283340 186.333495
262.202891 186.321413
262.242450 186.128354
262.433437 186.048829
262.558476 185.898756
262.443399 186.077404
262.451132 185.996294
262.557103 185.847379
262.389033 185.770170
262.767811 185.598387
262.654932 185.564429
262.597496 185.789639
262.357494 185.425965
262.695370 185.673676
262.500707 185.690870
262.572062 185.421090
262.827768 185.188286
262.910551 185.122763
262.670512 185.112466
263.057815 185.111133
262.863382 185.218513
262.693443 185.113510
262.734238 184.655879
262.750065 184.858873
262.494317 184.609396
262.842342 184.788963
262.973199 184.658486
262.803773 184.685673
262.722016 184.642119
262.722644 184.610413
262.840198 184.644523
262.935798 184.255676
262.870732 184.372317
262.867712 184.185317
263.137069 184.029216
262.960264 184.024204
262.918258 183.930689
263.143842 183.743947
263.171933 183.927748
263.223299 183.854250
262.867908 183.659107
263.290775 183.708481
263.098770 183.909453
263.479512 183.406399
263.295252 183.632439
263.585383 183.172572
263.463310 183.373632
263.416437 183.326971
263.665927 183.604357
263.400404 183.112556
263.849806 183.257065
263.330231 183.302100
263.485902 183.024533
263.699727 182.757016
263.706705 182.983788
263.643989 182.926748
263.366678 182.723800
263.697147 182.858148
263.655952 182.474116
263.650839 182.544908
263.600475 182.678807
263.786433 182.322469
263.746189 182.576609
263.819412 182.408099
263.817666 182.199369
264.124530 182.339005
263.736057 181.985410
263.625933 182.111612
264.071851 182.062930
263.902583 181.940148
264.190590 182.372309
263.582443 181.924067
264.091358 181.997013
263.966269 181.796097
264.169415 182.039108
263.826054 181.651540
264.188199 181.546786
264.062022 181.843794
264.212606 181.510733
264.267245 181.331003
264.246041 181.548014
264.427169 181.521501
264.293077 181.341755
264.260591 181.500240
264.509309 181.343147
264.354755 181.079439
264.172358 181.086091
264.517135 181.124540
264.617904 181.018617
264.208093 180.890024
264.603004 180.976929
264.522089 180.880013
264.453636 180.929541
264.476133 180.839850
264.583989 180.486873
264.837542 180.637313
264.758546 180.711204
264.655164 180.501673
264.715070 180.438604
264.585135 180.390022
264.485675 180.263428
264.741355 180.446438
264.485093 180.383338
265.013871 180.392373
265.044572 180.028211
264.721786 179.946353
265.098071 180.434520
264.678407 180.031522
264.744631 179.723878
264.828873 180.176142
264.922846 180.025106
265.122720 179.729508
265.250729 179.640678
264.998837 179.821532
265.057758 179.667361
265.251039 179.828147
264.884986 179.610516
265.371913 179.793881
264.830858 179.392613
265.247969 179.396228
265.369944 179.482826
265.369895 179.325803
265.288138 179.453164
265.421354 179.314972
265.384038 179.101915
265.280998 179.187957
265.576728 178.968662
265.497080 179.132697
265.436030 179.007693
265.597531 178.860531
265.736721 178.668958
265.653814 178.987680
265.789289 178.530845
265.449355 178.951973
265.518413 178.739036
265.823569 178.536786
265.532695 178.502431
265.709856 178.492175
265.751332 178.541300
265.845103 178.413353
265.879699 178.593718
265.957492 178.487029
265.786601 178.391396
265.668075 178.376298
266.041178 178.186929
266.141351 178.365408
266.254327 178.027496
265.998312 178.051589
265.951887 178.221840
266.214427 178.058269
266.018229 177.854966
266.088463 178.015152
266.217563 178.070247
266.066693 177.784622
266.377361 177.882458
265.948173 178.039878
266.130207 177.877593
266.210877 177.721173
266.537905 177.396682
266.267019 177.518279
266.301460 177.537201
266.508881 177.606321
266.327040 177.725425
266.551778 177.324943
266.396848 177.313494
266.512772 177.315558
266.620292 177.252070
266.537941 177.200068
266.472567 177.375445
266.365163 177.242395
266.742752 177.362276
266.506352 177.307518
266.658861 177.097882
266.744721 176.845688
266.927540 177.107679
266.660139 176.874012
267.140211 176.892121
266.803732 176.637584
266.807994 176.920776
266.788907 176.824471
266.947338 176.707621
267.077432 176.694901
266.942305 176.682651
266.713225 176.731840
267.126723 176.722540
267.106260 176.554350
267.149493 176.937558
266.930750 176.580700
267.197820 176.577899
266.938703 176.715462
267.374610 176.340590
267.483241 176.362195
267.555662 176.332067
266.964440 176.258025
267.226635 176.018380
267.174727 176.229258
267.239200 176.300204
267.127470 176.075936
267.479226 176.137075
267.352932 176.080095
267.310540 175.897447
267.281339 176.162631
267.462522 175.781085
267.508509 176.098271
267.844232 175.723998
267.880781 175.814365
267.810685 175.918490
267.551833 175.648102
267.445344 175.721435
267.786213 175.650235
267.567578 175.713631
267.903843 175.635925
267.717708 175.626855
267.699223 175.582649
267.925883 175.666026
268.177029 175.749441
268.060071 175.358863
268.056566 175.193034
267.984453 175.352173
267.939261 175.412701
267.979095 175.605280
268.046914 175.555357
268.145635 175.087843
268.148518 175.525405
268.137907 175.184492
268.272900 175.257479
268.332405 174.851791
268.139046 174.993473
268.734040 174.921151
268.328248 175.412278
268.413002 175.178493
268.494188 174.707286
268.326378 174.876056
268.154918 174.569669
268.604829 175.138393
268.324668 174.801466
268.732757 174.945698
268.332002 174.751197
268.635232 174.444084
268.522091 174.611898
268.287391 174.545656
268.681734 174.698218
268.497420 174.685363
268.692638 174.554703
268.663229 174.218829
268.911628 174.584755
268.808120 174.405982
268.638817 174.516594
268.802051 174.512935
269.002693 174.322076
268.822078 174.343612
269.011280 174.080882
269.020070 174.092655
268.967265 174.628832
268.903232 174.100499
269.020784 174.192352
268.917226 174.249095
269.238332 174.246058
269.225196 174.101437
269.061302 174.119665
269.312257 173.960141
269.232352 174.061546
269.633888 174.201844
269.527604 174.111128
269.262929 174.070620
269.614254 173.803461
269.425161 173.944870
269.530653 174.074087
269.447347 173.849302
269.979990 173.774727
269.332318 173.841697
269.484500 173.769651
269.581638 173.427020
269.643113 173.778272
269.838651 173.744439
269.865108 173.939622
269.801217 173.737566
269.703765 173.736781
269.734496 173.266479
269.795966 173.764960
269.978741 173.529405
269.757997 173.505518
269.902396 173.345738
269.787554 173.485169
270.002061 173.559962
269.879975 173.160444
270.002718 173.573141
269.841599 173.274411
269.993390 173.626484
270.291434 173.306733
270.273097 173.227770
270.182528 173.034808
270.071930 173.144976
270.074837 173.349001
270.132293 173.394353
270.396219 173.256729
270.519625 173.236830
270.268668 173.112244
270.507014 172.964088
270.574871 173.103458
270.562713 173.130059
270.384408 173.329283
270.496482 173.115377
270.484708 172.928331
270.610290 172.952840
270.618524 173.027637
270.579649 173.134593
270.781197 172.658393
270.585815 172.890377
270.607344 172.816604
270.883087 172.979221
270.576092 172.691441
270.887808 172.821232
271.004633 172.749308
270.919027 172.696921
270.903470 172.898716
271.035165 172.623083
271.166414 172.761278
271.107227 172.816744
271.005485 172.864048
270.997046 172.658331
270.955176 172.464930
271.499799 172.653656
271.140798 172.941930
270.973346 172.825721
271.303843 172.604216
271.264296 172.562613
271.554893 172.742160
271.343785 172.454357
271.399782 172.404110
271.306738 172.493656
271.346954 172.424737
271.439039 172.349437
271.753852 172.169732
271.663512 172.572771
271.564160 172.431556
271.644438 172.446605
271.760934 172.505539
271.627680 172.260216
271.768641 172.478554
271.872011 172.294485
272.158467 172.102418
272.096271 172.225464
271.836706 172.594364
272.164634 172.550261
272.037853 172.363158
271.742888 172.109100
271.972794 172.364188
272.125241 172.385879
272.259524 172.457562
272.089190 171.917125
272.267611 172.183970
272.076951 172.228422
271.988411 172.155739
271.998435 171.827990
272.142681 172.381703
272.299763 172.265999
272.297384 172.196742
272.064224 172.014675
272.250114 171.905459
272.431704 172.157147
272.500589 172.077291
272.586257 172.083026
272.555750 171.974371
272.630097 172.113056
272.427530 171.939664
272.775597 171.830021
272.586900 172.168217
272.783835 172.150540
272.807049 171.938798
272.483352 172.289915
272.905435 171.838102
272.835822 171.865172
272.835787 172.038110
272.778761 172.222767
272.868549 171.860869
273.129523 171.744667
273.005572 172.225977
273.034566 171.932135
272.967997 171.748991
273.055022 172.220968
273.260244 171.950391
273.260174 172.004498
273.141146 171.849147
273.215136 171.909991
273.114115 171.638078
273.182410 171.883566
273.162328 171.932114
273.189508 171.775766
273.188420 171.891760
273.200233 171.490200
273.473781 171.832379
273.613780 171.802123
273.596501 171.796027
273.598287 171.967104
273.570107 171.607081
273.832764 171.891093
273.757176 171.657491
273.777881 171.985105
273.668956 171.826220
273.574017 171.579610
273.956623 171.810972
273.791800 171.543033
273.767504 172.006466
273.922861 171.823409
274.035879 171.728128
274.050206 171.632670
274.187608 171.689438
274.005591 171.751325
274.082545 171.724771
273.996283 171.394548
273.828453 171.433920
274.042207 171.563074
274.228850 171.717134
274.344270 171.464075
274.582302 171.618647
274.243410 171.617094
274.408512 171.680275
274.321040 171.853770
274.205004 171.690936
274.589388 171.608050
274.366957 171.623933
274.683932 171.620244
274.501627 171.298786
274.660732 171.309477
274.815688 171.482299
274.859543 171.744328
274.717539 171.562625
275.050054 171.550871
274.748130 171.518104
274.716148 171.587109
274.841272 171.180262
274.742501 171.772792
275.064433 171.929725
274.720721 171.279770
275.168916 171.418326
275.174797 171.477578
275.255816 171.525656
275.092699 171.797090
275.264220 171.474259
274.770157 171.808065
275.206388 171.609719
275.121748 171.551310
275.172566 171.464383
274.952093 171.677598
275.398940 171.448200
275.575644 171.533907
275.372456 171.413114
275.704411 171.884674
275.353236 171.412673
275.506493 171.685451
275.591887 171.544059
275.738367 171.601293
275.615049 171.543711
275.638130 171.721603
275.726365 171.568841
275.764451 171.714022
275.740598 171.866696
275.708501 171.356627
275.911055 171.632292
275.847485 172.074910
276.013922 171.771615
276.077376 171.637073
275.883530 171.611762
276.139404 171.393000
275.749244 171.776455
276.227472 171.663610
276.127527 171.721571
275.997830 171.513699
276.156175 171.782259
276.239090 171.517182
276.442258 171.755655
276.333770 171.675903
276.198031 171.533603
276.288230 171.581963
276.579342 171.514356
276.606509 171.755462
276.403624 171.959124
276.537289 171.476330
276.473013 171.713693
276.621045 171.668636
276.336948 171.518149
276.504314 171.779606
276.667755 171.580378
276.808851 171.849520
276.968877 171.810083
276.760951 171.630927
276.918031 171.536979
276.937129 171.701933
277.096231 171.412418
276.977193 171.717066
277.329262 171.806053
277.021631 171.608086
277.240595 171.795286
277.042962 171.746200
277.442995 171.829328
277.139767 171.525589
277.386150 171.784680
277.480044 171.952539
277.259292 171.769210
277.271861 171.511636
277.401232 171.904113
277.496986 171.787859
277.290185 171.818552
277.557093 171.805852
277.533725 171.766979
277.715659 171.879540
277.390858 171.876630
277.661286 171.856210
277.857346 171.953235
278.061783 171.826152
277.926690 171.707119
277.961008 171.670280
278.032475 171.723079
277.744795 171.981209
278.087987 172.157039
277.965725 171.835829
278.044823 171.733969
277.970531 171.950914
277.944090 171.613030
277.948148 171.962612
278.029423 172.109719
278.369712 172.070992
278.254975 172.000632
278.139254 172.046690
278.491522 172.014943
278.209023 171.766379
278.409921 171.998141
278.802242 171.827594
278.284645 172.099408
278.487751 172.481305
278.413268 172.304764
278.498386 172.083746
278.635872 171.954890
278.917867 172.194929
278.611983 172.314795
278.667507 172.336766
278.860944 172.030099
278.882637 172.033723
278.649367 172.380073
278.861984 172.071289
278.774089 172.238532
278.725006 172.054964
279.098671 172.045498
279.200311 172.336275
279.281919 172.214928
279.075359 172.164612
279.509444 172.362863
279.303983 172.352114
279.582031 172.526028
279.096275 172.361154
279.657513 172.306269
279.414438 172.243210
279.541226 172.312891
279.702673 172.224842
279.498068 172.423693
279.529541 172.364646
279.659280 172.379838
279.683110 172.238961
279.889471 172.172223
279.645605 172.683808
279.462834 172.802919
279.736765 172.461231
279.863994 172.682951
279.884135 172.636214
280.091312 172.788711
280.022616 172.479573
279.843849 172.483381
280.018487 172.516054
280.225217 172.326135
280.051241 172.756772
280.133789 172.638538
280.325778 172.895457
280.452651 172.575777
280.027503 172.714208
280.197930 172.652312
280.267587 172.909640
280.356679 172.731257
280.618149 172.843630
280.473426 172.837295
280.786195 172.938730
280.573586 172.905362
280.661653 173.054160
280.625777 172.964212
281.034449 172.766125
280.757675 173.142479
281.077289 173.053574
280.899726 172.935194
280.621346 172.832323
281.084638 172.912400
280.923844 173.035699
280.982787 172.956318
280.718137 173.105730
281.085803 173.101864
281.068859 173.184342
281.042217 173.325377
281.333848 173.270671
281.219809 172.807315
281.136256 172.903578
281.342477 173.245801
281.686509 173.104272
281.346073 172.985126
281.873974 173.343861
281.696118 173.209351
281.498414 173.253554
281.242577 173.199722
281.623009 173.380131
281.844522 173.398102
281.618800 173.251254
281.657876 173.678285
281.826704 173.419106
282.080966 173.535118
281.949590 173.297634
282.066905 173.317339
281.949474 173.325039
282.247911 173.619765
281.994638 173.410769
282.017027 173.619816
281.836486 173.728376
282.317383 173.614397
282.272586 173.804291
282.361029 173.715983
282.210090 173.644001
282.338885 173.410702
282.438358 173.561476
282.454658 173.771345
282.419455 173.527454
282.582913 173.857555
282.575198 173.886536
282.470545 174.047849
282.645976 174.019899
282.549586 173.814186
282.769923 173.986760
282.769328 174.158058
282.567923 174.003195
282.647737 174.281468
282.941991 174.279185
283.184503 173.977925
282.925917 174.308227
282.910071 174.103595
283.012547 173.981433
283.416611 174.282792
283.098124 174.000728
283.180134 174.327599
283.508800 174.565449
283.315405 174.526298
283.363835 174.448406
283.405387 174.258969
283.645053 174.329713
283.361349 174.255552
283.634581 174.532160
283.663509 174.469024
283.378737 174.657979
283.736730 174.560063
283.540252 174.414742
283.815350 174.441962
283.860616 174.610221
283.870174 174.756256
283.971199 174.679771
283.759762 174.631042
284.140248 174.728715
284.247048 174.512793
284.253614 174.602387
283.856647 174.644914
283.960306 175.047616
284.011723 174.903242
284.168892 174.626154
284.312277 174.923339
284.105853 175.082468
284.203135 174.690233
284.531817 174.923107
284.246584 174.930867
284.376605 175.035855
284.327248 175.244934
284.624821 175.070309
284.865849 175.162592
284.702916 175.148156
284.686930 175.385596
284.652722 175.356707
284.669433 175.165007
284.678775 175.069752
284.940635 175.130545
285.047428 175.489338
284.903208 175.489772
285.070922 175.565816
284.886972 175.508561
285.255651 175.441701
285.191476 175.422726
285.508382 175.669403
285.188314 175.776887
285.245882 175.656104
285.421294 175.869288
285.307647 175.968838
285.549630 175.854617
285.572685 175.901413
285.562581 175.790846
285.758476 175.855571
285.708894 175.682165
285.857821 175.929114
285.893210 175.988714
285.711492 176.048987
285.634583 175.700217
285.664328 176.190562
285.741775 175.951807
286.043071 176.143785
285.834855 176.094010
285.924142 176.264099
286.104525 176.030143
285.888979 175.965607
286.210086 176.342737
286.204886 176.141194
286.035748 176.426312
285.866727 176.416119
286.245939 176.315430
286.688335 176.507614
286.430478 176.428944
286.236293 176.309609
286.232457 176.499616
286.341447 176.542555
286.527018 176.674883
286.649926 176.590115
286.655387 176.514311
286.783945 176.694648
287.080052 176.895437
286.843855 176.942790
286.693051 176.718500
286.695888 176.960087
287.060116 176.726245
287.161531 176.966925
286.887186 176.924976
287.059172 177.269674
287.109918 177.131525
287.197539 177.316449
287.125866 177.223729
287.278620 177.060497
287.339764 177.415445
287.476481 177.112417
287.312926 177.389910
287.653761 177.173299
287.383573 177.222131
287.389683 177.455631
287.642457 177.329883
287.400891 177.375985
287.533923 177.584104
287.822455 177.602287
287.764247 177.678609
287.977872 177.667343
288.083644 177.608564
287.761730 177.476934
288.230475 177.526477
288.105395 177.753422
288.060847 177.975271
288.347885 177.719363
288.199093 177.892003
288.010141 177.999219
288.345890 177.937877
288.538679 177.733258
288.476656 177.943067
288.251995 178.172648
288.438119 178.029092
288.759963 177.949922
288.376821 178.069978
288.644411 178.221600
288.636561 178.123663
288.548255 178.352922
288.471379 178.433473
288.748022 178.551549
288.900935 178.498326
288.918923 178.135435
288.991240 178.484710
289.140859 178.427540
288.880807 178.750111
288.960323 178.743954
288.925973 178.663875
289.237254 178.693415
289.181555 178.889257
288.975514 178.674679
289.064581 178.703159
289.247772 178.943202
289.375439 179.012017
289.634136 179.184381
289.467911 178.562053
289.604266 179.229951
289.423642 179.002311
289.756446 179.211258
289.793610 179.263638
289.464494 179.342187
289.722335 179.593871
290.101658 179.293961
290.097699 179.253408
290.013293 179.477437
290.130636 179.228484
290.365218 179.540866
290.276130 179.482618
290.149309 179.556577
290.209976 179.587289
290.345779 180.003476
290.071464 179.600030
290.059605 179.712543
290.368992 179.863370
290.359806 179.559753
290.337472 179.937654
290.512078 180.226625
290.828973 179.961946
290.739475 180.111080
290.918689 180.189390
290.714973 179.975383
290.662849 180.147430
290.710131 180.066481
290.921990 180.011942
290.796660 180.602339
290.663252 180.476220
291.066905 180.254347
291.200521 180.241035
291.159329 180.444124
291.167430 180.504088
291.324871 180.674879
291.489827 180.532255
291.321202 180.742620
291.474627 180.478939
291.408957 180.847804
291.740983 180.537821
291.684849 180.648419
291.635239 180.891522
291.533446 180.900967
291.747620 181.124906
291.717608 181.177875
291.595120 180.971378
291.611757 181.147995
291.934287 181.288456
291.944859 181.345243
291.714481 181.294149
291.921590 181.405198
292.014809 181.372793
292.367860 181.613480
292.186768 181.337417
292.364117 181.483533
292.245166 181.493847
292.206480 181.634567
292.560682 181.805847
292.363711 181.454531
292.217202 181.779100
292.383472 181.810745
292.600356 181.972948
292.324733 181.883301
292.701228 181.895200
292.757259 181.880663
292.730695 182.181870
292.702017 182.149025
292.995481 182.082509
292.926881 182.058705
293.050497 182.126720
292.882935 182.398562
293.150209 182.431699
292.893098 182.135154
293.100193 182.355856
293.229354 182.475236
293.257641 182.277910
293.553603 182.720158
293.625488 182.510646
293.252145 182.623930
293.369292 182.729348
293.590061 182.879832
293.323949 182.781448
293.700399 183.165906
293.831166 182.877894
293.821254 183.238910
293.858585 183.036963
294.225995 183.147962
294.045332 183.245423
293.889177 183.214503
293.993937 183.360645
294.096275 183.197575
294.121613 183.437630
294.231023 183.199303
294.403982 183.646096
294.280913 183.580008
294.555682 183.676984
294.405372 183.466825
294.726863 183.700276
294.429840 183.673904
294.526689 183.514149
294.672869 184.024057
294.604601 184.007247
294.675058 183.934882
294.744958 184.090153
294.793103 184.261646
294.742880 184.118742
295.244530 184.365863
294.810800 184.138553
295.178277 184.154918
295.077133 184.337840
294.978984 184.366281
295.050363 184.552446
295.317796 184.538151
295.436815 184.501349
295.356826 184.721975
295.195162 184.549593
295.311454 184.924305
295.566224 184.730967
295.698768 185.057740
295.492611 184.857132
295.790400 185.065465
295.475587 184.998751
295.666249 184.969255
295.831747 184.954752
295.821352 185.249420
296.003307 185.285355
295.839025 185.172092
296.262595 185.296390
296.095030 185.076779
296.015482 185.362147
296.117443 185.346343
296.201377 185.335434
296.598239 185.199968
296.416530 185.655585
296.363060 185.538470
296.466388 185.643446
296.515346 185.698065
296.199776 185.997715
296.777138 185.938907
296.807462 186.194384
296.483687 186.033128
296.641469 186.025286
296.794027 186.279433
296.801694 186.508234
296.867747 186.075697
296.894654 186.200085
297.008722 186.285470
297.011279 186.394694
296.986880 186.310499
297.107151 186.509634
296.932468 186.661973
297.544027 186.531988
297.432384 186.630464
297.159620 186.709545
297.648376 186.819673
297.580416 186.912931
297.730683 186.906609
297.745191 187.196427
297.581107 187.009285
297.923071 187.161978
297.898773 187.272741
297.776350 187.175864
297.694005 187.024025
297.943515 187.606093
298.175650 187.243074
298.024320 187.645222
298.057033 187.572211
297.993726 187.508998
298.338020 187.664128
298.302254 187.561838
298.366593 187.810819
298.485497 187.609295
298.496417 187.725664
298.565932 187.719357
298.547341 188.245739
298.803110 187.875548
298.614932 188.111211
298.854049 187.714464
299.042991 188.361843
298.925941 188.346190
299.020619 188.240221
299.021798 188.364057
298.877549 188.441875
299.026279 188.398778
299.075262 188.573431
299.070366 188.579792
299.133977 188.805895
299.248978 188.922712
299.068796 188.754736
299.634732 188.561655
299.753642 188.839732
299.473139 188.716990
299.436674 188.991704
299.709842 188.895668
299.560905 189.120675
299.747440 189.266297
299.711741 189.425097
299.763143 189.148251
299.979544 189.608822
300.347804 189.478100
299.979471 189.607452
300.105343 189.583376
299.990960 189.731984
300.348101 189.732780
300.394999 189.869994
300.324224 190.189753
300.358276 189.888753
300.419009 190.144013
300.725134 190.099773
300.555419 190.308813
300.891051 190.110330
300.897626 189.962393
300.942406 190.281260
300.617725 190.357538
301.021063 190.232675
300.916265 190.432732
301.271407 190.591663
301.155767 190.797862
301.127962 190.601738
300.876552 190.862629
301.388236 190.858686
301.307821 190.873751
300.889340 190.793299
301.430982 191.168098
301.701634 191.066682
301.550616 190.993215
301.450012 190.847744
301.281927 191.039329
301.293198 191.253252
301.470673 191.516702
301.736545 191.368598
301.901316 191.322605
301.870447 191.481663
301.823690 191.649592
302.050891 191.840286
302.168120 191.955389
302.116730 191.788992
302.147695 192.001116
302.120844 192.090520
302.220419 191.808574
302.270180 192.072903
302.605299 192.250722
302.538085 192.368833
302.767474 192.194195
302.601079 192.211362
302.590572 192.421708
302.674342 192.331110
302.863116 192.323741
302.888992 192.515378
302.870886 192.556919
303.148142 192.779027
303.021190 192.841061
303.000796 192.930292
303.220154 193.184997
303.216630 193.074727
303.181909 192.916257
303.081943 193.105386
303.212531 193.333069
303.195206 193.289616
303.475618 193.253550
303.589593 193.227323
303.473202 193.396220
303.591547 193.354073
303.791543 193.303939
303.812237 193.842422
303.527726 193.677308
303.887165 193.687089
303.945450 193.701403
303.950631 193.889883
304.211752 194.094140
304.138539 194.090580
304.042211 194.005976
304.081552 194.286217
304.512884 194.263200
304.136634 194.060613
304.560847 194.354919
304.353786 194.600555
304.791476 194.675812
304.524935 194.705181
304.655242 194.643187
304.762990 194.526866
304.620261 194.674529
304.593208 194.983300
304.880115 195.027318
304.823903 195.141946
304.878845 195.395840
305.245282 194.906854
305.267517 195.047421
304.955285 195.342167
305.388464 195.243155
305.480042 195.386080
305.639932 195.274930
305.774127 195.411562
305.612045 195.938178
305.545453 195.545780
305.415126 196.022494
305.792253 195.736801
305.752749 195.560313
305.699374 195.919919
305.931884 195.965359
306.001983 195.947881
306.064849 196.154615
306.048068 196.232072
306.097531 196.465798
306.232950 196.186653
306.075142 196.394493
306.047838 196.485171
306.228694 196.197736
306.255713 196.334091
306.386373 196.404486
306.581414 196.762811
306.584258 196.707057
306.685511 196.538893
306.803143 196.705074
306.627699 197.062460
306.978873 197.138618
306.871873 196.933220
306.981556 197.403572
307.022722 197.127556
306.918645 197.575860
306.937194 197.249022
307.376743 197.368264
307.315234 197.622038
307.352930 197.773391
307.259274 197.872165
307.327880 197.812267
307.288442 198.008376
307.930512 197.978595
307.543907 198.008590
307.567504 197.777068
307.685901 198.119684
307.781521 198.112203
308.046335 198.040273
308.063765 198.326268
307.863036 198.319555
307.890719 198.505142
308.266243 198.488904
308.198251 198.470805
308.231885 198.879858
308.090862 198.574151
308.230167 198.852896
308.296767 198.901301
308.353344 198.918264
308.648508 198.608962
308.473149 199.061580
308.641277 199.085284
308.560761 199.531097
308.721494 199.249740
308.961193 199.150739
308.885403 199.458204
308.978470 199.590854
308.913202 199.596400
309.294445 199.511624
309.180079 199.865401
309.165670 200.066349
309.217177 199.846789
309.353380 199.965154
309.337591 200.204663
309.380790 200.006002
309.799437 200.213335
309.623871 200.291661
309.886750 200.435650
309.642869 200.253857
309.751123 200.839646
309.834431 200.411265
310.069940 200.333884
309.983361 200.477324
310.008820 200.746216
310.071224 200.863235
310.405210 200.843612
310.365814 200.847261
310.381191 201.011138
310.608584 200.980897
310.420064 201.177819
310.622030 201.199610
310.397808 201.052689
310.722647 201.242926
310.776346 201.517292
310.758666 201.651507
310.538175 201.570797
310.905962 201.937678
310.840004 201.862331
311.034372 201.653876
311.082561 201.626573
311.114272 202.180167
310.955642 201.831224
311.228144 201.997264
311.320282 202.193836
311.341061 202.291160
311.451657 202.525133
311.667543 202.376611
311.607370 202.497568
311.642152 202.590956
311.675563 202.845484
311.888767 202.511726
311.771809 202.661357
311.660084 203.056913
312.126383 202.918909
311.962123 203.115094
311.879399 203.113221
312.241132 203.353029
312.195586 203.099417
312.601503 203.333970
312.586694 203.305703
312.316192 203.370021
312.623645 203.914400
312.489445 203.660360
312.549731 203.848808
312.911042 203.755229
312.839596 203.911125
312.383805 204.071025
313.299944 203.996947
312.802336 203.951101
313.063563 204.422067
313.235340 204.310397
313.201769 204.178520
313.319949 204.765124
313.208183 204.341020
313.499305 204.674379
313.409580 204.378541
313.280058 204.739923
313.379172 204.777840
313.561384 204.881503
313.933006 205.018728
313.999424 204.838134
313.742393 205.144508
313.653722 205.235844
313.783653 205.129584
314.092532 205.053136
314.166445 205.229974
314.105044 205.527341
314.130992 205.566969
314.435098 205.785782
314.185612 205.717582
314.566264 205.621408
314.344049 205.563471
314.681226 205.955304
314.816133 205.869154
314.639143 205.585825
314.694470 206.121611
314.658974 206.023659
315.000568 206.248144
314.932102 205.934341
314.904776 206.163459
315.270366 206.173965
315.222021 206.592434
315.278410 206.479355
315.591797 206.490316
315.291303 206.807754
315.493826 206.707979
315.371130 206.873286
315.185629 206.647212
315.730918 206.611215
315.608556 207.071966
315.641658 207.065635
315.893123 207.180363
315.509293 207.388695
315.988519 207.375432
315.883754 207.179190
316.383229 207.516434
316.292951 207.667059
316.204518 207.913502
316.475175 207.930552
316.242753 207.679288
316.591841 207.928463
316.470843 207.855195
316.333286 208.220593
316.641637 207.988654
316.655200 208.030393
316.666754 208.153697
316.888063 208.416969
316.873979 208.712936
316.965477 208.436545
317.107223 208.720682
316.922398 208.941554
317.196803 208.638691
317.411965 208.936776
317.591010 209.033833
317.259753 208.971669
317.432273 209.167094
317.260205 209.207921
317.516038 209.009453
317.434407 209.128422
317.787232 209.445817
317.807789 209.564892
317.769105 209.593684
318.001350 209.545534
317.873499 209.524811
317.939047 209.774432
318.115083 209.573555
318.268324 209.980269
318.102053 210.099365
318.432068 210.051989
318.334063 210.298199
318.453595 210.426185
318.522358 209.763817
318.432668 210.456109
318.740508 210.537487
318.907058 210.736859
318.755317 210.703392
318.996129 210.517095
319.039664 210.883105
319.164258 211.085252
319.450957 210.909045
319.087360 211.061247
319.246856 211.149678
319.343047 210.846271
319.283253 211.069766
319.114940 211.344295
319.743683 211.177949
319.722761 211.198085
319.537088 211.474885
319.778544 211.779941
319.728043 211.685805
319.825863 211.771133
319.747094 211.738036
319.975364 211.571965
320.111889 211.943636
320.028221 211.984000
320.192135 212.352979
320.190931 211.982074
320.348434 212.490685
320.369973 212.350176
320.334241 212.295235
320.633193 212.545643
320.647945 212.522377
320.841319 212.542854
320.861876 212.764582
320.662166 212.700112
320.720910 212.920274
320.998464 212.827209
320.976933 212.959435
321.160032 213.152505
321.244756 213.365419
321.292199 213.434546
321.145350 213.259140
321.442366 213.364205
321.662746 213.327381
321.629038 213.830247
321.482817 213.543240
321.929579 213.730497
321.608457 213.703260
321.899250 214.044421
321.523146 213.929231
321.869026 214.326506
322.033211 214.237475
321.983975 214.146220
321.790863 214.423931
322.409020 214.291674
322.145632 214.795513
322.299843 214.521351
322.605229 214.646325
322.415257 214.981784
322.401223 214.812363
322.580391 214.792424
322.790025 214.642617
322.856207 215.142953
322.808553 215.215132
323.059713 215.202283
322.879384 215.079685
323.151050 215.353563
323.200395 215.097118
323.368439 215.272022
323.523767 215.828198
323.605274 215.566455
323.523102 215.416774
323.489675 216.093812
323.313027 215.877297
323.648053 215.982581
323.677357 216.102393
323.814823 215.895074
323.757994 216.204620
323.743322 216.341077
323.710751 216.516209
323.943690 216.586145
324.433245 216.408040
324.485011 216.554567
324.386142 216.834062
324.356921 216.821068
324.353812 216.998403
324.454001 217.008373
324.647042 217.014542
324.391474 216.987837
324.847156 217.140854
324.753759 217.301672
324.874339 217.060815
325.022628 217.296690
324.926710 217.190134
325.268489 217.366987
325.157012 217.740087
325.219359 217.665836
325.264226 217.602027
325.182189 218.021509
325.548899 217.902431
325.560018 217.795781
325.657688 217.853562
325.755852 218.154472
325.749129 218.258136
325.948323 218.299702
325.697439 218.206327
325.986605 218.580780
326.064205 218.505079
326.153443 218.496862
326.271916 218.400137
326.177458 218.979178
326.500757 218.695131
326.511015 218.801198
326.349508 218.975651
326.474056 219.216416
326.627354 218.988313
326.733330 219.144307
326.920519 219.359826
326.743584 219.437809
327.130655 219.465505
327.182433 219.395418
327.262766 219.583244
327.350767 219.680507
327.329814 219.469998
327.128707 219.810834
327.236423 219.696430
327.100696 219.795189
327.582180 219.853694
327.708310 219.836228
327.984252 220.368800
327.405740 219.968098
327.846866 220.091120
327.808544 220.475972
327.697658 220.596388
328.051814 220.364278
328.335677 220.755235
328.117613 220.892512
328.192333 220.555278
328.336515 220.906164
328.424519 220.963621
328.528106 221.023471
328.613538 221.283707
328.657820 221.311637
328.677627 221.164583
328.599176 221.419479
328.912723 221.244691
328.774260 221.761848
329.096100 221.531239
329.127778 221.572284
329.202556 221.782542
329.031090 221.656087
329.372759 221.723255
329.541735 221.947409
329.445424 222.162362
329.596578 222.264018
329.533214 222.273387
329.811268 222.255771
329.739844 222.438898
329.995302 222.356684
330.014200 222.404799
329.783909 222.693686
330.082556 222.539690
330.024395 222.813706
330.283444 222.983036
330.344820 222.858912
330.544827 223.293265
330.457976 223.000022
330.549097 223.077396
330.417844 223.245098
330.697379 223.177983
330.931279 223.792410
330.893105 223.329736
330.923066 223.615393
330.984083 223.624937
331.127560 223.554637
331.241495 223.666050
331.498927 223.757898
331.039575 224.048123
331.192854 224.583390
331.644435 224.195575
331.404637 224.272451
331.725929 224.205715
331.608010 224.213665
331.836094 224.485063
331.768514 224.443935
332.046192 224.744380
331.997843 224.577041
332.167609 224.423013
332.070242 224.662834
332.148144 224.907745
332.465299 225.251563
332.618264 224.964715
332.489165 225.007437
332.583234 225.123468
332.699862 225.400698
332.612215 225.525491
332.860732 225.341977
332.725455 225.719773
332.761612 225.834631
333.290076 225.702984
333.109694 225.691592
333.002138 225.934369
333.137562 225.856436
333.620299 225.977684
333.753201 226.269554
333.586102 226.213035
333.827591 226.148925
333.532800 226.238615
333.518623 226.205327
333.702669 226.568092
333.908206 226.443857
333.842006 226.447080
333.819081 226.487452
333.829859 226.755233
334.213739 226.718246
334.247389 226.952546
334.410312 226.914019
334.446099 227.062247
334.208038 227.284226
334.628496 227.249363
334.709578 227.462302
334.507570 227.694245
334.688558 227.256229
334.580601 227.346576
334.938921 227.488994
334.817415 227.749387
334.782684 227.554920
335.487308 227.869019
335.211614 227.907431
335.355849 228.043282
335.428262 228.060983
335.506810 228.021270
335.474506 228.359227
335.502023 228.274485
335.526712 228.137326
335.650594 228.337336
335.920595 228.694745
335.881444 228.546142
335.985178 228.896443
336.231701 228.658222
336.279593 228.725480
336.329301 228.711683
336.136456 228.883740
336.358656 228.907726
336.451491 229.097299
336.441596 229.341249
336.739318 229.239661
336.766132 229.497407
336.966775 229.531628
336.814269 229.778509
336.923529 229.712855
337.121212 229.632695
337.257596 229.583255
336.932005 230.005812
337.395806 229.866859
337.433385 229.854315
337.698457 230.045819
337.411835 230.257926
337.787022 230.415154
337.428563 230.206569
337.703482 230.407361
338.028191 230.340818
337.884840 230.525912
338.120705 230.736625
337.880155 230.433801
338.173306 230.618886
338.444886 230.707880
338.408685 230.762705
338.766165 230.839707
338.399449 231.317537
338.885088 231.028891
338.572905 231.176465
338.736201 231.234515
338.811047 231.502838
338.764579 231.702051
338.685395 231.215539
339.196918 231.594840
339.306187 231.833457
339.238832 231.419040
339.400807 231.731586
339.423616 231.630441
339.379012 231.978724
339.564668 231.942465
339.733640 232.039864
339.756933 232.094676
339.753993 231.858354
339.951981 232.425903
339.819722 232.144772
340.094271 232.449047
340.074129 232.583908
340.064099 232.472029
340.194540 232.562637
340.517855 232.919320
340.368851 232.835937
340.831507 232.851400
340.520908 233.070163
340.813520 233.033644
340.804889 233.073308
340.634602 233.236134
341.074254 233.108090
341.061274 233.101252
341.083931 233.488166
341.358091 233.490785
341.119822 233.485598
341.468060 233.480958
341.598114 233.388168
341.291291 233.893566
341.641807 233.775936
341.623257 233.822705
341.722532 234.194723
341.556271 234.228618
341.949832 234.158376
342.188042 234.400614
342.059153 234.488878
341.946300 234.267787
342.422356 234.621158
342.247086 234.350628
342.454585 234.486491
342.121307 234.644237
342.391895 234.895847
342.399848 234.689756
342.894874 234.851156
342.977283 235.152563
342.727217 235.227062
343.082242 235.039635
342.840738 235.356114
342.965868 235.492946
343.317149 235.193576
342.929826 235.373320
343.446150 235.303181
343.485566 235.351694
343.721048 235.676154
343.970209 235.773352
343.969246 235.988547
343.854803 235.635957
343.926873 235.845993
343.999825 235.887190
344.137041 236.067030
344.063643 236.174703
343.746210 236.351828
344.251501 236.571134
344.421405 236.627866
344.312894 236.413158
344.409243 236.605629
344.721011 236.332622
344.772237 236.565014
344.588145 236.579506
344.910049 236.724460
344.970501 236.828643
344.983216 236.751542
345.036277 237.197566
345.244790 237.243606
345.248937 237.414786
345.193478 237.472382
345.636806 237.172649
345.648884 237.364852
345.755667 237.598497
345.883399 237.417051
345.537045 237.522069
345.708093 237.651997
345.905050 237.666203
346.192755 237.941578
346.215179 237.797982
346.169632 238.213946
346.125767 238.018023
346.418956 238.087636
346.706019 238.117902
346.620105 238.183578
346.552711 238.310279
346.855054 238.408040
346.959775 238.528300
346.801542 238.447911
346.661333 238.633650
347.141143 238.683650
347.146177 238.981287
347.202644 238.861758
347.283089 238.940778
347.148242 238.796032
347.287351 239.150019
347.394153 239.060035
347.733455 239.033914
347.484704 239.041350
348.034725 239.305353
347.758707 238.999631
347.996001 239.369251
347.821248 239.785402
348.248176 239.571123
347.975863 239.988389
348.493431 239.986205
348.493343 239.824784
348.389122 239.886503
348.811287 239.944675
348.465068 240.038587
348.614560 240.367959
348.615264 240.042021
348.846557 240.046711
348.565164 240.183554
348.868992 240.441281
349.342293 240.537503
349.070104 240.542281
349.403872 240.582891
349.222619 240.609074
349.616051 240.798791
349.628840 240.757019
349.634194 240.839489
349.704588 240.768497
350.056736 240.950838
349.873864 240.929464
349.897091 240.824896
350.188463 241.229541
349.991887 241.363456
350.194395 241.258116
350.063900 241.316960
350.506024 241.488892
350.292918 241.530105
350.591672 241.671363
350.501615 241.574108
350.722585 241.852568
351.060994 241.833490
350.703472 241.886730
351.015671 241.888115
350.910870 241.919183
351.240905 242.224378
351.182673 242.066070
351.419776 242.320502
351.643417 242.279934
351.685746 242.366860
351.437396 242.609253
351.806004 242.655857
351.919445 242.698743
351.808229 242.390243
351.880618 242.756025
351.975317 242.886518
352.360894 242.873139
352.102084 243.172083
352.292344 243.023924
352.074981 242.833416
352.630776 243.217054
352.771549 243.568894
352.654838 243.297450
352.729242 243.391364
353.002459 243.327112
353.167044 243.213586
353.095107 243.764166
353.147023 243.733917
353.018830 243.956898
353.450345 243.666977
353.081669 243.698485
353.367718 243.610246
353.575862 244.051032
353.641175 244.007847
353.893515 244.153594
354.144167 244.082664
353.932789 244.121126
353.938708 244.443607
354.138602 244.540330
354.291737 244.339464
353.825461 244.196560
354.633865 244.405539
354.581862 244.560357
354.373837 244.813870
354.728600 244.902445
354.598798 244.962970
354.780194 245.183626
354.907227 245.115012
354.726868 245.299562
355.265847 244.975501
355.311170 245.045141
355.236959 245.179470
355.068840 245.275689
355.297655 245.534807
355.299730 245.350554
355.403915 245.616472
355.680371 245.691201
355.634067 245.663056
355.965059 245.642091
355.847559 245.786285
356.062465 245.837335
355.890354 245.814711
356.008333 246.396338
356.291055 245.766686
356.287953 245.912596
356.785243 246.245693
356.452577 246.403390
356.763143 246.171141
356.543948 246.155375
356.742554 246.400361
356.845043 246.566363
357.013261 246.528205
357.193106 246.331966
357.129421 246.485451
357.294157 246.861896
357.216534 246.482981
357.707625 247.073274
357.682302 246.775720
357.677244 247.032608
357.732976 247.258261
358.101572 247.148458
357.915845 247.399623
357.955283 247.235805
358.047928 247.580437
358.331968 246.991925
358.489397 247.409946
358.100528 247.702296
358.467548 247.582132
358.482486 247.845061
358.682350 247.578976
358.385155 247.619725
358.673773 247.738660
359.011663 247.704585
358.891339 248.163838
358.879478 248.077262
359.046176 248.379290
359.263030 247.965528
359.111707 248.062607
359.188215 248.390128
359.251165 248.380525
359.586986 248.583794
359.882847 248.649541
359.635127 248.504058
359.652125 248.877014
359.900727 248.847432
360.136888 248.618803
359.970146 248.716555
360.114685 248.775207
360.473860 249.057632
360.633829 248.684097
360.283997 248.930691
360.884308 249.405040
360.559185 249.126472
360.758143 249.454846
360.912164 249.467659
360.939354 249.190801
360.870309 249.249533
361.207412 249.575060
361.509385 249.566804
361.272198 249.441717
361.384693 249.725931
361.111038 249.506048
361.333748 250.028232
361.746721 249.714037
361.780292 250.045202
361.738032 249.954494
361.881640 250.012439
362.026208 250.110041
361.989087 249.944548
362.207233 250.098188
362.263628 250.382847
362.271405 250.229330
362.490423 250.306530
362.469971 250.236037
362.418864 250.392128
362.881393 250.801200
362.747034 250.615668
362.982361 250.680384
362.844837 250.803899
363.177631 250.495370
363.246922 250.863563
363.126240 250.709796
363.545255 251.004981
363.741458 250.778674
363.458790 250.928194
363.502924 250.973759
363.713811 250.913888
363.703102 251.109632
364.064250 251.244917
364.066594 251.273407
363.944447 251.341026
364.305592 251.599251
364.445261 251.837615
364.667387 251.544589
364.428153 251.626513
364.569277 251.582560
364.403681 251.777345
364.620271 251.747975
364.581375 251.998419
364.692325 252.175452
364.862622 252.021028
365.074933 251.842093
365.074796 252.152446
365.206223 252.251558
365.350828 252.073303
365.480042 252.325777
365.656095 252.573402
365.531808 252.167476
365.889603 252.288319
365.842086 252.302179
365.856641 252.429506
366.058568 252.622988
366.032447 252.519405
366.326718 252.454142
366.255714 252.700399
366.421647 252.975898
366.556934 252.968440
366.473719 252.890338
366.444118 253.036916
366.585131 253.157221
366.809255 253.311862
366.857683 253.087316
366.817304 253.327390
367.173335 253.376995
366.920355 253.344703
367.545904 253.593925
367.261064 253.713589
367.308753 253.290309
367.748012 253.344866
367.695383 253.495607
368.071978 253.627770
368.144321 253.761022
367.834672 254.017343
368.077862 253.855190
368.212269 254.106664
368.025114 254.129772
368.088678 253.793029
368.194586 254.023855
368.501777 254.107933
368.313840 253.971630
368.795304 254.273832
368.595051 254.158018
368.996001 254.412341
368.564501 254.387239
368.959790 254.056707
369.391842 254.377871
369.364804 254.593092
369.362868 254.434937
369.346211 254.667810
369.561708 254.646778
369.536021 254.416226
369.915186 254.640794
369.960466 255.065384
370.279094 254.760707
369.730873 254.752506
370.422001 254.907402
370.277235 255.016685
370.251407 255.176838
370.670415 255.466262
370.542643 254.920923
370.708007 255.156119
370.586211 254.883649
370.944831 255.391091
370.870497 255.314582
371.077344 255.292196
371.193302 255.697147
371.188324 255.605473
370.908231 255.499398
371.008258 255.613623
371.532936 255.678035
371.465346 255.845966
371.577498 255.760001
371.711310 255.538837
371.746588 255.857827
371.825080 255.866306
372.202848 255.912322
372.086722 255.960873
371.946280 256.261102
372.249301 256.116491
372.264417 255.933333
372.329791 256.418909
372.722360 256.026592
372.543413 256.359817
372.976689 256.248921
372.683311 256.325184
372.907997 256.759695
373.092753 256.447191
373.066642 256.412612
373.154163 256.570218
373.423994 256.370054
373.464005 256.706846
373.452284 256.779795
373.690968 256.518377
373.717066 256.797206
374.069732 256.883355
374.036407 256.756250
374.106123 257.129828
374.199712 256.881405
374.364356 256.860774
374.335572 257.142990
374.342380 257.046576
374.464773 257.127459
374.871148 257.436658
374.922949 257.288494
374.758061 257.376150
374.964351 257.437648
374.776586 257.389376
375.184877 257.888200
375.059777 257.453221
375.178063 257.777003
375.362492 257.563773
375.429757 257.664776
375.563636 257.783630
375.730728 257.887268
375.940082 257.745419
375.789327 257.773204
375.953601 257.996986
376.087936 257.915415
375.962209 257.813643
376.047687 257.902994
376.252153 258.207963
376.493546 257.879713
376.264656 258.100537
376.687604 258.163692
376.673420 258.175592
376.895458 258.327266
376.842236 258.110665
376.986235 258.305969
377.078932 258.168231
377.400830 258.467377
377.420166 258.597203
377.469703 258.463923
377.348566 258.373266
377.647085 258.668329
377.724295 258.525290
377.724772 258.535367
377.575185 258.749907
377.708472 259.309484
378.096457 259.019935
378.255057 258.913616
378.054033 258.955117
378.571219 258.826301
378.575553 258.973528
378.640156 258.946828
378.761327 259.280637
378.672286 259.143660
378.882335 259.269481
379.107293 259.196561
378.972376 259.266222
379.146554 259.078974
379.280725 259.511246
379.311132 259.435428
379.315026 259.468796
379.462208 259.482203
379.476437 259.575787
379.855118 259.483558
379.794687 259.747872
379.841677 259.458865
380.049065 259.627640
380.114467 259.686076
380.214475 259.722553
380.181946 259.928465
380.328491 259.921497
380.706608 259.760008
380.529591 259.905717
380.616784 260.015014
380.590497 259.805184
380.774626 260.043461
381.025242 260.137875
380.996161 259.819070
381.231631 260.017643
381.288046 260.154605
381.185405 260.253699
381.464197 260.369925
381.560142 260.581341
381.498784 260.624979
381.984357 260.309183
381.637408 260.325409
381.872594 260.515653
382.111011 260.561616
381.848467 260.208386
382.241666 260.740527
382.335952 260.854881
382.243047 260.627115
382.687935 260.673534
382.814282 260.829491
382.662443 260.681467
382.601431 260.772688
383.195982 260.557968
382.985274 260.996435
383.145746 260.607725
383.185044 260.987366
383.327407 260.898070
383.400376 261.188743
383.363854 261.259494
383.509254 261.056345
383.672953 261.212698
383.993940 261.098470
383.616745 261.089004
383.758254 260.887691
384.024598 261.177981
384.160119 261.012916
384.375509 261.543342
384.329589 261.584681
384.236906 261.487949
384.697591 261.401015
384.701161 261.453594
384.631870 261.253380
385.025933 261.573869
385.048892 261.482213
384.942222 261.425298
384.965489 261.453688
385.368302 261.702497
385.335930 261.892015
385.387660 261.718997
385.831825 261.996862
385.886685 261.970271
385.635114 261.744129
385.775121 262.042742
385.769209 261.789822
385.978210 261.767576
386.036865 262.172005
386.387905 261.977247
386.189790 261.904600
386.505329 261.979969
386.550861 261.967279
386.718562 262.098561
386.872231 262.256330
386.968262 262.098278
386.977633 261.767837
386.984234 262.331713
387.166357 262.055961
387.089599 262.209895
387.270422 262.174183
387.621874 262.552268
387.629296 262.201020
387.912249 262.600125
387.757345 262.521736
387.747190 262.289436
388.237939 262.563552
388.071733 262.543048
388.186204 262.635700
388.439396 262.805910
388.232907 262.586059
388.473955 262.392029
388.819431 262.674777
388.443097 262.683334
388.704550 262.521587
389.060587 262.778954
389.017785 262.948809
389.300567 262.795504
389.042617 262.742330
389.340526 262.787031
389.411898 263.048889
389.682693 262.769560
389.532363 263.110132
389.582111 262.943685
389.832504 263.172456
389.804096 263.118655
389.967448 263.105609
390.065057 263.092129
390.000355 262.951450
390.121946 263.098073
390.392763 263.175676
390.559369 262.928737
390.647564 263.116128
390.452935 263.106830
390.890654 263.043772
391.089312 263.083118
390.948551 263.327751
390.945521 263.176262
391.268310 263.263432
391.154986 263.355258
391.404814 263.481631
391.397273 263.566053
391.542332 263.202871
391.544326 263.501276
391.797869 263.148633
391.690342 263.535456
392.054286 263.320566
392.149310 263.534917
392.197608 263.583623
392.343394 263.614219
392.517464 263.636581
392.661890 263.651262
392.549658 263.295237
392.819781 263.779505
392.560556 263.403279
392.897733 263.597604
392.965841 263.979271
393.096596 263.825230
393.270463 263.865895
392.976315 263.924082
393.744283 263.817971
393.670447 264.020967
393.871239 263.817679
393.972717 263.679775
393.853997 264.003901
393.896343 263.796489
394.199045 263.829414
394.121572 264.033189
394.178150 264.001143
394.292778 263.945035
394.315355 264.150629
394.689526 264.120122
394.545370 264.123132
395.057356 264.149798
394.630233 263.826672
395.110960 263.997093
395.025225 264.082935
395.122816 264.423708
395.343564 264.198255
395.250384 263.985353
395.498952 264.257153
395.283433 264.162615
395.440742 264.211023
395.823000 264.084395
395.857650 264.209182
396.087833 264.426113
396.149247 264.198518
395.944876 264.617199
396.245560 264.218827
396.283942 264.614807
396.313776 264.547778
396.282905 264.765355
396.693123 264.388750
396.639587 264.211595
396.820234 264.369580
397.054002 264.507990
397.093224 264.621387
397.389973 264.457669
397.122651 264.629074
397.269871 264.302933
397.320283 264.883572
397.692690 264.610674
397.596557 264.813381
397.805576 264.358120
397.549042 264.481675
398.094693 264.410935
397.902108 264.865300
398.562507 264.398891
398.155781 264.675794
398.331341 264.687318
398.196442 264.642481
398.625369 264.541100
398.784149 264.613319
398.716228 265.050117
398.703190 265.061843
398.778659 264.783244
399.183539 264.973691
399.050329 264.986819
399.531752 264.996131
399.194393 264.957701
399.646986 264.829527
399.940304 264.902415
399.705754 264.911842
399.916712 264.971915
400.090702 264.903898
399.855321 265.106145
400.126520 264.944511
400.308366 264.943739
400.473931 265.000119
400.604896 265.235297
400.710024 265.057585
400.860120 264.971354
400.719008 265.148715
400.877311 264.920556
400.943908 265.117610
400.945539 265.148462
401.024540 265.099776
401.502204 265.127252
401.566859 265.117731
401.770353 265.146761
401.740767 264.998206
401.683828 265.104163
401.775468 264.936617
401.720982 265.461075
402.027063 265.150283
402.334824 265.198686
402.412043 265.070709
402.314862 265.157195
402.440943 264.947710
402.729414 265.113199
402.687178 265.087203
402.831650 265.202583
402.801175 265.456050
403.065029 265.138864
403.087158 265.240691
403.416716 265.452241
403.382004 264.898807
403.252446 265.310986
403.297780 265.310283
403.367480 265.484312
403.705658 265.231128
403.637891 265.157349
403.618928 265.300547
404.022525 265.374497
404.117603 265.424471
404.323195 265.355081
404.412982 265.219937
404.449647 265.311871
404.614237 265.047157
404.889138 265.176029
404.871845 265.351281
404.763149 265.521906
405.051073 265.245228
404.875891 265.418126
405.258943 265.306289
405.462931 265.535859
405.592224 265.287202
405.382416 265.408660
405.610533 265.328772
405.497395 265.324731
405.783354 265.310931
405.815979 265.387202
405.893770 265.314698
406.253502 265.419324
406.385168 265.330439
406.082705 265.573030
406.716913 265.210120
406.631874 265.443107
406.472241 265.288535
406.301963 265.552806
406.801449 265.470361
407.230872 265.495971
407.155413 265.531464
407.098372 265.350172
407.353584 265.455039
407.404177 265.370122
407.762198 265.489346
407.790790 265.536929
407.710568 265.382318
407.892921 265.336945
408.200690 265.250130
408.075497 265.300016
407.981479 265.418559
408.377070 265.477467
408.236840 265.250746
408.495926 265.309443
408.698877 265.515994
408.715852 265.343320
408.343610 265.347647
408.788090 265.337574
409.003579 265.094353
409.034183 265.461160
409.205285 265.429567
409.039422 265.500677
409.428284 265.337322
409.363736 265.063988
409.475204 265.496410
409.906916 265.178596
409.990342 265.508987
410.031228 265.052698
409.905383 265.153463
410.276166 265.518978
410.210360 265.596908
410.342879 265.357084
410.541235 265.362991
410.655202 265.280047
410.605332 265.216600
410.671241 265.427842
411.025973 265.005067
410.954194 265.488928
411.061965 265.422283
411.398630 265.245802
411.105778 265.496520
411.354271 265.077316
411.729362 265.190905
411.550709 265.113264
411.696974 265.285613
411.730878 265.275484
411.763899 265.237334
412.080121 265.371627
412.171543 265.368863
412.165265 265.227884
412.673026 265.049089
412.381280 265.168075
412.517983 265.479344
412.568529 265.191347
412.815177 265.357334
412.797169 264.976372
413.106241 265.131651
413.165363 265.050784
413.201994 265.035351
413.236414 265.122503
413.529595 264.959363
413.689276 265.352730
413.837275 264.979517
413.864723 265.374931
413.945258 265.026852
413.900658 264.959760
414.118169 265.262784
414.195378 265.272632
414.245809 265.049733
414.345128 264.988004
414.811074 264.990476
414.661780 265.035596
414.888014 265.350028
415.012891 264.941837
415.169993 264.991269
415.046274 265.182327
415.201831 265.025100
414.912776 265.153098
415.260571 264.858512
415.451691 264.991570
415.676143 265.058530
415.740016 264.869151
415.901001 264.804744
415.826152 264.855068
416.119157 264.542952
416.115227 264.770138
416.412692 264.727697
416.505809 264.844649
416.391846 264.737057
416.487203 264.854294
416.549572 264.661528
416.780989 264.968142
416.955231 264.691748
416.893090 264.705880
417.175579 265.000777
417.278337 264.628757
417.062623 264.454456
417.655264 264.821184
417.674062 264.655900
417.597157 264.661565
417.831986 264.552024
417.792861 264.645888
418.037194 264.700451
418.182891 264.659064
418.133519 264.757210
418.192453 264.468836
418.436492 264.605685
418.735015 264.637721
418.407087 264.590268
418.590346 264.623126
418.716975 264.595579
418.919709 264.756435
418.805720 264.445050
419.047738 264.392565
419.079422 264.394895
419.503054 264.200500
419.340360 264.523077
419.424812 264.198563
419.530518 264.500508
419.863589 264.422748
419.843528 264.341031
420.018433 264.362456
420.018029 264.137405
420.609901 264.270023
420.380212 264.427945
420.223041 264.254916
420.483071 264.243157
420.569653 264.251840
420.753045 263.787734
421.012180 264.151818
421.042783 264.210859
421.303411 264.043826
421.385056 264.281286
421.225520 263.842406
421.565658 263.710617
421.709082 263.938998
421.680691 263.869874
421.842213 263.878576
421.877893 263.843468
422.308589 264.031527
421.992395 263.878153
422.297300 263.724040
422.423386 263.739737
422.370287 263.938585
422.555494 263.811471
422.864117 263.791831
422.845583 263.333362
422.962302 263.638442
422.642490 263.540756
423.180477 263.554214
423.237759 263.503894
423.298790 263.516308
423.643278 263.709711
423.563756 263.588696
423.392840 263.552120
423.734394 263.381484
423.960718 263.393536
424.262049 263.429615
424.095308 263.207475
424.362481 263.382527
424.371289 263.360432
424.488373 263.330865
424.715569 263.497520
424.722906 263.080193
424.712814 263.332031
424.875726 263.257578
424.954862 263.379115
425.063592 263.080220
425.167933 263.110862
425.020658 263.143911
425.324652 262.914164
425.352998 262.980580
425.231058 262.930206
425.851169 262.911736
425.641268 262.783778
425.938164 262.650299
425.897095 262.847813
425.982205 262.836401
426.303001 262.713106
426.262053 262.694139
426.426926 262.942231
426.473844 262.792285
426.616497 262.777661
426.826321 262.678658
426.731042 262.705578
427.218437 262.829038
427.210440 262.315641
427.182223 262.422247
427.368531 262.519384
427.500769 262.618997
427.420132 262.440382
427.394772 262.460598
427.656412 262.395501
428.263556 262.441971
428.298930 262.088111
428.124266 262.306360
428.103655 262.256970
428.267421 262.059064
428.354298 262.074654
428.408762 262.107780
428.965890 261.964572
428.660897 262.069315
429.027689 262.333725
429.255399 262.383752
429.274322 262.132602
429.236789 261.942421
429.386868 262.051622
429.612408 261.859928
429.622120 261.641567
429.593961 261.678785
429.964821 261.783983
430.018675 261.802791
429.760047 261.672853
430.378621 261.674239
430.209197 261.385771
430.704802 261.701741
430.589648 261.442432
430.480880 261.327355
430.657216 261.309193
430.996880 261.646694
431.021878 261.429990
430.974960 261.336494
430.998952 261.621647
431.297511 261.413982
431.098017 261.330322
431.561884 261.305643
431.552501 261.445605
431.729643 261.071954
431.859397 260.940113
431.840661 260.996986
431.592163 261.033916
432.273366 260.829772
432.374334 260.948434
432.507041 260.704263
432.740427 260.747885
432.672782 260.711990
432.378779 260.588802
432.836248 260.536374
432.800935 260.459772
432.864667 260.327487
432.924474 260.411045
433.317630 260.245388
433.346862 260.722052
433.340455 260.451659
433.678914 260.313218
434.127556 260.237605
433.973802 260.336056
433.931514 260.118701
434.091471 260.013621
434.176050 260.052366
434.389619 260.049576
434.378647 260.106423
434.313446 259.967956
434.554905 259.803856
434.643458 259.968497
434.874797 260.015520
434.946389 259.799056
434.884658 260.066844
434.865827 259.839445
435.326911 259.824458
435.688889 259.705467
435.534562 259.665540
435.691621 259.423949
435.869621 259.445134
435.546364 259.613119
435.852882 259.602545
436.056264 259.430119
436.054867 259.435196
436.288314 259.288797
436.351695 259.190735
436.288589 259.117048
436.901770 259.329862
436.758477 258.860621
436.802490 259.013390
436.939824 259.036607
437.158918 258.900221
437.017567 258.606844
437.117878 258.967772
437.658499 258.844542
437.443042 258.751490
437.187589 258.441543
437.477546 258.429752
437.831506 258.647626
437.542569 258.812188
438.179830 258.585274
437.997573 258.286206
438.307029 258.249127
438.546620 258.385239
438.457140 258.466771
438.561783 258.135221
438.514828 258.004529
439.094080 258.152545
438.801118 257.841938
439.083116 257.856279
439.018048 257.927267
439.213270 257.734582
439.405647 257.723915
439.607765 257.760280
439.539949 257.817176
439.755441 257.734148
439.991169 257.705028
439.980978 257.602856
439.959369 257.526462
440.382972 257.558868
440.189573 257.206389
440.345743 257.175932
440.644217 257.427549
440.779650 257.154168
440.413195 256.980171
440.868946 257.272993
441.024404 257.070350
441.071177 257.046758
441.451736 256.995478
441.274767 256.977037
441.168730 256.826459
441.312496 256.907032
441.577754 256.779284
441.544182 256.995963
441.723291 256.652330
442.118290 256.434468
442.057905 256.456548
442.253336 256.050525
442.139145 256.443401
442.486065 256.290420
442.596964 256.163192
442.327646 255.948698
442.939355 255.985636
442.627959 256.184343
442.804412 255.823005
443.122287 255.798598
443.362261 255.878592
443.382412 255.656722
443.448202 255.884358
443.395298 255.486376
443.456632 255.624774
444.120647 255.263756
443.709690 255.372720
443.642859 255.590441
444.143760 255.225101
444.168871 255.134316
444.073760 255.195977
444.560737 255.230979
444.368042 255.246360
444.701162 254.902768
445.018793 254.764467
445.059160 254.834001
445.011447 255.005142
444.971023 254.722729
445.154160 254.954002
445.440038 254.708243
445.542725 254.552346
445.543253 254.735856
446.031861 254.580061
445.643964 254.468703
445.557761 254.516880
446.052252 254.176284
446.200923 254.050264
446.086407 254.245785
446.608118 254.012484
446.384428 253.925226
446.540087 253.928469
446.796296 253.882692
446.740521 253.717765
447.001046 253.828045
447.224371 253.674282
447.056464 253.785019
447.329112 253.768027
447.562185 253.586520
447.514625 253.403927
447.769990 253.526994
447.701091 253.495457
447.752433 253.069857
448.023344 253.081027
448.087602 253.126112
448.283429 252.944288
448.096914 252.878177
448.781466 253.036254
448.711797 252.577104
448.730899 252.718746
448.781219 252.383021
449.212086 252.441289
449.084870 252.610484
449.258819 252.608219
449.218587 252.194824
449.461555 252.442442
449.403738 252.277229
449.562390 252.007440
449.568003 252.133643
449.982543 251.916148
450.046263 251.814071
450.234161 251.802846
450.185881 251.773857
450.110736 251.857239
450.287594 251.539263
450.689918 251.542656
450.470275 251.592439
450.471789 251.569658
450.922223 251.442233
450.932219 251.162500
451.085265 251.382072
451.157174 250.861753
451.665974 251.225369
451.380236 251.173845
451.611748 250.789621
451.595428 250.657437
451.627455 250.650244
451.962903 250.694621
452.058314 250.578179
452.380321 250.470811
452.053280 250.295647
452.466822 250.005243
452.414586 250.217343
452.598838 250.019647
452.532456 250.081608
452.830854 250.163394
453.070950 249.947094
452.830393 250.051130
453.336751 249.853083
453.118818 249.834625
453.340747 249.524514
453.431895 249.518250
453.394180 249.845416
453.703975 249.485543
453.679631 249.376816
453.773876 249.367636
454.135615 249.239649
454.199763 249.134223
454.189331 249.025241
454.446211 248.897688
454.355726 248.537905
454.727160 248.665119
454.740993 248.554080
454.867583 248.652457
454.726915 248.775617
455.041629 248.515981
455.147249 248.235320
455.179955 248.539736
455.164003 248.114575
455.630087 247.877329
455.383125 247.946151
455.639116 247.804666
455.680226 247.797199
456.112263 247.600527
456.353574 247.754392
455.950151 247.690272
456.251381 247.548473
456.704013 247.567898
456.425563 247.291856
456.433587 247.268255
456.594648 247.301783
456.811692 247.272008
456.696977 246.886111
457.137986 246.944665
457.057389 246.656857
457.429560 246.569079
457.507131 246.650555
457.493255 246.463976
457.920418 246.385375
457.293546 246.349574
458.043247 246.295360
457.936522 246.465279
458.106013 246.017584
458.154641 246.008999
458.373419 246.151509
458.499143 246.018690
458.463596 245.884389
458.386021 245.490285
458.751688 245.689107
458.940917 245.428145
458.817608 245.503168
458.708622 245.314789
459.156329 245.272962
459.350668 245.206231
459.552961 245.233470
459.744801 245.098831
459.725484 244.886224
460.059305 244.760055
459.899476 244.445096
460.111691 244.657325
460.345734 244.437651
460.132971 244.200272
460.397773 244.280306
460.580459 244.272879
460.763895 244.306072
460.797562 243.728363
460.775271 244.067201
460.838443 243.645143
460.981023 243.777206
461.122852 243.571472
461.122395 243.795279
461.559197 243.287289
461.169967 243.387699
461.544757 243.313343
461.684887 243.210261
461.936139 242.800385
461.993592 242.800561
462.131339 242.957105
462.197296 242.910676
462.454379 242.925595
462.205060 242.641400
462.722404 242.567994
462.651034 242.506229
462.892155 242.593534
463.122121 241.884197
463.010428 242.283555
463.072419 242.045896
463.303712 241.705619
463.047727 242.111199
463.288598 241.652191
463.680268 241.715640
463.643552 241.606823
464.080779 241.598006
463.824646 241.311657
464.023990 241.256286
464.252588 241.106807
464.391013 240.957950
464.427848 241.302708
464.797833 240.701943
464.340616 240.571100
464.946150 240.524515
464.887798 240.521183
465.120037 240.387343
465.035731 240.143188
465.214275 240.215195
465.362051 240.184045
465.364037 240.253710
465.565825 240.183272
465.502250 239.700817
465.614472 239.372741
465.784788 239.547789
465.876501 239.644558
466.247500 239.312765
466.348730 239.183864
466.386240 239.005162
466.332246 239.092626
466.394782 238.893754
466.976669 239.069681
466.873123 239.071238
466.996548 238.815842
467.127106 238.560683
467.012301 238.085202
467.224405 238.380408
467.407609 238.140355
467.625838 238.205364
467.780667 237.957451
467.977233 237.914889
468.122005 237.617451
468.276608 237.901550
468.058334 237.562983
468.224294 237.701173
468.332363 237.037094
468.465388 237.453518
468.556270 237.264623
468.698439 236.825009
468.958563 236.880819
469.185670 236.836942
469.086710 236.696321
469.041794 236.629466
469.263925 236.521738
469.265637 236.082470
469.501187 236.112221
469.738997 236.404469
469.922578 236.059630
469.795714 235.887698
470.008287 235.763764
470.166509 235.777821
470.238204 235.552291
470.292656 235.580277
470.225467 235.482580
470.775719 235.353267
470.631704 235.052441
470.781297 234.828143
470.967598 234.831958
470.894442 234.594032
471.197379 234.866944
471.253206 234.666256
471.480923 234.774911
471.410520 234.434517
471.613924 234.339421
471.559806 234.258115
471.785506 233.976533
471.875886 233.717039
472.182986 233.710512
472.324483 233.601713
472.470749 233.556558
472.313840 233.632929
472.604925 233.195811
472.569462 233.169002
472.653641 233.170568
472.941489 232.886219
472.890925 233.096716
473.329198 232.672556
473.255933 232.590672
473.248284 232.806491
473.373212 232.455985
473.319736 232.193182
473.704094 232.242234
473.770152 231.904078
474.021196 231.820362
473.846041 231.985900
474.068850 231.465141
474.338800 231.645835
474.556533 231.307068
474.484582 231.425243
474.716005 231.111467
474.880656 231.221770
474.988396 231.109804
475.043247 230.962689
474.793945 230.692553
475.345970 230.704765
475.337709 230.466418
475.468513 230.190473
475.598654 230.339551
475.496112 230.228653
475.718302 230.005679
475.885978 229.763151
475.794656 229.379787
476.087370 229.718411
476.259161 229.565318
476.323230 229.411486
476.469993 229.282472
476.461508 229.420754
476.759778 228.884518
476.889712 228.995408
476.986587 228.803405
477.076734 228.516673
476.971251 228.765629
477.268118 228.246075
477.300295 227.886290
477.416453 228.407667
477.668144 227.905068
477.704305 228.071198
477.953208 227.983475
478.101087 227.877571
477.964580 227.542316
477.946536 227.411103
478.480390 227.547263
478.382395 227.396554
478.690788 227.105393
478.820865 226.979863
478.982224 226.845615
479.015215 226.686803
479.018664 226.694996
479.053980 226.548218
479.064188 226.282381
479.204230 226.280617
479.487976 226.128607
479.583650 226.021839
479.617137 225.984412
479.643822 225.863843
479.977862 225.384821
480.291677 225.458784
480.143827 225.232028
480.335554 225.285619
480.530205 224.855664
480.333838 224.697628
480.853323 224.767266
480.528807 224.346177
480.962847 224.438772
481.102823 224.397664
481.183795 224.241509
481.005670 224.266384
481.479163 224.089532
481.445184 223.819879
481.494639 223.607622
481.751268 223.483749
481.976460 223.367956
482.089783 223.214764
481.858769 223.333898
482.105194 223.013810
482.265776 222.975987
482.604343 222.848053
482.416606 222.535577
482.718233 222.657922
482.623947 222.138948
482.784485 222.264715
482.981925 222.237445
483.061725 221.804902
483.179392 221.628183
483.353528 221.799701
483.452037 221.476587
483.752777 221.202335
483.564127 221.676033
483.682713 221.217445
483.907884 220.738263
484.053459 220.820683
484.051804 220.777818
484.195750 220.456201
484.322865 220.326114
484.809977 220.218502
484.669515 220.173009
484.613035 220.132813
484.817257 220.008516
484.712170 219.621201
484.738331 219.597075
485.223863 219.227902
485.177546 219.469556
485.329589 219.188361
485.674102 219.033838
485.822407 218.879506
485.799911 218.721249
485.874623 218.588578
485.987040 218.438333
486.190480 218.256270
486.329257 218.151760
486.370332 217.921647
486.528615 217.817591
486.496782 217.993665
486.623335 217.700345
486.867798 217.546542
487.108817 217.463345
486.820801 217.167343
487.217800 216.880483
487.212455 216.858031
487.231093 216.659062
487.557887 216.731635
487.531382 216.562667
487.804871 216.650575
488.021614 216.009075
488.314162 215.963288
487.972252 215.794463
488.231752 215.630783
488.213271 215.725688
488.304832 215.472399
488.291536 215.230007
488.708851 215.167219
488.919193 215.289651
488.961948 214.887488
489.246156 214.903237
489.218702 214.645107
488.996442 214.251650
489.397596 214.445549
489.279096 214.192475
489.615358 214.126133
489.817920 213.846000
489.835103 213.554124
490.185368 213.563110
490.125733 213.550251
490.231081 213.183657
490.447913 213.158206
490.513091 212.995787
490.306053 212.771103
490.634498 212.844853
490.816969 212.662138
490.627654 212.403278
490.812058 212.081667
491.068038 212.111844
491.201023 211.558012
491.238677 211.648631
491.642293 211.680975
491.532369 211.590396
492.021319 211.495617
491.746174 210.873389
491.913031 211.174602
491.871728 210.984191
492.297749 210.508800
492.336965 210.407560
492.279658 210.395585
492.303121 210.339760
492.884738 210.147591
492.839169 209.980120
492.902860 209.745346
493.109114 209.644810
493.312663 209.453458
493.291360 209.452716
493.413234 209.112068
493.506179 208.974177
493.692564 208.980529
493.609460 208.912855
493.907898 208.587588
494.012122 208.690726
493.895630 208.438217
494.087825 208.058547
494.144559 207.831647
494.507552 207.621281
494.234001 207.471444
494.338666 207.138335
494.828445 207.169814
494.956981 207.103250
494.937949 207.142172
495.236650 206.385177
495.261205 206.510620
495.375759 206.784889
495.678180 206.200166
495.434993 206.141319
495.754008 206.219167
495.761716 205.798903
496.052153 205.776630
496.043279 205.503264
496.248836 205.209292
496.485096 205.200780
496.518220 205.097674
496.207943 204.730231
496.601928 204.565763
496.746183 204.837233
496.706168 204.519639
496.667255 204.083460
496.921482 204.180077
497.330880 203.634729
497.183589 203.519698
497.297441 203.395561
497.567998 203.204448
497.711043 202.972792
497.961628 203.200462
498.085021 203.147096
497.853812 202.673795
498.081486 202.576393
498.160353 202.397598
498.435919 201.972785
498.268080 202.006069
498.856955 201.662900
498.798453 201.742956
499.004508 201.392757
499.020874 201.715219
499.119875 201.135126
498.859512 200.976881
499.524642 201.030442
499.634216 200.820975
499.682048 200.804195
499.528041 200.501417
499.962383 200.157535
499.960429 200.218497
499.579694 199.774673
500.174267 199.993378
500.161768 199.818948
500.562023 199.335330
500.643051 199.177686
500.507975 198.956557
501.006412 198.978906
500.845239 198.790936
500.878713 198.737290
500.862572 198.077685
501.357035 198.159289
501.281658 198.115979
501.520776 197.683637
501.337738 197.902082
501.585137 197.566745
501.747966 197.362945
501.714332 197.187077
501.898478 197.252271
502.226977 196.857098
501.998455 196.630633
502.598399 196.725665
502.673831 196.217499
502.647563 196.095789
502.542020 196.336025
503.045911 196.070263
502.978288 195.550263
503.187878 195.686893
503.228711 195.063757
503.259250 195.497261
503.593524 194.780792
503.665745 195.046287
503.876732 194.658266
503.568596 194.464673
504.012331 194.225758
504.079575 194.131996
504.268973 193.938639
504.256969 193.841148
504.427501 193.800026
504.597015 193.180791
504.946422 193.312413
504.670245 193.114458
504.786638 192.852830
504.900041 192.682753
505.053147 192.498454
505.095517 192.422608
505.222796 192.121969
505.266665 191.936014
505.453758 191.882902
505.628218 191.555611
505.753255 191.509586
505.713162 191.308835
505.974626 191.212900
506.072656 190.786828
506.323306 190.884695
506.488731 190.418431
506.346334 190.330177
506.514642 190.206366
506.861161 189.875789
506.966413 189.567222
507.303691 189.490839
506.724850 189.368614
507.398552 189.432958
507.626548 189.196073
507.341299 188.860424
507.609618 188.764686
507.566312 188.620043
507.978725 188.676671
507.644872 188.507388
508.076904 188.374184
507.958883 187.970405
508.363059 187.615782
508.469237 187.986651
508.635269 187.199810
508.642147 187.182679
508.603316 187.028828
508.549853 186.904737
509.043859 186.571836
508.845926 186.442331
509.291509 186.198367
509.324035 186.187206
509.527212 185.731463
509.427325 185.853261
509.601013 185.389539
509.690231 185.271795
509.930604 185.013954
510.231770 184.996125
509.970466 184.787529
510.354219 184.603264
510.198243 184.105052
510.283491 184.286583
510.841623 183.846106
510.655878 183.625416
510.450717 183.586125
511.152643 183.555715
510.818714 183.002429
511.290565 182.926926
511.282400 182.800227
511.429865 182.843480
511.574183 182.469285
511.366040 182.225589
511.474122 182.119430
511.747794 181.848773
511.699533 181.852825
512.199018 181.404828
512.391947 181.143229
512.400857 181.360274
512.402192 180.999304
512.567156 181.023053
512.682145 180.576331
512.811955 180.198283
512.853781 180.046071
512.797186 179.571674
512.894793 179.885332
512.944695 179.829562
513.364656 179.586358
513.483646 179.158649
513.622226 178.910991
513.888354 178.858667
514.066029 178.808249
514.024078 178.661005
514.009812 178.354003
514.393794 178.071131
514.270738 177.866448
514.172212 178.081310
514.728937 177.411673
514.563894 177.353262
514.946665 177.206514
514.921805 176.892780
514.863996 176.662633
514.968519 176.623646
515.182618 176.305101
515.117158 175.993750
515.432737 176.094790
515.471891 175.662194
515.658522 175.536136
515.973480 175.612740
516.048365 175.181890
516.234150 174.996332
516.122678 174.536479
515.874321 174.451123
516.196484 174.227173
516.376168 174.156499
516.829747 174.190287
516.605719 173.973955
516.639626 173.550710
516.893262 173.270173
516.903643 173.225063
516.936106 173.041163
517.514114 172.649813
517.301661 172.621124
517.687096 172.657911
517.544585 172.256781
517.868272 172.212122
517.880179 171.740558
517.925898 171.488711
518.205257 170.988524
518.443186 171.248272
518.538211 170.935732
518.337084 170.733616
518.721686 170.731049
518.868298 170.269053
518.814274 170.072097
519.014205 169.840852
518.909180 169.670719
519.180321 169.283833
519.074859 169.300423
519.629076 169.143498
519.420369 168.696767
519.489564 168.905257
519.927192 168.382892
520.049166 168.141272
519.809227 168.276853
520.030691 168.062453
520.446437 167.766892
520.503696 167.788290
520.572980 167.525235
520.648999 167.002918
520.769314 167.058606
520.664994 166.722957
521.105424 166.696886
520.969782 166.211974
521.167515 166.436532
521.176261 165.635881
521.543629 165.436428
521.560139 165.353611
521.800641 165.170625
521.900709 164.918389
521.979581 164.916310
521.958685 164.843447
522.173626 164.359414
522.223977 163.960065
522.408426 163.952190
522.579344 163.731795
522.645842 163.555173
522.771934 163.328701
522.741125 163.025262
522.726418 162.801626
523.258941 162.913434
523.202838 162.498723
523.217785 162.175193
523.582608 162.139036
523.112902 161.849129
523.784048 161.623015
523.849163 161.484626
523.608353 161.277785
523.998795 160.953614
524.139060 161.035304
524.346786 160.779266
524.102736 160.397914
524.480860 160.167941
524.359822 160.008553
524.821679 159.828360
524.707891 159.372369
524.874691 159.390617
525.050236 159.048460
525.064841 159.046812
525.100229 158.746869
525.310627 158.557657
525.441359 158.138391
525.785161 157.884413
525.405690 157.895166
525.699199 157.619517
525.662505 157.552418
526.405321 157.314132
526.128008 157.279797
526.202515 156.571500
526.673383 156.791987
526.515416 156.304440
526.520252 156.258529
526.464382 155.667983
526.997491 155.833005
526.916812 155.485780
527.076126 155.180507
527.082552 155.058860
527.515300 155.035653
527.141422 154.557676
527.496964 154.462144
527.752452 154.273011
527.879745 153.698284
527.849770 153.756934
527.896036 153.746024
527.862702 153.285778
528.090257 153.127674
528.332891 152.944653
528.340052 152.644677
528.463500 152.629008
528.616950 152.034957
528.717157 152.147549
529.200692 151.698953
528.958200 151.753536
529.100368 151.255255
529.547581 151.369252
529.735334 150.664993
529.579368 150.506562
529.594450 150.502020
529.934409 149.959700
530.126213 150.059443
529.906530 149.843206
530.032151 149.455867
530.290289 149.299819
530.552206 148.881047
530.570104 148.636541
530.599179 148.609420
530.813039 148.432545
530.891189 148.225464
530.779703 147.838555
531.052042 147.819007
531.043043 147.808447
531.109233 147.284590
530.951709 146.829977
531.310000 146.868308
531.871594 146.263248
531.746065 146.568830
531.727902 146.059180
532.153305 145.889170
532.074336 145.744221
532.059463 145.638883
532.289118 145.187489
532.341328 145.127081
532.703798 144.777940
532.673768 144.511197
532.491833 144.296661
532.865420 144.046505
533.081405 143.954790
533.283303 143.913847
533.347711 143.466271
533.457363 143.312694
533.515914 143.007489
533.570252 142.892629
533.809477 142.748468
533.764991 142.325668
533.998978 142.234823
533.964627 141.852137
533.889886 141.702079
534.397776 141.299446
534.267426 141.394904
534.352245 141.100151
534.459632 140.724931
534.953631 140.207621
534.740967 140.434177
534.692713 140.000164
534.987092 139.642438
535.335996 139.443186
535.278217 139.175499
535.322272 139.063320
535.457296 138.888648
535.590105 138.638876
535.720429 138.303853
535.929983 137.927922
536.184728 137.832353
536.472023 137.619624
536.338730 137.405116
536.426851 137.405311
536.260917 136.913452
536.547778 136.454932
536.914668 136.462892
536.862734 136.087267
536.726337 135.952586
537.042373 136.016528
537.148879 135.683031
537.123012 135.166147
537.378235 135.319654
537.566276 134.825353
537.480828 134.607754
537.565578 134.502176
537.681112 133.987155
538.024931 133.873502
538.106422 133.592298
538.359367 133.402046
538.284152 133.349586
538.503658 132.757793
538.337610 132.606088
538.706235 132.671784
538.887130 132.021005
538.777727 132.084982
539.008250 131.861717
539.203150 131.611435
539.349131 131.236473
539.153462 131.066533
539.574304 130.970741
539.662452 130.537259
539.503417 130.287853
539.882931 130.083585
540.063806 130.122375
540.017515 129.593245
540.171679 129.276395
540.321472 128.892376
540.272501 128.914111
540.563230 128.622409
540.397366 128.392179
540.995043 128.104551
540.643156 127.958090
540.808604 127.679370
541.109935 127.735060
541.123908 127.115843
541.183604 127.004456
541.296171 126.656958
541.773933 126.635808
541.625167 125.766643
541.749597 125.944083
541.830168 125.926694
542.158115 125.457528
542.198394 125.044581
542.131877 125.039828
542.571491 124.944102
542.479242 124.672992
542.495996 124.023316
542.676591 124.073223
542.885916 124.011461
542.928303 123.369780
542.879921 123.291657
543.239024 123.138045
543.011217 122.904003
543.332810 122.530892
543.381007 122.319023
543.726467 122.142430
543.584242 121.911099
543.744842 121.609141
543.996691 121.382599
544.110720 121.179017
544.202424 120.990132
544.426156 120.814446
544.320972 120.254489
544.270890 120.211915
544.794014 119.986138
544.713515 119.606272
544.945136 119.522457
545.008836 119.244347
545.231988 119.092702
544.945497 118.758451
545.106609 118.140076
545.422696 117.834530
545.582492 118.131607
545.624184 117.643301
545.600235 117.365374
545.760907 117.344179
545.883761 116.796137
546.282207 116.494750
546.212115 116.366987
546.325581 116.064391
546.527801 116.008070
546.599174 115.464803
546.598704 115.375852
546.760719 115.200420
546.668568 114.566510
547.071626 114.780857
547.311430 114.637412
547.031743 114.051327
547.078296 114.217967
547.404397 113.391542
547.795397 113.521260
547.531058 112.944709
547.846393 113.133659
547.846659 112.619248
547.965273 112.245737
548.206621 112.165014
548.327060 111.889742
548.341917 111.806352
548.396502 111.500421
548.508810 111.238633
548.800604 110.841508
549.174756 110.695233
549.134995 110.211919
549.499946 110.198770
549.306221 109.804049
549.220093 109.683820
549.412575 109.534581
549.693657 109.180168
549.840307 108.939635
549.888002 108.558037
549.867072 108.313482
549.970776 108.158951
550.031200 108.038507
550.299150 107.488888
550.280319 107.611069
550.521713 106.854081
550.461728 106.715457
550.611664 106.421743
550.755741 106.360906
550.624948 105.807437
550.837090 105.866327
551.280253 105.400039
550.994797 105.485055
551.303667 105.044859
551.225708 104.814325
551.694992 104.474517
551.581507 104.259213
551.781453 104.129693
552.114781 103.876102
552.003010 103.599672
552.264161 103.302138
552.263097 102.654104
552.302305 102.656393
552.783342 102.455006
552.621331 101.955794
552.806516 101.968271
552.803153 101.553431
553.006020 101.511198
552.850302 101.046552
553.222798 100.628574
553.170360 100.601007
553.598897 100.357541
553.708309 100.012393
553.494090 99.810710
553.862552 99.569446
553.820461 99.430632
553.937921 99.061750
554.332655 98.828097
554.037609 98.616860
554.249067 98.337575
554.411739 97.860907
554.485930 97.653551
554.521401 97.384358
554.541396 97.122003
554.737511 97.019063
554.843955 96.679451
555.135333 96.380017
555.273475 96.104847
555.141772 95.569154
555.446244 95.716776
555.660739 95.004558
555.518689 95.084251
555.599660 94.833647
555.878148 94.456124
555.806644 94.151614
556.189801 93.775613
556.151855 93.718831
556.453636 93.427290
556.299824 93.238415
556.431311 93.088612
556.649398 92.379682
556.943483 92.442101
556.827624 92.045564
556.978603 91.875002
556.979934 91.412862
556.860524 91.212615
557.533386 91.140421
557.443285 90.477954
557.461552 90.418533
557.768533 90.239505
557.822883 89.967892
557.889606 89.656943
557.856647 89.317732
558.150050 89.044126
558.352159 88.648709
558.466037 88.558590
558.086170 88.073021
558.415889 87.917771
558.731212 88.003900
558.671171 87.291229
558.751291 87.402356
558.964127 87.151679
559.066670 86.778593
559.255633 86.581885
559.505476 86.242414
559.443302 86.027912
559.627378 85.765366
559.779166 85.599987
560.009797 85.058614
559.739581 84.721020
560.436887 84.300604
560.103712 84.296922
560.161159 83.695571
560.433364 83.880515
560.684409 83.454090
560.742803 83.225413
560.412520 82.897499
560.711966 82.628172
560.955853 82.404686
561.146055 82.290490
561.403746 81.876941
561.202737 81.508380
561.680880 81.134307
561.725503 80.915122
561.606489 80.960561
561.698463 80.263825
561.551806 80.008220
561.951931 79.748598
562.077359 79.692427
562.525104 79.301191
562.234693 78.898489
562.096297 78.531983
562.641277 78.453659
562.709334 77.987410
563.042548 77.916428
562.916586 77.624697
563.091010 77.619877
562.744960 77.243462
563.040089 77.015012
563.438106 76.510239
563.208768 76.384667
563.465309 76.050766
563.726274 76.006922
563.706958 75.533249
563.653713 75.236343
564.172844 75.091214
564.124806 74.530042
564.329780 74.477435
564.449556 74.213897
564.455131 73.861659
564.664708 73.396386
564.378315 73.116605
564.586237 72.887904
564.895588 72.652352
564.914248 72.273531
565.257354 72.063888
565.287328 71.680978
565.313085 71.595801
565.237162 71.489566
565.479008 71.286346
565.643999 70.588584
565.688533 70.496023
566.000998 70.052688
565.992850 70.008558
566.230339 69.475138
566.034887 69.287828
566.221017 69.104340
566.562972 68.689891
566.633683 68.320855
566.545704 68.135577
566.518070 67.686824
567.036724 67.540433
566.896608 67.563712
566.965608 67.155398
567.141929 67.002384
567.434808 66.540394
567.362187 66.281597
567.686061 65.961631
567.671671 65.713954
567.855689 65.364022
567.844662 64.817073
567.781631 64.916756
568.174058 64.654199
567.922893 64.126059
568.302941 64.142835
568.207949 63.639476
568.259070 63.187819
568.678255 63.194199
568.259184 62.879746
568.827352 62.372955
568.794867 62.178085
569.007002 61.926889
569.124355 61.778308
569.362863 61.218451
569.387925 60.866581
569.330708 61.017390
569.375826 60.373331
570.014400 60.245628
569.804407 59.891761
569.985320 59.907835
570.149314 59.303498
570.196290 59.095492
570.256777 59.004708
570.484479 58.601505
570.498319 58.210862
570.758698 58.232425
570.681306 57.788082
570.861834 57.435854
571.032039 57.161953
571.131334 56.817595
571.136524 56.544525
571.116802 56.158645
571.598050 56.029508
571.147331 55.675814
571.582287 55.095941
571.777658 55.147658
571.563049 54.715513
571.788115 54.347636
572.260529 54.130218
572.248551 53.781536
572.182972 53.594376
572.461925 53.382712
571.979253 52.982872
572.644019 52.465361
572.445911 52.219676
572.542757 51.903191
572.708301 51.812885
572.754064 51.516004
573.129892 51.697456
573.071962 51.124768
573.024881 50.833101
573.361652 50.502733
573.617708 50.081828
573.613876 49.928969
573.700741 49.741254
574.055045 49.378403
573.966861 48.730441
574.329111 48.742955
574.084727 48.387561
574.287002 47.935810
574.397284 47.650382
574.609252 47.514272
574.642042 47.145939
574.865985 46.739356
574.919530 46.337594
575.027443 46.439172
574.902588 46.144838
575.338751 45.853407
575.312317 45.575398
575.593204 45.195785
575.732152 44.902935
575.575899 44.443548
575.880267 44.390939
575.786032 43.911248
575.938645 43.801943
575.874773 43.578409
576.251019 42.830276
576.155600 42.718914
576.367016 42.479752
576.552807 42.069556
576.897668 41.910722
576.684095 41.736655
576.686212 41.483984
576.791488 41.265026
576.833998 40.587366
577.132080 40.526514
577.336254 40.363903
577.409864 39.775447
577.707919 39.729022
577.432238 39.411178
577.911098 38.732699
577.891908 38.543457
577.739276 38.435303
578.193545 38.073731
578.056941 37.902582
578.275840 37.476216
578.301635 36.916736
578.538505 36.911179
578.652684 36.642383
578.965833 36.170558
578.534641 36.067907
578.863459 35.474034
578.823512 35.482425
579.026575 34.937294
579.322653 34.791803
579.339404 34.368692
579.185773 34.423952
579.198550 33.827291
579.505707 33.497276
579.751009 33.268683
579.927368 32.516938
580.177766 32.649457
579.966982 32.317247
580.112660 31.581578
580.546001 31.950567
580.536192 31.607946
580.702380 31.069823
580.664480 30.802239
580.819573 30.370351
581.029286 30.217422
580.976569 30.010578
581.114919 29.563763
581.159246 28.982573
581.482466 29.075071
581.450594 28.962979
581.418212 28.423649
581.520179 28.271358
581.552512 27.968319
582.031587 27.557240
582.167898 27.162249
581.986033 26.980474
582.045136 26.579094
582.418607 26.420947
582.391130 25.805624
582.600633 25.580990
582.611328 25.008040
582.929007 25.136745
582.705940 24.821800
582.782804 24.623575
582.992863 24.229152
583.246468 24.144789
583.528805 23.780444
583.494957 23.438409
583.225296 23.021325
583.392231 22.470962
583.908704 22.294810
583.591484 21.831954
584.038031 21.797993
584.044503 21.158098
584.120099 21.229233
584.066480 20.606433
584.292294 20.494546
584.565788 20.044561
584.478228 19.942015
584.804940 19.647709
584.710886 19.052457
585.136737 19.067188
584.858271 18.559648
585.082766 18.388498
585.087879 18.224811
585.497708 17.772567
585.432747 17.318013
585.477111 16.940675
585.747301 16.972587
585.763248 16.787580
585.849934 16.175154
586.127731 15.649535
586.105338 15.334901
585.917761 15.243870
586.126330 15.060283
586.294481 14.965318
586.551595 14.224170
586.636695 14.131951
587.014062 13.534507
586.785210 13.570104
586.951048 13.011116
586.872027 12.762086
587.304197 12.565563
587.272100 12.403052
587.306240 11.855160
587.340018 11.321826
587.614619 11.031427
587.663335 11.134759
587.858394 10.754955
587.644702 10.308937
588.144046 9.827593
588.143298 9.507366
588.007489 9.469510
588.205338 9.060678
588.572630 8.607310
588.944893 8.623057
588.534024 8.315830
588.833392 7.949967
588.799975 7.673213
589.026047 7.310333
589.101057 6.902144
589.117435 6.374506
589.248493 6.116077
589.355040 6.069119
589.697100 5.478413
589.450234 5.163996
589.733280 5.106673
589.718547 4.670989
590.319357 4.320959
589.899671 3.925074
589.885879 3.934305
590.389067 3.380116
590.493261 3.114983
590.371847 2.815811
590.225001 2.345992
590.669191 2.258894
590.748091 1.854857
590.882980 1.876546
591.178489 1.273792
590.934893 1.041067
591.408963 0.838583
591.055750 0.296330
591.282494 -0.176684
591.534312 -0.485342
591.567976 -0.622890
591.799398 -0.889776
591.609986 -1.075821
591.821559 -1.258272
592.025685 -1.709181
592.309531 -2.308602
592.179459 -2.579008
592.278436 -2.848830
592.274776 -3.144606
592.538276 -3.773200
592.579600 -3.870676
592.637782 -3.829979
592.612431 -4.576532
592.968352 -4.781898
593.145908 -4.814876
593.452568 -5.346420
593.196201 -5.639646
593.191184 -5.809523
593.832585 -6.456441
593.453979 -6.729676
593.722638 -6.948796
593.741320 -7.428608
594.126113 -7.635724
593.953609 -7.884047
594.332799 -8.215149
594.331440 -8.614416
594.383115 -8.835129
594.687818 -9.585565
594.556724 -9.384754
594.709035 -9.998949
594.914575 -10.020046
595.029864 -10.555003
594.981237 -10.946939
595.036614 -11.102335
595.203899 -11.668452
595.101230 -11.656086
595.354481 -11.976453
595.292266 -12.416795
595.523069 -12.755950
595.485756 -13.177974
595.612282 -13.366630
595.731249 -13.718571
595.956067 -14.030220
595.887115 -14.335035
596.049346 -14.816305
596.353269 -14.917576
596.476019 -15.404492
596.340362 -15.355688
596.343557 -16.030414
596.937298 -16.186679
597.094028 -16.280507
597.154880 -16.628649
597.063641 -17.319735
597.279340 -17.672020
597.009842 -17.953400
597.374310 -18.118899
597.657213 -18.490674
597.932391 -18.772551
597.792099 -19.193940
597.818813 -19.384495
597.754010 -19.718252
597.841547 -19.726818
597.933229 -20.354687
598.137074 -20.932761
598.383587 -20.943967
598.195785 -21.519576
598.694444 -21.557071
598.710677 -22.171249
598.679271 -22.128698
598.524429 -22.848120
598.839944 -22.939528
599.257229 -23.021445
599.032960 -23.450319
598.977547 -23.860149
599.585647 -24.494023
599.423340 -24.350694
599.540756 -24.837215
599.714195 -25.364285
599.709498 -25.397559
599.926969 -26.001300
599.978043 -26.288853
600.113821 -26.604937
600.251181 -26.979551
600.388806 -27.391584
600.620573 -27.481863
600.621006 -27.775393
600.871051 -28.303851
600.377625 -28.286466
600.691718 -28.782405
601.086114 -28.914040
600.906286 -29.441051
601.201711 -29.619672
601.092076 -29.897728
601.311833 -30.449263
601.565652 -30.663702
601.774955 -31.178818
601.711882 -31.202392
601.698211 -31.846136
601.926735 -31.945018
601.658535 -32.165469
602.267584 -32.837783
602.013213 -32.918638
602.366477 -33.317444
602.124838 -33.783156
602.504588 -34.041695
602.181949 -34.530793
602.425810 -34.859135
602.805291 -35.048525
602.879493 -35.386302
602.980663 -35.598423
603.239887 -36.151584
603.201129 -36.035828
603.278266 -36.684539
603.276716 -37.006573
603.526364 -37.279981
603.454806 -37.564088
604.049935 -37.912396
603.768432 -38.042150
603.944038 -38.607677
603.719873 -38.937783
603.961723 -39.309533
604.114674 -39.323455
604.413186 -39.765210
604.195393 -40.204142
604.225740 -40.705515
604.529437 -40.859230
604.682817 -40.854405
604.817353 -41.712642
604.862870 -42.264747
605.054426 -42.390161
605.215797 -42.413536
605.302945 -43.132314
605.593189 -43.043521
605.405911 -43.589970
605.514583 -43.816983
605.503895 -44.037666
605.639333 -44.589942
605.891540 -44.697618
605.809237 -44.799684
606.077511 -45.748082
605.959516 -45.771741
606.312393 -46.247173
606.391559 -46.563757
606.283669 -46.860508
606.508589 -46.975817
606.791596 -47.454280
606.804570 -47.645961
607.343664 -48.186456
607.211056 -48.704086
606.855287 -48.819535
607.274148 -49.172918
607.294071 -49.142645
607.411308 -50.010793
607.539995 -50.263705
607.581903 -50.435407
607.571009 -50.661674
607.641011 -51.092502
607.990566 -51.421522
607.855115 -51.892708
607.959197 -52.015120
608.185716 -52.368923
608.351986 -52.972176
608.231496 -53.158783
608.470337 -53.527645
608.331959 -53.779075
608.638599 -54.341521
608.512073 -54.638531
608.918413 -54.749070
609.179469 -54.964945
609.132190 -55.474966
609.200054 -55.786099
609.212241 -56.005891
609.584901 -56.529542
609.693734 -56.704397
609.590436 -57.086495
609.645404 -57.589622
609.803939 -57.506198
610.088123 -58.210796
610.058466 -58.401372
610.140306 -58.781309
610.284910 -58.994198
610.175314 -59.203224
610.101437 -59.904747
610.562277 -60.084068
610.342398 -60.314358
610.734556 -60.813659
610.861825 -61.051083
610.864158 -61.545800
611.265345 -62.056755
610.954338 -62.309299
611.170608 -62.242780
611.255505 -62.815190
611.308019 -62.757014
611.229326 -63.446220
611.502354 -64.070727
611.499864 -64.085079
611.998379 -64.562080
611.763985 -64.874421
612.092002 -65.113713
612.085480 -65.523165
612.334685 -65.793854
612.486950 -66.193590
612.638760 -66.522215
612.713964 -66.791367
612.574728 -67.149971
612.480328 -67.191748
612.899145 -67.925458
612.652315 -68.160786
612.987798 -68.541733
612.880932 -68.878886
613.499405 -69.359661
613.419092 -69.503056
613.146188 -70.040830
613.619683 -70.202525
613.589253 -70.615320
613.545583 -70.701488
613.867309 -71.063106
613.928178 -71.490105
614.169952 -71.893150
613.889196 -72.286837
614.052028 -72.427468
614.518312 -73.003167
614.553743 -73.127999
614.442021 -73.700328
614.798821 -73.806784
614.684566 -74.036062
614.750543 -74.319046
614.795848 -75.248741
614.870913 -75.384797
615.024209 -75.364153
615.312804 -75.926890
615.272044 -76.219998
615.223629 -76.560176
615.518975 -76.977864
615.517660 -77.151221
615.477083 -77.790560
615.858020 -77.873811
615.780198 -78.178502
616.039572 -78.652310
616.208042 -78.818819
616.181748 -79.223063
616.399609 -79.274731
616.332492 -80.029866
616.487689 -80.411396
616.590127 -80.669917
616.650406 -81.001664
617.060589 -81.223240
616.651809 -81.534329
616.939186 -81.966936
617.064298 -82.504652
617.299379 -82.749728
617.248104 -82.910053
617.395548 -83.371896
617.358452 -83.607880
617.764797 -83.753724
617.593002 -84.130721
618.063959 -84.780806
617.591985 -84.962967
618.123352 -85.374887
618.193526 -85.728060
618.314155 -86.281809
618.397865 -86.283204
618.193474 -86.815563
618.445376 -87.027742
618.626860 -87.439868
618.470641 -88.020377
618.807639 -88.385498
618.905012 -88.315373
618.852115 -88.775149
618.847154 -89.067774
619.307010 -89.416386
619.368004 -89.786630
619.418916 -90.053570
619.525084 -90.266375
619.408261 -90.838430
619.253384 -90.991817
619.910566 -91.334060
619.776913 -91.921026
619.690525 -91.907518
620.026460 -92.689356
620.286129 -92.981279
620.105409 -93.371596
620.041961 -93.429609
620.272104 -93.877021
620.341734 -94.078925
620.744274 -94.459030
620.571101 -94.667797
620.702481 -95.396696
620.842622 -95.644519
620.916318 -95.937453
621.501323 -96.117413
621.094123 -96.511494
620.983905 -97.005524
621.263859 -97.351154
621.304844 -97.671979
621.708173 -98.033921
621.358039 -98.470665
621.774573 -98.768067
621.957173 -99.027153
621.991904 -99.315767
621.934382 -99.687830
622.124018 -100.111169
622.397536 -100.300730
622.175606 -100.829064
622.209510 -101.251079
622.537948 -101.171236
622.668880 -101.637853
622.671726 -101.904077
622.779367 -102.315550
623.063286 -102.575986
622.919405 -103.113405
622.759994 -103.268653
623.053816 -103.630175
623.287026 -104.109591
623.523780 -104.322099
623.513006 -104.811952
623.581344 -105.111365
623.878471 -105.590008
623.776412 -105.765747
623.820823 -106.359065
623.999412 -106.592893
624.128959 -106.951650
624.136544 -107.258622
624.254607 -107.637267
624.450087 -107.827027
624.542865 -108.212059
624.603213 -108.374099
624.687360 -109.054974
624.749720 -109.380217
624.894644 -109.765095
624.712194 -109.707436
625.161304 -110.200387
625.142474 -110.607095
625.287458 -110.980414
625.168015 -111.426879
625.560149 -111.833218
625.477771 -112.193155
625.433447 -112.225929
625.733464 -112.779945
625.771276 -113.240589
626.060269 -113.220731
625.938386 -113.456857
626.044238 -114.366037
626.289249 -114.371636
626.350781 -114.610941
626.376330 -115.216356
626.566826 -115.347352
626.391152 -115.810049
626.495037 -116.203974
626.880918 -116.739630
626.959065 -116.933768
626.921086 -117.502366
626.836919 -117.375147
627.161653 -117.902544
627.050070 -118.231757
627.212274 -118.467572
627.330863 -118.661904
627.477705 -119.035311
627.430422 -119.541347
627.899838 -119.972930
627.691694 -120.348045
627.887750 -120.479847
628.173965 -120.966989
627.934320 -121.208373
628.209594 -121.602265
628.446994 -121.781388
628.428806 -122.274247
628.493628 -122.620335
628.455684 -123.005732
628.684547 -123.515360
628.583000 -123.930427
628.798949 -123.999331
628.776351 -124.693916
628.751572 -125.057563
628.919712 -125.157744
629.551054 -125.497876
629.097062 -125.977725
629.449791 -126.193275
629.475160 -126.373639
629.588243 -126.905457
629.471937 -127.328617
629.740493 -127.439667
629.784267 -127.791360
630.196432 -127.940676
630.393827 -128.601396
630.219770 -128.938435
630.184086 -129.230043
630.207195 -129.635686
630.399078 -129.859840
630.608317 -130.556713
630.596684 -130.591771
630.834258 -131.249690
630.629911 -131.372203
630.706200 -131.520411
630.852422 -131.913886
631.014399 -132.713552
631.045088 -132.775257
631.167547 -132.931151
631.068908 -133.586712
631.469274 -133.881091
631.572390 -134.433930
631.381791 -134.734250
631.643098 -134.721429
631.690731 -135.030142
631.994048 -135.616801
632.176663 -135.930604
631.702725 -136.199379
632.274274 -136.499269
632.261204 -136.825961
632.285985 -137.112209
632.138898 -137.651456
632.244890 -138.076282
632.953114 -138.401649
632.714967 -138.558774
632.691878 -138.753093
632.813611 -139.387634
633.198088 -139.731657
632.877307 -139.831818
633.323085 -140.085635
633.304251 -140.535379
633.466732 -141.056514
633.317540 -141.217742
633.688535 -141.750029
633.402065 -141.856573
633.638942 -141.925102
634.056697 -142.844113
633.842692 -143.185435
634.318009 -143.690482
634.176830 -143.938912
634.165008 -144.052267
634.299687 -144.567059
634.305267 -144.907346
634.507701 -145.318101
634.806025 -145.613750
634.862410 -145.885084
634.740395 -146.323827
635.121411 -146.703019
635.026883 -146.988119
635.150755 -147.196755
635.075035 -147.662723
635.340843 -148.040210
635.400617 -148.219041
635.532596 -148.708113
635.632163 -149.129340
635.819364 -149.529400
635.670779 -149.438719
635.647832 -150.258187
636.039488 -150.369558
635.907359 -150.840097
635.889956 -151.338887
636.328031 -151.436035
636.326129 -152.105849
636.374665 -152.256654
636.265584 -152.452011
636.377691 -152.926596
636.559737 -153.116845
636.622933 -153.536636
636.968811 -154.013522
637.120556 -154.173114
636.883205 -154.856766
637.194694 -155.262933
637.467374 -155.157719
637.095105 -155.477256
637.307214 -156.024098
637.508203 -156.319863
637.572307 -156.755136
637.694461 -156.936306
637.601963 -157.176958
637.858051 -157.750575
638.002664 -158.051960
638.193748 -158.467396
638.298737 -158.533753
638.164659 -159.300312
638.195717 -159.510755
638.658514 -159.826307
638.453075 -160.066335
638.411664 -160.605889
638.749225 -160.643184
638.800244 -160.990745
638.705593 -161.610100
638.829709 -162.193070
638.993217 -162.383738
638.978949 -162.980623
638.954391 -162.691321
639.178668 -163.380931
639.333716 -163.550768
639.250856 -164.188086
639.287553 -164.255967
639.662261 -164.516510
639.679063 -165.039255
639.664045 -165.253940
639.754697 -166.028830
640.083593 -166.306906
640.061574 -166.320739
639.975005 -166.696028
640.391056 -167.153023
640.354396 -167.445808
640.449568 -167.826773
640.572519 -167.978771
640.601603 -168.590395
640.585237 -168.867831
640.851861 -169.329900
640.994380 -169.459903
640.980243 -169.852410
640.804375 -170.549776
641.226410 -170.619122
641.429849 -171.006775
641.235293 -171.373081
641.640012 -171.492499
641.333513 -172.248414
641.351808 -172.253919
641.634067 -172.399668
641.777275 -173.212583
641.721989 -173.168417
641.994117 -173.665505
642.116157 -174.109072
642.070859 -174.518160
642.513022 -174.885511
642.067570 -175.145557
642.372510 -175.607352
642.596195 -175.833574
642.842661 -176.197332
642.417396 -176.623978
642.608249 -177.072501
642.873172 -177.296944
643.049425 -177.612428
642.791167 -177.727007
642.730106 -178.588842
643.220687 -178.405336
643.346617 -179.031881
643.556262 -179.474446
643.166886 -179.627367
643.719472 -179.923280
643.492836 -180.383311
643.627605 -180.867721
643.873781 -180.989236
643.744816 -181.393026
644.191140 -182.040580
644.081561 -182.317738
644.128301 -182.427747
644.170897 -182.887462
644.201403 -183.046372
644.649597 -183.402283
644.435944 -183.936071
644.659752 -184.341414
644.631582 -184.499324
644.722998 -185.151562
644.969396 -185.199887
644.686913 -185.697301
645.221957 -186.018374
644.999296 -186.164719
645.183567 -186.686771
644.974872 -187.113774
645.282728 -187.193628
645.804293 -187.637615
645.745966 -187.892816
645.545753 -188.427901
645.638177 -188.549120
645.747027 -188.992921
645.889676 -189.415219
646.056592 -189.677101
645.988439 -190.077200
646.364973 -190.441004
646.204748 -190.863855
646.322305 -191.221510
646.292010 -191.171544
646.279614 -191.962251
646.263664 -192.046922
646.527378 -192.444413
646.674198 -193.020158
646.686356 -193.319979
646.959504 -193.506158
646.854873 -193.932020
647.292415 -194.192391
647.210997 -194.717570
647.157687 -195.170154
647.747615 -195.267484
647.331078 -196.046709
647.381351 -196.067643
647.499893 -196.417526
647.910497 -197.022942
648.019711 -197.157790
648.081834 -197.559163
647.953548 -197.701544
648.282413 -197.978658
648.107104 -198.381437
648.454150 -198.878747
648.373234 -199.370768
648.444309 -199.440093
648.571409 -199.836809
648.845897 -200.084762
648.697327 -200.725193
648.415219 -200.573600
648.690149 -201.313675
649.080077 -201.678682
649.013136 -201.952523
648.931646 -202.201361
649.084538 -202.562305
649.191388 -203.126929
649.199687 -203.222426
649.160864 -203.871856
649.578640 -204.074741
649.675671 -204.514958
649.569330 -204.539240
650.076841 -205.012402
650.022766 -205.390853
649.818197 -205.584583
650.003061 -206.109888
650.101528 -206.871757
650.024276 -206.895231
650.457743 -207.197627
650.549794 -207.372063
650.423069 -207.921181
650.520790 -208.303048
650.704751 -208.327826
650.527861 -209.030044
650.871779 -209.119233
650.943994 -209.516726
650.894873 -209.886862
650.930848 -209.864531
651.277399 -210.799088
651.417813 -211.086492
651.140833 -211.399999
651.330419 -211.547039
651.629056 -212.095633
651.460984 -212.319900
651.605028 -212.615240
652.022784 -213.262502
651.827273 -213.540234
651.913003 -213.700468
652.164771 -214.230629
651.812363 -214.242882
651.956933 -214.933082
652.265121 -214.912520
652.413957 -215.587746
652.320512 -215.808091
652.732409 -216.396576
652.575808 -216.351938
652.577572 -217.077587
652.682146 -217.259846
652.972318 -217.535391
652.749355 -217.823273
652.665616 -218.217936
653.319438 -218.631449
652.929260 -219.015038
652.971584 -219.349968
653.335146 -219.542318
653.448164 -219.990095
653.670594 -220.468515
653.759253 -220.527926
653.813045 -220.927805
653.897043 -221.351708
653.998496 -221.841344
654.010530 -221.882382
654.050611 -222.567768
653.907167 -222.739036
654.236164 -223.179583
654.272055 -223.421288
654.325931 -223.654660
654.321930 -223.833149
654.643797 -224.338782
654.349304 -224.963802
654.842358 -225.006141
654.720969 -225.478650
655.037623 -225.727450
654.649621 -226.163505
655.141898 -226.719120
655.023327 -226.981240
655.003766 -227.376739
655.476439 -227.945139
655.203668 -228.018322
655.553554 -228.628355
655.240644 -228.884544
655.592270 -228.859825
655.650268 -229.236074
655.698544 -229.561180
655.942493 -229.984221
655.794038 -230.421505
656.110593 -230.812525
656.213136 -230.817181
656.304208 -231.233325
656.459108 -231.542467
656.403008 -231.954985
656.491771 -232.316466
656.495503 -232.825888
656.612729 -232.983761
656.520543 -233.577220
656.664719 -234.089829
656.619921 -234.013482
656.942468 -234.561274
657.121410 -235.306049
656.950531 -235.409720
657.325636 -235.679739
657.204430 -235.661169
657.418065 -236.274269
657.438407 -236.658445
657.408059 -237.089960
657.622484 -237.321875
657.622052 -237.156833
657.651724 -237.703576
657.926951 -238.282032
657.985529 -238.939232
658.074433 -239.039095
658.153221 -239.543193
658.124844 -239.552247
658.339702 -239.816003
658.284649 -240.636830
658.403467 -240.831754
658.800309 -240.719309
658.482899 -241.497214
658.695235 -241.703780
658.346905 -241.839537
658.871299 -242.152517
658.899941 -242.692208
658.963955 -242.972349
659.258809 -243.389832
659.054193 -243.967837
658.875901 -244.078119
659.587142 -244.496606
659.481062 -244.726992
659.261943 -245.363289
659.407870 -245.253177
659.730124 -245.848994
659.662650 -246.197661
659.864758 -246.611464
659.883094 -246.725123
659.973977 -247.539092
660.038280 -247.576530
660.057763 -247.619303
660.194473 -248.339827
660.102040 -248.679801
660.597411 -249.070093
660.521914 -249.574001
660.528247 -249.681170
660.499243 -249.985242
660.804172 -250.124370
660.663888 -250.398000
661.083135 -250.940436
660.848534 -251.711143
660.969390 -251.414573
660.814682 -252.007080
661.416271 -252.210619
661.083351 -252.931904
661.257193 -252.990218
661.595065 -253.275032
661.226809 -253.956839
661.590558 -254.144194
661.508382 -254.320316
661.378948 -254.884510
661.915308 -254.963357
661.773012 -255.590393
661.984912 -255.872801
662.140105 -256.007488
662.171074 -256.705651
662.129995 -256.996356
662.272061 -257.323160
662.340030 -257.364735
662.400882 -258.247792
662.294532 -258.207298
662.338789 -258.490840
662.748718 -258.865268
662.786176 -259.204852
662.998505 -259.538778
662.944205 -259.943352
662.840765 -260.678565
662.802374 -260.705304
663.136748 -261.005842
663.572429 -261.504584
663.560740 -261.508007
663.488783 -262.112143
663.362132 -262.573663
663.718862 -262.746311
663.493227 -262.844155
663.608467 -263.422524
663.646784 -263.525247
663.820015 -264.344702
663.982258 -264.322428
664.154142 -264.416454
664.320542 -265.131485
664.164807 -265.196427
664.256126 -265.699906
664.374963 -266.135378
664.471048 -266.347958
664.380492 -266.954760
664.536493 -266.781421
664.356081 -267.174771
664.920783 -267.902561
664.979050 -268.107148
665.008196 -268.062497
664.904051 -268.632549
665.050922 -269.144519
664.923753 -269.470328
664.985896 -269.818018
665.203452 -270.042581
665.428995 -270.474502
665.549397 -270.984941
665.367046 -271.040724
665.452511 -271.336674
665.719774 -271.912086
665.655892 -272.342347
665.575589 -272.749357
665.714369 -272.732305
666.054473 -272.846841
665.932811 -273.613464
666.127517 -273.781393
666.344662 -274.296199
666.297113 -274.639167
666.295339 -274.825398
666.155195 -275.077703
666.468242 -275.518539
666.611632 -275.982611
666.548751 -276.407184
666.813923 -276.621957
666.801252 -276.866035
667.223247 -277.431904
666.980797 -277.702850
667.121651 -277.829254
667.133642 -278.506846
667.068618 -278.519191
667.043721 -278.894620
667.440825 -279.160264
667.541979 -279.837403
667.316246 -280.281182
667.725078 -280.260581
667.601896 -280.536667
667.522561 -280.993321
667.750344 -281.332410
667.911342 -281.579545
667.825073 -282.194443
668.160394 -282.291857
667.835240 -282.721619
668.172826 -283.079653
668.300407 -283.389175
668.389939 -283.722761
668.551368 -284.235776
668.415992 -284.251374
668.417461 -284.943649
668.610824 -285.195520
668.860376 -285.487898
668.357041 -285.790089
668.878549 -286.004323
668.966602 -286.431017
668.947851 -286.525436
669.232937 -286.984334
669.160990 -287.290975
669.267822 -287.707736
669.366255 -288.127864
669.716173 -288.518870
669.278058 -288.705726
669.286578 -289.009270
669.386204 -289.413041
669.926106 -289.767920
669.734659 -289.752445
669.868629 -290.643679
670.063686 -290.610651
670.107904 -290.963102
670.184277 -291.202600
670.137182 -291.880505
670.284117 -292.011652
670.375428 -292.276034
670.511315 -292.679423
670.332552 -293.181127
670.569734 -293.466403
670.585825 -294.081549
670.867834 -294.161172
670.968676 -294.627752
671.101717 -294.572056
670.659840 -294.973735
670.828358 -295.285646
671.194012 -295.751194
671.124582 -296.130130
671.347396 -296.203934
671.444155 -296.612538
671.660220 -296.960154
671.421117 -297.386207
671.488590 -297.818073
671.613278 -298.066709
671.901628 -298.497016
671.651490 -298.756798
671.579406 -298.880404
672.107837 -299.393193
671.926600 -299.647333
672.051316 -299.879423
672.141330 -300.161048
672.368236 -300.803566
672.349712 -300.927855
672.375830 -301.478076
672.461430 -301.976937
672.641993 -301.994021
672.408320 -302.422570
672.749427 -302.946826
672.983191 -303.172411
672.870622 -303.212426
673.098656 -303.913853
672.617093 -304.050122
672.863867 -304.653385
673.160582 -304.445691
672.947755 -304.904211
673.016513 -305.379383
673.589730 -305.961145
673.590098 -306.163468
673.460824 -306.457537
673.415152 -306.663535
673.229411 -307.150889
673.983865 -307.101782
673.825973 -307.480891
673.843340 -308.114274
673.922392 -308.144224
674.116269 -308.568303
673.639324 -309.027789
674.054454 -309.259156
674.164520 -309.908666
674.414584 -309.930908
674.264129 -310.572977
674.431271 -310.667129
674.640903 -311.036160
674.385557 -311.171885
674.435539 -311.545483
674.559311 -311.829299
675.088847 -312.289941
674.773770 -312.647986
674.846714 -313.057756
675.012920 -313.496512
674.899780 -313.584493
674.991037 -313.856938
675.131597 -314.276391
675.430327 -314.632674
675.479405 -315.103230
675.299545 -315.291995
675.444232 -315.667430
675.359806 -316.325232
675.676386 -316.320823
675.599970 -316.480324
675.928502 -316.942903
675.787091 -317.165767
676.062109 -317.697273
676.110173 -317.807527
676.131214 -318.009625
675.880956 -318.710511
676.285884 -318.749374
676.109190 -319.324118
676.346163 -319.531398
676.313534 -319.800340
676.699067 -319.944559
676.693034 -320.480061
676.395342 -320.783534
676.548659 -321.044274
676.844935 -321.476738
676.669864 -321.722576
676.742161 -322.109017
676.815079 -322.520005
676.997828 -322.567566
677.144324 -322.965604
677.075981 -323.562451
677.242238 -323.723159
677.092967 -324.097068
677.527346 -324.682237
677.632337 -324.623605
677.536304 -324.896023
677.776820 -325.429752
677.559687 -325.589233
677.815570 -326.098221
677.670856 -326.179542
677.816907 -326.705553
677.895795 -326.761811
678.181143 -327.143799
678.250780 -327.941159
678.173109 -327.896357
678.512324 -328.679851
678.399507 -328.555025
678.282181 -328.910581
678.448128 -329.075712
678.835366 -329.488729
678.719723 -329.752399
678.707329 -330.061407
678.781501 -330.571236
678.991687 -331.025814
679.003565 -331.005911
679.158581 -331.491182
678.968990 -332.020069
679.149276 -331.979551
678.922897 -332.456393
679.270343 -332.896400
679.094600 -332.794349
679.420728 -333.384879
679.739692 -333.857476
679.593859 -334.137595
679.676009 -334.215517
679.646471 -335.006326
679.598596 -334.964318
679.971224 -335.548283
679.886085 -335.743991
680.111317 -336.071062
679.991883 -336.179444
680.123080 -336.782493
680.008780 -336.935306
680.508376 -337.706165
680.144131 -337.566873
680.219422 -337.970981
680.455007 -338.317830
680.654676 -338.494106
680.414404 -338.818852
680.740334 -339.233136
680.738086 -339.727560
680.865990 -339.938410
680.916699 -339.874796
680.816462 -340.154713
681.151559 -340.699311
681.250182 -341.120737
680.963641 -341.807808
680.900120 -341.929695
681.351681 -342.256414
681.346801 -342.403332
681.592625 -342.559669
681.742298 -342.860095
681.443728 -343.502555
681.506105 -343.699347
681.620276 -343.993441
681.860695 -344.389472
681.737180 -344.757233
681.955993 -344.781918
681.892114 -345.443967
682.220551 -345.592993
681.967989 -345.924631
681.963824 -346.318645
682.159938 -346.397747
682.213454 -346.973659
682.619141 -347.052618
682.469765 -347.422270
682.808122 -347.834676
682.715169 -348.185741
682.648017 -348.583011
682.871808 -348.551424
682.839497 -349.141589
682.857818 -349.577571
682.736718 -350.048152
683.053220 -350.083330
683.035330 -350.541311
683.327881 -350.790554
683.093780 -351.130843
683.415849 -351.106589
683.157702 -351.679507
683.412112 -351.813994
683.379585 -352.064415
683.457624 -352.612877
683.501356 -352.961783
683.621407 -353.337229
683.716692 -353.652478
683.470885 -353.610571
683.814178 -354.027780
683.997042 -354.440814
683.990987 -354.740716
684.111328 -355.134134
684.126962 -355.348670
684.096142 -355.682955
684.033956 -355.992222
684.261439 -356.458589
684.521031 -356.539139
684.242923 -357.021805
684.545067 -357.362733
684.661091 -357.764561
684.608452 -357.816040
684.820880 -358.411358
684.859405 -358.422676
684.969708 -358.911487
684.867297 -359.014515
684.916944 -359.499641
685.161893 -359.714512
685.382852 -359.968770
685.178687 -360.514929
685.080128 -360.988059
685.510717 -361.054370
685.585464 -361.306478
685.395559 -361.677469
685.601049 -361.997279
685.666264 -362.443818
685.664655 -362.586352
685.826218 -363.041864
685.795948 -363.161141
685.951694 -363.372776
685.904115 -363.705552
685.833870 -364.431333
686.059211 -364.621402
686.209571 -364.929131
686.369191 -364.954792
686.402892 -365.280854
686.221883 -365.671787
686.531098 -366.126443
686.462026 -366.468368
686.478061 -366.554126
686.680977 -367.110853
686.792650 -367.181494
686.777201 -367.395656
686.637844 -367.952639
687.032326 -368.294070
686.573778 -368.295595
686.889734 -368.601287
686.830782 -369.202272
687.105103 -369.457297
687.010802 -369.735215
687.067502 -369.979108
687.220587 -370.332751
687.607074 -370.717236
687.579069 -370.724742
687.374268 -371.270667
687.266331 -371.583655
687.713633 -371.735257
687.658764 -371.802974
687.804110 -372.582059
687.850293 -373.086337
687.796928 -373.280667
687.837989 -373.455551
687.757758 -373.795959
688.248205 -374.268274
688.059933 -374.084082
688.130968 -374.449097
688.533500 -374.985102
688.392275 -375.247719
688.530407 -375.384896
688.284260 -375.938576
688.311303 -376.323560
688.785322 -376.661371
688.741393 -376.843794
688.544478 -377.087215
688.953409 -377.427710
688.902464 -377.628388
688.851128 -377.770178
688.889972 -377.877253
689.316827 -378.674876
689.202831 -379.113024
689.248407 -378.988356
689.392645 -379.590240
689.186823 -379.647617
689.601586 -379.945214
689.389551 -380.446467
689.269410 -380.674495
689.626575 -381.032242
689.745338 -381.218710
689.884751 -381.591219
689.657755 -381.906637
690.008218 -382.277667
689.926032 -382.501317
690.026184 -382.992315
690.221632 -383.297713
689.831679 -383.511811
690.236747 -383.825335
690.090885 -384.052119
690.460451 -384.046530
690.522157 -384.676425
690.456211 -384.625432
690.709989 -385.035550
690.465867 -385.321595
690.598914 -386.036681
690.417284 -386.029897
690.749837 -386.605643
690.862277 -386.472186
691.095190 -386.951423
690.992551 -387.204122
690.956289 -387.591098
691.216555 -387.926364
691.361756 -388.523579
691.086908 -388.273061
691.195475 -388.703591
691.281123 -389.115009
691.523027 -389.302400
691.537242 -389.904878
691.622770 -390.152364
691.667285 -390.226437
691.692638 -390.646086
691.640633 -390.955659
691.850004 -391.094689
691.701701 -391.699132
691.703498 -391.742791
691.640114 -391.850432
692.176232 -392.229768
691.833739 -392.647360
692.004975 -392.973756
692.170842 -393.018737
692.162723 -393.724324
691.891775 -393.930675
692.630963 -394.155374
692.278174 -394.347399
692.627558 -394.748428
692.536585 -394.780594
692.771484 -395.506062
692.666462 -395.414231
692.770785 -395.754232
692.827844 -396.224086
692.802271 -396.324674
692.882073 -396.803541
693.081647 -396.924037
693.034979 -397.178110
692.801285 -397.565407
692.995947 -397.980970
693.222518 -398.376006
693.601578 -398.513593
693.279800 -398.641265
693.309010 -399.028692
693.665706 -399.303037
693.479881 -399.672313
694.022021 -399.639320
693.280787 -400.190385
693.629641 -400.644992
693.487770 -400.921690
693.953266 -401.226978
693.839666 -401.037066
693.980765 -401.743781
693.909484 -402.190205
694.338833 -402.000353
694.205663 -402.602243
694.045624 -402.821036
694.407350 -403.259721
694.474349 -403.349732
694.291281 -403.914793
694.231178 -404.092599
694.262251 -404.492305
694.721837 -404.723417
694.565886 -404.945943
694.550289 -405.210913
694.739913 -405.838044
694.921632 -405.954045
694.842770 -406.092496
694.989556 -406.211033
694.977798 -406.777949
694.902797 -407.053480
695.071357 -407.102530
695.218393 -407.538746
695.131767 -408.081168
695.287075 -408.281211
695.390465 -408.433742
695.222300 -408.660874
695.470432 -408.977211
695.772533 -409.298372
695.987427 -409.638985
695.686690 -410.061800
695.833029 -410.338600
695.785826 -410.641218
695.929178 -410.646857
695.909806 -410.789025
695.868744 -411.253895
695.793587 -411.523598
695.808739 -411.729639
696.204536 -412.126886
696.175730 -412.234408
696.230939 -412.834581
696.310747 -413.014177
696.296419 -413.440065
696.344394 -413.575111
696.549765 -413.837423
696.655035 -414.362649
696.668548 -414.393804
696.688678 -414.601111
696.683557 -414.851795
696.863972 -415.196408
696.758000 -415.583951
697.085772 -416.022818
696.742572 -416.228217
696.882311 -416.224511
697.296584 -416.626326
697.149597 -416.899266
697.077053 -417.415205
697.283151 -417.584911
697.197109 -417.800159
697.156327 -417.857230
697.510682 -418.509196
697.613737 -418.545570
697.460698 -418.934866
697.514260 -419.232477
697.628930 -419.638288
697.491379 -419.687787
697.728841 -420.180134
697.787505 -420.718377
697.990741 -420.716886
697.944924 -420.759836
698.131409 -421.046407
698.009334 -421.328539
698.063352 -421.573293
698.316742 -422.103858
698.243064 -422.092461
698.485118 -422.346684
698.416401 -422.770344
698.263137 -422.972440
698.398821 -423.454084
698.412092 -423.621958
698.367561 -423.776394
698.780310 -423.883783
698.692143 -424.434818
698.510161 -424.890501
698.810647 -424.705184
698.771545 -425.256385
698.808825 -425.617412
699.147323 -425.901990
699.180171 -426.116332
699.040665 -426.425442
699.219426 -426.615066
699.049739 -426.721893
699.274851 -427.236770
699.096952 -427.454786
699.567326 -427.645943
699.572638 -428.018936
699.507557 -428.268075
699.383753 -428.640468
699.755665 -428.831851
699.803221 -429.296954
699.600042 -429.423044
700.028818 -429.655766
699.672507 -429.662956
699.902410 -430.490991
700.067200 -431.049948
700.048677 -430.734086
700.173092 -431.427331
700.075396 -431.334952
700.143582 -431.497771
700.596610 -431.744573
700.376118 -432.379942
700.246758 -432.172172
700.451703 -432.752805
700.563419 -432.798647
700.622562 -433.227266
700.585943 -433.316831
700.600824 -433.865447
700.615564 -434.403326
700.685693 -434.520708
700.671228 -434.331331
700.872249 -435.026699
700.965869 -434.945919
700.958252 -435.311879
700.901130 -435.782190
701.326698 -435.753029
701.040977 -436.200733
700.885783 -436.421617
701.205827 -436.782361
701.346643 -437.033153
701.589287 -437.377008
701.260235 -437.410342
701.465455 -437.796440
701.643881 -437.969935
701.832042 -438.119616
701.270256 -438.704207
701.883695 -438.746581
701.562784 -439.198851
701.771572 -439.550157
701.675313 -439.809403
701.729420 -439.872012
701.654032 -440.092001
702.209271 -440.520120
702.158154 -440.639009
702.423701 -441.026318
702.032249 -441.290197
702.174351 -441.546463
702.259945 -441.981629
702.089759 -442.428472
702.441770 -442.360740
702.546950 -442.589483
702.524835 -442.944376
702.492933 -443.126055
702.387274 -443.267754
702.674274 -444.018694
702.739554 -444.290533
702.813838 -444.002118
702.797137 -444.539010
702.904430 -444.598094
702.938413 -444.801303
702.850925 -445.256880
703.063871 -445.526355
703.136809 -445.684722
703.282985 -446.069273
703.171877 -446.202351
703.236034 -446.579938
703.377612 -446.784456
703.341604 -447.256438
703.481530 -447.374988
703.779076 -447.574354
703.613014 -447.863549
703.575080 -448.072799
703.798496 -448.364445
703.673010 -448.520559
703.691804 -449.053557
703.784286 -449.091869
704.013691 -449.418472
703.652325 -449.796559
704.016483 -449.942519
704.190411 -450.018326
704.416749 -450.405463
704.187802 -450.837323
704.157979 -451.187033
704.242517 -451.308315
703.911380 -451.479847
704.304258 -451.947457
704.113989 -452.058484
704.384615 -452.507761
704.363796 -452.621426
704.291285 -452.841207
704.440058 -452.606298
704.974758 -453.399746
704.812193 -453.687545
704.623814 -453.788561
704.793238 -454.010490
705.087540 -454.445282
705.075175 -454.600857
704.904658 -454.928911
705.052659 -455.033938
705.244617 -455.653968
705.166923 -455.555765
705.258036 -455.931963
705.113434 -456.260246
705.186917 -456.266574
705.065502 -456.607283
705.496578 -456.888646
705.519233 -457.128658
705.458049 -457.074690
705.670320 -457.607367
705.530879 -457.771672
705.601244 -458.104051
705.528617 -458.051877
705.648251 -458.698704
705.585719 -458.994870
705.945670 -459.252016
705.923298 -459.342650
706.021863 -459.604482
706.173577 -460.047628
706.136133 -460.354009
706.037660 -460.402340
705.815955 -460.651607
706.101725 -461.034333
706.046470 -461.282827
706.392255 -461.403704
706.424247 -461.688708
706.238531 -461.919774
706.569459 -462.085027
706.478531 -462.311479
706.613661 -462.304567
706.554397 -462.955534
706.530734 -462.788148
706.807098 -462.889294
706.897137 -463.611684
706.859935 -463.816665
706.924920 -464.484809
706.798749 -464.410746
706.759900 -464.684001
707.224233 -464.941480
707.171914 -465.504207
707.114945 -465.331215
707.021949 -465.874007
707.261849 -465.821811
707.194025 -466.072305
707.483810 -466.284296
707.448655 -466.574253
707.268005 -466.897504
707.452177 -467.064113
707.497209 -467.563103
707.782616 -467.178669
707.810443 -467.631956
707.831796 -468.122898
707.695305 -468.232573
707.725633 -468.635897
707.700088 -468.811459
707.733972 -469.023113
707.944273 -469.375278
708.119025 -469.801177
708.259066 -469.883670
708.002793 -469.772990
708.270667 -470.261680
708.231778 -470.404857
707.832289 -470.557733
708.371247 -471.064767
708.360996 -471.234731
708.298492 -471.539286
708.622003 -471.678899
708.487219 -472.137284
708.613728 -471.933811
708.510645 -472.403327
708.663809 -472.456776
708.541715 -472.805218
708.668278 -473.077971
709.029761 -473.458858
708.844577 -473.683313
708.536305 -473.749524
708.596624 -473.810655
708.703548 -474.338534
709.000746 -474.701856
708.955126 -474.610568
709.072591 -474.984758
709.486260 -474.959515
709.442663 -475.566912
708.800763 -475.560303
709.437263 -476.114082
709.463062 -476.314447
709.317526 -476.576561
709.594291 -476.887608
709.348317 -477.030864
709.559915 -477.134404
709.706545 -477.412528
709.508098 -477.648006
709.607194 -477.858522
709.849554 -478.019639
710.011583 -478.548046
709.834896 -478.455693
709.714398 -478.690747
709.915842 -478.984530
710.076075 -479.237109
710.116016 -479.666184
710.120111 -479.499432
710.085797 -479.867470
710.139544 -480.252836
710.486704 -480.485204
710.298672 -480.555578
710.473939 -481.141101
710.605964 -481.000499
710.365477 -481.368063
710.337302 -481.661500
710.550733 -481.832918
710.555955 -482.161901
710.692530 -482.074535
710.748804 -482.699547
710.932635 -482.963547
710.772475 -483.170226
710.804580 -482.953067
710.438178 -483.557135
710.697661 -483.509327
711.283261 -483.874224
711.234430 -484.568228
711.127524 -484.284712
711.231815 -484.683922
711.119086 -484.923632
711.265155 -485.142110
711.331089 -485.335918
711.224237 -485.431474
711.370407 -485.917796
711.787280 -485.951914
711.403635 -486.187094
711.482058 -486.717308
711.234732 -486.348582
711.631089 -486.816902
711.640443 -487.161638
711.444333 -487.228054
711.520430 -487.777211
711.866757 -487.751860
711.794603 -487.647613
711.983441 -487.896376
711.872930 -488.435059
712.173583 -488.528522
712.038009 -489.095939
711.874983 -489.074487
711.910447 -489.210650
712.349588 -489.437735
711.967535 -489.568505
712.299894 -490.368955
712.239216 -490.427013
712.370504 -490.508223
712.348723 -490.685376
712.290497 -491.136855
712.327894 -491.336729
712.489510 -491.222594
712.679845 -491.565453
712.694517 -491.636486
712.727844 -491.830630
712.735089 -492.264204
712.959849 -492.543549
712.708715 -492.929831
712.870948 -492.896365
713.039101 -492.986348
712.991723 -493.571469
712.667946 -493.481413
713.096653 -493.751212
713.088359 -494.059811
712.855030 -494.482836
713.386615 -494.167168
713.116826 -494.924144
712.920752 -495.100035
713.344371 -494.909596
713.464214 -495.232914
713.380874 -495.427573
713.335894 -495.685230
713.739848 -496.196455
713.843754 -496.157842
713.406686 -496.451443
713.637170 -496.742383
713.532998 -496.576601
713.732926 -497.034132
713.674844 -497.431155
713.778205 -497.206225
714.098617 -497.449929
714.028299 -497.914756
714.054002 -498.242690
714.493558 -498.211258
713.874111 -498.690663
713.847703 -498.844046
714.155254 -498.743450
714.481340 -499.145066
714.201116 -499.520153
714.092751 -499.516187
714.357301 -499.525571
714.517688 -500.103162
714.437382 -500.549537
714.568227 -500.351232
714.504818 -500.951322
714.795748 -501.049124
714.609624 -501.079592
714.759805 -501.345810
714.436199 -501.195562
714.963564 -501.781628
714.833532 -502.246613
715.006332 -501.898864
714.822126 -502.572345
714.715275 -502.766685
714.869836 -502.828471
715.132772 -503.119454
715.072354 -503.167170
715.322773 -503.524836
714.937228 -503.766859
715.253271 -503.933899
715.257844 -503.937512
715.251911 -504.186670
715.194043 -504.415360
715.446764 -504.821109
715.329154 -504.770379
715.442348 -505.166923
715.338924 -505.569505
715.627681 -505.553232
715.537747 -505.696740
715.517617 -505.635082
715.777336 -506.169804
715.616961 -506.291820
715.951352 -506.504809
715.906285 -506.882547
715.527758 -506.733874
715.860999 -507.009338
715.824242 -507.103866
716.059367 -507.556713
715.983319 -507.740037
715.918518 -507.871337
716.156398 -508.204763
715.958209 -508.472171
716.147153 -508.533954
716.202653 -508.671072
716.432975 -509.109484
716.367559 -509.414762
716.285076 -509.317402
716.368760 -509.486418
716.513256 -509.901574
716.485763 -510.404353
716.584662 -510.302908
716.526064 -510.328227
716.548156 -510.421723
716.792828 -510.730351
716.814128 -511.095632
716.604282 -510.939433
716.827665 -511.517616
717.116277 -511.552954
716.670183 -511.715265
716.987930 -511.772703
716.956942 -512.039175
717.133335 -512.328690
716.820274 -512.437306
717.219018 -512.883018
717.091414 -512.782286
717.229180 -513.084228
717.127286 -513.376187
717.313898 -513.669978
716.920712 -513.791495
717.455318 -513.972936
717.296358 -514.121887
717.614381 -514.260426
717.507469 -514.478220
717.466264 -514.814353
717.638310 -514.724723
717.894312 -514.966796
717.714091 -515.147122
717.662369 -515.859805
717.635295 -515.575215
717.935962 -515.703801
717.883379 -515.872663
717.838843 -516.526821
717.811218 -516.534524
717.955459 -516.664120
717.987150 -516.488903
717.908756 -517.037582
718.059054 -517.291885
718.051020 -517.644080
718.203012 -517.704923
718.205525 -517.753445
717.985913 -518.016338
718.332121 -518.331177
718.132354 -518.468858
718.520977 -518.578703
718.530315 -518.859084
718.474724 -518.902423
718.595618 -518.906942
718.487501 -519.153003
718.585797 -519.665567
718.772129 -519.797436
718.622523 -519.768861
718.669710 -520.031016
718.756420 -520.276247
718.897439 -520.589908
718.906256 -520.541351
718.928319 -520.656603
719.018031 -521.131959
718.987335 -521.126746
719.175471 -521.041978
719.097597 -521.493745
719.117312 -522.019896
719.242738 -522.111692
718.974221 -522.093516
719.289645 -522.305194
719.394422 -522.252080
719.472172 -522.400715
719.256774 -522.755572
719.463029 -523.159163
719.388075 -523.225282
719.496788 -523.333460
719.330399 -523.489639
719.625045 -523.477344
719.603284 -523.911908
719.693914 -523.987362
719.857493 -524.356909
719.645338 -524.512420
719.866932 -524.688831
719.738997 -524.961912
719.856142 -525.082864
719.582064 -525.303945
719.615636 -525.302843
719.972337 -525.916219
720.013795 -525.816166
720.177500 -526.013513
720.129125 -526.427138
719.972008 -526.625725
720.128050 -526.380401
720.307273 -526.394519
720.369547 -526.528620
720.197645 -526.938123
720.520664 -527.013069
720.419084 -527.266545
720.003283 -527.401937
720.447400 -527.731725
720.507351 -527.710995
720.500250 -528.329581
720.529495 -528.207186
720.745577 -528.571994
720.298595 -528.893729
720.567411 -528.575819
720.752265 -528.757952
720.914795 -528.966754
720.966628 -529.318416
720.769692 -529.499963
720.930458 -529.704370
720.805109 -529.742527
721.339270 -529.886216
720.843138 -530.241848
721.141279 -530.241083
720.936728 -530.454567
721.062867 -530.619874
721.271183 -531.017324
721.049751 -530.656207
721.125550 -531.279584
721.263479 -531.589022
721.541693 -531.526243
721.154724 -531.739611
721.378694 -531.893476
721.415866 -532.552673
721.466803 -532.536067
721.544236 -532.410015
721.775445 -532.571081
721.880263 -532.526397
721.728908 -533.093110
721.784953 -532.872658
721.907802 -533.411596
722.024106 -533.539291
721.774208 -533.563411
721.798955 -533.575044
721.953371 -533.915244
721.999089 -534.188677
721.962091 -534.178385
722.055414 -534.437313
721.976073 -534.574348
722.160891 -535.078399
722.127061 -535.070922
722.191157 -535.119924
722.237417 -535.344871
722.125257 -535.325341
722.169542 -535.918568
722.294867 -535.619055
722.119561 -535.940236
722.133610 -536.185254
722.412213 -536.169191
722.440614 -536.525271
722.615996 -536.343552
722.430560 -536.700678
722.522859 -536.911307
722.442450 -537.114699
722.611111 -537.431787
722.606074 -537.468534
722.820748 -537.800676
722.729914 -537.797644
722.804247 -537.929559
722.851495 -538.301489
722.586316 -538.012766
722.721809 -538.511787
722.989376 -538.561347
722.963421 -538.523728
723.048093 -538.696707
722.978262 -538.884647
723.243070 -538.903414
722.955312 -539.204141
723.287209 -539.657028
722.885324 -539.787501
722.978958 -539.448135
723.320899 -539.927600
723.245684 -540.095411
723.352803 -540.119199
723.384585 -540.296403
723.681634 -540.705900
723.422269 -540.631776
723.390925 -541.073928
723.615789 -541.131386
723.813750 -541.034872
723.495480 -541.687920
723.481539 -541.469320
723.668311 -541.732972
723.622284 -541.891670
723.729174 -542.193440
723.740001 -541.859676
723.799955 -542.220773
723.834325 -542.523674
723.778545 -542.902985
723.842799 -542.675420
723.928373 -542.695395
724.123109 -542.933387
724.120429 -543.170706
724.168059 -543.543109
723.793747 -543.423180
724.063162 -543.675353
723.783774 -543.761561
724.042343 -543.823428
724.307685 -544.216433
724.445772 -544.196381
724.295559 -544.562342
724.400933 -544.727899
724.639610 -544.862265
724.228345 -545.033847
724.595672 -545.075920
724.338504 -545.247066
724.349951 -545.260945
724.627156 -545.586114
724.643487 -545.541084
724.747914 -545.619860
724.556703 -545.993535
724.593273 -545.929188
724.887876 -546.190476
724.749269 -546.602825
724.948229 -546.562565
724.968107 -546.769697
724.640821 -546.831424
724.922288 -547.155473
725.064952 -547.282093
725.140921 -547.285808
724.800639 -547.306179
725.257321 -547.355297
725.295604 -547.678236
725.091567 -547.796434
725.110853 -548.033226
725.189357 -548.032474
725.318081 -548.575147
725.291067 -548.479315
725.253182 -548.608078
725.418643 -548.623893
725.254044 -548.643663
725.300917 -549.018239
725.572358 -549.466453
725.299120 -549.132233
725.706648 -549.426033
725.487191 -549.587276
725.634550 -550.005575
725.609669 -549.889532
725.935423 -550.067003
725.722910 -549.998344
725.709072 -550.067733
725.570358 -550.544936
725.652292 -550.671807
725.636782 -550.501916
725.819237 -550.786988
725.835701 -550.883950
726.031582 -551.211868
726.203981 -551.556049
725.970829 -551.292207
726.329563 -551.388963
726.086240 -551.665598
726.145397 -551.720447
726.168257 -551.978674
726.235338 -551.910512
726.305988 -551.989819
726.360907 -552.229858
726.249453 -552.445306
726.222892 -552.675427
726.427172 -552.728394
726.754500 -552.940459
726.556954 -552.863551
726.631557 -553.098324
726.243040 -553.067945
726.549892 -553.683902
726.971843 -553.396254
726.723850 -553.776272
726.691785 -553.620807
726.709907 -553.941017
726.627037 -554.112748
726.813387 -554.091471
727.029080 -554.178492
726.666232 -554.709503
726.813258 -554.681883
726.961481 -554.796443
726.908374 -554.840614
727.154122 -555.063984
726.982613 -555.048856
726.955359 -555.211350
727.085229 -555.307946
726.910416 -555.240822
727.053450 -555.307367
727.196431 -555.671288
726.886573 -555.828716
727.064039 -556.041764
726.971929 -555.983274
727.591074 -556.213734
727.363255 -556.289529
727.312273 -556.324449
727.517044 -556.619862
727.383150 -556.755440
727.403680 -556.785629
727.339914 -557.044168
727.819927 -557.161667
727.360894 -557.276252
727.649024 -557.291307
727.762050 -557.250622
727.643791 -557.555508
727.610044 -557.541506
727.889697 -557.824123
727.794505 -557.894892
727.852585 -558.416351
727.685275 -558.278018
727.860429 -558.205218
727.990490 -558.524190
728.114903 -558.828693
727.893063 -558.688990
728.043778 -558.957248
727.991589 -559.026614
728.030157 -559.217557
727.855127 -559.277084
728.108684 -559.156704
728.175634 -559.495799
728.102772 -559.464477
728.066510 -559.467714
727.904637 -559.812738
728.362989 -559.840550
728.303792 -559.962494
728.337217 -560.225682
728.451486 -560.518815
728.459432 -560.265970
728.445903 -560.408072
728.392310 -560.410352
728.360645 -560.985145
728.510370 -560.759042
728.763067 -561.084746
728.593163 -560.988156
728.536677 -561.179766
728.525997 -561.427216
728.546031 -561.740818
728.832570 -561.695201
728.636972 -561.644035
728.749865 -561.979697
728.865077 -561.770648
729.018735 -562.435913
729.110796 -562.098492
728.989411 -562.345594
728.847902 -562.286116
728.975804 -562.553995
729.191384 -562.581743
729.150764 -562.796312
729.114416 -562.886004
728.999339 -562.993924
729.095425 -563.296923
729.275031 -563.328989
729.202026 -563.207597
728.997268 -563.262142
729.607465 -563.469315
729.340362 -563.534344
729.339540 -563.599838
729.284849 -563.872579
729.248035 -563.845464
729.435190 -564.113087
729.290434 -564.063159
729.572123 -564.352738
729.632896 -564.450976
729.639951 -564.379382
729.815354 -564.885684
729.477752 -564.938296
729.477597 -565.012803
729.496149 -564.886279
729.638788 -565.013020
729.779567 -565.388674
729.813412 -565.313424
729.728062 -565.357530
729.749276 -565.416556
729.979977 -565.800871
729.816705 -565.975814
729.780764 -565.801361
729.784195 -565.756601
729.823671 -565.563946
730.031906 -566.081987
730.015980 -566.325994
730.289958 -566.102779
730.120886 -566.469806
730.054454 -566.677932
730.224513 -566.880440
730.085424 -566.771176
730.256012 -566.867140
730.218337 -566.871464
730.376584 -567.012733
730.370527 -567.331714
730.695516 -567.311547
730.513243 -567.327902
730.518847 -567.621642
730.495850 -567.715439
730.340104 -567.786409
730.368261 -567.812562
730.609475 -567.772223
730.731808 -567.742922
730.880737 -568.088734
730.675614 -568.240590
730.897324 -568.098454
730.884465 -568.415537
730.807781 -568.541573
730.769665 -568.370806
730.802195 -568.584404
730.802010 -568.913643
730.786796 -569.018110
730.965651 -568.920680
730.982563 -569.379444
730.816149 -568.672467
730.969228 -569.214135
730.970904 -569.037760
730.933106 -569.486283
731.227873 -569.456248
731.202094 -569.387224
731.211413 -569.815142
731.289094 -569.761157
731.133237 -569.911701
731.341890 -569.949504
731.473408 -570.171002
731.246568 -569.874874
731.410094 -570.441295
731.399396 -570.544422
731.407866 -570.463615
731.400056 -570.573673
731.148605 -570.539683
731.683512 -570.676077
731.614895 -570.808179
731.543197 -570.791717
731.696066 -571.077503
731.755002 -571.235066
731.680337 -571.166650
731.581317 -571.315339
731.725178 -571.646008
731.531126 -571.670454
731.698989 -571.542851
732.121231 -571.572918
731.806757 -571.736981
732.015711 -571.683370
731.971765 -571.662554
732.181017 -571.843816
731.964168 -571.839553
731.766040 -572.142635
732.277362 -572.412153
732.080929 -572.234578
732.082026 -572.282326
732.236934 -572.503847
731.937665 -572.734854
732.259812 -572.860175
731.977935 -572.372226
732.158496 -572.803425
732.310599 -572.719493
732.112330 -573.010950
732.063800 -573.114072
732.172042 -573.086844
732.485127 -573.109188
732.169689 -573.183147
732.530860 -573.226996
732.638784 -573.623245
732.514144 -573.372550
732.441874 -573.586432
732.569780 -573.667451
732.728766 -573.742595
732.343338 -573.787191
732.738804 -574.379038
732.408380 -573.898434
732.724160 -574.166329
732.716132 -573.898449
732.531148 -574.094952
732.634696 -574.426329
732.472321 -574.437661
732.760270 -574.475932
732.910931 -574.334750
732.771246 -574.420748
732.792364 -574.815641
732.810202 -574.908344
732.893765 -574.847701
733.235314 -574.756488
733.134593 -575.060562
733.003515 -574.996574
733.195029 -575.272296
732.830515 -575.087446
733.054818 -575.426600
732.933771 -575.214659
733.478933 -575.464923
733.131829 -575.400534
733.370462 -575.425172
733.210948 -575.728796
733.112961 -575.577553
733.125462 -575.753733
733.473578 -575.818515
733.205511 -575.926036
733.577928 -576.132441
733.694505 -576.178578
733.477871 -576.300392
733.578405 -576.390804
733.562093 -576.225353
733.471406 -576.568392
733.351935 -576.476065
733.521575 -576.314458
733.113322 -576.320964
733.721333 -576.713861
733.791512 -576.720110
733.418554 -576.766735
733.849420 -576.922823
733.658190 -577.002912
733.584347 -577.125762
733.452286 -577.066619
734.055857 -577.377515
733.867719 -577.197104
733.854679 -577.096041
733.821975 -577.308056
733.741090 -577.322359
734.100466 -577.488613
734.120332 -577.492549
734.179869 -577.713730
734.167131 -577.412056
733.742072 -577.456787
734.387357 -578.023692
734.060386 -577.962641
734.310678 -578.058246
734.342634 -578.074948
734.243455 -577.837195
734.187760 -578.443750
734.097563 -578.101613
734.229614 -578.429619
734.425568 -578.024344
734.208049 -578.343722
734.354475 -578.273784
734.725123 -578.408325
734.517376 -578.877684
734.457580 -578.702642
734.515027 -578.526451
734.579648 -578.524761
734.908911 -578.588214
734.508661 -578.860565
734.664152 -579.016071
734.988479 -578.872482
734.508383 -579.387243
734.770687 -578.952452
734.670709 -579.232469
734.763267 -579.472504
734.569577 -579.541685
734.918577 -579.526417
734.681117 -579.448357
734.878965 -579.395621
734.896906 -579.683420
734.979898 -579.403031
734.806549 -579.654973
734.752917 -579.790793
734.761507 -579.968275
734.896579 -579.740928
735.068333 -580.201563
735.231356 -579.662919
734.851322 -579.615959
735.037382 -580.058990
735.149482 -579.947997
735.141654 -579.931780
734.988482 -580.163342
734.963086 -580.401569
735.114281 -580.365521
735.350113 -580.421510
735.417810 -580.487479
735.533227 -580.478501
735.669088 -580.690309
735.763094 -580.449267
735.227182 -580.459358
735.425950 -580.688650
735.344804 -580.790273
735.582031 -580.810398
735.399624 -580.757903
735.290627 -580.876988
735.594767 -580.906041
735.565203 -581.275146
735.398873 -581.192377
735.596567 -581.054372
735.616712 -580.733217
735.561817 -581.131746
735.718882 -581.091944
735.777460 -581.187546
735.644862 -581.388424
735.720276 -581.311024
735.590143 -581.366751
735.754541 -581.462678
735.955551 -581.471082
735.851791 -581.445438
735.670764 -581.654828
735.975537 -581.616476
735.813550 -581.462156
736.047692 -581.861293
736.059075 -581.688692
735.891949 -581.765360
736.141952 -581.787399
736.095537 -581.747783
736.190538 -581.908014
735.915756 -581.887676
736.239936 -581.990197
735.998289 -581.964318
736.321406 -582.114008
736.270216 -582.038120
736.559716 -582.185799
736.418855 -582.350208
736.141612 -582.214115
736.331628 -582.481217
736.369454 -582.524938
736.573129 -582.391090
736.617743 -582.722794
736.591702 -582.313845
736.509108 -582.498403
736.311652 -582.548044
736.454428 -582.406875
736.536473 -582.598873
736.595732 -582.805852
736.540624 -582.660437
736.429859 -582.501031
736.559109 -583.011047
736.496990 -582.520694
736.628680 -582.575795
736.505790 -583.001964
736.695450 -582.663654
736.759514 -582.943349
736.573633 -582.948005
736.789225 -582.984508
736.799692 -582.744468
736.946045 -583.050337
736.899927 -583.141392
736.861136 -583.099957
736.904649 -583.365683
736.959933 -583.378184
737.057358 -582.984283
737.065209 -583.245233
736.798017 -583.120442
737.038891 -583.569403
737.211263 -583.312275
737.223093 -583.483812
736.790690 -583.203700
736.950035 -583.617087
737.295224 -583.459801
737.074916 -583.533249
737.092963 -583.356853
736.997208 -583.232005
737.060778 -583.445631
737.229022 -583.728916
737.310568 -583.553471
737.288501 -583.766265
737.418612 -583.682836
737.477335 -583.755724
737.479491 -583.915469
737.349560 -583.801696
737.441822 -583.985101
737.677933 -583.790329
737.335040 -583.985912
737.693263 -583.945906
737.737717 -583.874944
737.714789 -583.801929
737.806128 -583.826250
737.683210 -584.198963
737.912227 -584.073426
737.726134 -584.011070
737.713810 -584.149055
737.632487 -584.063073
737.647767 -584.027287
737.708394 -584.114815
737.835370 -584.048187
737.809690 -584.130829
737.677331 -584.308015
737.781182 -584.086898
737.671087 -584.674766
737.953319 -584.185654
737.761811 -584.410762
738.092491 -584.324507
737.911760 -584.118939
737.899530 -584.142217
738.041737 -584.407132
737.705667 -584.476828
738.086551 -584.766334
738.110929 -584.490689
738.086386 -584.596453
738.101988 -584.770414
737.914639 -584.616443
738.016762 -584.601010
738.250837 -584.807566
738.282268 -584.565364
738.130940 -584.519518
738.191783 -584.787060
738.398157 -584.682314
738.376021 -584.644697
738.134388 -584.485370
738.316520 -584.589941
738.174346 -584.664159
738.288522 -584.662919
738.294816 -584.613343
738.300657 -584.486377
738.422662 -584.713906
738.352974 -584.657954
738.547859 -584.767104
738.488444 -585.094311
738.729835 -584.685485
738.569859 -584.791047
738.521624 -584.844147
738.744254 -584.989526
738.265791 -585.093567
738.893186 -584.771141
738.632592 -584.935744
738.844482 -584.729039
738.610191 -584.700290
738.772628 -585.071015
738.661145 -584.794119
738.710909 -584.989028
738.988090 -584.795965
738.903343 -584.808340
739.094743 -584.882946
738.818019 -584.931176
739.049211 -585.002671
739.005010 -585.143308
738.921342 -584.864267
739.140225 -585.391830
738.934916 -585.050888
738.921529 -584.788818
739.167188 -585.050145
739.041532 -584.897932
739.016488 -585.042095
739.307425 -585.022122
739.098527 -585.245664
739.080391 -584.939899
739.258341 -584.755613
739.348737 -585.274487
739.105021 -584.978000
739.385782 -585.224199
739.238988 -585.157023
739.119557 -585.075290
739.256165 -584.945606
739.734429 -585.059985
739.131845 -584.944262
739.453112 -585.205114
739.261163 -585.022974
739.342078 -584.814489
739.539000 -584.974065
739.496056 -585.118085
739.582760 -584.852770
739.680427 -585.039772
739.681741 -585.084447
739.565021 -585.096517
739.371638 -585.028587
739.561457 -585.159261
739.560031 -585.109019
739.525938 -585.045614
739.620712 -585.089393
739.771939 -585.024612
739.814645 -585.055712
739.661422 -584.961482
739.735444 -584.868617
740.018696 -585.148961
739.756903 -585.048138
739.910912 -585.310041
740.013352 -585.106405
740.093579 -585.009397
740.138927 -584.842343
740.099431 -584.978910
739.738443 -585.108828
739.643797 -584.842125
740.244123 -585.182031
739.911378 -585.005579
739.868648 -584.785791
739.947620 -585.086357
739.972443 -584.863541
740.064573 -584.819065
739.922738 -584.988440
740.355421 -585.018790
740.240254 -584.992536
740.181263 -584.766435
740.023205 -584.983901
740.190860 -585.185402
740.235187 -584.974770
740.135156 -585.133517
740.382493 -584.799282
740.197139 -584.919334
740.422654 -584.699113
740.266748 -585.136450
740.101809 -584.902267
740.513982 -584.782912
740.484986 -585.011631
740.719667 -584.830845
740.564745 -584.957541
740.492119 -585.158616
740.783279 -584.999426
740.310502 -584.809118
740.452925 -584.902152
740.640495 -584.689853
740.604491 -584.476064
740.725759 -584.608905
740.764374 -584.958825
740.744843 -584.752197
740.740936 -584.591691
740.677117 -584.292921
740.892699 -584.659427
740.760262 -584.461827
740.619879 -584.725613
740.794690 -584.575328
740.676560 -584.854774
740.496351 -584.716440
741.051971 -584.637900
740.784490 -584.519341
741.119188 -584.472466
740.862189 -584.673775
740.656621 -584.370222
740.782395 -584.509956
740.876147 -584.743525
741.087759 -584.168716
741.004466 -584.503699
741.146785 -584.724237
741.140243 -584.485618
741.203210 -584.243037
740.886717 -584.350738
741.159355 -584.744071
740.951539 -584.390087
741.210593 -584.029557
740.954025 -584.233167
741.169606 -584.373762
740.925654 -584.110056
741.218594 -584.329719
741.247735 -584.284290
741.218375 -584.268324
741.256131 -584.200997
741.236616 -584.266270
741.198239 -584.186148
741.303322 -584.206509
741.463308 -584.328852
741.419694 -584.235519
741.710340 -583.983870
741.399905 -583.842535
741.564027 -584.166227
741.478971 -584.194676
741.348864 -583.923336
741.273872 -583.718888
741.617266 -584.074295
741.705645 -583.671784
741.575931 -583.736517
741.666249 -584.070974
741.431128 -583.608744
741.687938 -583.951368
741.764883 -583.814778
741.623824 -583.724484
741.587139 -583.779931
741.534511 -583.820573
741.780066 -583.494443
741.793986 -583.446882
741.802287 -583.837879
741.791406 -583.870806
741.739090 -583.833180
741.785175 -583.560064
741.663425 -583.631757
741.694954 -583.376745
741.799616 -583.524006
741.797536 -583.126308
741.714136 -583.527160
742.028445 -583.071854
742.000022 -583.468416
742.011495 -583.199861
742.049364 -583.048233
742.089128 -583.256356
742.247267 -583.039056
741.774024 -583.327153
741.881875 -583.159882
741.939023 -583.359294
742.075179 -582.938200
742.252780 -583.056892
742.405711 -582.954501
742.261671 -582.794028
742.189652 -583.352901
742.291682 -582.930853
742.323800 -582.649862
741.946290 -582.866769
742.410692 -582.813428
742.472890 -583.035551
742.412290 -582.564776
742.180035 -582.613241
742.081728 -582.603900
742.419763 -582.762862
742.477735 -582.586526
742.226331 -582.439707
742.420132 -582.509311
742.249173 -582.764921
742.453041 -582.246333
742.730581 -582.280209
742.629207 -582.319680
742.516172 -582.465757
742.480686 -582.138799
742.585078 -582.388195
742.312598 -582.220346
742.622714 -582.077646
742.569194 -582.232816
742.584912 -582.221731
742.441461 -582.096839
742.784532 -581.733518
742.725225 -581.889943
742.500517 -582.091653
742.848569 -581.693835
742.992759 -581.579298
743.089893 -581.619011
742.693433 -581.614617
742.887070 -581.593651
742.718152 -581.310730
742.854587 -581.782301
742.798313 -581.444103
742.575291 -581.464797
743.062677 -581.464478
742.958295 -581.517125
742.907382 -581.327294
743.107820 -581.308452
743.000054 -581.231099
743.206796 -581.132354
742.915150 -580.919696
742.913448 -581.003411
743.244237 -580.881570
743.013624 -580.881244
743.049658 -580.848396
743.328528 -580.645998
743.243150 -580.946900
743.212045 -581.007630
743.082483 -580.738472
743.405684 -580.482333
743.299463 -580.485694
743.715879 -580.890192
743.540379 -580.533899
743.445385 -580.749151
743.483763 -580.640356
742.978088 -580.298736
743.320220 -580.333462
743.180983 -580.496849
743.359330 -579.923248
743.261637 -580.215576
743.558604 -579.913483
743.429896 -580.057415
743.330454 -580.165228
743.692975 -579.953556
743.683278 -580.117557
743.580867 -579.668956
743.804339 -579.812109
743.385846 -579.990529
743.414814 -579.696702
743.760301 -579.898918
743.469191 -579.692851
743.715304 -579.672506
743.728788 -579.405303
743.716815 -579.302529
743.695193 -579.366430
743.698846 -579.294189
743.806361 -579.036791
743.589208 -579.060911
743.718800 -578.993101
743.986583 -579.126267
743.596441 -579.046186
743.848696 -578.878114
743.982919 -578.916251
743.986629 -579.097501
744.096121 -578.753505
743.820834 -578.718283
743.834120 -578.776481
743.781614 -578.858431
744.064751 -578.547128
744.256979 -578.340055
743.791369 -578.606769
743.955276 -578.290112
744.049208 -578.358697
744.099227 -578.152771
744.136200 -578.195153
744.081167 -578.372234
743.925904 -578.055192
743.926976 -577.975411
744.215667 -577.983934
744.098287 -577.732913
744.076176 -577.784270
744.353584 -577.873036
744.225539 -577.699883
743.998594 -577.679960
744.325311 -577.694278
744.081256 -577.755048
744.202229 -577.709840
744.278195 -577.196171
744.445699 -577.141173
744.422499 -576.865627
744.144117 -577.086716
744.262636 -576.980577
744.349277 -577.306213
744.499434 -576.857862
744.097036 -576.884215
744.529867 -576.576451
744.257006 -576.710672
744.422554 -576.660653
744.326583 -576.774057
744.387731 -576.764662
744.254603 -576.212821
744.254284 -576.509413
744.599660 -576.549674
744.477246 -576.312902
744.709691 -576.125732
744.550620 -576.068723
744.577049 -575.909421
744.648088 -576.050800
744.617563 -575.920658
744.872523 -575.711923
744.761349 -575.653111
744.578954 -575.694236
744.395473 -575.878378
744.864252 -575.677019
744.717746 -575.709659
745.087429 -575.399040
744.850794 -575.545856
744.992445 -575.587143
744.827291 -575.447107
744.680109 -575.096196
744.651199 -575.182211
745.124840 -575.039448
744.929314 -575.000754
745.003881 -575.022786
744.942368 -574.703511
744.555504 -574.791159
745.153670 -574.775962
745.005276 -574.600357
744.955080 -574.464022
744.932084 -574.430646
745.250128 -574.272412
745.292040 -574.194452
744.821741 -573.863423
745.158950 -574.320983
745.299723 -573.789281
745.207736 -573.841971
745.042531 -573.888984
744.919859 -573.846209
745.452809 -573.778237
745.180911 -573.590948
745.079013 -573.688862
745.434243 -573.165291
745.349364 -573.602497
745.229713 -573.423860
745.600601 -573.081926
745.273249 -573.188857
745.132711 -573.191254
745.245080 -573.023453
745.267570 -573.131850
745.347121 -572.844908
745.522916 -572.960347
745.130207 -572.651670
745.287030 -572.429567
745.538098 -572.519894
745.637244 -572.316513
745.649419 -572.218712
745.666309 -572.110067
745.412695 -572.045632
745.600587 -571.975398
745.544070 -572.223691
745.750675 -572.105410
745.510211 -571.945053
745.883971 -571.689103
745.841784 -571.624135
745.491161 -571.535424
745.879276 -571.700622
746.060903 -571.793868
745.795214 -571.198207
745.507949 -571.153114
745.549345 -571.068590
745.825660 -571.354683
745.646051 -571.240684
745.940327 -570.815510
745.696355 -570.974149
745.884760 -570.879299
746.001094 -570.709806
745.788509 -570.685746
745.753175 -570.605194
745.924398 -570.544797
745.924576 -570.393086
746.109553 -570.145788
745.886376 -570.101712
746.133940 -570.028603
745.961775 -569.754672
746.360683 -569.718047
746.127575 -569.682442
746.107405 -569.428612
746.072286 -569.509043
745.739409 -569.192627
746.287222 -569.230113
745.870681 -569.059207
746.104931 -569.196432
746.388193 -569.041424
746.315779 -569.112084
746.167719 -568.888963
746.312566 -568.885394
746.516421 -568.763243
746.168428 -568.725791
746.166859 -568.539455
746.494994 -568.465000
746.228541 -568.020566
746.612517 -568.264354
746.091083 -568.014198
746.633835 -568.134594
746.483452 -567.917466
746.491702 -567.765610
746.456254 -567.595098
746.280081 -567.928573
746.234665 -567.289500
746.316874 -567.302691
746.666621 -567.102476
746.400411 -567.476449
746.543368 -567.007437
746.793305 -567.149025
746.569955 -566.948983
746.516992 -566.916342
746.278034 -566.915030
746.497500 -566.875955
746.735293 -566.596432
746.674509 -566.435957
746.811548 -566.588386
746.804765 -566.236238
746.683170 -566.379950
746.481052 -566.227172
746.896629 -565.967583
746.780465 -565.771669
746.638048 -565.677998
746.778877 -565.595454
746.976396 -565.415267
746.646599 -565.567690
746.634318 -565.657008
746.604130 -565.260239
747.049180 -565.272776
746.739618 -565.000571
746.711707 -564.658792
746.965871 -564.903548
746.856634 -564.894883
746.747179 -564.728745
747.264637 -564.666481
747.200588 -564.297040
746.965880 -564.231882
746.789263 -564.211034
747.223860 -564.063407
747.095236 -564.122224
746.907280 -563.910623
747.582098 -563.737111
746.903989 -563.841691
747.229344 -563.496820
746.877205 -563.936515
747.408539 -563.437758
747.256884 -563.268522
747.395863 -563.227011
747.450892 -563.116426
747.030515 -563.058724
747.032404 -562.667964
747.491440 -562.532483
747.131632 -562.551453
747.468262 -562.352058
747.462137 -562.426085
747.332111 -562.309133
747.589640 -562.200985
747.462267 -562.148259
747.502048 -562.290266
747.585349 -561.647826
747.565579 -561.591983
747.542948 -561.659761
747.405920 -561.555207
747.541891 -561.481676
747.330293 -561.249306
747.521304 -561.043122
747.354686 -560.893288
747.775417 -560.805815
747.442388 -560.947497
747.480432 -560.837337
747.477814 -560.564872
747.681914 -560.504603
747.618856 -560.109495
747.744834 -560.242887
747.531335 -560.090986
747.721087 -560.118849
747.776770 -560.204535
747.807608 -559.739155
747.632236 -559.712870
747.765964 -559.412104
747.772521 -559.624719
747.882236 -559.453647
747.674488 -559.342320
747.717937 -559.181601
747.904604 -558.813198
747.608097 -558.686323
747.892329 -558.903891
747.961706 -558.640294
748.045291 -558.758635
747.946673 -558.555702
748.154846 -558.357641
747.900352 -558.150269
747.926620 -558.179371
748.325064 -558.112095
748.040853 -558.176178
747.987644 -557.531609
747.917227 -557.589978
748.119371 -557.538840
748.213261 -557.360260
748.067225 -557.131490
748.075424 -556.978052
747.917419 -556.828593
748.308739 -556.763311
748.053438 -556.484466
748.183667 -556.581747
748.143378 -556.252058
748.002890 -556.343823
748.083507 -556.338607
748.492599 -556.027253
748.252559 -556.021996
748.194869 -555.799396
748.100305 -555.772395
748.358876 -555.598025
748.207453 -555.786360
748.257758 -555.406167
748.295724 -555.464423
748.405585 -555.170534
748.377299 -554.971348
748.422753 -554.876866
748.416098 -554.611308
748.229170 -554.545543
748.450817 -554.539202
748.461072 -554.462041
748.415597 -554.265869
748.375720 -554.338327
748.438539 -553.910310
748.429096 -553.753964
748.729092 -553.700950
748.536410 -553.652004
748.741455 -553.726576
748.513164 -553.481678
748.612810 -553.314212
748.696533 -553.165283
748.623939 -553.026645
748.735263 -552.854423
749.015258 -552.618561
748.551254 -552.559548
748.475033 -552.772322
748.732271 -552.372289
748.593391 -551.975751
748.861773 -551.881644
748.974894 -551.816113
748.925125 -551.808831
748.917118 -551.674325
748.797166 -551.327405
748.796138 -551.453411
748.990760 -551.325912
748.935650 -551.241385
748.867443 -551.128168
748.942522 -550.852128
749.354418 -550.673373
748.968281 -550.237712
749.089778 -550.352628
749.094668 -550.338752
748.933605 -550.303504
748.880572 -550.291052
749.061277 -549.962978
749.026716 -549.960992
749.000011 -549.611263
749.140577 -549.512575
749.113656 -549.357157
748.794997 -549.028433
749.128520 -549.255239
749.107259 -549.149459
749.212477 -549.033599
749.136262 -548.686967
749.109777 -548.460236
749.104235 -548.231771
749.079216 -548.454011
749.335546 -548.212625
749.076229 -548.090955
749.223694 -547.694840
749.242280 -548.000547
749.184120 -547.539577
749.086392 -547.463523
749.103950 -547.602142
749.343687 -547.029612
749.149946 -547.176443
749.440861 -546.820020
749.399765 -546.680946
749.419672 -546.826951
749.480292 -546.420736
749.571689 -546.449274
749.304221 -546.020392
749.436699 -545.878951
749.413365 -545.935564
749.568640 -546.146455
749.305886 -545.723560
749.420658 -545.504380
749.519487 -545.165431
749.485722 -545.201141
749.714850 -545.330666
749.762150 -544.740550
749.675240 -545.217501
749.762052 -544.783310
749.603135 -544.789492
749.560487 -544.263989
749.604426 -544.504959
749.481892 -544.001270
749.854830 -544.130490
749.917391 -544.013142
749.800900 -543.624685
749.973176 -543.696908
749.516662 -543.198451
749.833818 -543.216277
749.722853 -543.113971
749.617477 -542.925445
750.179200 -542.984725
749.852538 -542.879019
749.893902 -542.426202
750.006014 -542.442823
749.739223 -542.303893
749.722883 -542.007915
750.199927 -541.913762
749.810802 -541.693458
749.925108 -541.499626
749.856392 -541.672858
750.009411 -541.618799
750.036522 -541.275972
750.283917 -540.899833
749.973992 -541.077013
750.328675 -540.580859
749.989329 -540.631574
750.069069 -540.463980
750.389927 -540.283644
749.992767 -540.149275
750.064820 -540.006948
750.176706 -539.884576
750.340113 -539.617239
750.050381 -539.491969
749.996281 -539.498990
750.158463 -539.297561
750.229984 -539.312425
750.576823 -538.684508
750.434880 -538.834084
750.386085 -538.420023
750.351180 -538.668374
750.420982 -538.160401
750.482001 -538.416368
750.579090 -538.062849
750.204805 -537.747829
750.314318 -537.618064
750.501083 -537.639813
750.496226 -537.385529
750.719131 -537.408749
750.192702 -537.298790
750.632048 -536.963662
750.338553 -536.898112
750.272404 -537.074160
750.697013 -536.372565
750.504276 -536.494990
750.520470 -536.037633
750.460932 -536.155385
750.524370 -536.022884
750.695248 -535.798800
750.533441 -535.394850
751.013038 -535.340066
750.771283 -535.172961
750.684222 -535.137853
750.501085 -534.806672
750.603005 -534.837109
750.509843 -534.759365
750.838539 -534.419364
750.744621 -534.195315
750.558020 -534.122135
750.903663 -534.186527
750.874046 -533.618372
750.759511 -533.692837
751.028669 -533.464520
750.894266 -533.472172
750.825722 -533.569871
751.008492 -533.171017
750.921522 -532.822037
750.924466 -532.531010
750.959422 -532.545277
750.913704 -532.183575
750.789867 -532.354565
750.997901 -532.121611
750.886881 -531.616259
751.198900 -531.471144
751.153707 -531.433786
751.273771 -531.626749
751.210281 -531.334124
751.053031 -531.113622
751.405995 -531.007381
751.032992 -530.844740
751.369755 -530.319885
751.170628 -530.565433
751.449999 -530.500959
751.151598 -530.012536
751.235180 -529.915116
751.197385 -529.741016
751.397285 -529.565761
751.322430 -529.472009
751.451355 -529.594154
751.561977 -528.937319
751.259658 -528.928701
751.337197 -528.871006
751.318874 -528.699524
751.253294 -528.469808
751.525737 -528.130320
751.275494 -528.204335
751.419570 -527.995622
751.635753 -527.561323
751.430232 -527.651737
751.632408 -527.505676
751.491182 -527.365795
751.553630 -527.093474
751.216959 -527.030678
751.495060 -526.723711
751.305521 -526.610480
751.581899 -526.667502
751.736987 -526.327919
751.412040 -526.137783
751.558681 -525.805078
751.531635 -525.856305
751.650379 -525.678062
751.805785 -525.535923
751.614116 -525.327040
751.761688 -525.115598
751.593185 -524.996136
751.718883 -524.681774
751.557301 -524.346750
751.849864 -524.375180
751.860570 -524.305414
751.976745 -524.019225
751.599822 -523.821924
751.701084 -523.641174
751.832031 -523.430079
751.917353 -523.280630
751.876570 -523.398791
751.862278 -522.995699
751.992963 -522.768456
751.646165 -522.681580
752.088663 -522.598841
751.725414 -522.420099
751.938251 -522.003365
752.117946 -522.095093
751.860034 -521.945029
752.219109 -521.684756
752.071751 -521.491790
752.410891 -521.030201
752.026257 -521.268178
751.746184 -520.855998
752.190192 -520.838380
752.001178 -520.477705
752.356373 -520.627801
752.237287 -520.064283
752.242915 -520.038879
751.975798 -519.764127
752.108968 -519.621583
752.201005 -519.249625
752.016053 -519.344808
752.509139 -519.052429
752.200206 -519.121928
752.293188 -518.858332
752.376484 -518.830423
752.469426 -518.532853
752.353762 -518.272599
752.302271 -518.288261
752.478402 -518.241624
752.599517 -517.771398
752.461550 -517.739148
752.237547 -517.549056
752.706168 -517.258509
752.518219 -517.011314
752.577017 -516.748229
752.573115 -516.545049
752.609955 -516.429374
752.543612 -516.424649
752.561394 -515.969770
752.633958 -515.804113
752.531149 -515.614948
752.291328 -515.561062
752.464806 -515.457153
752.462275 -515.377341
752.755164 -515.047046
752.897419 -514.828274
752.648465 -514.503643
752.796608 -514.428153
752.751676 -514.571634
752.849575 -514.213533
753.027637 -513.921936
752.770888 -513.890767
753.124956 -513.683698
752.870542 -513.466059
752.681617 -513.400106
752.839988 -513.067558
752.952401 -512.928028
752.632388 -512.960985
752.763926 -512.371709
753.092410 -512.346194
752.799714 -512.111922
753.055148 -511.817134
752.961607 -511.792729
752.894205 -511.381907
753.175902 -511.522068
752.932142 -511.097889
752.779763 -511.221875
753.205226 -510.656027
753.048507 -510.717859
752.991907 -510.566751
752.825114 -510.369587
753.021602 -509.787935
753.140085 -509.873633
753.283136 -509.624654
752.952428 -509.598610
753.268221 -509.325517
752.943555 -508.801555
752.977127 -509.050352
753.700106 -508.699369
753.037111 -508.543803
753.311333 -508.343047
753.304069 -507.992920
753.245642 -508.257000
753.298311 -507.496421
753.332346 -507.403208
753.313212 -507.466732
753.425655 -507.437607
753.689376 -507.159895
753.428003 -507.078760
753.313745 -506.451310
753.302985 -506.535032
753.218854 -506.423125
753.556447 -506.295679
753.277489 -505.837413
753.435461 -505.868576
753.622410 -505.377182
753.497432 -505.360828
753.582750 -505.142736
753.475144 -504.824808
753.599994 -504.526932
753.371956 -504.355322
753.722264 -504.327029
753.563304 -504.176791
753.680710 -503.788323
753.841261 -503.729335
753.599302 -503.646307
753.700348 -503.396371
753.679421 -503.064418
753.562948 -502.915398
753.560775 -503.069336
753.727716 -502.528342
753.807384 -502.629983
753.909961 -502.332364
753.830168 -502.080303
753.813875 -501.777202
753.838045 -501.998068
753.925970 -501.367413
753.923182 -501.283544
754.109003 -500.975255
753.834657 -500.669140
753.741314 -500.396689
753.896894 -500.457631
753.844363 -500.332010
753.914680 -499.738770
754.139568 -499.974687
754.121389 -499.879897
753.976903 -499.454374
754.143100 -499.177091
754.093679 -498.866978
754.108667 -498.840635
754.173832 -498.941325
754.104492 -498.435216
754.157009 -498.267271
753.947978 -498.390944
754.276251 -497.817476
754.227757 -497.723834
754.312588 -497.713764
753.980044 -497.130489
754.176652 -497.323684
754.204598 -496.911001
754.261587 -496.651313
754.354975 -496.474582
754.272146 -496.190044
754.090873 -496.201349
754.473693 -496.013950
754.379584 -495.640668
754.222054 -495.419441
753.957219 -495.259930
754.533014 -495.127513
754.543167 -494.829374
754.564487 -494.706370
754.585616 -494.695118
754.370315 -494.324355
754.567760 -494.395564
754.618663 -493.915840
754.355811 -493.607219
754.755704 -493.455614
754.521503 -493.393053
754.476113 -493.227422
754.417935 -492.889660
754.855285 -492.699935
754.736850 -492.318083
754.637214 -492.238008
754.867097 -491.862865
754.539694 -491.720705
754.694326 -491.512226
754.602422 -491.492006
754.890149 -491.299050
754.752959 -491.265416
754.567477 -491.087244
754.834707 -490.538406
754.879498 -490.692453
754.933117 -490.261059
754.908214 -489.661673
754.789924 -489.975315
755.066477 -489.725749
755.043851 -489.364845
754.881838 -488.983516
755.045120 -489.152032
754.993010 -488.880795
754.924272 -488.358380
755.082814 -488.198252
755.319003 -488.362586
754.854489 -488.334358
754.926614 -487.703037
755.038721 -487.541289
755.178657 -487.204598
755.245654 -487.242965
755.325128 -486.754577
755.191711 -486.678036
755.135020 -486.649146
755.047098 -486.359914
755.425904 -485.998354
755.303995 -485.867841
755.314712 -485.656967
755.078842 -485.453302
755.313711 -485.283911
755.184437 -485.183770
755.198460 -484.790348
755.404111 -484.564948
755.170485 -484.413809
755.325027 -484.249265
755.572116 -483.797710
755.288942 -483.811474
755.274565 -483.600047
755.500695 -483.409896
755.446212 -483.081704
755.471979 -482.925419
755.746433 -482.698093
755.390108 -482.492296
755.701915 -482.425743
755.238446 -482.184920
755.641743 -481.805620
755.560111 -481.780011
755.603286 -481.333306
755.533805 -481.407168
755.497597 -480.904290
755.786296 -480.710256
755.916261 -480.672187
755.878637 -480.273404
755.789614 -479.976016
755.573709 -479.877851
755.859665 -479.857972
755.821939 -479.374788
755.861238 -479.320321
755.766605 -478.823827
755.938898 -479.158033
755.932414 -478.558946
755.826668 -478.326468
756.091667 -478.494451
756.005481 -478.154162
755.983762 -477.998129
756.073598 -477.625119
755.744842 -477.087238
756.126571 -477.282117
756.112008 -477.166165
755.919188 -476.526555
755.723506 -476.811128
756.043966 -476.162937
756.030245 -475.955874
756.232056 -475.654851
755.902257 -475.785181
756.143971 -475.485263
756.079257 -475.195527
756.320859 -475.017851
756.318018 -474.664887
756.117220 -474.424545
756.185740 -474.308353
756.261693 -474.198608
756.190809 -473.898244
756.130696 -473.666200
756.094948 -473.488688
756.331104 -473.149412
756.494767 -473.039458
756.373308 -472.956738
756.588062 -472.833522
756.567027 -472.317854
756.314252 -471.898739
756.250176 -472.234917
756.550670 -471.503626
756.419909 -471.358192
756.203848 -471.398629
756.717396 -471.179470
756.520836 -470.883527
756.882291 -470.860475
756.532562 -470.591123
756.683736 -470.306621
756.680423 -470.078589
756.524576 -469.901558
756.699060 -469.334616
756.590269 -469.333843
756.457888 -469.033880
757.104482 -469.021197
756.781822 -468.568922
756.503121 -468.352342
756.779149 -468.170798
756.556712 -468.087076
756.691910 -467.550779
756.688372 -467.453152
756.824240 -467.346636
756.915274 -466.901042
756.726433 -467.134420
756.942056 -466.921536
756.891221 -466.425736
756.997553 -466.175054
756.965480 -466.067974
757.086599 -466.020560
757.166262 -465.688853
756.823455 -465.333959
757.001889 -464.942308
757.030692 -464.477870
756.959807 -464.668516
757.079593 -464.574103
756.908738 -464.133070
757.377771 -463.929365
757.341864 -463.385408
757.006104 -463.555708
757.138496 -463.503185
757.145180 -463.205825
757.340369 -463.013371
757.225027 -462.280791
757.488450 -462.584538
757.243770 -462.183277
757.623495 -461.968580
757.265077 -461.478074
757.614414 -461.388527
757.476081 -461.093020
757.373681 -461.098314
757.291429 -460.846077
757.614687 -460.510970
757.431565 -460.355313
757.550894 -460.039260
757.333508 -459.789291
757.527964 -459.848599
757.419551 -459.660926
757.810546 -459.100408
757.582165 -458.806936
757.350189 -458.770498
757.578064 -458.569492
757.601392 -458.244727
757.599210 -457.955426
757.783537 -457.784131
757.769715 -457.699855
757.572784 -457.648406
757.779081 -456.958868
757.865648 -456.819115
757.767911 -456.572044
757.685763 -456.307883
757.849635 -456.041079
758.138952 -455.984185
757.690320 -455.793301
757.826288 -455.478877
757.949243 -455.457894
757.875407 -455.023967
757.937422 -454.877190
758.123071 -454.799179
757.856001 -454.525123
757.778999 -454.309756
757.918468 -454.016241
757.952233 -453.857875
758.161769 -453.361154
757.716163 -452.971418
757.904022 -453.027609
758.248225 -452.679261
758.168887 -452.678224
757.968937 -452.122893
757.921010 -452.112619
758.190355 -451.804184
758.344285 -451.793047
758.290108 -451.487350
758.322512 -451.166853
758.293501 -450.789858
758.067741 -450.736427
758.139277 -450.378798
758.386691 -450.105128
758.248947 -449.905053
758.345956 -449.535866
758.385690 -449.698961
758.353094 -449.142244
758.367393 -449.110259
758.616645 -448.950491
758.421263 -448.547639
758.386258 -448.521512
758.467252 -447.960623
758.310018 -447.943859
758.597386 -447.382569
758.548805 -447.430641
758.599407 -447.311915
758.740701 -446.709547
758.716075 -446.482439
758.453902 -446.391808
758.579168 -446.330297
758.799723 -445.941636
758.685637 -445.820407
758.579915 -445.254753
758.643519 -445.203628
758.838027 -444.990923
758.827580 -444.982274
758.914223 -444.277035
758.624390 -444.393251
758.525961 -444.059462
758.971781 -444.056777
758.885475 -443.747235
759.087245 -443.621184
759.169920 -443.249196
758.606567 -442.865026
759.028870 -442.715655
759.106882 -442.577387
759.049622 -442.157181
758.996469 -442.196939
759.129133 -441.789627
759.072187 -441.557007
759.024560 -441.244495
759.355760 -440.903643
759.099289 -440.908681
759.223903 -440.340878
758.853212 -440.291297
759.323011 -440.105540
759.050220 -440.080729
759.171072 -439.749498
759.002643 -439.310197
759.404053 -439.345522
759.580262 -439.079754
759.226816 -438.818598
759.190829 -438.377837
759.315770 -438.316350
759.397799 -438.072388
759.277322 -437.646855
759.231289 -437.591841
759.228636 -436.996823
759.550196 -436.716392
759.688954 -436.700267
759.444422 -436.414566
759.579996 -436.349166
759.691445 -435.827783
759.508683 -435.888759
759.628790 -435.723838
759.702095 -435.302055
759.735142 -435.203765
759.660236 -434.906276
759.656909 -434.570176
759.924332 -434.280762
759.606227 -434.054581
759.808780 -433.805272
759.545676 -433.576611
760.028172 -433.128759
759.685169 -432.883904
759.871217 -432.827717
759.761873 -432.935576
759.834764 -432.357010
760.037795 -432.101716
759.689068 -431.978613
759.791820 -431.900453
760.124576 -431.513157
760.195207 -431.415400
760.035069 -430.792476
759.781753 -430.686351
759.840509 -430.184259
760.004181 -430.230375
759.930642 -430.017265
760.201608 -429.638910
760.142427 -429.138209
759.994306 -429.218461
759.974641 -429.187830
760.144602 -428.825292
760.385774 -428.226231
760.645312 -427.971091
760.176315 -427.989365
760.193646 -427.878917
760.412052 -427.358586
760.254863 -427.084606
760.318540 -426.699721
760.733236 -427.027735
760.311184 -426.521910
760.685567 -426.273131
760.342810 -426.259000
760.439101 -425.812548
760.440900 -425.510996
760.417103 -425.061394
760.554840 -425.177303
760.381625 -424.906009
760.512609 -424.470563
760.779628 -424.071023
760.434003 -423.938207
760.593616 -424.125046
760.622052 -423.666804
760.708685 -423.006849
760.884551 -423.351569
760.547833 -422.672168
760.794068 -422.673182
761.092486 -422.312619
760.827874 -422.077400
761.074444 -421.754819
760.786599 -421.626781
760.786870 -421.324395
761.234718 -421.094657
761.012850 -421.001991
761.099581 -420.556283
761.053778 -420.371495
760.930140 -420.226675
760.833181 -419.597405
760.937031 -419.671031
760.950395 -419.558091
761.100880 -418.781508
761.023455 -419.075025
761.047686 -418.589859
761.145461 -418.522235
760.938639 -418.169964
760.898738 -417.896136
761.246183 -417.563976
761.097099 -417.514264
760.988682 -416.777394
761.271436 -417.006610
761.061162 -416.570822
761.301479 -416.214782
761.469577 -416.127864
761.342066 -415.938965
761.624937 -416.095552
761.534939 -415.350465
761.323702 -415.163039
761.466307 -414.992310
761.571725 -414.753559
761.676174 -414.468736
761.423117 -414.215542
761.659921 -413.733565
761.808280 -413.649901
761.683613 -413.258654
761.665531 -412.585350
761.614970 -413.018081
761.890954 -412.583647
761.532404 -412.279434
761.400440 -412.085347
761.551218 -411.883657
761.798385 -411.679248
761.500085 -411.423757
761.862973 -410.784120
761.648060 -410.792632
761.766378 -410.737797
762.047980 -410.250027
762.074911 -410.293177
762.088292 -409.571395
761.973287 -409.530931
761.812223 -409.283949
761.749551 -409.125608
762.233872 -408.835690
762.098729 -408.397002
762.178030 -408.269993
762.109665 -408.177755
761.891845 -407.908459
762.012945 -407.801109
762.148373 -407.337170
762.115436 -406.891164
762.259679 -407.010786
762.317964 -406.494776
762.114186 -406.442979
762.337387 -405.961973
762.144882 -405.922875
762.254114 -405.381920
762.404987 -405.132561
762.534973 -405.102356
762.240351 -404.491166
762.714810 -404.723279
762.361719 -404.044345
762.732522 -403.809394
762.344109 -403.674181
762.329472 -403.628789
762.601516 -403.301150
762.835205 -403.102376
762.664605 -402.871736
762.749275 -402.412023
762.683445 -402.223563
762.824082 -402.030872
762.962329 -401.674999
762.662150 -401.460378
762.696166 -401.333340
762.710127 -400.752296
762.916545 -400.398513
762.495858 -400.592010
762.713628 -400.083106
762.939732 -399.929628
762.942365 -399.699055
762.909823 -399.379430
762.898405 -399.281267
762.896459 -398.981128
762.672396 -398.697554
763.098757 -398.401660
762.649771 -398.344712
762.854840 -397.791659
762.778619 -397.252183
763.232698 -397.154955
763.017041 -397.091348
763.269030 -396.760355
762.918523 -396.426981
763.545594 -396.346427
763.182271 -396.144387
763.302780 -395.776434
763.319691 -395.476944
763.255213 -395.430333
763.241437 -395.280857
763.214123 -394.708907
763.405633 -394.784886
763.605736 -394.330760
763.254508 -393.788863
763.323963 -394.060577
763.458410 -393.677531
763.833431 -393.419475
763.394519 -392.921100
763.552338 -392.950068
763.687264 -392.474073
763.789645 -392.412438
763.514844 -391.905888
763.720297 -391.784220
763.620585 -391.438761
763.555940 -391.120791
763.520018 -391.026980
763.784179 -390.838113
763.817516 -390.524882
763.770625 -390.313733
763.837725 -389.817500
763.816856 -389.786030
763.977953 -389.471095
763.721108 -389.206804
763.981619 -388.770206
763.763445 -388.637210
763.850293 -388.303983
763.940373 -388.044502
764.174782 -388.075759
763.844325 -387.574992
764.228455 -387.341679
763.988412 -387.158304
764.132166 -387.043128
764.153737 -386.772394
764.207051 -386.032330
764.175686 -385.936936
764.359758 -385.813832
764.116445 -385.607407
764.116272 -385.300772
764.300960 -385.273884
764.282518 -384.701862
764.368410 -384.490748
764.409893 -384.123456
764.144219 -383.913557
764.572986 -383.700118
764.369341 -383.119053
764.471606 -383.440315
764.272944 -383.022160
764.195770 -382.557530
764.453168 -382.400769
764.690226 -382.167960
764.363447 -382.138526
764.416015 -381.967080
764.832153 -381.356782
764.819829 -381.073527
764.451228 -380.434997
764.749664 -380.552566
764.899168 -380.146465
765.238051 -380.042492
764.890290 -379.781564
764.701612 -379.583539
764.674850 -379.012966
764.981029 -378.882443
764.878636 -378.522783
764.874812 -378.584129
764.980768 -378.053905
765.137688 -378.160533
765.106316 -377.454261
765.020068 -377.508574
765.194670 -377.007383
764.976793 -376.971630
765.213126 -376.765585
765.202806 -376.239136
765.145753 -375.940559
765.268103 -375.991060
765.306318 -375.401664
765.279256 -375.311371
765.198737 -374.999384
765.379126 -374.595240
765.248175 -374.453960
765.459744 -374.324938
765.391827 -374.440616
765.484734 -374.033419
765.288172 -373.645057
765.427489 -373.186671
765.309487 -373.270920
765.429576 -372.597590
765.538765 -372.557301
765.525480 -372.177652
765.596058 -372.005909
765.727931 -371.394985
765.555752 -371.348025
765.530731 -371.082687
765.778482 -370.872930
765.834967 -370.540151
765.368706 -370.285792
765.727856 -370.330561
765.799351 -370.071052
765.827718 -369.484203
765.858718 -369.325941
765.881498 -368.950587
766.128475 -368.795199
765.919609 -368.482100
765.928613 -368.270127
765.937061 -367.996906
766.075884 -367.802397
766.075514 -367.547758
765.975576 -367.269176
766.324460 -366.802091
766.250677 -366.695391
766.288838 -366.356897
766.034944 -366.252639
766.385651 -365.637624
766.440577 -365.710430
766.173008 -365.273226
766.415433 -365.404881
766.421849 -364.827311
766.405163 -364.807460
766.189610 -364.303828
766.528985 -364.036094
766.236344 -363.445224
766.340711 -363.653729
766.622486 -363.156265
766.576440 -363.080766
766.344955 -362.455493
766.628093 -362.337847
766.586262 -362.216494
766.620708 -361.711599
766.671602 -361.776502
766.481756 -361.307388
766.929744 -360.991309
766.729035 -360.787087
766.740317 -360.440351
766.937853 -360.399323
766.764315 -360.231018
766.852249 -359.445968
766.645821 -359.251533
766.941948 -359.203909
766.883914 -359.031141
767.133422 -358.713565
767.148289 -358.281433
766.952430 -358.022756
767.016516 -357.963052
766.996652 -357.778526
767.330187 -357.131814
767.395713 -357.165005
767.247427 -356.886719
767.226487 -356.502556
767.011687 -356.197740
767.287931 -356.007015
767.165207 -355.767844
767.237312 -355.558456
767.236394 -355.295225
767.304461 -354.990432
767.341097 -354.605008
767.163492 -354.368972
767.470798 -354.143242
767.590483 -353.762974
767.495288 -353.630782
767.444474 -353.474457
767.386587 -353.216104
767.568630 -352.976015
767.654365 -352.456911
767.636298 -352.278729
767.690290 -352.032647
767.726729 -351.908439
767.771020 -351.602430
767.554100 -351.222896
767.977605 -351.124574
767.767852 -350.567171
768.036961 -350.360005
767.711840 -350.164440
767.817497 -349.827160
767.956314 -349.744243
767.774467 -349.505230
768.034958 -348.944127
767.938316 -349.034614
768.034389 -348.502726
768.059806 -348.371116
768.154738 -348.203552
768.187652 -347.720293
768.175667 -347.297168
768.259620 -347.150587
768.465077 -346.876069
768.346886 -346.617119
768.236526 -346.366680
768.283264 -346.068479
768.495580 -345.771905
768.237803 -345.653062
768.406635 -345.306007
768.338384 -345.106649
768.425911 -345.115457
768.406219 -344.700852
768.486445 -344.482353
768.601164 -343.720203
768.596077 -343.542352
768.579178 -343.522456
768.798997 -343.263608
768.674283 -342.784015
768.948610 -342.642653
768.622572 -342.464536
768.588204 -342.110727
768.820608 -341.848073
768.898876 -341.504956
768.796010 -341.576220
769.203748 -341.121263
768.755219 -340.740548
768.922311 -340.372954
769.042665 -340.502922
768.863646 -340.229634
768.988960 -339.623688
768.881769 -339.393294
769.153178 -339.136467
769.168791 -339.149268
768.957147 -338.820775
769.141906 -338.255800
769.077126 -337.941811
769.335785 -337.710802
769.124326 -337.321899
769.168487 -337.386994
769.222125 -337.020080
769.147818 -336.676533
769.580541 -336.315161
769.268252 -336.215154
769.553804 -335.822538
769.353868 -335.753042
769.616206 -335.293242
769.708266 -335.436838
769.478371 -334.830273
769.747963 -334.576989
769.655907 -334.264458
769.386720 -334.141981
769.577294 -333.774741
769.820379 -333.526697
769.906984 -333.077227
770.019922 -333.095502
769.787301 -332.572079
769.967907 -332.392449
769.770652 -332.082872
769.813957 -331.902769
769.971248 -331.513584
769.952814 -331.419862
769.757224 -331.028602
770.002291 -330.913513
770.001417 -330.686784
770.071461 -330.186260
769.764906 -330.290739
770.155913 -329.852181
770.298919 -329.535005
770.338843 -329.191669
770.185792 -328.769318
770.104824 -328.752033
770.601233 -328.599509
770.391711 -327.946606
770.403379 -327.969495
770.599137 -327.559649
770.243041 -327.305618
770.381408 -327.170745
770.550851 -326.497771
770.560000 -326.709288
770.727524 -325.908012
770.647330 -326.204820
770.705495 -325.727554
770.560878 -325.569306
770.824594 -325.116535
770.740061 -324.840192
770.802768 -324.650444
770.784123 -324.582159
770.771689 -324.113758
770.783088 -323.790695
770.984695 -323.401206
770.891636 -323.277682
770.795004 -323.041125
770.596157 -322.959156
770.977539 -322.434810
771.113158 -322.313519
770.886166 -321.857609
771.174270 -321.887700
770.988500 -321.619140
771.056797 -321.095598
771.052505 -320.981167
771.326103 -320.541755
771.323176 -320.355082
771.393546 -319.947043
771.500430 -319.973142
771.512280 -319.502717
771.389749 -319.411488
771.368821 -318.966441
771.835411 -318.824879
771.342376 -318.339165
771.380104 -318.308523
771.793312 -317.932161
771.506110 -317.537810
771.732023 -317.333929
771.832247 -316.946628
771.839478 -316.805926
771.563743 -316.297030
771.754441 -316.499004
771.956311 -315.855555
771.746560 -315.773825
772.013833 -315.528924
772.137146 -315.014938
771.997416 -314.611114
771.906303 -314.835938
772.030224 -314.387720
771.667601 -314.154046
772.034639 -313.884193
772.165702 -313.274700
771.966474 -313.273061
772.060742 -312.999186
772.153260 -312.816617
772.016812 -312.288535
772.200278 -312.337844
772.498130 -311.724554
772.506829 -311.554394
772.240105 -311.399916
772.673582 -311.043080
772.347979 -310.649862
772.616912 -310.509363
772.563338 -310.177268
772.472388 -309.854138
772.503907 -309.663958
772.480448 -309.791582
772.671120 -309.314842
772.494962 -309.059936
772.695514 -308.751590
772.604630 -308.390263
772.736314 -308.336379
772.979232 -307.591219
772.879918 -307.904222
773.074547 -307.153457
773.077576 -306.965056
772.918964 -306.912800
773.002114 -306.548115
772.966098 -306.662119
773.138053 -306.005336
772.906396 -305.691993
773.247393 -305.110866
773.325281 -305.577452
773.123951 -305.034050
773.424395 -304.562254
773.078876 -304.225957
773.259340 -303.959252
773.410523 -304.018708
773.212214 -303.578129
773.493940 -303.180326
773.437457 -303.193822
773.696094 -302.707991
773.323983 -302.423343
773.435428 -302.296548
773.586220 -301.922393
773.378570 -301.760254
773.504012 -301.078064
773.497768 -301.178828
773.451263 -301.070208
774.141022 -300.470279
773.518498 -300.480684
773.734494 -300.175911
773.610334 -299.984750
773.681072 -299.156647
774.026975 -299.275191
773.866636 -298.937270
774.061689 -298.293219
773.647810 -298.328795
773.863056 -298.072892
774.173939 -297.723151
774.115000 -297.458162
774.467637 -297.287689
774.091941 -296.836584
774.053241 -296.964859
774.299229 -296.522533
774.042298 -296.436128
774.364427 -296.050730
774.398152 -295.832544
774.458727 -295.468385
774.424695 -295.018491
774.501864 -294.915967
774.274083 -294.666557
774.474388 -294.226289
774.437772 -293.682026
774.671786 -293.881334
774.516115 -293.720259
774.726408 -293.153616
774.785379 -293.219124
774.933708 -292.705024
774.636711 -292.392061
774.853318 -292.214037
774.748755 -292.060563
774.642517 -291.983340
774.804752 -291.302737
774.795098 -291.220353
775.119946 -290.716548
775.081971 -290.377442
774.965652 -290.590040
774.958543 -289.984856
775.162552 -289.811766
775.400556 -289.857926
775.111208 -289.393122
774.951716 -288.945904
775.222318 -288.621368
775.516141 -288.541523
775.437981 -288.103409
775.221107 -287.711331
775.494073 -287.401287
775.487850 -287.312615
775.591500 -287.069964
775.411594 -286.670828
775.251143 -286.675602
775.510755 -286.187105
775.697447 -285.839471
775.682421 -285.543315
775.641754 -285.447658
775.994125 -285.038506
775.794644 -284.975946
775.684789 -284.865635
775.917990 -284.593076
775.842843 -283.955983
775.863145 -283.862881
776.115414 -283.528443
776.103192 -283.038083
776.018756 -282.894005
776.145248 -282.932185
775.999368 -282.477583
776.149091 -282.079300
775.933884 -281.654657
776.203713 -281.788717
776.346137 -281.438560
776.444865 -281.065624
776.424356 -281.089128
776.414122 -280.462115
776.263567 -280.349965
776.378705 -280.079363
776.459511 -279.727739
776.495173 -279.349398
776.646601 -279.386481
776.352950 -278.614276
776.750810 -278.846574
776.910732 -278.513743
776.902716 -278.152322
776.980302 -278.101101
776.939102 -277.849041
776.811163 -277.171273
777.098959 -277.232785
776.767159 -276.728029
776.892645 -276.461051
777.058758 -276.368879
777.157020 -275.936929
777.094387 -275.886468
777.326923 -275.437376
777.151334 -275.306010
777.265392 -274.771124
776.849490 -274.540120
777.468973 -274.389733
777.144834 -274.196308
777.023481 -273.561654
777.156652 -273.475383
777.286710 -273.366525
777.645200 -272.998962
777.167891 -272.676568
777.299208 -272.722498
777.634418 -272.335063
777.840902 -271.855041
777.366596 -271.904729
777.979127 -271.222163
777.720197 -270.962674
777.823779 -271.225317
777.905749 -270.670893
777.706127 -270.187968
777.732907 -269.942192
777.771858 -269.603614
778.124843 -269.416862
777.922107 -269.246172
778.130936 -268.892888
777.974813 -268.537102
778.048477 -268.548139
778.081207 -268.086367
778.342821 -267.962160
778.077838 -267.772798
778.190034 -267.384296
778.596563 -267.163455
778.148742 -266.550969
778.175875 -266.783748
778.176767 -266.180235
778.440612 -266.144581
778.426648 -265.733540
778.603955 -265.726069
778.521476 -265.141978
778.515101 -264.989140
778.699137 -264.861736
778.713494 -264.314437
778.566658 -264.121022
778.802825 -263.879101
779.045115 -263.525262
778.922115 -263.504164
779.227804 -263.495061
778.799422 -262.783771
778.720004 -262.358228
778.697308 -262.312273
778.825943 -262.205063
779.040820 -261.537008
778.852615 -261.597772
778.958667 -261.112529
779.298750 -260.903424
779.136312 -260.558240
779.522818 -260.381674
779.337863 -260.140042
779.331389 -260.041686
779.177459 -259.709471
779.631410 -259.209317
779.431439 -259.085737
779.384164 -258.486938
779.569959 -258.610037
779.715228 -258.450876
779.418975 -257.964546
779.638611 -257.790671
779.704088 -257.345646
779.934646 -256.921183
779.754355 -257.046867
779.755609 -256.560480
779.756419 -256.492494
779.674432 -256.152749
779.912609 -256.113815
779.977349 -255.423093
779.958117 -255.417650
780.065618 -254.915785
779.927611 -254.727531
780.295573 -254.812263
780.058730 -254.241468
780.315483 -253.893925
780.213560 -253.603569
780.126546 -253.437790
780.178302 -253.490459
780.087610 -252.710781
780.280180 -252.632323
780.643232 -252.357592
780.764329 -252.323615
780.307767 -252.047341
780.548898 -251.437308
780.627489 -251.489716
780.629635 -250.957903
780.696177 -250.691371
780.593669 -250.550181
780.521444 -250.434377
780.653981 -249.961129
780.845431 -249.470252
781.140336 -249.441737
780.943595 -249.070507
780.826200 -248.871361
781.317107 -248.640303
781.355935 -248.379911
780.975600 -248.090210
781.082324 -247.739345
781.201856 -247.564715
781.153927 -247.206146
781.332886 -246.844616
781.492190 -246.757202
781.399534 -246.773886
781.669458 -246.215340
781.411327 -246.301445
781.374114 -245.668306
781.402314 -245.508848
781.526084 -245.125988
781.613041 -244.546072
781.707315 -244.917535
781.581191 -244.392241
782.040919 -244.275106
781.816903 -243.974833
781.440304 -243.423547
781.622149 -243.630993
781.878602 -243.143275
782.044791 -242.887416
782.552760 -242.486358
782.011773 -242.385157
782.033734 -242.338192
781.884630 -241.927144
782.041667 -241.415378
782.387122 -241.162204
782.068760 -241.118931
782.244081 -241.025673
782.375945 -240.481300
782.605639 -240.027878
782.147543 -239.954547
782.112567 -239.575798
782.433004 -239.388480
782.503315 -239.327146
782.507831 -238.865547
782.474339 -238.801390
782.429638 -238.383923
782.662839 -237.940978
782.606330 -237.917276
782.627566 -237.790531
782.590902 -237.105640
782.858893 -237.077020
782.852771 -236.730417
782.610236 -236.289887
782.970888 -236.275723
783.002194 -236.042137
783.034405 -235.963966
783.118977 -235.484279
783.265696 -234.997251
782.881958 -234.939113
783.333192 -234.786781
783.415289 -234.613677
783.226911 -234.268118
783.430632 -233.924237
783.478565 -233.614199
783.600468 -233.500711
783.420904 -233.017664
783.449342 -232.563551
783.645404 -232.388180
783.782082 -232.232440
783.678462 -232.195265
783.721194 -231.670517
783.748225 -231.460255
783.895036 -231.083260
783.855466 -230.983620
784.148367 -230.932371
784.068678 -230.279089
784.027674 -230.393073
784.057534 -229.823872
784.370184 -229.537040
784.019536 -229.668868
784.060271 -229.106678
784.329701 -229.047340
784.222971 -228.559734
784.629622 -228.458457
784.543199 -228.029196
784.528358 -227.864022
784.349063 -227.526222
784.623205 -227.402598
784.406042 -226.837886
784.349836 -226.528477
784.847703 -226.668497
784.593577 -226.237311
784.837079 -225.915949
784.598108 -225.513164
784.804922 -225.572023
784.718521 -225.322484
785.077107 -225.177105
785.002017 -224.699738
785.382535 -224.486885
784.878097 -223.982780
785.269399 -224.302028
785.227209 -223.594025
785.148595 -223.534395
784.840478 -223.265447
785.320329 -222.859968
784.913199 -222.736314
785.588512 -222.228585
785.391926 -222.383446
785.794314 -221.898695
785.564774 -221.575624
785.416229 -221.285381
785.426275 -221.509908
785.748449 -220.548465
785.802897 -220.460178
785.569591 -220.202475
785.954152 -220.413659
785.939183 -220.041728
785.813718 -219.616143
785.985561 -219.237481
785.814037 -219.011926
786.010220 -218.735581
785.991185 -218.574878
786.047761 -218.117755
786.002921 -218.104206
786.354024 -218.036046
786.165934 -217.438594
786.349648 -217.171854
786.436957 -216.949529
786.522794 -216.577371
786.530168 -216.572046
786.529889 -216.284505
786.362604 -216.010787
786.519613 -215.799958
786.311600 -215.252587
786.369458 -215.050137
786.490500 -214.476345
786.602124 -214.390255
786.730036 -214.475594
786.711354 -214.167366
787.101721 -213.976229
786.761490 -213.686738
787.040450 -213.306706
787.147044 -212.990390
787.005156 -212.905344
786.996998 -212.544421
787.054991 -212.460091
787.005984 -212.242168
787.241548 -211.778812
787.251322 -211.838078
787.236986 -211.469373
787.486934 -210.873657
787.548354 -210.597203
787.362688 -210.477581
787.631306 -210.572903
787.560773 -209.960353
787.623567 -209.885880
787.558834 -209.568991
787.722257 -209.522179
787.578327 -209.048193
787.870811 -208.584718
787.686754 -208.604173
787.925186 -208.443313
787.899405 -207.985861
787.872530 -207.742129
788.059481 -207.654423
788.237546 -207.278667
787.835529 -206.928976
787.978963 -206.738318
788.157888 -206.514873
788.604439 -206.102935
788.102173 -206.201299
788.310531 -205.529530
788.294132 -205.407130
788.485200 -205.335509
788.545724 -204.932020
788.441918 -204.544411
788.656003 -204.171928
788.827360 -204.074451
788.317479 -203.907642
788.559312 -203.811441
788.881301 -203.204347
788.774970 -203.122333
788.759382 -202.780931
789.158689 -202.563884
789.002857 -202.459388
788.870109 -202.034385
788.988125 -201.687553
788.830988 -201.514262
789.065126 -201.534345
789.056368 -200.888339
789.533879 -200.791306
789.015804 -200.882418
789.214304 -200.396874
789.200179 -199.932191
789.445677 -199.758755
789.313747 -199.434187
789.358033 -199.101612
789.607289 -198.875127
789.283924 -198.877036
789.379786 -198.449644
789.584086 -198.116070
789.941634 -198.162538
789.842974 -197.852408
789.572311 -197.305593
789.844150 -197.256936
790.220241 -197.171110
790.073459 -196.782639
790.256074 -196.400744
790.158519 -196.150000
790.308131 -196.117109
790.017166 -195.902399
789.960885 -195.431848
790.308018 -195.488621
790.358423 -195.003031
790.280359 -194.555875
790.413998 -194.820682
790.233948 -194.311372
790.572252 -194.266462
790.256102 -193.909637
790.530895 -193.577429
790.484180 -193.405459
790.729774 -192.748988
790.751032 -193.144404
790.862004 -192.359388
790.709138 -192.344201
791.223137 -192.272487
790.906025 -191.712439
791.224778 -191.451827
791.082642 -191.345887
791.120967 -191.192267
791.233447 -190.876549
791.061654 -190.530896
791.364803 -190.438188
791.377980 -190.301854
791.279225 -189.570358
791.628547 -189.265940
791.342657 -189.107452
791.425969 -189.210594
791.653246 -188.835992
791.840015 -188.656011
791.898078 -188.422201
791.822987 -187.958186
791.795339 -187.674027
791.677454 -187.458874
791.790680 -187.124587
791.836870 -186.689121
791.705058 -186.629565
791.930378 -186.670194
791.978352 -186.383131
792.059888 -185.868014
792.077835 -185.774671
792.220593 -185.411233
792.176018 -185.355369
792.471296 -184.978789
792.505874 -184.462065
792.388253 -184.427132
792.530747 -184.434051
792.315116 -184.302057
792.547603 -183.974086
792.490864 -183.600363
792.638317 -182.928259
792.950134 -182.983692
792.950667 -182.847813
793.117897 -182.798024
792.787801 -182.269714
793.139621 -181.909776
793.162967 -181.693966
792.945178 -181.582682
793.145579 -181.137477
793.082410 -180.991798
793.243200 -181.108076
792.978026 -180.480317
793.193716 -180.461375
793.278998 -180.175733
793.363538 -180.192727
793.827813 -179.504923
793.418124 -179.231488
793.690318 -178.868807
793.549020 -178.824433
793.924272 -178.579464
793.650625 -178.242928
793.722760 -178.219493
793.818756 -177.827238
793.849608 -177.475095
793.933550 -177.542198
793.942136 -177.247139
793.901300 -176.796154
793.927906 -176.755758
794.139916 -176.217720
794.256966 -176.173255
794.130839 -176.080930
794.320595 -175.700201
794.447955 -175.144828
794.351625 -175.235702
794.643524 -175.213296
794.407528 -174.687325
794.614093 -174.662255
794.414411 -174.096660
794.777822 -173.914993
794.709785 -173.600699
794.885212 -173.501918
794.910705 -173.146551
794.757849 -173.133705
795.145344 -173.057842
795.052759 -172.677768
794.982901 -172.466504
795.218211 -172.016824
795.235009 -171.485936
795.271019 -171.673512
795.184044 -171.362117
795.215177 -171.308460
795.413888 -170.971855
795.209105 -170.532692
795.349202 -170.609660
795.483971 -170.088158
795.872663 -169.916521
795.996392 -169.763078
795.622742 -169.685169
795.595978 -169.332820
795.500285 -169.019807
795.756383 -168.820659
796.019649 -168.567555
796.014088 -168.145839
796.040860 -167.846170
796.181451 -167.762825
795.922057 -167.446215
796.117455 -167.084959
796.013305 -166.922188
796.400595 -166.996866
796.344572 -166.565298
796.406019 -166.460233
796.359744 -166.060463
796.310531 -165.796778
796.489998 -165.512153
796.378254 -165.413642
796.557123 -164.819605
796.620187 -164.889162
796.764620 -164.528940
796.981213 -164.459538
796.964896 -163.889904
796.919487 -164.059469
796.825792 -163.814176
796.856953 -163.377247
796.936709 -163.104546
796.990193 -162.634381
797.038454 -162.670231
797.166486 -162.253464
797.148436 -162.400109
797.260413 -162.071029
797.556205 -161.751254
797.280271 -161.465694
797.427106 -161.128026
797.222319 -161.166121
797.573472 -161.064667
797.650515 -160.342776
797.864177 -160.415243
797.998318 -160.150345
797.813249 -159.767613
797.939570 -159.405679
797.474925 -159.264188
797.962829 -159.189823
798.259847 -158.958330
797.821600 -158.585623
798.186677 -158.625084
798.202567 -157.962477
798.367599 -158.147115
798.271595 -157.873394
798.552973 -157.158341
798.268145 -157.205201
798.439571 -156.963912
798.432972 -156.588296
798.587145 -156.706532
798.816191 -156.194733
798.821574 -156.166505
798.823879 -155.613081
799.002261 -155.351845
798.504195 -155.448720
798.924455 -155.102526
799.036194 -155.137686
799.116124 -154.935214
798.906645 -154.404886
799.234914 -154.312058
799.001627 -153.956931
799.204663 -153.670817
799.479823 -153.597710
799.565417 -153.367804
799.516714 -152.954086
799.551499 -152.696661
799.533143 -152.816619
799.507289 -152.444690
799.616179 -151.928381
799.722091 -151.582906
799.943806 -151.625168
799.813351 -151.501990
800.115142 -151.186379
799.677841 -150.906136
800.055037 -150.794250
800.014748 -150.275521
800.075564 -150.418719
800.357570 -150.002566
800.306561 -149.417886
800.111206 -149.349790
800.508781 -149.263089
800.504612 -148.809366
800.508624 -148.803226
800.386462 -148.423458
800.550676 -148.412514
800.827974 -147.993030
800.842399 -147.976279
800.774520 -147.799516
800.985154 -147.414738
800.830025 -147.312959
800.787743 -147.016777
801.238106 -146.575735
801.168955 -146.325652
800.906267 -146.098037
801.160904 -145.884469
801.253271 -146.035896
801.047158 -145.537871
801.256748 -145.305084
800.805773 -144.880930
801.280092 -144.760528
801.375795 -144.552722
801.401551 -144.372699
801.527641 -144.216704
801.546539 -144.039019
801.809221 -143.728924
801.864859 -143.817489
801.839619 -143.531722
801.980005 -143.053322
801.688723 -143.068916
801.944769 -142.478686
801.990972 -142.220683
801.858332 -142.064741
802.298104 -142.018752
802.184236 -141.965714
802.079017 -141.371444
802.632490 -141.520582
802.371906 -140.666069
802.559004 -140.580598
802.751533 -140.632524
802.419687 -140.654070
802.598802 -140.238054
802.568240 -139.756748
802.872188 -139.849742
802.983676 -139.233668
802.478163 -139.272219
802.740132 -138.706325
802.946220 -138.882282
803.023266 -138.831102
803.338925 -138.412902
803.201439 -138.188014
802.980124 -137.894474
803.019665 -137.433284
803.569813 -137.267993
803.234643 -137.541091
803.496396 -137.070792
803.510095 -136.540803
803.549490 -136.455781
803.403032 -136.074402
803.478897 -136.222232
803.505439 -135.940806
803.906348 -135.530914
803.789801 -135.501703
804.193554 -135.227815
803.890544 -134.932175
803.961395 -134.849898
804.048881 -134.445681
803.984991 -134.101139
804.176071 -133.739563
804.352383 -133.808433
804.385435 -133.811860
804.610373 -133.669473
804.421505 -133.096681
804.623511 -133.007072
804.821714 -132.786930
804.720678 -132.436573
804.816173 -132.486487
804.940139 -131.954499
804.490974 -131.725445
804.783008 -131.574824
805.168445 -131.255514
804.985127 -131.014164
805.206387 -130.894616
805.161332 -130.717972
805.394954 -130.424087
805.262356 -130.191141
805.312662 -130.029995
805.456960 -129.806717
805.488660 -129.552182
805.423307 -129.357671
805.252092 -129.216813
805.521828 -128.904727
805.719215 -128.786430
805.326397 -128.746307
805.710626 -128.468231
806.008229 -127.984188
805.946234 -128.027272
805.974981 -127.808706
805.827024 -127.421894
806.084526 -127.277333
805.839104 -126.816809
806.183051 -126.788373
806.009686 -126.652094
806.311091 -126.322500
806.355288 -125.965302
806.512360 -126.013414
806.573738 -125.419654
806.745324 -125.233427
806.502916 -125.482594
806.708640 -124.885769
806.716559 -124.636360
806.873536 -124.589269
806.853568 -124.616023
806.988028 -123.950439
806.771465 -123.743318
807.139001 -123.928730
807.378355 -123.577396
807.207391 -123.525103
807.278249 -123.014150
807.538112 -123.363873
807.335167 -122.854740
807.421425 -122.515009
807.786252 -122.103086
807.512381 -122.038251
807.488172 -121.684631
807.553131 -121.663054
807.882784 -121.359310
807.923609 -121.061508
807.890458 -120.734973
807.850118 -120.837743
808.207247 -120.274392
808.217683 -120.338247
808.227341 -120.077288
807.980044 -119.751988
808.267024 -119.840519
808.178173 -119.446140
808.380046 -119.201849
808.673332 -119.268038
808.537718 -118.539625
808.497472 -118.502680
808.507224 -118.372335
808.609811 -118.347041
808.891900 -117.867266
808.525046 -117.631727
808.854758 -117.462178
808.820011 -116.994625
808.933856 -117.020007
809.021480 -117.009394
809.223180 -116.654337
809.238405 -116.434115
809.283646 -116.305471
809.418859 -116.093140
809.501551 -115.752276
809.237564 -115.628252
809.460527 -115.586038
809.681543 -115.180322
809.745636 -115.256384
809.534879 -114.716475
809.470040 -114.542732
809.798176 -114.438405
809.792559 -113.989066
810.220884 -114.098838
809.993001 -113.640035
810.278739 -113.629093
810.212358 -113.292896
810.063764 -112.967918
810.297382 -112.664277
810.212760 -112.711286
810.410643 -112.309557
810.450177 -111.996511
810.256303 -111.957530
810.301866 -111.751072
810.606850 -111.600840
810.638066 -111.343923
810.615186 -110.872602
811.038492 -111.286423
810.961549 -110.946128
810.784942 -110.796908
811.157439 -110.551745
810.995220 -110.146344
811.181012 -109.865145
811.094954 -109.826111
811.410852 -109.755588
811.234930 -109.118469
811.005418 -109.129100
811.626180 -108.927384
811.577319 -108.841172
811.582623 -108.327945
811.805780 -108.269162
811.860182 -108.212460
811.904782 -108.164911
811.432672 -107.803524
811.717226 -107.287010
812.056324 -107.347840
812.261934 -107.004630
812.319245 -107.120386
812.074769 -106.505998
812.473445 -106.625880
812.266217 -106.209744
812.530053 -105.935901
812.629930 -105.846501
812.468315 -105.481277
812.529162 -105.191095
812.510355 -105.144689
812.456520 -105.042205
812.872140 -104.697830
812.740018 -104.673456
812.728302 -104.105808
812.874912 -104.437354
812.867381 -104.104246
813.101743 -103.574423
813.041694 -103.624036
812.993874 -103.252639
813.164396 -103.055938
813.097778 -103.186436
813.669459 -102.857534
813.418389 -102.529487
813.676110 -102.271465
813.600470 -102.195023
813.721681 -102.142954
813.615500 -101.719900
813.696844 -101.674567
813.905958 -101.479105
813.710364 -101.287787
814.099240 -100.891685
814.005968 -100.755955
814.158531 -100.827034
814.022238 -100.296758
814.609991 -99.987903
814.390517 -100.420089
814.566972 -99.639958
814.412495 -99.526478
814.604288 -99.521381
814.843372 -99.219221
814.745915 -98.887064
814.788714 -98.549074
814.837359 -98.624601
815.025169 -98.214732
815.065702 -98.227857
814.837766 -97.798095
815.219844 -98.070905
815.349794 -97.901766
814.916799 -97.083273
815.290457 -97.079516
815.494406 -97.064287
815.385963 -96.725334
815.396166 -96.437040
815.361483 -96.232547
815.577962 -96.237005
815.586448 -96.006041
815.755072 -95.851197
815.898373 -95.899061
815.882407 -95.227746
816.030876 -95.334877
815.778403 -95.070366
816.063148 -94.762545
816.374904 -94.676852
816.253099 -94.611678
816.394254 -94.229345
816.295194 -93.934644
816.606830 -93.632510
816.324399 -93.285631
816.172730 -93.199581
816.782361 -93.284918
816.763230 -93.226718
817.011614 -93.153838
816.642108 -92.741655
816.770481 -92.430833
816.961777 -92.325944
816.984516 -92.455010
817.172171 -91.799384
817.337613 -91.626676
817.306887 -91.549534
817.639105 -91.380972
817.028883 -91.267702
817.783248 -91.104193
817.560920 -90.956676
817.429482 -90.588013
817.491478 -90.379758
817.889299 -90.248671
817.876802 -89.712102
818.106503 -89.652084
818.002080 -89.766976
818.031253 -89.481313
818.142630 -89.356024
818.066374 -89.139152
818.160663 -88.667777
818.303392 -88.374752
818.175257 -88.482430
818.386981 -88.239794
818.523360 -88.033815
818.425932 -87.885894
818.588655 -87.751994
818.916450 -87.453191
818.734041 -87.510782
819.070023 -87.097858
818.772974 -86.904955
819.020592 -86.742190
819.008979 -86.360627
819.301128 -86.117083
819.450271 -86.030721
819.226149 -85.812988
819.406772 -85.871813
819.366542 -85.850235
819.358602 -85.280684
819.453189 -85.361031
819.546544 -84.748328
819.691581 -84.598980
819.905202 -84.585715
819.813731 -84.585353
819.528249 -84.368131
819.949046 -84.063616
820.184406 -83.935354
819.756212 -83.698827
820.109848 -83.622378
820.008492 -83.385543
820.049786 -83.032577
820.448176 -83.067733
820.514601 -82.791465
820.613556 -82.463961
820.544102 -82.187415
820.510929 -82.025950
820.588466 -82.150887
820.816654 -81.825157
820.974630 -81.566128
820.695177 -81.664612
820.910817 -81.287049
820.957545 -81.204314
821.089480 -80.946002
821.251913 -80.812395
821.249088 -80.695265
821.359790 -80.139329
821.574131 -80.220321
821.602359 -80.002509
821.494594 -79.901256
821.489721 -79.618139
821.869358 -79.175568
821.551319 -78.949096
821.739520 -79.195171
821.874163 -78.836327
821.885993 -78.678842
821.921466 -78.639720
822.102996 -78.270156
822.454319 -78.144056
822.085574 -77.690285
822.237890 -77.531395
822.790875 -77.642891
822.585565 -77.513601
822.652627 -77.528367
822.542933 -77.130301
822.829693 -76.756919
822.574825 -76.744815
822.800658 -76.631799
822.693279 -76.667092
823.302703 -76.249760
823.032597 -76.111599
823.261788 -75.896242
823.233263 -75.809093
823.348269 -75.541360
823.380824 -75.163979
823.312096 -75.204050
823.371201 -74.623645
823.460605 -74.756456
823.765775 -74.590162
823.559132 -74.368172
823.569360 -74.078090
823.725561 -73.733609
824.054645 -74.014035
824.087067 -73.852907
823.824679 -73.607257
824.177055 -72.978796
824.069301 -73.313062
824.390071 -72.844249
824.594102 -73.074919
824.247413 -72.780912
824.468815 -72.441481
824.772954 -72.162786
824.462544 -72.061298
824.919684 -71.681880
824.586142 -71.597705
825.128780 -71.605784
825.005007 -71.291832
825.017626 -71.167161
824.895136 -70.917629
825.380630 -70.765172
825.189988 -70.789072
825.482846 -70.853726
825.552169 -70.441145
825.498990 -70.058542
825.574613 -69.998823
825.309487 -69.730260
825.389228 -69.424062
825.703947 -69.070722
825.705484 -69.104668
825.943675 -69.402519
825.822870 -69.065487
826.162175 -68.609644
826.161578 -68.172230
825.830320 -68.688674
826.198722 -67.970009
826.412216 -67.896010
826.199455 -68.107516
826.668476 -67.769192
826.462272 -67.407063
826.406030 -67.257854
826.741140 -67.463392
826.873836 -66.961805
826.845550 -66.882301
826.977524 -66.549031
827.184188 -66.645467
826.792861 -66.288865
827.103310 -66.162324
827.179382 -66.086065
827.088057 -65.908957
827.281285 -65.867332
827.154509 -65.374016
827.241502 -65.156760
827.487551 -65.253313
827.473780 -64.931275
827.842042 -65.010208
827.696818 -64.444267
828.182189 -64.365666
827.987546 -64.204734
827.869367 -64.035009
828.230865 -63.784513
828.308102 -63.740099
828.495282 -63.715700
828.287476 -63.269505
828.291325 -63.384282
828.481399 -62.932802
828.429905 -63.022994
828.756811 -62.987951
828.540886 -62.889788
828.815892 -62.679402
828.909134 -62.140700
828.860249 -62.250985
829.071887 -61.691003
829.088264 -61.851503
829.137224 -61.595038
829.086863 -61.444220
829.284918 -60.971731
829.336364 -61.170089
829.589013 -60.974921
829.583159 -60.739360
829.537165 -60.465853
829.653409 -60.252457
829.638669 -60.323510
829.845631 -60.214842
829.891417 -59.832311
829.933507 -59.754087
830.143428 -59.608022
830.156192 -59.428052
830.418198 -59.272067
830.168397 -59.044751
830.165447 -59.024149
830.538073 -59.176598
830.434166 -58.140421
830.646386 -58.468873
830.859842 -58.502927
830.552132 -58.494359
830.747364 -57.972630
830.795782 -57.894639
831.058355 -57.956235
831.094453 -57.441486
831.109297 -57.398259
830.992492 -57.182666
831.001126 -57.186138
831.432059 -57.094281
831.645902 -56.927172
831.333239 -56.352436
831.537190 -56.520387
831.967436 -56.315866
831.911727 -56.104711
831.834319 -55.962133
831.754079 -56.027661
831.867500 -55.428999
832.264382 -55.190790
831.990584 -55.226293
832.371142 -55.165972
832.324880 -54.863439
832.326780 -54.506239
832.171654 -54.529562
832.668372 -54.256637
832.405684 -54.585014
832.452743 -54.422495
832.680638 -54.108208
832.987971 -53.617746
833.018491 -53.683477
832.974237 -53.507138
833.086234 -53.261702
832.952572 -53.268102
833.246791 -53.262033
833.101059 -52.818866
833.413032 -52.829807
833.308002 -52.795703
833.182920 -52.272061
833.305272 -52.278947
833.570390 -52.154451
833.816172 -51.900470
833.792238 -52.046446
834.005906 -51.844705
833.800832 -51.593292
833.842280 -51.351336
834.260438 -51.064807
834.434976 -50.962318
834.425633 -51.005024
834.245118 -50.643360
834.255451 -50.584601
834.250299 -50.420430
834.556652 -50.318421
834.698639 -50.227926
834.541968 -49.849729
835.007921 -49.802181
834.797191 -49.764162
835.206236 -49.497026
834.945321 -49.353328
834.928795 -49.155946
835.553389 -49.000058
835.247154 -48.960579
835.558763 -48.720469
835.211671 -48.645326
835.618207 -48.461781
835.635723 -48.185828
835.696853 -47.963407
835.916741 -47.943671
835.781954 -48.046690
836.076655 -47.628046
836.117483 -47.463792
835.759767 -47.251256
836.143370 -47.407305
836.353533 -47.068935
836.201060 -47.015886
836.326950 -46.573444
836.177263 -46.441756
836.514000 -46.287327
836.273045 -46.450674
836.552343 -46.035377
836.636184 -45.939148
836.933472 -45.961792
836.851333 -45.709043
836.874644 -45.500401
837.292881 -45.352822
837.236836 -45.534215
837.271407 -44.996135
837.374944 -45.000277
837.596812 -44.759930
837.290399 -44.600942
837.700048 -44.337921
837.756813 -44.243243
837.868378 -44.272237
837.799482 -44.191082
837.903722 -44.172378
837.842387 -43.781350
838.002678 -43.709050
837.921470 -43.495439
838.396440 -43.190407
838.310769 -43.269984
838.316907 -42.895808
838.599189 -42.677059
838.649839 -42.598931
838.686120 -42.516640
838.728839 -42.606589
838.803725 -42.330349
838.723152 -42.025783
839.379904 -41.955799
838.951370 -42.122878
838.910770 -41.858411
839.228054 -41.335979
839.098759 -41.376651
839.144690 -41.351384
839.369885 -41.122946
839.497563 -40.944575
839.588808 -41.017465
839.381727 -40.799263
839.751360 -40.600889
839.891215 -40.420812
839.948877 -40.222206
840.362890 -40.356722
839.635721 -40.024436
840.092348 -39.745221
839.852659 -39.921208
839.892059 -39.382512
840.236088 -39.402456
840.268840 -39.351557
840.548502 -39.132783
840.491037 -39.146711
840.740451 -38.847252
840.805387 -38.984595
840.934328 -38.604654
840.930732 -38.416574
841.110131 -38.430394
840.921183 -38.038185
840.896659 -37.989483
841.347545 -37.964972
841.463867 -37.729835
841.377486 -37.676758
841.473709 -37.181855
841.635164 -37.454770
841.864180 -37.480154
841.801563 -37.101010
841.789864 -36.941535
841.836662 -36.848790
842.074214 -36.513257
841.881727 -36.539541
842.176520 -36.588269
842.085635 -36.410204
842.244690 -36.075980
842.470650 -35.964735
842.378445 -35.785320
842.303071 -35.820183
842.724864 -35.695726
842.774144 -35.390886
842.844650 -35.435184
842.784166 -35.227537
842.829495 -35.094221
843.037714 -35.028534
842.975966 -34.742500
843.206888 -34.605945
843.570672 -34.612853
843.614589 -34.617700
843.552244 -34.226464
843.458751 -34.300329
843.761050 -34.286808
843.763495 -34.039504
843.799609 -33.511380
843.943727 -33.571111
843.933345 -33.094950
844.117884 -33.603289
843.903042 -33.276375
844.345311 -33.281647
844.363577 -33.103809
844.347299 -33.064890
844.301470 -32.491406
844.288004 -32.694671
844.603155 -32.531425
844.463021 -32.331152
844.695163 -31.732811
844.886440 -31.924703
845.168219 -31.713806
844.969233 -31.729066
845.309639 -31.820580
845.121396 -31.556739
845.421578 -31.373066
845.575520 -31.078988
845.576332 -30.891468
845.353895 -30.871357
845.754764 -30.807360
845.846469 -30.645435
846.040079 -30.547875
845.947332 -30.683033
846.094393 -30.386116
845.964361 -29.897328
846.026516 -30.007220
846.280382 -29.895570
846.345373 -29.907286
846.479203 -29.712257
846.104108 -29.460990
846.622897 -29.283127
846.830697 -29.294434
846.755558 -29.297246
846.786097 -28.904209
847.103365 -29.157857
846.945833 -28.548621
846.754652 -28.793004
847.121674 -28.504389
847.324366 -28.415774
847.387722 -28.182519
847.379583 -28.676362
847.448301 -27.904270
847.291928 -28.153294
847.896768 -27.624055
847.815281 -27.611252
847.818737 -27.659680
847.899541 -27.315804
847.950657 -27.282145
847.699314 -27.095768
848.160054 -26.768863
848.266523 -26.864482
848.167556 -26.780519
848.326204 -26.490977
848.596397 -26.426424
848.453464 -26.286598
848.643743 -26.201656
848.398781 -25.996592
848.662331 -25.887956
849.016137 -25.986615
848.865742 -25.911116
848.963062 -25.653220
849.165953 -25.459930
849.468570 -25.378106
849.278211 -25.232740
849.759760 -25.175848
849.345454 -24.983188
849.596604 -25.070401
849.921107 -24.865917
849.793933 -24.496444
849.733808 -24.602558
849.967514 -24.328527
850.061357 -24.305791
850.034287 -24.195526
850.313006 -24.169945
850.050728 -24.055771
850.594966 -24.232107
850.442716 -23.670932
850.638741 -23.639590
850.522065 -23.116943
850.755778 -23.471096
850.654781 -23.315663
850.893080 -22.999428
850.896639 -23.097554
850.908677 -22.931303
851.094262 -22.883463
851.322249 -22.674177
851.478644 -22.532052
851.275474 -22.649456
851.459611 -22.421689
851.822060 -22.333522
851.658408 -22.176332
851.671144 -22.117234
851.914750 -21.622672
852.015020 -21.709714
851.943014 -21.532239
852.073447 -21.634538
852.224826 -21.443692
852.362238 -21.235658
852.227985 -21.169104
852.132939 -20.855062
852.492053 -20.711846
852.545309 -21.110316
852.773349 -20.420975
852.648376 -20.591755
852.572034 -20.474117
853.061262 -20.332562
852.821198 -20.405270
853.044442 -20.207957
853.148702 -19.949971
853.160193 -20.294565
853.501927 -19.772402
853.496600 -19.554813
853.591923 -19.848746
853.374648 -19.178148
853.604940 -19.228847
853.757170 -19.201943
854.104099 -19.265042
853.920843 -18.933851
854.139572 -18.891804
854.192935 -18.702673
854.193786 -18.804983
854.079426 -18.731749
854.352667 -18.308242
854.487857 -18.184805
854.415617 -18.297656
854.630382 -18.037679
854.666303 -17.553984
854.785147 -17.951411
855.264326 -17.719100
854.957347 -17.682861
855.044744 -17.653054
855.259291 -17.456456
855.165042 -17.327305
855.588533 -17.236389
855.563493 -16.962832
855.341820 -17.140041
855.693413 -16.841204
855.882751 -16.812153
855.882925 -16.619537
856.257974 -16.344040
856.108388 -16.620449
856.103053 -16.373037
856.164150 -16.150662
856.459560 -16.009846
856.408944 -15.879214
856.452532 -15.622676
856.416124 -15.899458
856.674429 -15.616936
856.727273 -15.513385
856.798827 -15.632281
856.843650 -15.427925
857.122136 -15.417006
856.937294 -14.996376
857.379667 -14.956799
857.568945 -15.025067
857.467074 -15.083008
857.332681 -14.698357
857.573229 -14.631096
857.598640 -14.385296
857.857034 -14.237943
857.944297 -14.350498
857.729268 -14.340149
857.689254 -13.915600
857.968342 -13.880332
857.963939 -13.776136
858.272400 -13.730857
858.509466 -13.678943
858.432559 -13.586618
858.513579 -13.401863
858.567193 -13.508616
858.638032 -13.089321
858.962415 -13.071989
858.962102 -13.068066
859.041867 -12.931277
859.030167 -12.772424
858.982697 -12.892501
859.128567 -12.598268
859.480094 -12.648458
859.660163 -12.322780
859.459738 -12.328591
859.577459 -12.130860
859.613368 -12.163370
859.655585 -12.083357
859.901421 -11.811589
859.976711 -12.015536
860.182541 -11.875818
859.977302 -11.540451
860.320039 -11.448188
860.158817 -11.536280
860.363950 -11.047276
860.208136 -11.357068
860.611242 -11.055301
860.734829 -10.849306
860.751170 -11.056384
860.783971 -10.953083
861.185031 -10.808600
861.010482 -10.804518
861.049780 -10.727232
860.890283 -10.463811
861.328522 -10.391560
861.397031 -10.358890
861.576376 -10.124240
861.412462 -10.171696
861.570921 -9.803908
861.853471 -9.797691
861.768542 -9.962523
861.794610 -9.868588
862.052270 -9.903668
862.071101 -9.567362
862.020534 -9.365648
862.210411 -9.348421
862.330102 -9.140853
862.600186 -8.905493
862.538715 -8.855439
862.653414 -8.818166
862.469388 -8.650528
862.974236 -8.750733
863.001513 -8.613110
862.952800 -8.418145
863.083414 -8.440418
863.092534 -8.438651
863.140525 -8.381251
863.117583 -8.138769
863.394484 -8.453189
863.585256 -8.063523
863.847529 -8.235553
863.818033 -7.887309
863.720912 -7.531162
863.870041 -7.663836
863.991428 -7.622127
864.152429 -7.385298
863.996135 -7.717976
864.449702 -7.267455
864.416457 -6.957756
864.555645 -6.933596
864.725096 -6.998975
864.591803 -6.834692
864.621092 -6.629703
864.828101 -6.770469
865.000759 -6.333518
864.885923 -6.539486
865.151653 -6.421727
865.426923 -6.396318
865.219028 -6.274035
865.387162 -5.928131
865.590652 -5.923226
865.853216 -6.031512
865.701712 -5.809901
865.932761 -5.932007
865.751640 -5.709804
866.020351 -5.464761
865.947068 -5.933535
866.138352 -5.554688
866.165295 -5.264950
866.296430 -5.251755
866.191255 -5.361541
866.420751 -5.104929
866.313693 -4.939167
866.889245 -4.809083
866.886615 -4.643240
866.584756 -4.597175
866.869621 -4.741091
867.188200 -4.354998
867.083937 -4.352345
867.227657 -4.412654
867.633042 -4.382691
867.497798 -4.198659
867.456575 -3.952109
867.608112 -3.963806
867.620555 -3.917549
867.788128 -3.894639
867.455431 -3.542417
868.056889 -3.619212
868.317322 -3.558813
868.158252 -3.535610
868.446704 -3.575522
868.229849 -3.645514
868.385422 -3.358012
868.280137 -3.124980
868.259427 -3.303860
868.738024 -3.113271
868.858051 -2.957705
868.677115 -3.052598
868.982474 -2.884549
868.818747 -2.547867
869.063788 -2.550674
869.064068 -2.620879
869.344590 -2.345811
869.549214 -2.459857
869.550340 -2.176036
869.803932 -2.259471
869.650125 -2.079671
869.815452 -2.036135
869.826844 -1.999227
870.020961 -2.071751
870.329674 -1.659509
870.354284 -1.635019
870.547147 -1.358296
870.459525 -1.640857
870.588387 -1.478858
870.719927 -1.320671
870.685662 -1.294975
870.582166 -1.414583
870.575025 -1.437268
870.770328 -0.960367
871.085231 -1.079955
871.290273 -1.126943
871.101323 -0.679991
871.330670 -0.843951
871.502582 -0.873303
871.715428 -0.559192
871.228420 -0.662837
871.607356 -0.627060
871.861258 -0.041938
871.900985 -0.673574
872.094515 -0.327294
872.206037 -0.149769
872.045642 0.186157
872.347989 0.142052
872.405965 0.019886
872.715210 0.026998
872.640699 0.115788
872.570012 0.050044
872.548780 0.441655
872.782798 0.433257
873.026664 0.554539
872.887544 0.676673
873.266234 0.702370
873.239975 1.150752
873.406371 0.663882
873.446873 0.896887
873.546605 0.819380
873.714681 0.926280
873.816140 0.858700
873.704611 1.511100
874.120349 1.702018
874.083204 1.728205
873.999421 1.634374
874.135973 1.738184
874.221236 1.524006
874.272267 1.887454
874.340668 1.660516
874.394794 1.865003
874.745364 1.861509
874.665768 1.702299
875.139976 1.995083
875.007206 2.317061
875.072957 1.988254
875.319083 2.199211
875.255183 2.555438
875.324834 2.311938
875.301773 2.563230
875.831926 2.473945
875.829853 2.544202
875.770661 2.631375
875.843294 2.416492
875.717803 2.468210
876.131059 3.100249
876.189697 3.158939
876.094522 2.921743
876.491073 3.081983
876.384972 3.300650
876.502655 3.132539
876.402981 3.271259
876.489155 3.328305
876.824848 3.644347
876.995647 3.428347
877.186638 3.413191
877.077973 3.380090
876.951797 3.580600
876.965824 3.799351
877.415076 3.761948
877.725278 4.094082
877.493119 4.093341
877.910816 4.107066
877.817552 4.011098
877.743412 3.938663
878.116930 4.076160
878.109753 4.238262
878.001494 4.522117
878.520360 4.323477
878.158699 4.479472
878.639071 4.717082
878.526157 4.734063
878.494741 4.621168
878.736591 4.991451
878.838438 4.808271
879.030195 4.887893
878.840036 4.841568
879.403817 4.978160
879.415577 5.001739
879.273143 5.258442
879.092172 5.282175
879.339800 5.015866
879.573623 5.402117
879.857597 5.360296
879.549430 5.323532
879.889136 5.443909
879.771790 5.323559
880.063503 5.757151
880.217590 5.432782
880.354236 5.772997
880.106816 6.061220
880.465668 5.787464
880.279558 5.800768
880.724782 6.223888
880.669584 6.271012
880.820487 5.959282
881.224455 6.300632
881.007923 6.082784
881.000552 6.407913
881.189185 6.556235
881.395022 6.673496
881.348239 6.708046
881.570059 6.518193
881.523314 6.652466
881.954969 6.282172
881.770367 6.597818
882.044291 6.784785
882.261252 6.867557
882.328158 7.064115
881.871536 7.071403
882.618845 7.238653
882.371971 7.034858
882.416501 6.988289
882.811341 7.229489
882.770873 7.479517
882.888645 7.423058
882.896326 7.272823
883.350024 7.486815
882.957008 7.624952
883.023799 7.888326
883.194514 7.853141
883.405770 7.582874
883.555131 7.363847
883.823378 7.705377
883.639135 7.921155
883.689368 7.949320
883.849777 7.853963
884.166376 8.170777
884.223755 8.251699
884.287917 8.167519
884.391323 8.281314
884.283781 8.261495
884.542152 8.177442
884.715430 8.385441
884.615480 8.529672
884.654274 8.057366
885.313460 8.637390
885.152403 8.616642
885.043623 8.646601
885.088133 8.753421
885.545267 8.641357
885.151200 8.693273
885.520263 8.782226
885.698997 9.065507
885.697721 9.179689
885.973493 9.129520
885.654301 9.099012
886.059048 8.836472
886.021332 9.313933
885.923693 9.406111
886.334972 9.349990
886.607966 9.298415
886.374522 9.203439
886.509130 9.526213
886.489666 9.595846
886.791516 9.549168
886.885035 9.730560
887.042177 9.511081
887.051796 9.756474
886.993974 9.868218
887.131085 9.867143
887.204011 9.856191
887.531575 9.768991
887.619371 9.837105
887.790353 10.108969
887.985741 10.025086
887.795345 10.022751
888.007840 10.105579
887.860801 10.162809
888.258812 10.105185
888.132332 10.443530
888.425613 10.263352
888.795717 10.308871
888.502644 10.399353
888.657552 10.406087
888.657818 10.475900
888.874808 10.609007
889.197153 10.786525
889.302104 10.726849
889.221399 10.708204
889.226158 10.403231
889.353676 10.736588
889.681030 10.935184
889.628053 11.038743
889.852754 10.994129
889.707595 11.021319
889.968436 11.116940
890.191625 11.197839
889.999593 10.915510
890.281650 11.011116
890.110394 11.023652
890.395378 11.197053
890.731113 11.203805
890.545604 11.329325
890.766032 11.334664
890.716267 11.477141
890.943529 11.489962
891.186381 11.621852
891.241181 11.481643
891.114431 11.512254
891.278494 11.851744
891.526334 11.774862
891.349170 11.713978
891.308575 11.740615
891.790872 11.559354
891.864103 11.887142
891.946904 12.035038
891.866440 11.756683
892.118284 12.004351
892.667422 12.324305
892.148375 12.217590
892.540615 12.207604
892.389421 12.288131
892.493215 12.248917
892.720448 12.174778
892.586195 12.493367
892.730807 12.492389
893.189162 12.438494
893.190714 12.357607
893.353245 12.676893
893.833712 12.257135
893.512783 12.733734
893.379871 12.673952
893.641688 12.841120
893.841096 12.641518
893.590691 12.845056
893.910230 12.673420
893.979850 12.980465
894.159565 12.818226
894.177600 12.940296
894.223012 12.829748
894.133630 13.082757
894.476209 13.000485
894.397165 13.026741
894.939261 13.305609
894.957888 13.263098
894.923485 12.949936
895.074678 13.103767
895.165530 13.260653
895.333173 13.460673
895.158947 13.050918
895.624701 13.402697
895.543473 13.225943
895.784547 13.453901
895.644355 13.125532
895.784735 13.596318
895.693235 13.612190
896.206127 13.414650
896.318709 13.789042
896.326991 13.741204
896.518145 13.931825
896.489256 13.933114
896.332018 14.106819
896.653732 13.709538
896.952494 13.624786
897.090909 13.989903
897.207045 13.894436
897.118368 13.987143
896.900917 14.120256
897.331578 14.032618
897.189430 14.040861
897.285410 14.275733
897.708207 14.187349
897.522683 14.194482
897.832875 14.151295
897.968091 14.189238
898.070579 14.425222
898.011654 14.260156
898.116078 14.388599
898.288513 14.164604
898.442521 14.464172
898.945968 14.571763
898.953327 14.656880
898.764840 14.501353
898.850739 14.492816
899.125777 14.687030
898.922643 14.785499
899.229394 14.637332
899.214266 14.767211
899.164075 14.735915
899.590847 14.684123
899.557937 14.676849
900.094945 15.016975
899.954913 15.109863
899.587260 14.915858
900.053246 14.723074
899.980170 14.738001
900.048874 14.704409
900.266905 15.073873
900.317849 14.933607
900.827537 14.711028
900.631290 14.956424
900.745173 14.963384
900.672143 15.282339
900.759426 14.997376
901.003946 15.112103
901.122063 15.370258
901.453346 15.419643
901.389873 15.399981
901.709728 15.212850
901.607014 15.283691
901.749407 15.308084
901.523333 15.461761
901.797682 15.352538
901.836296 15.505472
902.090825 15.232764
902.223248 15.281078
902.121579 15.595677
902.387943 15.241193
902.506870 15.576146
902.474449 15.592268
902.742692 15.374387
902.622667 15.725783
903.059156 15.740655
902.955242 15.956098
903.071059 15.747059
903.206437 15.984158
903.237605 15.796159
903.502581 15.709157
903.450204 15.930083
903.789147 15.923919
903.754141 16.044750
903.682663 15.857958
903.880240 15.998512
903.994095 16.066807
904.276418 16.140387
904.225243 16.000600
904.558071 16.216122
904.710282 16.168499
904.436807 16.277877
904.868876 16.216107
904.673110 16.244824
904.721225 16.170914
905.148305 16.205203
905.136816 16.321906
905.238970 16.537267
905.180882 16.373050
905.505813 16.572190
905.319962 16.393081
905.511899 16.163150
905.763113 16.357889
905.875064 16.085114
906.139564 16.656688
906.054382 16.579492
906.344220 16.429051
906.295655 16.478497
906.457868 16.407800
906.616825 16.283323
906.283798 16.519524
906.434571 16.600814
906.961653 16.416602
906.944393 16.660029
907.021912 16.517166
907.234110 16.639917
907.210116 16.560800
907.326715 16.716255
907.489043 16.823739
907.475431 16.762945
907.587730 16.433501
907.572004 16.383108
907.904550 16.762477
907.815404 16.895653
907.885535 16.845804
908.226639 16.735946
908.457791 17.107004
908.457116 17.051515
908.642755 16.867152
908.758870 16.854298
908.559020 16.825429
908.650958 16.936932
908.795118 17.021907
908.968480 17.119394
909.010180 17.073461
909.345604 17.105533
909.495961 17.209487
909.687920 17.083488
909.353259 16.996343
909.772041 17.599352
909.965705 17.029652
910.028380 17.124475
909.933295 17.052135
910.529809 17.171429
910.091694 17.157745
910.440779 17.120563
910.488980 17.262138
910.435717 17.670471
910.588042 17.402748
910.598118 17.201600
910.862356 17.178304
911.165561 17.542313
911.194975 17.327389
911.175215 17.284790
911.483133 17.627230
911.397798 17.353090
911.624915 17.348275
911.500084 17.310346
911.680767 17.475888
911.743976 17.553503
911.837000 17.523598
912.146671 17.639313
912.073316 17.605908
912.251756 17.669796
912.197964 17.283817
912.631890 17.418288
912.582089 17.524760
912.455950 17.680988
912.713371 17.744856
912.965613 17.485821
913.136096 17.404663
913.235508 17.752665
913.234639 17.861819
912.992980 17.665523
913.228070 17.601600
913.499928 17.629221
913.556899 17.725599
913.670289 17.581848
913.690029 17.588877
913.780563 17.713628
913.952268 17.844269
914.170857 17.697327
914.329041 17.723922
914.493045 17.594546
914.498801 17.859216
914.877351 17.671063
914.491530 17.781337
914.744034 17.837790
915.144860 17.702439
914.885769 17.744452
915.286793 17.756926
915.220003 17.770604
915.233464 17.873360
915.363202 17.711510
915.465101 18.197798
915.622065 17.945037
915.843953 17.965761
915.732829 17.680224
915.674510 17.859304
915.815972 18.010366
916.184117 17.863353
916.280283 17.628238
916.438521 18.127001
916.386346 18.090752
916.541887 18.245486
916.945414 17.892933
916.749987 17.985911
917.155345 17.937773
917.060312 17.930916
917.254749 18.165577
917.232999 18.067461
917.367994 18.067245
917.647424 18.051814
917.320816 17.960343
917.634573 18.097308
917.792825 17.928351
917.852859 17.995870
918.052896 18.306679
917.949982 18.351976
918.247390 17.735984
918.290967 17.952853
918.361439 18.256393
918.632372 18.334514
918.849151 17.910352
918.566118 18.206747
918.886140 18.099555
918.922681 18.275822
918.974069 18.318208
919.276258 18.518626
919.331130 18.069521
919.238492 17.968437
919.596947 18.306072
919.784614 18.115848
919.857832 18.127429
919.915674 18.299305
919.997844 17.808333
920.006638 18.329789
920.334202 18.116417
920.255799 17.989956
920.432112 18.419216
920.190274 18.332484
920.575276 18.244382
920.847897 18.332276
921.016482 18.207888
921.077836 18.205363
920.865919 18.141810
921.259124 18.138657
921.201244 18.170058
921.172800 18.426548
921.588745 18.158413
921.980504 18.290742
921.663627 18.489224
922.011295 18.123176
921.695771 18.378721
922.093059 18.505424
922.098269 18.239636
922.202936 18.168432
922.245270 18.200709
922.242233 18.336326
922.791689 18.328534
922.605374 18.331847
922.741899 18.187381
922.792067 18.559186
922.958239 18.186494
923.185401 18.398195
923.196969 18.300580
923.214541 18.254273
923.521768 18.328916
923.536491 18.196118
923.855645 18.247444
923.849893 18.316218
923.853660 18.128312
924.207596 18.440760
924.170285 18.387805
924.096631 18.453209
924.621270 18.408063
923.923028 18.145248
924.759888 18.357272
924.786532 18.256506
924.793435 18.465723
924.922442 18.217817
924.954318 18.319634
924.981642 18.177586
925.328325 18.521221
925.427185 18.355880
925.267664 18.437761
925.450869 18.175485
925.572607 18.108465
925.859469 18.210193
925.662574 18.298900
925.856300 18.197446
925.863318 18.521892
926.088638 18.480539
926.239904 18.147345
926.210270 18.200557
926.396840 18.324493
926.417679 18.514725
926.906659 18.004582
926.649704 18.196214
927.169610 18.187925
927.264961 18.482162
927.241642 18.213305
927.612208 18.114124
927.598616 18.097778
927.396989 18.114026
927.624340 18.192132
927.685616 18.192108
928.028123 18.329465
927.995733 18.355267
928.201499 18.139579
928.133445 18.103473
928.370273 18.264279
928.440610 18.007596
928.350315 18.242621
928.522861 18.131984
928.769791 18.380899
928.839916 18.122306
929.029879 18.169943
929.017556 17.968863
929.170262 18.429374
929.344968 18.233514
929.686220 18.163154
929.434743 18.412054
929.646453 18.256285
929.725876 18.053586
929.655821 17.946324
930.043974 18.165877
930.148426 18.357034
930.294615 17.848376
930.080311 18.347528
930.460635 18.272488
930.404503 18.296305
930.562228 17.994457
930.789394 17.918433
930.814364 18.179954
931.019921 18.033295
931.109524 18.189590
931.338210 18.087415
930.949043 17.861831
931.389487 17.963710
931.355079 18.420202
931.706745 18.031384
931.558413 18.038121
931.907303 18.075978
931.946047 17.816064
931.921310 17.720526
932.005576 18.076729
932.299858 18.102018
932.398607 17.924165
932.503686 18.006176
932.621390 18.029559
932.666269 17.870458
932.903493 18.010644
933.090200 18.058236
933.019696 17.976477
932.872890 17.681315
933.434151 17.979811
933.310158 17.901335
933.365024 18.007959
933.620934 17.810618
933.844963 18.013895
933.675768 17.602644
934.006935 17.882611
933.986784 17.767014
933.994495 17.963388
934.297672 17.739480
934.287023 17.852994
934.498914 17.503209
934.467969 17.677806
935.105717 17.769784
934.757407 17.555463
935.080749 17.842007
935.253943 17.773928
935.029517 17.446154
935.320561 17.776747
935.115708 17.714967
935.448153 17.841203
935.641909 17.647688
935.658943 17.432678
936.126217 17.723700
935.929857 18.037428
936.026976 17.798156
936.322936 17.673404
936.255404 17.812298
936.391247 17.481786
936.566716 17.450615
936.463767 17.785890
936.522279 17.812699
936.716845 17.595996
937.047550 17.331969
937.082519 17.688479
937.268766 17.340256
937.439691 17.472735
937.572701 17.605316
937.640496 17.292997
937.618937 17.347861
937.907759 17.302247
938.221894 17.391909
938.181724 17.364824
937.919618 17.357989
938.169858 17.356770
938.140289 17.494313
938.587261 17.398500
938.434464 17.693087
938.866376 17.054017
938.559492 17.461439
938.887115 17.261700
938.957255 17.204712
939.023372 17.303601
939.347433 17.422487
939.263220 17.262278
939.568253 17.279199
939.610009 17.172739
939.769065 17.267072
939.731947 17.309423
939.851968 17.225901
939.958398 17.037777
939.898164 17.120852
940.129712 17.368463
940.226830 16.948712
940.249421 16.959086
940.523138 17.230555
940.597779 16.793388
940.659223 17.066690
940.933360 16.939596
940.744475 16.970685
941.005004 16.839483
941.128892 17.099804
941.181421 17.257995
941.478077 17.213543
941.822894 16.716924
941.718143 16.551477
941.912863 16.825212
941.993829 17.111609
941.810227 16.960667
942.250569 16.759355
942.053936 16.854719
942.120208 16.745258
942.497488 16.897352
942.657366 16.803949
942.665323 16.888521
942.682320 16.853600
942.643541 16.865935
942.748703 16.693362
943.216104 16.660966
943.081885 16.792215
943.366730 16.687383
943.466593 16.811051
943.505157 16.703589
943.527630 16.663403
943.883992 16.688830
943.837288 16.742539
944.206827 16.719818
944.119459 16.595268
944.058974 16.585006
944.282910 16.268209
944.367369 16.174152
944.739778 16.539690
944.779765 16.524812
945.056332 16.270962
944.953969 16.357192
944.934092 16.369718
945.136819 16.327476
945.182157 16.457892
945.263332 16.212192
945.407719 16.392752
945.579892 16.102500
945.705985 16.437043
945.805444 16.530087
945.980896 15.932787
946.060873 16.360889
946.426286 16.157436
946.365958 16.447379
946.286972 15.945386
946.310281 16.541847
946.688418 15.978753
946.587753 16.156591
947.302526 16.077361
946.986744 15.976768
947.267719 15.948926
947.288005 16.120997
947.349657 16.051345
947.134318 15.905973
947.397640 15.943475
947.675571 15.949346
947.984033 15.574146
947.567786 15.959954
948.038048 16.093664
948.097380 15.955434
948.205774 15.741241
948.057970 15.629005
948.400053 15.722992
948.559265 15.628118
948.882294 15.744597
948.624693 15.609945
948.999119 15.586213
948.934011 15.617351
948.906319 15.731147
949.196906 15.902539
949.333979 15.534607
949.414355 15.722176
949.555414 15.637024
949.935027 15.218101
949.799294 15.434449
949.864324 15.361242
949.817110 15.439682
950.079285 15.208971
950.293896 15.322265
950.428242 15.166001
950.390757 15.425653
950.578925 15.146291
950.654746 15.352581
951.020476 15.381645
950.826622 14.959963
950.990390 15.075288
950.992814 15.251170
951.272068 15.175555
951.531624 15.146378
951.775393 14.976554
951.786537 14.930766
952.148812 15.252766
951.868338 15.158784
951.716395 14.884492
952.017318 14.861481
952.226438 15.079664
952.401942 15.039087
952.427066 15.015179
952.579566 14.988123
952.607384 14.655969
952.699114 14.609841
952.839485 14.766198
952.992510 14.795644
952.746320 14.631685
953.367314 14.898999
953.268216 14.919478
953.078122 14.796898
953.534154 14.542594
953.846165 14.387577
953.833706 14.250745
953.846224 14.690284
953.906572 14.269472
954.221744 14.729982
954.022698 14.256398
954.349131 14.705832
954.495673 14.181148
954.810464 14.209055
954.715626 14.487702
954.889487 14.523668
954.774017 14.359517
954.883018 14.405364
955.219301 14.277335
955.343609 14.577450
955.256187 14.294118
955.460186 14.362403
955.583004 14.105922
955.870909 14.233782
955.994120 14.292713
956.226335 14.060997
956.309331 13.775679
956.389194 13.976810
956.086183 13.977735
956.615388 14.083422
956.756723 13.952322
956.955571 14.230750
956.836664 13.979418
956.764709 13.931583
956.958385 13.776243
957.245482 13.927717
957.149013 13.778056
957.190137 13.685205
957.350926 13.952220
957.437951 14.011900
957.716480 13.901902
957.797095 13.456997
957.680972 13.544617
957.882037 13.780717
958.158498 14.264849
958.039690 13.172645
958.081408 13.386551
958.439952 13.297543
958.757841 13.499655
958.853527 13.265457
958.757201 13.451776
959.001333 13.307923
959.037946 13.073220
959.115943 13.272619
959.512804 13.206779
959.218436 13.334434
959.317719 13.089937
959.532459 13.032617
959.911085 13.159013
959.687092 13.289625
960.091228 13.526644
960.172779 12.855483
960.149881 13.057043
960.210353 13.221586
960.375172 12.884747
960.714599 13.074506
960.690592 12.808523
960.928703 12.855831
960.997077 12.615478
961.006228 12.775994
961.212021 12.803685
961.166405 12.733559
961.164405 12.525197
961.243482 12.796675
961.585646 12.397989
961.778466 12.576357
962.056435 12.646451
961.973987 12.328149
961.740065 12.387410
962.020107 12.480029
962.242832 12.545903
962.315457 12.277335
962.452509 12.212352
962.831343 12.103198
962.783962 12.471125
962.988590 12.363618
962.877320 12.561435
963.117517 12.098937
963.027725 12.262846
963.112375 12.312121
963.577028 12.250361
963.558515 12.169006
963.755692 12.076203
963.613814 12.065887
964.038895 11.802778
964.028774 12.107728
964.154733 12.011452
964.372235 12.290724
963.957071 12.162895
964.459051 11.954438
964.642259 11.695097
964.783849 11.751211
964.950706 12.054798
965.006182 11.688467
965.348685 11.707827
965.166647 11.093294
964.998877 11.683104
965.353276 11.841179
965.469411 11.447706
965.751075 11.614874
965.763505 11.556009
965.585621 11.509054
965.890504 11.478771
966.032269 11.291391
966.186196 11.158921
966.342580 11.315586
966.491076 11.013383
966.630472 11.150030
966.772231 11.149710
966.840564 11.144861
966.758240 11.157674
967.061166 11.115207
966.960278 11.056057
967.003990 11.202385
967.343007 10.908995
967.612687 11.185573
967.624574 10.865084
967.631398 10.828713
967.791743 10.777615
968.173375 10.905909
967.965541 10.537304
968.113179 10.540736
968.430984 10.804031
968.297382 10.665952
968.577342 11.012226
968.842200 10.691122
968.815472 10.610914
968.858613 10.821829
968.860618 10.340866
968.797107 10.435818
969.208855 10.582741
969.089137 10.581746
969.533505 10.464883
969.337885 10.375179
969.746689 10.268502
969.770958 10.357258
969.639695 10.218958
969.813275 10.040088
970.076532 10.115518
970.406187 10.087209
970.315850 10.130779
970.661037 10.047210
970.486028 10.319073
970.604919 10.106005
970.840976 9.897740
970.765991 10.098974
970.928265 9.873100
971.083579 9.803018
971.230701 9.956084
971.330714 9.586002
971.288711 9.822357
971.814217 9.708072
971.585725 9.663851
971.911117 9.879136
972.271783 9.957179
972.136073 9.838666
972.388533 9.587551
972.151312 9.368787
972.615406 9.350390
972.433767 9.418622
972.709814 9.617851
972.859299 9.370472
972.765448 9.240334
972.806400 9.174305
973.379500 9.187759
973.275739 8.988496
973.339081 9.097061
973.626242 9.149770
973.757516 8.930164
973.486853 9.032311
973.830918 8.876082
973.488777 9.110777
973.877217 8.959926
974.356461 8.712355
974.114932 8.793796
974.398707 9.034740
974.380130 8.966764
974.631919 8.764248
974.648372 8.714599
974.961208 8.828561
975.009304 8.717828
974.939310 8.821897
975.218738 8.807260
975.269046 8.732495
975.547165 8.497553
975.391086 8.343964
975.779462 8.370391
975.846633 8.578496
975.798420 8.580784
975.882654 8.401159
976.061730 8.159064
976.299361 8.267293
976.331439 8.208312
976.658397 8.405130
976.685663 8.138713
976.776602 7.934605
976.897882 8.269098
976.994485 8.259845
977.187558 8.191346
977.090692 7.801473
977.246194 7.626543
977.532297 8.076907
977.492810 7.999683
977.636311 7.891281
977.921072 7.729522
977.672670 7.880217
977.962668 7.654141
978.302024 7.646994
978.012461 7.697094
978.310396 7.311395
978.539841 7.805850
978.651595 7.587283
978.839929 7.367207
978.848095 7.092933
978.858501 7.293403
978.905543 7.353720
978.928656 7.557045
979.666708 7.501250
979.466606 6.956958
979.485276 7.149759
979.647656 7.196690
979.455573 7.263726
979.887774 6.837388
979.731336 7.289822
980.187549 7.053837
980.210070 6.662577
980.291049 6.746331
980.717401 6.791359
980.551830 6.995683
980.760585 7.152763
980.806587 6.903249
980.857687 6.687634
981.064711 6.350368
981.120571 6.547623
981.290756 6.572536
981.293564 6.686074
981.545092 6.475170
981.673048 6.642301
981.915593 6.275669
981.650266 6.459535
982.120119 6.261381
982.085471 6.471637
982.191403 6.387298
982.571890 6.305048
982.213051 6.180085
982.387331 6.147881
982.653233 6.059656
982.782352 6.250867
982.706033 5.945735
982.947345 5.884450
983.239705 5.602108
983.412545 6.211062
983.262463 6.164668
983.354466 5.975801
983.509349 5.740443
983.915145 5.932988
983.761733 5.576083
984.014807 5.513508
984.220904 5.703794
984.298726 5.630510
984.208970 5.747324
984.398910 5.516656
984.436730 5.729838
984.672326 5.580480
984.597691 5.452436
984.850451 5.154811
984.815459 5.053617
985.016743 5.314930
985.321239 5.322098
985.446179 5.180792
985.250597 5.048542
985.437493 4.714903
985.540256 5.021460
985.460393 5.023900
986.094068 5.071627
986.007776 4.915038
986.189206 4.840811
986.164306 4.853826
986.402768 4.905124
986.274332 4.722255
986.615655 4.739832
986.808001 4.539872
986.851533 4.668548
987.028783 4.555425
986.930643 4.833713
987.266780 4.712973
987.561009 4.691629
987.530608 4.480290
987.514892 4.555698
987.293721 4.462559
987.908327 4.419286
988.137957 4.382581
987.983323 4.203867
988.082663 4.403489
988.168171 4.130000
988.156939 4.288002
988.272052 4.313187
988.503110 4.221662
988.604899 3.795317
988.601010 3.814560
988.790485 3.845000
989.210607 3.967671
989.156020 3.797668
989.327610 3.808425
989.284877 4.104287
989.455517 3.666935
989.803493 3.927505
989.957283 3.593223
989.832397 3.346406
990.137256 3.504472
989.792514 3.539447
990.365615 3.571856
990.470171 3.602095
990.494657 3.475534
990.599172 3.233607
990.475479 3.619111
991.116680 3.351601
991.113476 3.020362
991.104476 3.202204
991.277603 3.143078
991.331426 3.065072
991.565910 2.989765
991.386799 3.004985
991.733695 3.118041
991.614145 2.903678
992.055360 3.042291
992.329013 2.601470
992.327580 2.668694
992.211423 2.536623
992.145134 2.464131
992.659918 2.686189
992.749469 2.336790
992.535656 2.684757
992.870174 2.608523
992.882310 2.511140
992.926994 2.338549
993.339792 2.312167
993.428010 2.566383
993.327738 2.274999
993.387250 2.057984
993.716462 2.233272
993.803166 2.364344
993.987885 2.067891
993.739144 2.159781
994.200039 2.230695
994.255722 2.129639
994.281721 2.243811
994.291771 1.873940
994.473885 1.729106
994.955657 1.896656
994.972305 1.605813
994.853073 1.615828
994.892759 1.712073
994.773337 1.620702
995.177179 1.800765
995.451472 1.696464
995.598333 1.642611
995.455017 1.654302
995.632842 1.594853
996.031752 1.624060
995.942923 1.435226
996.074276 1.669458
996.162896 1.384628
996.259284 1.303298
996.183252 1.066398
996.539211 1.505630
996.563156 1.157865
996.665788 1.211827
996.843029 1.409912
997.168144 1.096063
996.904342 0.878050
997.234746 0.702758
997.402910 0.921124
997.593950 0.696886
997.471027 0.895192
997.545366 0.895748
997.750919 0.578978
998.072948 0.661878
997.972127 0.548359
998.456619 0.981448
998.377947 0.646609
998.401537 0.547103
998.418175 0.410311
998.793254 0.313554
998.851019 0.388153
999.018880 0.214438
998.919848 0.267533
998.998872 0.397099
999.414460 0.376349
999.331204 0.267925
999.245090 0.375896
999.572476 0.226617
999.858338 0.086082
999.701862 0.086716
999.867360 -0.285457
999.919070 0.274478
1000.348935 0.133378
1000.261599 -0.177488
1000.540530 -0.499737
1000.744039 -0.060041
1000.448544 -0.063004
1000.604775 -0.312297
1000.891552 -0.442160
1000.876076 -0.372508
1001.396789 -0.508570
1001.052184 -0.558351
1001.379579 -0.632557
1001.416322 -0.586380
1001.518696 -0.501269
1001.521232 -0.604704
1001.794140 -0.690707
1002.061104 -0.636084
1002.385198 -0.880132
1002.227910 -0.545405
1002.331168 -0.748707
1002.440567 -0.767180
1002.677475 -0.671251
1002.600620 -0.917091
1002.502056 -1.016594
1002.658456 -1.055145
1002.732807 -1.248994
1003.030136 -1.088408
1003.264845 -1.165298
1003.335288 -1.212189
1003.294289 -1.047258
1003.580370 -1.177672
1003.886961 -1.193391
1003.656308 -1.373892
1003.802276 -1.332845
1004.237396 -1.495095
1004.130704 -1.402681
1004.410379 -1.332691
1004.380606 -1.585874
1004.574424 -1.567703
1004.704587 -1.735176
1004.722852 -1.446942
1004.811677 -1.999040
1004.929887 -1.548875
1005.123001 -1.935608
1005.521282 -1.798433
1005.474720 -1.980125
1005.476738 -1.716897
1005.584735 -2.080551
1005.763208 -2.167976
1005.889255 -2.242631
1005.683906 -2.173690
1005.937904 -1.914907
1006.199107 -2.152089
1006.331917 -2.271748
1006.517856 -2.181494
1006.768530 -2.429191
1006.753038 -2.465993
1006.504442 -2.405373
1007.101932 -2.511002
1006.878204 -2.520338
1006.922865 -2.151933
1007.097200 -2.429346
1007.342282 -2.858970
1007.327575 -2.609884
1007.452800 -2.538620
1007.541091 -2.697834
1007.904526 -2.823406
1007.963666 -2.742668
1007.955885 -3.027972
1008.204603 -2.925748
1008.238954 -3.408474
1008.396981 -3.059083
1008.382776 -2.793221
1008.684025 -2.970221
1008.683218 -3.057259
1008.646936 -3.109334
1008.852717 -3.223437
1009.105295 -3.223612
1009.177039 -3.136322
1009.323541 -3.070402
1009.559003 -3.000763
1009.766722 -3.024363
1009.485573 -3.376019
1009.654221 -3.377914
1009.953200 -3.497915
1009.826250 -3.610646
1010.011311 -3.392888
1010.167099 -3.643172
1010.318969 -3.727773
1010.360740 -3.707665
1010.466173 -4.021143
1010.664242 -3.953222
1010.749980 -3.773378
1010.756107 -3.708818
1011.097029 -3.870984
1011.140287 -4.004459
1011.407590 -4.211012
1011.503448 -4.095455
1011.614032 -4.123896
1011.578999 -4.192643
1011.767172 -4.234213
1011.986894 -4.283074
1011.725989 -4.420659
1012.001854 -4.211960
1012.179143 -4.464532
1012.424356 -4.423483
1012.275913 -4.537154
1012.292033 -4.425349
1012.622325 -4.632462
1012.812843 -4.432302
1012.880572 -4.388772
1012.830797 -4.560897
1013.238935 -4.806069
1013.472634 -4.568883
1013.374196 -5.011929
1013.456440 -4.668296
1013.471471 -4.930406
1013.717366 -5.055077
1013.729820 -4.758970
1013.915372 -4.919517
1013.905520 -5.023463
1014.286651 -5.174960
1014.014138 -4.862200
1014.703384 -5.117407
1014.644737 -5.045891
1014.515379 -5.286414
1014.775179 -5.065968
1015.001751 -5.286560
1015.239218 -5.079227
1015.091024 -5.375018
1015.338351 -5.442739
1015.415233 -5.351251
1015.571363 -5.568528
1015.273348 -5.633427
1015.598508 -5.506546
1015.850365 -5.520746
1015.810555 -5.302319
1016.038620 -5.996254
1016.209810 -5.565344
1016.134551 -5.715016
1016.383617 -5.966147
1016.558369 -5.831728
1016.519981 -5.784135
1017.017218 -5.915761
1016.868931 -5.944933
1017.139043 -6.022290
1017.094320 -6.119250
1017.522356 -6.085567
1017.631192 -5.842857
1017.512629 -6.360996
1017.716931 -6.048995
1017.962229 -6.360144
1017.511676 -6.276393
1017.761365 -6.349203
1018.108420 -6.595284
1018.239422 -6.301509
1018.328928 -6.624099
1018.401722 -6.446137
1018.431389 -6.258440
1018.296070 -6.966990
1018.661927 -6.547392
1018.881632 -6.946018
1018.659180 -6.435855
1019.210706 -6.678963
1019.144554 -6.655287
1019.373886 -6.677574
1019.530053 -6.873017
1019.412306 -6.628576
1019.623421 -6.595526
1019.724344 -6.965963
1019.780546 -6.993820
1020.126920 -7.138912
1020.460864 -6.828545
1020.272971 -7.060660
1020.290054 -7.062004
1020.430149 -7.194205
1020.608233 -7.239595
1020.498441 -7.336602
1020.862003 -7.143726
1020.826644 -7.457349
1021.206108 -7.288099
1021.115667 -7.285336
1021.025319 -7.110187
1021.222591 -7.548917
1021.296093 -7.269204
1021.758570 -7.376297
1021.519003 -7.595698
1021.977132 -7.683302
1022.062493 -7.751428
1022.068886 -7.837464
1022.061976 -7.745868
1022.175725 -7.744061
1022.326662 -7.804799
1022.650957 -7.608417
1022.609382 -7.855909
1022.827492 -8.004550
1022.924708 -7.776901
1022.958544 -8.070314
1023.240652 -8.230299
1023.493294 -8.146814
1023.427163 -8.220141
1023.581804 -8.455252
1023.703952 -8.014330
1024.020077 -8.221527
1023.906604 -8.341707
1024.005325 -8.348372
1024.190763 -8.308464
1024.312839 -8.314884
1024.453864 -8.458621
1024.484683 -8.378418
1024.733973 -8.538254
1024.709230 -8.495510
1024.996455 -8.591233
1025.164654 -8.463594
1024.876551 -8.679805
1025.186831 -8.834483
1025.374839 -8.984494
1025.480132 -8.976651
1025.774143 -8.772246
1025.823711 -8.869213
1025.662789 -8.907691
1026.008196 -8.937001
1025.620806 -9.017941
1025.917726 -8.850550
1026.035691 -9.100858
1026.321197 -8.901050
1026.614556 -9.128854
1026.497954 -9.109947
1026.691079 -9.085334
1026.819536 -9.095060
1026.858413 -9.293785
1026.849722 -9.292879
1026.727461 -9.490923
1027.491676 -9.558561
1027.223123 -9.509893
1027.333528 -9.645957
1027.359000 -9.215584
1027.600837 -9.468910
1027.829485 -9.711947
1027.999851 -9.572175
1027.925779 -9.417792
1028.477525 -9.427621
1028.227634 -9.774766
1028.476272 -9.946470
1028.513568 -9.767447
1028.775040 -9.824713
1028.640754 -9.676848
1028.737935 -10.142271
1028.907887 -10.043515
1029.401948 -9.802566
1028.978297 -10.003913
1028.963044 -9.948623
1028.992477 -10.044376
1029.267843 -10.039849
1029.839582 -10.208906
1029.954083 -10.469518
1030.302210 -10.421519
1029.909761 -10.155321
1030.035619 -10.251929
1030.295385 -10.123521
1030.475453 -10.510237
1030.665448 -10.528457
1030.500909 -10.273633
1030.786701 -10.514313
1030.738445 -10.324539
1030.928769 -10.647242
1031.040864 -10.336248
1031.152777 -10.407752
1031.407293 -10.537761
1031.229491 -10.815943
1031.489637 -10.512941
1031.628491 -10.576237
1031.954908 -10.694325
1031.856836 -10.518004
1031.987181 -10.636211
1032.080463 -10.855056
1032.173426 -11.103432
1032.321892 -11.120439
1032.397377 -10.849667
1032.459418 -11.077313
1032.830582 -10.989460
1032.834762 -11.162383
1032.928090 -11.113426
1033.197060 -11.155461
1033.002889 -11.021551
1033.307460 -11.010678
1033.540370 -11.310031
1033.559404 -11.064941
1033.598231 -11.084286
1033.630292 -11.088331
1034.150192 -11.265179
1033.955380 -11.421991
1034.075433 -11.320526
1034.472361 -11.516884
1034.294474 -11.484270
1034.480063 -11.593657
1034.606293 -11.772668
1034.702845 -11.698541
1034.984904 -11.551110
1034.954557 -11.543919
1035.002891 -11.503204
1034.987580 -11.837205
1035.247817 -11.633755
1035.230134 -11.710469
1035.235205 -11.716326
1035.928941 -11.855945
1035.546660 -11.784932
1035.889845 -11.891473
1035.953352 -12.011980
1035.740286 -11.955827
1035.979409 -12.086033
1036.402581 -11.915605
1036.411538 -12.308434
1036.484978 -12.232305
1036.614037 -12.187548
1036.789232 -12.124216
1036.779107 -12.203012
1036.963860 -12.306330
1037.148686 -12.365114
1036.850111 -12.042915
1037.261070 -12.024772
1037.190066 -12.332868
1037.544704 -12.301994
1037.655354 -12.144843
1037.640311 -12.407887
1037.889490 -12.362279
1038.069356 -12.632592
1038.044242 -12.717139
1037.956972 -12.743102
1038.590793 -12.577094
1038.295387 -12.437608
1038.490656 -12.752476
1038.914510 -12.659182
1038.930861 -12.712655
1038.762680 -12.794680
1039.012925 -12.854839
1039.375434 -12.684574
1039.170223 -13.078501
1039.420341 -12.833327
1039.598793 -12.641270
1039.531566 -12.915150
1039.714685 -12.914269
1039.879100 -12.861224
1039.788606 -12.882940
1039.920057 -13.092459
1040.050577 -13.311500
1040.595876 -13.205697
1040.391060 -13.011691
1040.484232 -13.196057
1040.773244 -13.314777
1040.906380 -13.278253
1040.890336 -13.266962
1041.013118 -13.459389
1041.030552 -13.403080
1041.348595 -13.344376
1041.346928 -13.393169
1041.324881 -13.404505
1041.327220 -13.512981
1041.425167 -13.403815
1041.667672 -13.528124
1041.995859 -13.541887
1042.071682 -13.695716
1042.189992 -13.271126
1042.166942 -13.528237
1042.208472 -13.936992
1042.604365 -13.839025
1042.390265 -13.699090
1042.610393 -13.815083
1042.925829 -13.921172
1042.959972 -13.910077
1042.949834 -13.963985
1043.253917 -13.874653
1043.406459 -13.943679
1043.365876 -14.054216
1043.284962 -14.147421
1044.053157 -14.130388
1043.859427 -14.127287
1043.654016 -14.304316
1044.142642 -14.065202
1044.548621 -14.014056
1044.210512 -14.123127
1044.184861 -14.246872
1044.637617 -14.163682
1044.428793 -14.066997
1044.594006 -14.261378
1044.739961 -14.341459
1044.966660 -14.468394
1045.137422 -14.429210
1044.915850 -14.455684
1045.123596 -14.289951
1045.585138 -14.458892
1045.486786 -14.318269
1045.632561 -14.564802
1045.656874 -14.456733
1045.777462 -14.333826
1045.839621 -14.580362
1045.836760 -14.332070
1046.262243 -14.801916
1046.186821 -14.694416
1046.381955 -14.562956
1046.598117 -14.810239
1046.529916 -14.627379
1046.817362 -14.724958
1046.877359 -14.720333
1047.234420 -14.584844
1047.054703 -14.750102
1047.436165 -14.814444
1047.327047 -14.865669
1047.476428 -14.928417
1047.668352 -15.070523
1047.706052 -14.887782
1048.033955 -15.001740
1047.720616 -14.809097
1047.912916 -15.087320
1047.892191 -15.027288
1048.259351 -15.216911
1048.431182 -15.192517
1048.149444 -15.125032
1048.478181 -14.873894
1048.536849 -15.236604
1048.667410 -15.170845
1048.967601 -15.328345
1048.668699 -15.182002
1049.147346 -15.065480
1049.417164 -14.991433
1049.425363 -15.440631
1049.466073 -15.355122
1049.365802 -15.075932
1049.536030 -15.226488
1049.600773 -15.286689
1049.637417 -15.439210
1049.918002 -15.307103
1050.150390 -15.434649
1050.020299 -15.487202
1050.288985 -15.784805
1050.232764 -15.716535
1050.543677 -15.364143
1050.499176 -15.417961
1050.636143 -15.349301
1050.911342 -15.789163
1050.962409 -15.391624
1051.341779 -15.847521
1051.223675 -15.856965
1051.427207 -15.613927
1051.361464 -15.655043
1051.589418 -15.611482
1051.417794 -15.666806
1051.688506 -15.870862
1051.961994 -16.011610
1052.140430 -16.167694
1052.054603 -15.757567
1051.963143 -15.898936
1052.136311 -15.912279
1052.402094 -16.062428
1052.619921 -16.069165
1052.730868 -16.129261
1052.651150 -15.983573
1052.727404 -15.788937
1052.841456 -15.805018
1053.243404 -15.980676
1053.001975 -15.977285
1053.369342 -16.366844
1053.507659 -15.912460
1053.597955 -16.153804
1053.845543 -16.109377
1053.775578 -16.052152
1054.146074 -16.217278
1053.986375 -16.005423
1053.908499 -16.077675
1054.553373 -16.395201
1054.535330 -16.181720
1054.586362 -16.116477
1054.688981 -16.533073
1054.663322 -16.333088
1054.793273 -16.279259
1055.257931 -16.579535
1055.115305 -16.555814
1055.181160 -16.175059
1055.440710 -16.421351
1055.494179 -16.780757
1055.714266 -16.492324
1055.588933 -16.632378
1055.784033 -16.464081
1055.849771 -16.393666
1056.151966 -16.415617
1056.076162 -16.398810
1056.468060 -16.710781
1056.445576 -16.567557
1056.317565 -16.484566
1056.591359 -16.782333
1056.571509 -16.759701
1056.947138 -16.980873
1057.014518 -17.060237
1056.836941 -16.631777
1057.222327 -16.757624
1056.955108 -16.471462
1057.218205 -16.968617
1057.557310 -16.910803
1057.378471 -16.820115
1057.711497 -16.964718
1058.243487 -16.822445
1057.905720 -16.927464
1057.767771 -16.883400
1058.228757 -16.864708
1058.103532 -16.889562
1058.277123 -16.781712
1058.432806 -16.867743
1058.444471 -17.104282
1058.603417 -17.033952
1058.514083 -17.105412
1058.957539 -17.218220
1059.329163 -17.095566
1059.068458 -17.183143
1058.887420 -17.118097
1059.689146 -17.366278
1059.275329 -17.157215
1059.658410 -17.101260
1059.527418 -16.932118
1059.627715 -17.207472
1060.051847 -17.079019
1060.056474 -17.130877
1060.116815 -17.163005
1060.193711 -17.267280
1060.332120 -17.319257
1060.532637 -17.044223
1060.613578 -17.050787
1060.721094 -17.255537
1060.775457 -17.376214
1060.789403 -17.355424
1061.159159 -17.117992
1061.348735 -17.380989
1061.139362 -17.459994
1061.315578 -17.005669
1061.252544 -17.398085
1061.473055 -17.294916
1061.520138 -17.254303
1061.795734 -17.123442
1061.961690 -17.408922
1062.080756 -17.258124
1062.277532 -17.381665
1062.278043 -17.616699
1062.365097 -17.360628
1062.487198 -17.644209
1062.614676 -17.467537
1062.545472 -17.473151
1062.870426 -17.784187
1062.970588 -17.745537
1062.965890 -17.511381
1062.998347 -17.689890
1063.065071 -17.607479
1063.248082 -17.643808
1063.587543 -17.701048
1063.507636 -17.671208
1063.519231 -17.667559
1063.722866 -17.298443
1063.807316 -17.517957
1064.265917 -17.687949
1064.151030 -17.787413
1064.345277 -17.815160
1064.287563 -17.652185
1064.646452 -17.550354
1064.716194 -17.719292
1064.548491 -17.552214
1064.869399 -18.037410
1065.215859 -17.860205
1065.032995 -17.397988
1065.067763 -17.679558
1065.480080 -17.795447
1065.483790 -17.821114
1065.615996 -17.820194
1065.800453 -17.621834
1065.878832 -17.656743
1065.615787 -18.172103
1065.894387 -17.946646
1066.001833 -17.893204
1066.277116 -17.934357
1066.345389 -17.715765
1066.300053 -17.934835
1066.745845 -17.928455
1066.799336 -17.840531
1066.617885 -17.914383
1066.990867 -18.051865
1066.884685 -17.782397
1067.189580 -17.910762
1067.093491 -17.782814
1067.170995 -18.271619
1067.292387 -17.743986
1067.408160 -18.169026
1067.499339 -18.220976
1067.556973 -17.805663
1067.662085 -18.011225
1068.278615 -18.012262
1067.924165 -17.775310
1068.289161 -17.921548
1068.296279 -18.258065
1068.400943 -17.933005
1068.436039 -18.117725
1068.538845 -18.008165
1068.600822 -18.040729
1069.151805 -17.837918
1068.772214 -17.839528
1069.102269 -18.181108
1069.263654 -18.066453
1069.472698 -18.127274
1069.250436 -18.054347
1069.632593 -18.034498
1069.753160 -18.083632
1069.692436 -18.180394
1069.984142 -18.163086
1069.987836 -18.154934
1069.990792 -18.027709
1070.265214 -18.092605
1070.426770 -18.291896
1070.461390 -18.147830
1070.502741 -18.076776
1070.658953 -18.090166
1070.452704 -18.299727
1070.686294 -18.165317
1070.927091 -18.292678
1071.198860 -18.376846
1071.156100 -18.247939
1071.264513 -18.108441
1071.385380 -18.216102
1071.914254 -18.111193
1071.678452 -18.419693
1071.971016 -18.096303
1071.971629 -18.192848
1071.987613 -18.190921
1072.036526 -18.073830
1072.302257 -18.464130
1072.446954 -18.343815
1072.399645 -18.391758
1072.384816 -18.332355
1072.624625 -18.235526
1072.803108 -18.072526
1072.484621 -18.101492
1072.968281 -18.365756
1073.190789 -18.370765
1073.199663 -18.150703
1073.406375 -18.431174
1073.057555 -18.235890
1073.469743 -18.355748
1073.652302 -18.267498
1073.632619 -18.333444
1073.877120 -18.339496
1073.761016 -18.172870
1073.970192 -18.027465
1074.193387 -18.133632
1074.219681 -18.134092
1074.447621 -18.313702
1074.459170 -18.235906
1074.667454 -18.211103
1074.720508 -18.389061
1074.676667 -18.236912
1074.968136 -18.374514
1075.039393 -18.241164
1075.009142 -18.230144
1075.083324 -18.313188
1075.449338 -18.172941
1075.416168 -18.229496
1075.488578 -18.282166
1075.782280 -18.266917
1075.669465 -18.427196
1076.050358 -18.245596
1075.997850 -18.286455
1076.222557 -18.393453
1076.220783 -18.590795
1076.269456 -18.449552
1076.284744 -18.288741
1076.718700 -18.297433
1076.711963 -18.272818
1076.871699 -18.089516
1077.003040 -18.216835
1077.126689 -18.443678
1077.245501 -18.666412
1077.029844 -18.091724
1077.218960 -18.339324
1077.388722 -18.391308
1077.434771 -18.391623
1077.402936 -18.329826
1077.632068 -18.657730
1077.968364 -18.393142
1077.919526 -18.268768
1077.960970 -18.230118
1078.231502 -18.215142
1078.258766 -18.275788
1078.385133 -18.116828
1078.490564 -18.014348
1078.667868 -18.465840
1078.632842 -18.481478
1078.766039 -18.289925
1079.004608 -18.237003
1079.108656 -18.567617
1079.110086 -18.126880
1079.014828 -18.244805
1079.550955 -18.114506
1079.547380 -18.090073
1079.526402 -18.139893
1079.810175 -18.232628
1079.828168 -18.085361
1079.890039 -18.349848
1079.980935 -18.047228
1080.151811 -18.209302
1080.388724 -18.487248
1080.549169 -18.014837
1080.455330 -18.021562
1080.374257 -18.112123
1080.845310 -17.964072
1081.184728 -18.141911
1080.896188 -18.109311
1081.068522 -18.280665
1081.054715 -18.349286
1081.013034 -18.216268
1081.437030 -18.418655
1081.629034 -18.231981
1081.397080 -18.191821
1081.387496 -18.027030
1081.626060 -18.146195
1081.990256 -18.011285
1081.946090 -18.082206
1081.954034 -18.195580
1082.174862 -18.473969
1082.325631 -18.183489
1082.421614 -18.122807
1082.654453 -18.009647
1082.449969 -17.838009
1082.867038 -17.968671
1082.860161 -18.130538
1082.944510 -18.083175
1082.649924 -18.276038
1083.018977 -17.857029
1083.480420 -17.964319
1083.485320 -18.210497
1083.629653 -17.944664
1083.560121 -18.179791
1083.983493 -18.095916
1084.015009 -18.322260
1083.875319 -17.857439
1084.124824 -18.076526
1083.990363 -18.176772
1084.548651 -17.933199
1084.473108 -17.900256
1084.474168 -17.873582
1084.360971 -17.935892
1084.484510 -17.775629
1084.757052 -18.024983
1084.651844 -17.987900
1084.786819 -17.707104
1085.388591 -17.869597
1085.071361 -18.040724
1085.346565 -17.858468
1085.264051 -17.864601
1085.700895 -17.970151
1085.847340 -17.740246
1085.850766 -17.801651
1085.965089 -17.919952
1086.077218 -17.688065
1085.826268 -17.846090
1086.334807 -17.644710
1086.382868 -17.671236
1086.546315 -17.515518
1086.410792 -17.835050
1086.447432 -17.423647
1086.603803 -17.850162
1086.552262 -17.570600
1087.086584 -17.835289
1087.230231 -17.496841
1086.918201 -17.544877
1086.942033 -17.595696
1087.513879 -17.455184
1087.268554 -17.457977
1087.541360 -17.867992
1087.666182 -17.493265
1087.684601 -17.506782
1087.808560 -17.314584
1087.791585 -17.312831
1087.925865 -17.889683
1088.247130 -17.531513
1088.150774 -17.219690
1088.648128 -17.754532
1088.456595 -17.326402
1088.893639 -17.517860
1088.947274 -17.466593
1088.922284 -17.593809
1088.999589 -17.547081
1089.036118 -17.291489
1089.072686 -17.189993
1089.271417 -17.605503
1089.356820 -17.433952
1089.349517 -17.239961
1089.653917 -17.192832
1089.885838 -17.073033
1089.796342 -17.050237
1090.090123 -17.218175
1089.907858 -17.269768
1090.470489 -17.194462
1090.052946 -17.457291
1090.267336 -17.232669
1090.304916 -17.142232
1090.393213 -17.213077
1090.659073 -17.166510
1090.789103 -17.022450
1090.957873 -16.987717
1090.872676 -17.316777
1090.906059 -16.910407
1091.350418 -16.760391
1091.343289 -16.919355
1091.225225 -16.846553
1091.559366 -16.789279
1091.566210 -16.997020
1091.943620 -16.766411
1091.719122 -16.850269
1091.864106 -16.709369
1092.214858 -16.626255
1092.112053 -16.973261
1092.260848 -16.651229
1092.274345 -16.626885
1092.495377 -16.672238
1092.445736 -16.954445
1092.778620 -16.733480
1092.700082 -16.683258
1092.737052 -16.715059
1093.106891 -16.797556
1093.054113 -16.478525
1093.009379 -16.538361
1093.340834 -16.507103
1093.351604 -16.582509
1093.401645 -16.672469
1093.438463 -16.209619
1093.774464 -16.673778
1093.787295 -16.227962
1094.013645 -16.562298
1094.049023 -16.635765
1093.985885 -16.040505
1094.186676 -16.537563
1094.065633 -16.318644
1094.570245 -16.266862
1094.633139 -16.268925
1094.628523 -16.159726
1094.715125 -16.130496
1094.647456 -16.237122
1095.105782 -16.152750
1094.912218 -15.947418
1095.443884 -15.855320
1095.412424 -15.961847
1095.160724 -16.135589
1095.584300 -15.901388
1095.713330 -16.192277
1095.624222 -15.912516
1095.907726 -16.090236
1095.948771 -15.921459
1095.724770 -16.031990
1096.241220 -16.333331
1096.306030 -16.084943
1096.277443 -15.749341
1096.456521 -15.966299
1096.745443 -15.932972
1096.621321 -15.539030
1096.985302 -15.691466
1096.952304 -15.744974
1096.724479 -15.705855
1096.870823 -15.665560
1097.014237 -15.438491
1097.484203 -15.371900
1097.682988 -15.615652
1097.549351 -15.760042
1097.747619 -15.707594
1097.432471 -15.763170
1097.741839 -15.588404
1098.074223 -15.238257
1097.937553 -15.532237
1097.768116 -15.304496
1098.255877 -15.270126
1098.115448 -15.369610
1098.539404 -15.258424
1098.241385 -15.307206
1098.596065 -15.141961
1098.806608 -15.228168
1099.001190 -15.242088
1099.119690 -15.449504
1099.106979 -15.079249
1099.226566 -15.249139
1099.194389 -14.962079
1099.539899 -14.789176
1099.745559 -15.108762
1099.512823 -14.915094
1099.497538 -14.829109
1099.889428 -14.755584
1099.873833 -14.924150
1100.021949 -14.941020
1099.884129 -14.780764
1100.216130 -14.678351
1100.587180 -14.967885
1100.512484 -15.086361
1100.565290 -14.830752
1100.515831 -14.918141
1100.760130 -14.650929
1100.905694 -14.964903
1100.490793 -14.670939
1101.211112 -14.506296
1101.138276 -14.607274
1101.260470 -14.428769
1101.318527 -14.216525
1101.517885 -14.389354
1101.617496 -14.451050
1101.527448 -14.499274
1101.627936 -14.249812
1102.048089 -14.250173
1101.748967 -14.182679
1102.264882 -14.110151
1102.258461 -14.266423
1102.342485 -13.956919
1102.235163 -14.075695
1102.495272 -14.175376
1102.379001 -13.762559
1102.691120 -14.080944
1102.968068 -14.123042
1103.017388 -14.088032
1102.790510 -13.844895
1102.964539 -14.095841
1103.002989 -13.909018
1103.263607 -13.904550
1103.458789 -13.968578
1103.628077 -13.500976
1103.738475 -13.869518
1103.798725 -13.595949
1103.505665 -13.773978
1103.896639 -13.523217
1104.022018 -13.547854
1104.349152 -13.382902
1104.437304 -13.539942
1104.158931 -13.328322
1104.446408 -13.338879
1104.615074 -13.494235
1104.808047 -13.065688
1104.857347 -13.540630
1104.988441 -13.226436
1104.996015 -13.274270
1104.901371 -13.302199
1105.092164 -13.020616
1105.105453 -13.223356
1105.482991 -13.101150
1105.357565 -12.930131
1105.709948 -12.901659
1105.298449 -12.865325
1105.654813 -12.973177
1105.612621 -12.660784
1105.854972 -12.645676
1106.177027 -12.694121
1106.376258 -12.808948
1105.812699 -12.938216
1106.453279 -12.686158
1106.502909 -12.565627
1106.382520 -12.845817
1106.706491 -12.512219
1106.732351 -12.427125
1106.988088 -12.369400
1107.152216 -12.597141
1107.152978 -12.449152
1107.217571 -12.231716
1107.267431 -12.316876
1107.592555 -12.032092
1107.717196 -12.445794
1107.294209 -11.946253
1107.617142 -12.115248
1107.791760 -11.820661
1107.963174 -12.033462
1107.988007 -11.710852
1108.089199 -12.066803
1108.193180 -11.751611
1108.370935 -12.126930
1108.351133 -11.815708
1108.518310 -11.984081
1108.564809 -11.950232
1108.544390 -11.854637
1108.635177 -11.744785
1108.682863 -11.854056
1108.859301 -11.489143
1109.046940 -11.502010
1108.898351 -11.540844
1109.411577 -11.550970
1109.426184 -11.343948
1109.443476 -11.406552
1109.539570 -11.063717
1109.981501 -11.202590
1109.703177 -11.487584
1109.861673 -11.104414
1109.897802 -11.355254
1110.109609 -11.291701
1109.869267 -10.993015
1110.269356 -10.797610
1110.541150 -10.935886
1110.562195 -10.740735
1110.726892 -10.925734
1110.874204 -11.189423
1110.721586 -10.780973
1111.139806 -10.199861
1110.787337 -10.532784
1111.113334 -10.818214
1111.093680 -10.596992
1111.384405 -10.309166
1111.560342 -10.321219
1111.559476 -10.559783
1111.663059 -10.201667
1111.789810 -10.080867
1111.952469 -9.994386
1111.759358 -10.239299
1112.319040 -10.099938
1112.106817 -10.134553
1112.339636 -9.764095
1112.110975 -9.726150
1112.425951 -10.049609
1112.308180 -9.918631
1112.559360 -9.868611
1112.848070 -9.713930
1112.724615 -9.785657
1112.994788 -9.641404
1113.010009 -9.402768
1113.082943 -9.722382
1113.379430 -9.929170
1113.320491 -9.483785
1113.391449 -9.429630
1113.193917 -9.500817
1113.765691 -9.439361
1113.594966 -9.448206
1113.846043 -9.369242
1113.938973 -9.332659
1113.771046 -9.124486
1113.883935 -8.933651
1114.230997 -8.662746
1114.428604 -9.264557
1114.272830 -8.745047
1114.586325 -9.022030
1114.593431 -8.918666
1114.853185 -8.460488
1114.681599 -8.757405
1114.995064 -8.361957
1115.012752 -8.544424
1115.070777 -8.477262
1115.141778 -8.281551
1115.354595 -8.195868
1115.586116 -8.203787
1115.553981 -8.338553
1115.447363 -8.352029
1115.567658 -8.008784
1116.058921 -8.178927
1115.751413 -8.018734
1115.861509 -7.867161
1116.213021 -8.019902
1116.238833 -7.905410
1116.308264 -7.549638
1116.450767 -7.848793
1116.470294 -7.589612
1116.493859 -7.964528
1116.716671 -7.795119
1116.817963 -7.584648
1116.796626 -7.817636
1117.016106 -7.540941
1116.946117 -7.540987
1117.209632 -7.295865
1117.514254 -7.182146
1117.160852 -7.261014
1117.427238 -7.414884
1117.383829 -6.872078
1117.549708 -7.270226
1117.838861 -7.097292
1118.037210 -6.718947
1118.037011 -6.834749
1118.052971 -7.178141
1117.929310 -6.636439
1117.974628 -6.690465
1118.464813 -6.579029
1118.502200 -6.659200
1118.615492 -6.517496
1118.827514 -6.433964
1118.408815 -6.159584
1118.989078 -6.278272
1118.964048 -6.530330
1118.932847 -6.265935
1119.148886 -6.178188
1119.302124 -6.256317
1119.298271 -6.026132
1119.389830 -6.083669
1119.749614 -5.971365
1119.472793 -6.139360
1119.839669 -5.647813
1119.736413 -5.492212
1119.976216 -5.641168
1120.184098 -5.536680
1120.160890 -5.534048
1120.092768 -5.588042
1120.051817 -5.309033
1120.490709 -5.098286
1120.456746 -5.070040
1120.264588 -5.161677
1120.912838 -5.128016
1120.907052 -5.107035
1120.749250 -5.188818
1120.974269 -4.709191
1121.052537 -4.810981
1121.313986 -4.781931
1121.460822 -4.951829
1121.329970 -4.545230
1121.661715 -4.539789
1121.623899 -4.509919
1121.592269 -4.377265
1121.752974 -4.622338
1122.016200 -4.183256
1121.985907 -4.834950
1122.017900 -4.300400
1122.188872 -3.783549
1121.978806 -3.957013
1122.311238 -4.102347
1122.561649 -3.886605
1122.578389 -4.125553
1122.692696 -4.019138
1122.744638 -4.115025
1122.598005 -3.770515
1123.150658 -3.778147
1122.844638 -3.545327
1122.977703 -3.431657
1123.370405 -3.349401
1123.245624 -3.336300
1123.451008 -3.479121
1123.841256 -3.010630
1123.620484 -2.979223
1123.630547 -3.140124
1123.755464 -2.835619
1124.018984 -2.899733
1123.864870 -2.932522
1124.062904 -2.947919
1123.887904 -2.741392
1124.103020 -2.863405
1124.411590 -2.677171
1124.601613 -2.387541
1124.483590 -2.603645
1124.865543 -2.405638
1124.788278 -2.537438
1125.044256 -2.175602
1124.975132 -2.289563
1124.900978 -2.071929
1125.079438 -1.927285
1124.990528 -2.047991
1125.189711 -1.901115
1125.288133 -1.999662
1125.825199 -1.657303
1125.700164 -1.830678
1125.722201 -1.775290
1125.583392 -1.432791
1125.876358 -1.397065
1125.833899 -1.261766
1126.265837 -1.545906
1126.589275 -1.188888
1126.245862 -1.521848
1126.493332 -0.999090
1126.251221 -0.931974
1126.647924 -0.703595
1126.524157 -0.652417
1126.669893 -0.653599
1126.869032 -0.560261
1126.887392 -0.366323
1127.280115 -0.482165
1127.333666 -0.578907
1127.150625 -0.536392
1127.261906 -0.480144
1127.017095 -0.300190
1127.246548 -0.320536
1127.405420 -0.335437
1127.963817 0.297073
1128.060747 0.280684
1127.876663 -0.018206
1128.123186 0.394993
1128.104010 0.287040
1128.175494 0.249392
1128.268532 0.399986
1128.425170 0.599410
1128.266640 0.743509
1128.431312 0.819403
1128.531462 0.471683
1128.671069 1.199214
1129.059900 0.958591
1128.866818 1.151243
1128.838732 1.102030
1129.108806 1.282066
1129.283750 1.222221
1129.228980 1.590764
1129.447455 1.388132
1129.480214 1.669550
1129.511824 1.574547
1129.753268 1.648232
1129.519060 1.780945
1129.877000 1.888822
1129.915095 1.893149
1130.026762 2.085432
1130.156216 2.008891
1130.246481 2.254319
1130.223494 2.317527
1129.972215 2.201181
1130.678062 2.215119
1130.605658 2.726127
1130.602159 2.307435
1130.770784 2.577396
1130.929395 2.596375
1131.259491 2.752457
1130.895746 2.936236
1131.157266 2.599084
1131.166581 2.978958
1131.412727 3.039682
1131.338121 3.222831
1131.481323 3.269327
1131.734051 3.326393
1131.869181 3.536746
1131.942021 3.517790
1131.928188 3.893078
1132.219487 3.594983
1132.137093 3.725220
1132.223902 3.784246
1132.254671 4.002866
1132.409892 3.995690
1132.484869 4.239629
1132.581446 4.094593
1132.656088 4.213262
1132.967899 4.209985
1132.817922 4.478497
1133.096262 4.195088
1133.000039 4.548884
1133.173803 4.781129
1133.172559 4.747687
1133.515386 5.099954
1133.398618 5.205396
1133.717311 5.266141
1133.768400 5.042075
1133.709144 5.258754
1133.975102 5.489837
1133.811658 5.348962
1133.993865 5.380432
1134.097089 5.650399
1134.094848 5.591288
1134.145380 5.659365
1134.528988 5.777635
1134.659989 5.880397
1134.450506 6.127269
1134.601255 6.222536
1134.713046 6.156569
1134.828882 6.258811
1134.797274 6.206644
1134.805005 6.337462
1134.977587 6.818440
1134.961540 6.803644
1134.966701 6.711246
1135.295319 6.954438
1135.478382 6.449041
1135.365397 7.411423
1135.556023 7.183293
1135.620511 7.117970
1135.686787 7.296178
1135.683880 7.234319
1135.769370 7.178024
1136.117655 7.686985
1136.233982 7.869801
1136.026961 7.628049
1136.121812 7.859566
1136.675957 7.891595
1136.322917 7.840497
1136.711847 8.314916
1136.540972 8.542444
1136.762622 8.343881
1136.677598 8.440681
1137.185044 8.650655
1137.298245 8.449872
1137.223731 8.586937
1137.330519 8.543212
1137.475174 8.834718
1137.401489 9.232721
1137.364862 9.107269
1137.555382 9.515262
1137.610776 9.242804
1137.775730 9.364982
1137.656170 9.601604
1138.009781 9.583437
1137.804048 9.546685
1138.304693 9.701453
1138.188310 9.844318
1138.344809 9.797751
1138.537439 9.806935
1138.333226 10.161461
1138.685414 9.985643
1138.415906 10.228222
1138.950547 10.286427
1138.751741 10.683616
1139.006793 10.670119
1139.095781 10.716500
1139.245182 10.960614
1139.308777 10.810289
1139.398796 11.191351
1139.571347 11.226335
1139.112308 11.030693
1139.785692 11.118630
1139.841666 11.600737
1139.797117 11.573426
1139.748759 11.576752
1140.123932 11.903662
1140.122528 11.791725
1140.057882 11.950473
1140.145436 11.798660
1140.366204 12.278751
1140.362273 12.150350
1140.418828 12.130302
1140.508726 12.383070
1140.577121 12.407769
1140.427782 12.572259
1141.028759 12.681512
1140.886218 12.808146
1141.194747 12.876712
1141.183168 12.879347
1141.397339 13.049603
1141.301485 13.122090
1141.472503 13.164209
1141.499198 13.321819
1141.383474 13.363635
1141.646431 13.363985
1141.879910 13.985795
1141.830661 13.703095
1142.105822 13.818504
1142.211371 13.879612
1142.058389 14.214516
1142.252657 14.582053
1142.412947 14.346589
1142.494052 14.517286
1142.626715 14.574086
1142.529092 14.643871
1142.530874 14.925754
1142.850283 14.864168
1143.053454 15.070670
1143.043943 15.118017
1143.132824 15.177195
1143.060008 15.392347
1143.086764 15.417760
1143.345671 15.596292
1143.383865 15.668000
1143.654150 16.001335
1143.705723 16.055697
1143.721720 16.132866
1143.587208 15.912207
1143.734273 16.322331
1143.990031 15.975365
1144.345423 16.366794
1143.748712 16.649700
1144.010780 16.717895
1144.234922 16.844512
1144.395162 17.077598
1144.477180 17.206352
1144.720474 16.630175
1144.367281 17.244747
1144.797782 17.409011
1144.977248 17.351791
1144.889622 17.312733
1145.284876 17.800271
1145.057766 17.744371
1145.002172 17.958453
1145.218542 17.893215
1145.376932 18.257923
1145.387081 18.677565
1145.107129 18.230372
1145.327258 18.281912
1145.991198 18.442995
1145.572500 18.870804
1146.123354 18.862577
1145.844240 18.850616
1146.097328 18.967611
1145.912560 18.993211
1146.329311 19.242668
1146.533870 19.341160
1146.401434 19.398599
1146.233392 19.314711
1146.240992 19.688468
1146.672471 19.701859
1146.817705 19.979884
1146.915779 20.308891
1147.105361 19.994057
1146.913347 20.191846
1147.136564 20.299573
1147.053871 20.218036
1147.427308 20.537483
1147.420152 20.451844
1147.243345 20.745614
1147.481915 20.882093
1147.649248 21.031735
1147.871530 21.153961
1147.441664 21.274644
1147.900553 21.321502
1147.699184 21.337227
1147.984669 21.673098
1147.911188 21.574226
1148.105835 21.952014
1148.367692 21.955807
1148.466378 22.107951
1148.244207 21.984663
1148.349030 22.113047
1148.675991 22.374274
1148.522406 22.719820
1148.867540 22.651212
1149.214729 22.782852
1148.899842 22.862438
1149.025723 22.993803
1148.842085 22.890240
1149.185735 23.231481
1149.528540 23.276847
1149.456460 23.537894
1149.626384 23.608179
1149.440460 23.591766
1149.530744 23.676998
1149.748956 23.812399
1149.752713 23.938425
1150.093526 24.171478
1149.919384 24.272493
1150.001027 24.532028
1150.227268 24.402921
1150.357706 24.578614
1150.159152 24.630040
1150.472137 24.975407
1150.369042 25.087939
1150.502575 25.131502
1150.671510 25.192549
1150.606927 25.761348
1150.861870 25.705090
1150.931199 25.507021
1151.360793 25.867866
1151.079669 26.036037
1151.414792 26.196925
1151.251824 26.228384
1151.257284 26.543897
1151.632767 26.124385
1151.719063 26.663593
1151.807264 26.511710
1151.806765 26.641188
1151.926317 26.840673
1152.003597 26.878341
1152.048883 27.011952
1151.737900 27.226653
1152.401261 27.245135
1152.365505 27.435102
1152.077977 27.689763
1152.420995 27.729586
1152.227347 28.039281
1152.330401 28.080694
1152.735674 28.106674
1152.834128 28.338599
1152.798478 28.572466
1152.557560 28.427428
1152.985071 28.794970
1153.113473 28.794769
1152.843413 28.742900
1153.392403 29.166444
1153.147688 29.312616
1153.286215 29.253428
1153.788533 29.129223
1153.698552 29.506860
1153.782781 29.663311
1153.660000 29.942762
1153.663338 29.826057
1154.035904 30.108203
1153.815046 30.211595
1153.657202 30.081060
1154.386158 30.230218
1154.238612 30.586999
1154.547038 30.631999
1154.590683 30.753606
1154.542091 30.910985
1154.911567 30.956151
1154.637573 31.125199
1154.500891 31.567618
1155.241563 31.432588
1154.939407 31.684632
1155.215886 31.765797
1154.869686 31.899667
1154.890310 31.862791
1155.289996 32.188299
1155.264826 32.156110
1155.397505 32.234301
1155.643660 32.519343
1155.538952 32.637347
1155.855428 32.535250
1155.744682 32.812103
1155.762275 33.003139
1155.907354 33.163152
1156.050964 33.238371
1156.213533 33.071763
1156.186277 33.435956
1156.158312 33.643357
1156.125599 33.825409
1156.476202 33.928885
1156.606795 33.979373
1156.722672 34.010789
1156.704578 34.116801
1156.870737 34.543053
1156.822871 34.659636
1156.507492 34.785373
1157.042408 34.988470
1157.046226 35.356552
1157.156133 35.198182
1157.155913 35.522027
1157.244655 35.241687
1157.670837 35.580225
1157.405771 35.877935
1157.315251 35.953302
1157.411203 35.785249
1157.552240 36.262890
1157.717536 36.126011
1158.077511 36.185828
1158.111614 36.406461
1158.097754 36.421991
1158.083963 36.714539
1158.048651 37.092672
1158.090376 37.184006
1158.289817 37.424244
1158.362453 37.382118
1158.585339 37.676792
1158.737207 37.517245
1158.661728 38.039528
1158.604077 37.829581
1158.873015 38.167187
1158.896738 38.411277
1159.065432 38.399662
1159.098799 38.596838
1159.344688 38.427644
1158.947456 38.732344
1159.379680 38.878496
1159.363532 39.043988
1159.204471 39.265029
1159.650720 39.723784
1159.627718 39.464596
1159.645776 39.263000
1159.784613 40.022961
1159.581437 40.067777
1159.818556 40.060694
1160.096320 40.083244
1160.105020 40.162724
1160.152503 40.331193
1160.237938 40.763701
1160.271598 40.699357
1160.503171 40.934524
1160.428004 40.817024
1160.455214 41.344629
1160.422208 41.343478
1160.684585 41.330604
1160.983722 41.297015
1161.023596 41.541998
1160.783414 42.102116
1160.938097 42.067208
1161.095413 42.163848
1161.002168 42.337846
1161.210262 42.662589
1161.296682 42.561138
1161.738228 42.539009
1161.696468 42.979494
1161.598625 43.267539
1161.544717 43.187032
1161.659928 43.257404
1162.055629 43.497135
1161.930346 43.762332
1162.126379 43.931824
1162.052799 43.764573
1162.151048 43.942103
1162.128123 44.108147
1162.109516 44.321936
1162.465256 44.710578
1162.550609 44.558286
1162.852997 44.925237
1162.782329 45.090683
1162.860141 45.094160
1162.928602 45.288103
1162.998483 45.329738
1163.061187 45.586275
1162.873030 45.124104
1163.206414 45.761509
1163.375426 45.722026
1163.373720 46.205889
1163.475558 46.223208
1163.613852 46.477550
1163.421372 46.606962
1163.502572 46.739305
1163.794692 47.000616
1163.875981 47.181729
1163.802445 47.309455
1163.806954 47.446702
1164.023811 47.675609
1164.204514 47.631726
1164.332008 47.885303
1164.093125 47.881483
1164.244151 47.981171
1164.615566 48.167821
1164.311936 48.767127
1164.895875 48.478501
1164.375775 48.850003
1164.677733 48.790824
1164.939853 48.828650
1164.679724 49.072950
1164.962797 49.172497
1165.046137 49.653832
1165.043844 49.622068
1165.342242 49.742256
1165.354373 49.968320
1165.209753 49.969255
1165.650681 50.432985
1165.507315 50.329775
1165.816948 50.293813
1165.611688 50.875532
1165.722207 50.784356
1165.916021 51.280734
1165.828869 51.010987
1166.100527 51.475551
1166.010817 51.548790
1166.298953 51.612133
1166.037271 51.880675
1166.456973 51.692898
1166.631200 52.197243
1166.665589 52.276261
1166.788659 52.303895
1166.680839 52.394753
1166.925181 52.834603
1166.541099 52.694927
1166.816900 52.755244
1166.960782 53.128800
1167.146347 53.323013
1167.128345 53.573128
1167.185620 53.417999
1167.091575 53.693992
1167.081954 53.760758
1167.355441 54.012224
1167.577036 54.072213
1167.500573 54.321919
1167.620137 54.671195
1167.558351 54.893335
1167.811739 55.212533
1167.483606 54.851723
1167.800797 55.416669
1167.929642 55.667256
1167.965275 55.679306
1168.109919 55.692354
1168.198532 56.019022
1168.212243 55.969104
1168.559188 56.162516
1168.325191 56.371517
1168.373737 56.272200
1168.887246 56.831104
1168.579230 56.857549
1168.796243 57.021386
1168.822440 57.223373
1169.098350 57.302951
1168.970599 57.409219
1169.075632 57.729647
1168.824162 57.666234
1168.963805 57.903009
1169.399707 58.189033
1169.703138 58.342213
1169.444892 58.528290
1169.387849 58.544587
1169.744213 58.931819
1169.674455 59.119764
1169.606435 58.820904
1170.022109 59.533587
1169.676656 59.511793
1169.824736 59.651077
1170.033426 59.957042
1169.965637 60.032680
1170.085269 60.151413
1170.184500 60.473026
1170.473973 60.569709
1170.686210 60.818688
1170.433498 60.834775
1170.655355 60.889553
1170.695709 61.378930
1170.715525 61.214009
1170.776043 61.624629
1170.945976 61.650306
1170.990568 61.812741
1170.953701 61.877752
1171.084381 62.418098
1171.040616 62.143466
1171.086356 62.523563
1171.431772 62.477138
1171.155628 62.588805
1171.150920 62.951421
1171.606560 62.970596
1171.683927 63.599691
1171.431186 63.351080
1171.602696 63.508562
1171.997943 63.844166
1172.069464 64.099939
1172.085683 64.267058
1171.905801 64.192520
1172.168096 64.348270
1172.180274 64.588509
1172.263885 64.905811
1172.376472 64.920339
1172.524405 65.117729
1172.633974 65.577693
1172.502500 65.208586
1172.633279 65.532263
1172.742050 65.840579
1172.786194 66.116784
1172.637664 66.364655
1172.855839 66.423557
1173.048402 66.602804
1173.148245 66.419687
1173.116326 66.892003
1173.385779 67.214549
1173.554907 67.174198
1173.281695 67.251631
1173.666337 67.819768
1173.688016 67.679320
1173.484211 67.891294
1173.644010 68.075118
1173.536969 68.004831
1174.132811 68.246769
1173.836439 68.738763
1174.295786 68.871878
1174.150336 69.160959
1174.134200 69.127996
1173.928665 69.107959
1174.223108 69.361503
1174.484170 69.603773
1174.402699 69.642650
1174.829820 69.881455
1174.659319 70.066918
1174.534689 70.435991
1174.524667 70.522318
1174.725586 70.828659
1174.981082 70.869697
1175.002175 70.821747
1175.048490 71.431620
1175.136862 71.248120
1175.211254 71.304717
1174.966363 71.882467
1175.234020 72.175284
1175.482910 72.129627
1175.354847 72.309553
1175.606386 72.522497
1175.699498 72.996047
1175.667986 72.510441
1175.657847 72.957589
1175.740205 72.677095
1175.695436 73.455975
1175.771136 73.711082
1175.891293 73.826336
1176.018130 73.989646
1176.495086 74.120603
1176.530061 74.050684
1176.320302 74.492656
1176.374844 74.480375
1176.313654 74.682290
1176.505908 75.039189
1176.606317 75.119351
1176.879540 75.619787
1176.783006 75.510645
1176.795105 75.782116
1177.065318 75.717670
1177.004941 75.918324
1176.955048 76.098901
1177.058776 76.390905
1177.242139 76.579515
1177.143822 76.769112
1177.424763 77.171773
1177.438339 77.103748
1177.473624 77.183307
1177.452968 77.404302
1177.853735 77.656982
1177.502589 78.005016
1177.579836 78.380300
1177.839452 78.256517
1177.766312 78.268395
1178.335678 78.775325
1177.845971 78.418797
1177.799910 78.773546
1178.130549 79.076728
1178.310083 79.059678
1178.168877 79.217298
1178.390962 79.685720
1178.266721 79.768749
1178.644357 80.537640
1178.538697 80.358715
1178.455036 80.427907
1179.119582 80.685262
1178.669182 80.736817
1178.529504 81.175082
1178.846935 81.200398
1178.862273 81.234829
1179.074104 81.466735
1179.358602 81.622639
1179.258470 81.999656
1179.413973 82.226954
1179.211247 82.412250
1179.297770 82.382566
1179.612323 82.832644
1179.396125 82.865633
1179.679890 82.824977
1179.443237 83.035015
1179.862025 83.660135
1179.952902 83.653099
1179.989231 83.552792
1179.904213 83.805027
1180.133005 83.949823
1179.898980 84.214046
1180.158972 84.296315
1180.482898 84.725714
1180.242715 84.856706
1180.355835 84.926565
1180.279791 84.979608
1180.701367 85.379999
1180.727111 85.675889
1180.802565 85.729990
1180.735668 85.820285
1180.422212 86.034197
1180.996950 86.235567
1180.773743 86.531998
1181.044238 86.475879
1180.975259 86.560866
1181.364541 87.030149
1181.433752 87.643794
1180.963328 87.218918
1181.570292 87.512815
1181.332503 87.621676
1181.321958 87.788711
1181.467763 88.385066
1181.441619 88.539812
1181.665928 88.658841
1181.730479 88.714270
1182.098361 88.680055
1181.957644 89.418004
1182.123577 89.254638
1181.991017 89.563479
1182.047130 89.729855
1182.005935 90.007239
1182.342177 89.957423
1182.363154 90.255309
1182.605299 90.502160
1182.520883 90.531789
1182.333053 90.758229
1182.799656 91.246142
1182.868778 91.607584
1182.893008 91.536966
1183.025496 91.849188
1182.890202 91.913249
1183.064055 92.254508
1182.950528 92.365375
1183.187648 92.431737
1183.253047 92.485075
1183.133889 92.661352
1183.286701 93.078222
1183.300524 93.238595
1183.330764 93.462583
1183.638578 93.788741
1183.474638 93.887031
1183.676547 93.956911
1183.679625 94.258405
1183.828667 94.338930
1183.745032 94.484957
1183.798795 94.708641
1183.761633 94.914219
1184.049103 95.215836
1184.256694 95.533138
1184.416814 95.604557
1184.373660 95.761009
1184.092807 96.319069
1184.427802 96.444677
1184.706942 96.287068
1184.389314 96.572329
1184.628446 97.085077
1184.781717 96.896660
1184.663118 97.228688
1184.732794 97.555563
1184.769170 97.612422
1184.698656 97.827091
1185.154755 97.842561
1184.960828 98.202307
1185.353062 98.680720
1185.410882 98.415522
1185.435216 98.844201
1185.169038 98.771579
1185.074453 99.137317
1185.204602 99.305718
1185.454114 99.805381
1185.510001 99.700101
1185.656161 100.043821
1185.689810 100.152719
1185.624709 100.517647
1185.810960 100.483184
1185.839672 100.596197
1186.123833 101.163046
1185.893072 101.367535
1185.992316 101.471847
1186.139526 101.541951
1186.284702 101.870906
1186.433139 102.079560
1186.291326 102.285499
1186.107479 102.325919
1186.562121 102.895147
1186.524407 102.790609
1186.624576 102.928987
1186.621919 103.218260
1186.901361 102.978216
1186.545080 103.655195
1186.648546 103.745738
1186.969583 104.000080
1186.960522 104.330668
1186.777867 104.397954
1187.152604 104.455695
1187.216562 104.845476
1187.377631 105.204934
1187.292184 105.390923
1187.535053 105.094541
1187.550443 105.920917
1187.493514 106.058997
1187.540741 106.120048
1187.574925 106.171802
1187.932613 106.553061
1187.929815 106.680998
1187.786373 107.029748
1187.839402 107.067642
1187.905530 107.607650
1187.955543 107.515592
1188.009426 107.687795
1188.021198 107.942979
1188.233097 107.906216
1188.242152 107.808362
1188.293898 108.388229
1188.294434 108.477488
1188.414804 109.074113
1188.470729 109.344108
1188.815074 109.344921
1188.750536 109.620945
1188.499595 109.421049
1188.843641 110.198643
1188.711728 110.107292
1189.129830 110.527701
1189.090877 110.537295
1189.046735 110.838562
1189.306485 111.231456
1189.210972 111.363138
1189.330065 111.552157
1189.650931 111.682278
1189.291002 111.749040
1189.490920 112.078507
1189.513818 112.299042
1189.366885 112.502955
1189.609765 113.030836
1189.803495 112.649363
1189.574275 113.139462
1189.835151 113.433267
1189.978818 113.355286
1189.816187 113.785166
1189.962417 113.980019
1190.058481 114.060075
1190.426974 114.271558
1190.312670 114.412319
1190.279528 114.737839
1190.236482 114.836712
1190.522846 115.242772
1190.668152 115.379553
1190.256728 115.455040
1190.816465 115.969158
1190.832001 115.802893
1190.661020 116.376968
1190.845321 116.311037
1190.565179 116.789861
1190.810355 116.811970
1190.973659 117.243635
1191.223157 117.336830
1190.875115 117.407886
1191.056857 117.770518
1191.527888 118.089710
1191.419210 118.033881
1191.390277 118.294393
1191.487603 118.666093
1191.725541 118.802328
1191.490243 119.097399
1191.324783 119.313783
1191.474429 119.517339
1191.698153 119.738342
1191.926738 120.032328
1191.744691 120.238439
1191.859260 120.121874
1191.800888 120.479276
1192.081771 120.584057
1192.020934 120.936346
1192.086980 121.176109
1191.951914 121.137890
1192.352355 121.817803
1192.264976 121.496819
1192.360887 121.949310
1192.515342 122.207521
1192.591765 122.342334
1192.386584 122.656469
1192.739189 123.069649
1192.480477 123.047342
1192.765794 123.429130
1192.964115 123.649781
1192.822833 123.686319
1192.952577 123.811216
1193.004282 124.104505
1193.104689 124.452837
1193.145587 124.455093
1193.136793 124.852900
1193.451759 125.013970
1193.134878 125.626684
1193.423686 125.588171
1193.463773 125.708262
1193.461286 125.971394
1193.682621 126.009924
1193.691982 126.463666
1193.821116 126.612568
1193.820415 126.742834
1193.754376 127.066386
1194.215738 126.933062
1194.090598 127.718576
1194.038209 127.753309
1194.206889 127.742672
1194.181220 128.197978
1194.173053 128.350767
1194.235740 128.682257
1194.342211 128.689861
1194.562367 128.861627
1194.398928 129.312840
1194.479457 129.503106
1194.709891 129.720163
1194.602801 130.057363
1194.629864 130.269501
1194.619314 130.319991
1194.808104 130.462365
1194.637194 130.664875
1195.012400 131.155738
1194.948212 131.291957
1195.153300 131.499460
1195.141032 131.691554
1195.314686 131.830801
1195.225686 131.858128
1195.334993 132.396188
1195.270708 132.577900
1195.256341 132.638412
1195.354481 133.001966
1195.503410 133.052278
1195.459958 133.235511
1195.467799 133.597705
1195.718094 133.657518
1195.841498 134.149617
1195.986861 134.299716
1195.921252 134.412055
1196.154195 134.718841
1196.028147 134.866181
1196.002363 135.497200
1196.216730 135.620049
1196.188431 135.774516
1195.927484 135.929994
1196.356463 136.203548
1196.372384 136.367174
1196.401163 136.470167
1196.468195 137.178351
1196.621049 136.921437
1196.376318 137.237962
1196.715419 137.302651
1196.756669 137.747374
1197.030009 137.965268
1196.931164 138.160403
1196.746487 138.414359
1196.924437 138.360434
1197.026401 138.808597
1197.131895 138.823549
1196.903875 139.366935
1197.351197 139.356996
1197.296447 139.632046
1197.327168 139.873512
1197.524128 140.036902
1197.396945 140.329652
1197.384999 140.729630
1197.595344 140.726564
1197.755802 141.148363
1197.900490 141.469471
1197.666687 141.577946
1197.820691 141.727190
1198.133512 142.048134
1197.882087 142.089348
1198.022657 142.403670
1198.179163 142.550254
1197.627440 143.116147
1198.351355 142.801744
1198.117454 143.269115
1198.311480 143.722229
1198.370036 143.706350
1198.281737 143.830124
1198.421470 144.271076
1198.307009 144.503598
1198.361153 144.836229
1198.314552 144.632238
1198.509088 145.151432
1198.735619 145.395415
1198.798178 145.639982
1198.840725 145.774476
1198.687821 146.207864
1198.942106 146.474173
1198.975871 146.822024
1199.075839 146.735138
1199.279895 146.968162
1199.254652 147.428520
1199.334302 147.248624
1199.203383 147.488276
1199.184637 147.950533
1199.211439 148.175460
1199.679900 148.181100
1199.422581 148.411447
1199.591992 148.934045
1199.502350 149.219103
1199.457123 149.201849
1199.560771 149.423309
1199.840308 149.634913
1199.668891 150.063996
1199.867261 150.160878
1199.865144 150.537629
1199.961520 150.914434
1200.060971 150.933317
1200.050331 151.442352
1199.793146 151.216355
1200.071264 151.851537
1200.259922 151.549644
1200.079936 152.038574
1200.247537 152.166439
1200.597657 152.518205
1200.706910 152.806657
1200.586809 153.145084
1200.283931 153.320608
1200.840167 153.505845
1200.875006 153.499593
1200.835141 153.988368
1200.797916 154.332755
1200.815712 154.297325
1201.012416 154.552310
1201.029164 154.910883
1201.123333 154.838023
1201.044237 155.463270
1200.743138 155.590006
1201.139976 155.761339
1201.189337 156.126538
1201.403224 156.399983
1201.401893 156.792321
1201.479145 156.409263
1201.367487 157.248617
1201.532038 157.086543
1201.554784 157.346248
1201.694234 157.547075
1201.775153 158.249116
1201.776150 158.457462
1201.877065 158.285738
1201.966201 158.613529
1202.026380 158.933615
1201.865150 159.369534
1201.936954 159.325262
1201.915834 159.653319
1202.125218 159.789590
1202.086916 160.081223
1202.316855 160.388293
1202.080835 160.579238
1202.558850 160.671043
1202.204335 160.925501
1202.626836 161.253469
1202.686225 161.722056
1202.510551 161.804360
1202.914260 161.710593
1202.666063 162.191539
1202.865271 162.488206
1202.702272 162.674124
1202.826475 162.944911
1202.924098 163.228080
1202.927238 163.375076
1203.095195 163.700617
1202.970703 163.827045
1203.227305 164.049317
1203.153520 164.227595
1203.227429 164.498228
1203.591467 164.725475
1203.282171 165.153486
1203.481281 165.416826
1203.541936 165.586175
1203.440769 165.828113
1203.554103 166.209203
1203.727412 166.387911
1203.688300 166.628155
1203.691707 166.781923
1203.643805 166.884316
1203.877773 167.308572
1203.963096 167.604388
1203.834395 167.877205
1204.113544 167.759613
1204.044967 168.152241
1204.412271 168.657174
1204.225273 168.699767
1204.331186 168.817002
1204.374797 169.151431
1204.455072 169.158919
1204.401273 169.815214
1204.348222 169.966913
1204.361975 170.098322
1204.302859 170.494086
1204.392411 170.699289
1204.552357 170.656705
1204.754825 171.056806
1204.564686 171.364596
1204.888979 171.598762
1204.889596 171.794050
1204.920086 172.212131
1204.925588 172.061958
1204.712359 172.726242
1205.102984 172.622852
1205.204474 172.917926
1205.314146 173.228595
1205.147946 173.611888
1205.240832 173.721146
1205.331278 174.384004
1205.487356 174.328738
1205.509649 174.398563
1205.334392 174.920512
1205.788964 175.180475
1205.727719 175.378029
1205.516773 175.395356
1205.702597 175.751705
1205.566081 175.778933
1205.842844 176.298490
1205.677820 176.184011
1205.968592 176.898116
1206.087454 176.911646
1205.937134 177.061812
1206.061770 177.378165
1206.258718 177.679770
1206.247721 177.912639
1206.225257 178.124278
1206.048153 178.481368
1206.083424 179.146283
1206.370396 178.758037
1206.492783 178.972351
1206.668365 179.665386
1206.657336 179.531687
1206.483790 180.286556
1206.620149 179.996878
1206.835066 180.531959
1206.834740 180.433515
1206.785830 180.941974
1206.804750 181.252769
1206.808278 181.492762
1206.983621 181.667094
1207.096235 181.856800
1207.152865 181.720018
1206.990941 182.322605
1207.072948 182.591160
1207.128280 182.888025
1207.206036 183.505440
1207.000947 183.198847
1207.083427 183.389803
1207.325220 183.444353
1207.386368 184.250102
1207.641338 184.259401
1207.518614 184.343476
1207.816254 184.894904
1207.540181 184.980730
1207.792275 185.093503
1207.719998 185.663556
1207.803263 185.921912
1207.869624 186.236045
1207.962642 186.296987
1207.868414 186.626974
1208.176689 187.037412
1208.168015 186.885300
1207.964026 187.283582
1208.146145 187.843512
1208.248904 187.604623
1208.087313 188.058300
1208.210350 188.038929
1208.519366 188.684717
1208.156254 189.022275
1208.456451 188.814326
1208.511666 189.113746
1208.691828 189.688871
1208.583066 189.807602
1208.781074 190.147532
1208.971907 190.315869
1208.735842 190.574708
1208.572423 190.793137
1208.940479 190.864263
1208.870587 191.558930
1209.065843 191.548979
1208.915347 191.823853
1208.981900 192.256573
1209.038545 192.228791
1209.129414 192.461104
1209.308917 192.678800
1209.211908 193.105295
1209.181009 193.451066
1209.304586 193.291301
1209.351485 193.686814
1209.586810 194.161531
1209.315558 194.410885
1209.211986 194.522695
1209.817741 194.721435
1209.371881 195.174989
1209.519643 195.257729
1209.603629 195.735057
1209.897362 195.869168
1209.959601 195.842647
1210.029666 196.364451
1209.757068 196.467356
1209.976151 196.834171
1210.062151 197.393203
1210.095746 197.409915
1210.048637 197.443179
1210.281546 197.713257
1210.208843 197.982831
1210.370275 198.247243
1210.198266 198.477509
1210.409866 198.884709
1210.716559 198.871086
1210.331793 199.306821
1210.481006 199.534668
1210.825775 200.087051
1210.521149 199.952433
1210.405514 200.209552
1210.867244 200.461841
1210.785168 200.528834
1210.647334 200.997519
1210.669870 201.311284
1211.008980 201.409723
1211.204241 201.835031
1211.142311 202.184193
1211.076759 202.494350
1211.054061 202.613101
1211.112175 202.721698
1211.517674 202.800453
1211.304771 203.499424
1211.237925 203.604583
1211.341287 203.992301
1211.464376 204.107914
1211.397661 204.586890
1211.480372 204.625258
1211.431150 204.908505
1211.739087 205.283977
1211.467120 205.334291
1211.524638 205.741488
1211.710563 205.895105
1211.549425 206.141822
1211.838898 206.577732
1211.789134 206.727083
1211.965943 207.086210
1211.860606 207.334582
1211.917347 207.343726
1211.909349 207.749697
1212.089458 207.873610
1212.046587 208.138169
1212.440877 208.581569
1212.449595 208.534776
1212.261906 208.885228
1212.329123 209.074301
1212.630784 209.528063
1212.362978 209.925747
1212.443248 209.887816
1212.472268 210.129769
1212.567410 210.391400
1212.571718 210.681929
1212.578037 211.167420
1212.843514 211.414243
1212.755880 211.526753
1212.820381 212.216061
1213.137095 212.070613
1213.034469 212.146172
1212.916102 212.446921
1212.909892 212.701902
1213.070027 213.135778
1212.909663 213.639531
1213.426037 213.546141
1213.156330 213.800512
1213.379447 214.047196
1213.417178 214.461974
1213.093212 214.473216
1213.395313 215.040061
1213.322325 215.224795
1213.242792 215.123361
1213.464463 215.756969
1213.642138 215.977490
1213.336805 216.335069
1213.526959 216.383835
1213.779011 216.708060
1213.641256 216.771338
1213.724520 217.000366
1213.457344 217.212086
1213.966591 217.755953
1213.818351 218.099561
1213.868939 218.046740
1214.076562 218.574207
1213.983262 218.531597
1214.250174 219.192349
1214.262992 219.248782
1214.114912 219.567398
1214.193587 219.771725
1214.361437 219.818991
1214.316301 220.468466
1214.170103 220.582195
1214.352508 220.858385
1214.373183 220.856474
1214.437630 221.469650
1214.617611 221.522841
1214.530552 221.866249
1214.466156 222.352911
1214.532226 222.296774
1214.400382 222.645180
1215.041656 222.744281
1214.879325 223.214651
1214.717759 223.356370
1214.732931 223.801986
1214.951487 224.202210
1214.873118 224.297409
1214.916319 224.552746
1214.590767 224.716888
1215.350099 224.942539
1215.218857 225.123315
1215.330123 225.338345
1215.127149 225.588069
1215.048329 225.937778
1215.635415 226.064632
1215.212851 226.492474
1215.412970 227.086959
1215.587905 227.361007
1215.620599 227.122957
1215.494917 227.765850
1215.667558 227.728139
1215.466436 228.279866
1215.714672 228.581179
1215.821033 228.541417
1215.649134 229.136416
1216.153498 229.088652
1215.823305 229.248894
1216.041119 229.778850
1215.877376 230.087831
1215.917121 230.258558
1216.233942 230.422558
1215.951819 230.548061
1216.172381 230.632525
1216.193470 231.020621
1216.206765 231.552171
1216.463599 231.971849
1216.495997 232.169839
1216.501686 232.349328
1216.276973 232.532712
1216.449017 232.885039
1216.305316 233.072124
1216.691820 233.365757
1216.656451 233.633460
1216.882480 233.709083
1216.872498 234.052744
1216.524061 234.361839
1216.829572 234.653187
1216.800588 234.749848
1216.570328 235.339490
1216.781212 235.518207
1216.933990 235.759485
1216.898092 235.913328
1217.032503 236.086126
1217.193420 236.512723
1217.085514 236.791028
1217.008898 236.898585
1217.131260 237.183619
1217.147899 237.465658
1217.360497 237.571897
1217.419196 237.940444
1217.308530 238.371044
1217.371989 238.908542
1217.466949 239.002582
1217.287374 239.310243
1217.880690 239.435954
1217.679750 239.682868
1217.433902 240.036092
1217.402328 240.164097
1217.700262 240.699050
1217.735999 240.561782
1217.587263 241.003832
1217.897785 241.302753
1217.872713 241.600207
1218.163132 241.745025
1217.667292 242.209089
1218.066558 242.414148
1217.846913 242.597794
1218.104498 242.868669
1218.086687 243.164713
1218.216740 243.391901
1218.172705 243.724399
1218.129870 244.157347
1218.280132 244.156015
1218.648981 244.498349
1218.176136 244.365829
1218.549082 244.900227
1218.092996 245.197230
1218.478309 245.666069
1218.533369 245.660705
1218.505655 246.198249
1218.616602 246.451654
1218.402805 246.442654
1218.668660 246.800978
1218.679477 247.052325
1218.921010 247.475909
1218.956106 247.577636
1218.955609 247.934935
1219.194224 248.397143
1218.896330 248.485280
1218.869211 248.507324
1218.891643 248.758616
1219.030335 249.262823
1219.384098 249.652582
1219.092848 249.668169
1219.112364 250.117341
1219.227556 250.085259
1219.370129 250.718231
1219.399549 250.850661
1219.160870 250.997309
1219.379111 251.146351
1219.420210 251.505056
1219.490710 251.766254
1219.358483 252.101454
1219.409844 252.492903
1219.622129 252.644157
1219.448144 252.733385
1219.778284 253.056083
1220.014847 253.354296
1219.926246 253.471059
1219.855539 253.730911
1219.944161 254.285934
1219.572713 254.279909
1219.745726 254.750811
1219.911208 255.291985
1219.984709 255.315993
1220.123247 255.666480
1220.099329 256.104127
1220.031205 256.099403
1220.001085 256.249080
1220.185209 256.681759
1220.133648 257.039757
1219.977223 257.190376
1220.187408 257.500638
1220.341927 257.800359
1220.355319 258.104979
1220.476101 258.214381
1220.552618 258.379356
1220.674707 258.867761
1220.289983 259.169725
1220.402490 259.354797
1220.904287 259.593143
1220.756663 259.703854
1220.523173 259.990060
1220.799185 260.378657
1221.023058 261.013481
1220.972907 260.943257
1220.844830 261.233154
1220.669982 261.480335
1221.049003 261.961509
1221.154954 262.033729
1220.913679 262.409216
1220.877962 262.578980
1221.044340 262.731655
1220.975750 262.965332
1221.256440 263.477979
1221.236114 263.459801
1221.331473 264.037399
1221.176102 264.092009
1221.572781 264.356961
1221.597368 264.838491
1221.364395 265.118008
1221.483787 265.095587
1221.431671 265.108858
1221.468091 266.033540
1221.669411 265.874488
1221.757626 266.294028
1221.624113 266.361352
1221.889014 266.781879
1221.812192 267.134851
1221.419010 267.333990
1221.824963 267.579772
1222.044799 268.076527
1221.784618 268.203177
1221.969088 268.752870
1222.122784 268.798442
1221.976803 269.144261
1222.268115 269.251013
1222.233738 269.586192
1222.430295 269.457601
1222.371626 270.078029
1222.277139 270.568390
1222.540062 270.589432
1222.308195 271.029946
1222.292226 271.051286
1222.179851 271.426679
1222.294068 271.727861
1222.259259 271.770922
1222.590437 272.130401
1222.399008 272.212705
1222.582362 272.559848
1222.594212 273.232502
1222.686228 273.238041
1222.682416 273.397571
1222.630952 273.940909
1222.837835 274.006231
1222.594838 274.402030
1222.890705 274.613634
1222.918276 275.082052
1222.934624 275.085196
1222.986867 275.547343
1222.830067 275.439934
1223.041950 276.034203
1223.181059 276.369108
1222.955630 276.293914
1223.065551 276.567361
1223.275655 276.981337
1223.537981 277.180365
1223.226599 277.754981
1223.391366 277.520050
1223.514516 278.134613
1223.564732 278.442238
1223.110127 279.071604
1223.166269 278.994089
1223.454411 278.984481
1223.430938 279.520126
1223.622697 279.749160
1223.710471 280.168017
1223.684376 280.470091
1223.587813 280.816677
1223.652338 280.742450
1223.814556 281.077957
1223.516543 281.357306
1223.955909 281.453076
1223.880730 281.836105
1223.870149 282.378819
1223.940437 282.401899
1223.811971 282.719820
1223.931912 283.031335
1223.918476 283.238910
1223.863444 283.486172
1224.176902 283.748568
1224.114640 284.083053
1224.259153 284.252297
1224.204686 284.709914
1224.378224 284.789358
1224.173053 285.190950
1224.148055 285.155999
1224.764699 285.714478
1224.150086 285.839314
1224.542396 286.187151
1224.671066 286.665841
1224.242596 286.764405
1224.478659 286.985596
1224.699575 287.507001
1224.466019 287.716105
1224.711897 288.015541
1224.769333 288.048760
1224.641715 288.593324
1224.688681 288.802273
1224.696452 288.763033
1224.935146 289.067687
1224.888533 289.661952
1224.988150 289.589955
1225.002036 290.193225
1224.876105 290.181009
1224.684780 290.615367
1225.043296 290.922421
1224.966279 291.160437
1225.166071 291.262580
1225.290012 291.677033
1225.148412 291.511099
1225.346368 292.383738
1225.243082 292.545925
1225.369553 292.632097
1225.571900 293.069805
1225.274100 293.560740
1225.180679 293.525904
1225.303068 293.678140
1225.561466 294.065265
1225.420471 294.249674
1225.557042 294.606268
1225.602381 294.858636
1225.652646 295.127046
1225.404556 295.552922
1225.263889 295.869560
1225.873126 295.926062
1225.642969 296.329173
1225.987943 296.609707
1225.666952 296.742399
1225.576988 296.813783
1225.950776 297.285437
1226.013952 297.496287
1225.944522 297.782308
1226.103079 298.124364
1225.971548 298.411457
1226.012353 298.406949
1226.073840 298.688298
1226.136440 299.112695
1226.134470 299.486083
1226.157276 299.759761
1226.309443 300.087504
1226.197703 300.202569
1226.386124 300.373230
1226.521387 300.698806
1226.417307 301.047842
1226.367187 301.423067
1226.571040 301.662064
1226.270475 301.920262
1226.421178 302.334242
1226.790594 302.327265
1226.597229 302.769786
1226.417262 303.240981
1226.731734 303.199639
1226.870546 303.377618
1226.574031 303.743661
1226.718937 303.784501
1226.826224 304.350724
1227.111831 304.756889
1226.737777 304.654177
1226.760810 305.060004
1227.010567 305.620470
1227.073402 305.720450
1227.004631 305.953091
1226.859569 306.312769
1227.036459 306.646770
1227.271147 306.687342
1227.135278 306.877111
1227.284690 307.401963
1227.183057 307.451747
1227.202591 307.807746
1226.993081 308.029943
1227.189495 308.374861
1227.313242 308.477376
1227.496174 309.176766
1227.536916 309.557652
1227.456390 309.452282
1227.464142 309.664473
1227.179559 310.010553
1227.474845 310.223727
1227.713979 310.316156
1227.503948 310.816626
1227.672045 310.966606
1227.520707 311.437524
1227.804663 311.688198
1227.939158 312.006988
1227.823696 312.184838
1227.775886 312.258923
1227.832594 312.934442
1227.850457 313.115707
1228.119090 313.217748
1227.744840 313.728727
1227.997462 313.913679
1227.905712 314.136588
1228.197317 314.322999
1227.918524 314.621265
1228.390040 314.993087
1228.482158 315.041322
1228.231061 315.291644
1228.081473 315.779395
1228.039393 315.863746
1228.374938 316.448769
1228.281731 316.273537
1228.409101 316.801771
1228.487704 317.084657
1228.366150 317.396992
1228.195486 317.523689
1228.529318 317.694251
1228.591734 318.178729
1228.901545 318.462742
1228.533757 318.561598
1228.422973 318.692219
1228.523663 319.107055
1228.756511 319.514599
1228.351210 319.646303
1228.603006 320.051538
1228.770615 320.320526
1228.754948 320.688508
1228.691662 320.795240
1228.866873 321.149342
1229.105350 321.634543
1228.898808 321.636769
1228.953426 322.033534
1228.771743 322.333090
1228.861376 322.460776
1229.156879 322.685709
1228.966729 322.850097
1229.110652 323.394928
1229.084297 323.688157
1229.131249 323.824592
1229.272940 324.196845
1229.172863 324.100091
1229.395968 324.409356
1229.262067 324.978741
1229.125591 325.096802
1229.396061 325.603427
1229.416643 325.911675
1229.213550 326.207151
1229.484446 326.025038
1229.354277 326.450974
1229.422356 326.969020
1229.533322 326.979214
1229.703333 327.340199
1229.605421 327.460423
1229.759774 327.839196
1229.589365 327.984297
1229.341732 328.266741
1229.807122 328.630225
1229.732673 328.783271
1229.625379 329.317999
1229.721935 329.501940
1229.931989 329.585875
1229.868084 330.132107
1229.809149 330.367494
1229.691472 330.362717
1229.709675 330.804618
1230.010630 331.199031
1229.727755 331.075988
1230.062281 331.780114
1230.066040 331.596596
1229.970046 332.285614
1230.012059 332.413168
1230.291676 332.960949
1230.368151 332.719946
1230.163884 333.543953
1230.365642 333.585920
1230.364296 333.630156
1230.300224 333.898727
1230.246872 334.542986
1230.483259 334.888368
1230.264501 334.920869
1230.422275 335.335169
1230.338125 335.276138
1230.354560 335.768385
1230.431956 335.858873
1230.683260 335.817079
1230.518328 336.629892
1230.441353 336.814839
1230.954534 337.213635
1230.564241 337.068988
1230.727795 337.696455
1230.846927 338.135275
1230.507355 338.021587
1230.522722 338.200994
1230.603173 338.604862
1230.860490 338.972597
1230.731483 338.824248
1230.858349 339.633865
1230.952230 339.811767
1230.766594 340.016611
1231.067714 340.306098
1230.972754 340.312823
1230.869996 340.774812
1231.192934 340.838237
1230.848483 341.476017
1231.054347 341.510820
1231.115763 341.853605
1231.131571 342.194619
1231.304848 342.410436
1231.169171 342.630548
1231.664592 342.923837
1231.054381 343.367824
1231.453995 343.520951
1231.338938 343.886246
1231.600792 344.242555
1231.399487 344.244264
1231.544346 344.254874
1231.625090 344.958460
1231.368549 344.993998
1231.456499 345.313390
1231.557179 345.518612
1231.846162 345.824722
1231.576839 346.039934
1231.633965 346.320247
1231.717148 346.547188
1232.033711 346.949998
1231.872465 347.149505
1231.819715 347.434312
1231.890201 347.653960
1231.971995 347.961879
1231.778409 348.262702
1231.805007 348.656573
1231.901230 348.827721
1232.009696 348.807284
1232.028537 349.595152
1232.133945 349.529047
1232.089483 349.907819
1232.120781 350.041917
1232.183378 350.287865
1232.287791 350.726832
1232.259979 350.904276
1232.220335 351.101799
1232.294207 351.336752
1232.470016 351.755543
1232.168222 351.939075
1232.483651 352.505331
1232.062843 352.558733
1232.411615 352.704218
1232.343425 353.128556
1232.416615 353.850375
1232.450949 353.442177
1232.522126 353.814399
1232.604229 354.110266
1232.786829 354.163737
1232.514759 354.711610
1232.461721 355.078397
1233.002716 354.908135
1232.363600 355.618738
1232.442039 355.749891
1232.875683 355.831933
1233.148731 356.153742
1232.821170 356.786774
1233.118136 356.653972
1232.939181 356.985044
1233.141476 357.322769
1233.060180 357.798724
1232.727590 357.751955
1232.920264 357.997020
1233.106263 358.518492
1233.035797 358.684056
1232.953476 358.831313
1233.303896 359.123775
1233.104801 359.875696
1233.230112 359.878767
1233.190705 359.977635
1233.439801 360.509879
1233.107344 360.635210
1233.122461 360.824241
1232.695011 361.158698
1232.894113 361.524664
1233.490075 361.482287
1233.311928 361.660223
1233.528528 362.241741
1233.421887 362.278447
1233.230444 362.819505
1233.317347 363.509247
1233.324174 363.257087
1233.514464 363.451500
1233.518502 363.909715
1233.475874 363.876251
1233.590826 364.102926
1233.848084 364.757281
1233.771164 364.665021
1233.791243 365.170139
1233.734182 365.383799
1233.466590 365.233781
1233.670596 365.795785
1233.758432 366.265800
1233.901279 366.332890
1233.625315 366.785951
1233.771718 367.025070
1233.992725 367.121782
1233.822297 367.254969
1233.950367 367.717920
1233.981535 367.902706
1233.975428 368.007528
1234.329599 368.554191
1234.044933 368.796120
1234.104141 369.258871
1234.258603 369.166892
1234.236319 369.598359
1234.255855 369.601420
1234.317894 369.864026
1234.130562 370.451539
1234.398169 370.585220
1234.413589 370.874661
1234.250869 371.044476
1234.205870 371.242387
1234.329226 371.517691
1234.314196 371.882999
1234.453226 372.277822
1234.707674 372.399534
1234.635722 372.627821
1234.446123 372.854386
1234.630613 373.169734
1234.609402 373.495875
1234.545377 373.859356
1234.734454 374.126641
1234.754634 374.014637
1234.693403 374.224028
1234.587993 374.771119
1234.659962 375.205931
1234.648300 375.413391
1234.806505 375.609253
1234.790118 375.646360
1234.856688 376.127497
1234.949003 376.372367
1234.928497 376.640694
1234.776062 377.020369
1234.979486 377.059961
1235.037382 377.510154
1235.174900 377.615583
1235.226331 377.629480
1234.894465 378.180217
1235.235899 378.797384
1234.912865 378.673446
1235.205771 378.930853
1235.116147 379.289420
1235.097701 379.425426
1235.123496 379.913532
1234.978287 380.084582
1235.042015 380.186769
1235.234257 380.445304
1235.375566 380.765573
1235.416429 381.022296
1235.332271 381.410709
1235.550166 381.602072
1235.494471 382.126208
1235.435955 382.447149
1235.434477 382.400340
1235.925915 382.859071
1235.437290 382.968328
1235.579900 383.300060
1235.579661 383.297982
1235.568338 383.653835
1235.756799 384.156147
1235.866253 384.099645
1235.672749 384.763840
1235.851889 384.911095
1235.698290 385.316899
1235.512019 385.346334
1235.352694 385.502949
1235.916475 385.791122
1235.790084 385.964339
1235.837797 386.251653
1235.762243 386.525491
1235.928508 386.639150
1236.084712 386.936655
1235.956126 387.603173
1236.156077 387.545437
1236.027687 387.566681
1235.991550 387.883168
1236.110602 388.438924
1236.017501 388.684591
1236.107000 388.698275
1236.152327 389.161881
1236.231258 389.312882
1235.983156 389.625854
1236.295885 389.840485
1235.972236 389.822782
1236.326107 390.473612
1236.381962 390.722859
1236.294785 390.937720
1236.517900 391.221713
1236.339752 391.256368
1236.484576 391.660353
1236.636997 391.975077
1236.310936 392.441769
1236.412170 392.303364
1236.551569 392.590576
1236.595169 393.057388
1236.613612 393.360182
1236.691995 393.614335
1236.466781 393.872507
1236.681948 394.076128
1236.567844 394.255108
1236.770286 394.545570
1236.527350 394.906149
1236.597730 395.148343
1236.639515 395.347742
1236.653855 395.385593
1236.499656 395.743929
1236.728251 396.174763
1236.560048 396.450849
1236.646119 396.441032
1236.896461 396.776522
1237.092593 397.007942
1236.684432 397.234919
1236.716798 397.852396
1237.036599 398.006924
1237.248123 398.310328
1237.014067 398.284761
1237.180347 398.657239
1237.001664 398.643745
1237.099910 399.047289
1236.818424 399.468972
1237.072582 399.702492
1237.579442 400.022875
1236.980249 400.014121
1237.099943 400.798358
1237.009370 400.622694
1237.243417 401.051319
1237.279473 401.281873
1237.078548 401.696341
1237.280939 401.563670
1237.239134 402.243705
1237.434680 402.316326
1237.430554 402.681499
1237.500682 402.864059
1237.393117 402.601862
1237.605654 403.204074
1237.580996 403.585445
1237.610375 403.847115
1237.644076 403.933963
1237.712007 404.073903
1237.464789 404.556502
1237.478601 404.909337
1237.776002 405.066989
1237.471156 405.304683
1237.543722 405.921311
1237.572188 405.800459
1237.510395 405.815938
1237.883600 406.133897
1237.604272 406.607015
1237.493808 406.694175
1237.898614 407.148222
1237.722330 407.395983
1237.807954 407.656392
1237.675237 408.084095
1237.856227 408.136821
1237.729843 408.406145
1238.074375 408.718434
1238.022017 409.122710
1237.914788 409.124717
1238.039897 409.541501
1237.912780 409.475052
1238.093915 409.723007
1237.872669 410.498864
1238.280061 410.125117
1238.168673 410.578388
1238.402012 410.720753
1238.334505 410.859383
1238.253749 411.353654
1238.367515 411.487699
1238.262567 411.842484
1238.387115 412.216710
1238.343275 412.355219
1238.345784 412.406721
1238.263784 412.826802
1238.417452 413.269817
1238.431841 413.445110
1238.596676 413.483216
1238.393735 413.683476
1238.588641 414.151323
1238.741366 414.305608
1238.662765 414.760816
1238.685415 414.669859
1238.866608 415.069888
1238.395848 415.143480
1238.470504 415.713223
1238.640503 415.712382
1238.619692 416.066825
1239.016784 416.490196
1238.981870 416.775879
1238.684096 417.061712
1238.647385 417.122083
1238.595061 417.415759
1238.596198 417.790809
1238.726160 417.748425
1238.788018 417.868916
1238.877624 418.157697
1239.028020 418.945110
1238.994681 418.836244
1238.850938 419.298045
1239.037793 419.338692
1238.974466 419.756681
1239.024358 419.693503
1239.052391 419.947382
1239.051872 420.522488
1239.028854 420.683611
1239.311530 421.023337
1238.985513 421.080589
1239.436770 421.544377
1239.140625 421.723864
1239.296404 421.841576
1239.077718 422.219643
1239.102511 422.264413
1239.273046 422.412982
1239.428552 422.567755
1239.417516 423.314499
1239.336213 423.059208
1239.315165 423.704028
1239.279694 423.606244
1239.225464 423.964698
1239.291211 424.442195
1239.297973 424.466893
1239.150406 424.852621
1239.149565 424.879314
1239.608624 425.096044
1239.582081 425.664174
1239.689854 425.943634
1239.803071 426.359341
1239.525235 426.417561
1239.751992 426.333130
1239.583725 426.604952
1239.801067 426.965529
1239.891164 427.240542
1239.435057 427.460527
1239.467781 427.715881
1239.582477 427.975158
1239.713365 427.993184
1239.879788 428.531487
1239.621308 428.631508
1239.775246 429.175927
1240.048183 429.185984
1239.857140 429.404571
1239.862658 429.569164
1239.815876 429.985654
1239.680607 429.905264
1240.157029 430.498114
1239.811433 430.717920
1239.929275 430.883063
1239.943476 431.002999
1240.075384 431.260883
1240.128293 431.538264
1240.437813 431.800442
1240.273688 431.975720
1239.919661 432.274789
1239.954098 432.547188
1240.273885 432.612037
1240.385089 433.126353
1240.198542 433.318611
1240.482584 433.632790
1240.382391 434.076674
1240.183081 433.894194
1240.200129 434.392092
1240.267797 434.672278
1240.285416 434.891086
1240.150018 434.910749
1240.613846 435.338467
1240.211137 435.589302
1240.531154 435.309650
1240.632318 436.015290
1240.592526 436.241332
1240.663790 436.414392
1240.422254 436.730901
1240.589867 437.038846
1240.761289 436.950962
1240.471479 437.836481
1240.467604 437.327798
1240.415572 438.029693
1240.731314 438.252337
1240.372827 438.370863
1240.817625 438.597558
1240.515464 438.933331
1240.803973 439.230493
1240.794142 439.453026
1240.856459 439.542538
1240.916626 439.789066
1240.969731 440.017513
1240.731268 440.111223
1240.750612 440.553264
1241.091751 440.639406
1241.080039 441.224417
1240.939098 441.082995
1240.891107 441.509817
1240.948509 441.724942
1240.928360 441.786447
1240.906599 442.150316
1240.853277 442.487005
1240.885273 442.526774
1241.136644 443.093172
1241.232306 443.124432
1241.534139 443.235035
1240.983571 443.543180
1241.132233 444.027351
1241.483840 443.842775
1241.047393 444.243665
1241.124222 444.438897
1241.315026 444.515019
1241.248815 444.893233
1241.269831 445.203962
1241.306271 445.388643
1241.116339 445.868972
1241.345397 446.455745
1241.433961 446.265303
1241.378822 446.325454
1241.726614 446.685610
1241.355107 447.004440
1241.313600 447.319591
1241.409942 447.102089
1241.342936 447.657095
1241.890438 447.909272
1241.529700 447.869581
1241.486217 448.272712
1241.473882 448.384002
1241.527232 448.979543
1241.322159 449.292949
1241.422331 449.402594
1241.725954 449.486115
1241.573186 449.835348
1241.592396 449.738107
1241.741040 450.368330
1241.783330 450.425213
1241.654816 450.646428
1241.915989 450.882474
1241.679404 451.231116
1241.850016 451.683265
1241.946737 451.649757
1241.643199 451.643174
1241.493690 452.373241
1241.885055 452.341914
1241.841584 452.465060
1242.129107 453.049133
1241.952931 452.962380
1241.895418 453.107815
1242.147916 453.535725
1242.265992 453.421695
1242.126472 453.665507
1242.158974 454.210102
1242.120210 454.359008
1242.141355 454.838030
1242.129703 454.543901
1242.236573 455.417095
1242.107377 455.072479
1242.370963 455.541334
1242.065904 455.692734
1242.380390 456.295880
1242.412430 456.072819
1242.075614 456.357248
1242.102993 456.654352
1242.226021 456.938325
1242.182285 457.296154
1242.096202 457.255558
1241.906158 457.685673
1242.239948 457.527926
1242.186259 458.242495
1242.517382 458.244693
1242.389123 458.438008
1242.510977 458.603783
1242.530253 459.009723
1242.479816 459.473055
1242.542264 459.349263
1242.638229 459.798570
1242.627568 460.156062
1242.476911 460.165833
1242.573833 460.603844
1242.661853 460.475939
1242.503043 460.938031
1242.545734 460.800764
1242.834563 461.248159
1242.769028 461.671186
1242.521289 461.882062
1242.616337 462.061391
1242.867528 462.245596
1242.891254 462.378847
1242.686475 462.584497
1242.814511 462.982649
1242.977436 462.912604
1242.749171 463.448262
1243.287399 463.589738
1242.850286 463.748692
1242.756643 463.745260
1242.614011 464.104181
1243.074965 464.726015
1242.983740 464.506618
1243.143858 465.096681
1242.807444 465.059992
1242.776211 465.539161
1242.826709 465.800506
1242.963456 465.659548
1243.202388 465.931350
1242.926929 465.957722
1242.941585 466.433116
1243.056163 466.537225
1243.052213 466.902180
1243.084431 467.092319
1243.560357 467.347668
1243.558124 467.543362
1243.203889 467.721605
1242.894536 467.890468
1243.098012 468.232070
1243.137948 468.761305
1243.267154 468.684478
1243.223938 468.709974
1243.248277 468.993296
1243.352606 469.322050
1243.521129 469.434759
1243.316028 469.621843
1243.177006 469.833211
1243.409195 470.381624
1243.530177 470.475637
1243.205226 470.596011
1243.325965 470.819805
1243.546968 471.225606
1243.415726 471.196016
1243.363305 471.834569
1243.580377 472.021720
1243.339762 472.053340
1243.499520 472.244353
1243.797246 472.347076
1243.683873 472.556677
1243.799334 472.670276
1243.745740 473.017314
1243.941031 473.504954
1243.649693 473.577111
1243.620104 473.726577
1243.873483 473.819383
1243.728195 474.279359
1243.737996 474.451543
1243.780590 474.576937
1243.826394 474.798903
1243.587143 475.065402
1244.021331 475.268997
1244.033791 475.353393
1243.920609 475.725815
1243.785742 476.048857
1243.535647 476.232780
1243.922919 476.338970
1243.722712 476.490493
1243.952530 476.824454
1243.850211 476.916592
1243.897479 477.581945
1244.056749 477.563690
1244.102167 477.775122
1243.938524 477.810049
1243.973558 478.089004
1244.108935 478.037853
1244.006499 478.659885
1244.101055 478.751580
1244.328470 479.047689
1243.816166 479.040336
1244.181457 479.602874
1244.102951 479.463443
1244.339275 479.711063
1244.172810 479.942073
1244.108924 480.215604
1244.186967 480.417904
1244.276231 480.572579
1244.354218 480.950962
1244.213426 481.085692
1244.417724 481.224829
1244.518665 481.307653
1244.633083 481.572909
1244.508668 481.749046
1244.302584 482.251347
1244.319228 482.065384
1244.523833 482.770254
1244.514845 482.703306
1244.576956 482.624379
1244.523882 483.186814
1244.496471 483.616327
1244.435140 483.643306
1244.472432 483.760223
1244.521746 484.183483
1244.516512 484.166988
1244.754410 484.373843
1244.816279 484.795962
1244.727592 484.798826
1244.834286 485.213903
1244.721926 485.580211
1245.126112 485.620815
1244.660432 485.749215
1244.586194 486.088639
1244.891133 486.005577
1244.928814 486.270716
1244.990309 486.413554
1244.654133 486.681445
1244.947950 486.938867
1244.970202 487.363639
1244.619507 487.169530
1244.724657 487.533547
1244.944060 487.639095
1244.736264 488.018955
1244.721816 488.102719
1245.085275 487.972763
1244.657550 488.677676
1245.025266 489.006816
1244.936524 489.034194
1244.943992 489.080060
1245.078685 489.587159
1245.067391 489.655718
1244.916963 489.838867
1244.856003 490.046426
1245.518186 490.074887
1245.229201 490.211969
1245.134349 490.545320
1245.421701 490.859570
1245.141299 491.098647
1244.944477 491.487692
1245.445682 491.330285
1245.514332 491.638630
1245.278998 491.862036
1245.206138 492.130915
1245.477418 492.629254
1245.273096 492.547032
1245.223531 492.688186
1245.358529 492.923584
1245.234486 492.954943
1245.402009 493.154690
1245.552169 493.629498
1245.365440 493.897548
1245.669275 493.602148
1245.637534 494.067857
1245.465121 494.534668
1245.295285 494.447423
1245.292951 494.571857
1245.344170 494.856279
1245.795375 495.105870
1245.532134 495.497258
1245.547642 495.285120
1245.526864 495.480703
1245.480734 496.120100
1245.549609 496.313699
1245.792972 496.477077
1245.944596 496.272310
1245.874994 496.769598
1245.720664 496.903838
1245.833461 497.182788
1245.962743 497.391866
1245.731757 497.550925
1245.850608 497.783993
1245.733565 498.003620
1245.802265 498.141166
1246.010378 498.256396
1246.202511 498.406132
1245.919917 498.917242
1246.007305 498.686248
1246.241222 499.389163
1245.926748 499.227861
1246.104958 499.601889
1245.965357 499.714562
1246.166482 499.760240
1245.753039 499.993015
1245.846730 500.270226
1246.233348 500.540325
1245.991022 500.534907
1246.236565 500.870943
1246.262741 501.015479
1246.230746 501.398446
1246.179735 501.622935
1246.069963 501.808686
1246.322956 501.802700
1245.942687 502.318916
1246.051022 502.196733
1246.232503 502.787637
1246.267746 502.529898
1246.302585 502.722621
1246.264182 502.824656
1246.419408 503.121633
1246.229486 503.308506
1246.364887 503.623119
1246.207726 504.060302
1246.355444 503.788930
1246.359409 504.011129
1246.576237 504.422632
1246.352046 504.705463
1246.328267 504.811021
1246.319197 504.982044
1246.352457 505.292860
1246.586381 505.501557
1246.699385 505.838300
1246.634532 505.749836
1246.348159 506.121626
1246.513514 505.769172
1246.526766 506.416853
1246.559873 506.515337
1246.522353 506.552535
1246.583621 506.815380
1246.552728 507.192119
1246.530344 507.370932
1246.680913 507.574413
1246.637908 507.487081
1246.674728 507.794095
1246.990086 508.093532
1246.669547 508.318971
1246.932549 508.338860
1246.905170 508.747878
1247.088034 508.820319
1246.597935 508.866943
1246.952387 509.087053
1246.736334 509.260430
1246.862120 509.688897
1246.737030 509.904582
1247.109841 509.732622
1247.222864 509.976973
1246.956009 510.493701
1246.964502 510.566125
1246.934178 510.730214
1247.045799 510.959642
1247.034495 510.692251
1247.041437 511.233496
1247.009947 511.286163
1247.274903 511.681431
1246.995597 511.972322
1247.123103 512.060981
1246.919653 511.938660
1246.947923 512.148697
1247.033589 512.571877
1246.941809 512.529757
1247.144735 512.759471
1247.254414 513.376611
1247.186277 513.215016
1247.118845 513.135871
1247.178651 513.312225
1247.008267 513.726845
1247.170730 513.978808
1247.226538 514.275605
1247.238891 514.207378
1247.308190 514.476186
1247.011183 514.533613
1247.388311 515.059733
1247.561727 515.088412
1247.686536 515.191197
1247.768478 515.362213
1247.471899 515.578487
1247.514491 515.729304
1247.358806 515.888122
1247.282468 516.022208
1247.343947 516.295109
1247.588877 516.587111
1247.502883 516.852771
1247.674462 516.875053
1247.557216 517.145440
1247.472367 517.366050
1247.686884 517.527048
1247.447251 517.596515
1247.625641 517.687609
1247.642709 517.642127
1247.540186 518.272714
1247.659115 518.112955
1247.637240 518.603114
1247.749405 518.679921
1247.551030 518.775721
1247.747473 518.948946
1247.927601 519.076427
1247.880033 519.450019
1247.433258 519.563113
1247.916256 519.758913
1247.548791 520.149630
1248.078951 520.224917
1247.869087 520.097975
1247.972814 520.354462
1247.949700 520.516320
1247.974655 520.846093
1247.887539 521.356204
1247.859033 520.976882
1247.812493 521.162240
1248.028820 521.250002
1247.884273 522.089197
1247.989112 522.056252
1248.158154 521.783040
1248.111414 522.253688
1248.028041 522.191873
1248.259159 522.587016
1247.923989 522.719422
1248.194978 522.890401
1248.021565 523.021651
1248.135151 523.372831
1248.107516 523.475775
1248.387625 523.403995
1248.176721 523.730752
1248.237244 523.796202
1248.156836 523.967709
1248.213167 524.508637
1248.214195 524.691629
1248.193897 524.627536
1248.208132 524.865648
1248.235308 525.060378
1248.399782 525.160162
1248.396401 525.133880
1248.384836 525.501709
1248.017457 525.544929
1248.473331 525.680839
1248.415465 525.966428
1248.354335 526.022855
1248.695104 526.586474
1248.393548 526.527535
1248.446523 526.634945
1248.327432 526.909390
1248.381311 526.832144
1248.467486 527.440710
1248.734899 527.196576
1248.389647 527.535992
1248.619263 527.718379
1248.498987 528.022358
1248.679527 528.164148
1248.261450 528.164997
1248.617233 528.193773
1248.572245 528.521381
1248.663530 528.725583
1248.540736 528.892645
1248.832422 528.889844
1248.631871 529.435050
1248.636716 529.453513
1248.667755 529.461187
1248.678355 529.536662
1248.480716 530.057092
1248.688541 529.830908
1248.748071 530.342529
1248.949763 530.267922
1248.766665 530.389108
1248.999935 530.682857
1248.698810 531.033332
1249.059168 531.191136
1248.866061 530.794362
1248.828118 531.328689
1249.096097 531.073015
1249.187495 531.596620
1249.002847 531.967356
1249.164946 531.783955
1249.032883 532.168512
1249.079215 532.377228
1249.234333 532.260961
1249.077178 532.627251
1249.049643 532.727073
1249.092581 532.923013
1249.167186 533.258279
1249.141430 533.298271
1248.988770 533.139254
1248.996673 533.249700
1249.195020 533.693557
1249.092086 533.910179
1249.242195 533.916501
1249.057182 534.241462
1249.444920 534.090557
1249.287323 534.653030
1249.155304 534.318349
1249.200033 534.675061
1249.329551 535.013479
1249.270133 535.410776
1249.489301 535.140733
1249.289636 535.398620
1249.254363 535.584828
1249.498863 535.798023
1249.413411 535.856938
1249.305917 536.152519
1249.145787 536.198193
1249.465553 536.500118
1249.609251 536.564655
1249.632026 536.617529
1249.594326 536.813125
1249.703443 537.208949
1249.320443 537.136377
1249.786759 537.540272
1249.635560 537.419440
1249.677733 537.127219
1249.829197 538.045675
1249.424403 537.994281
1249.875944 537.960147
1249.454140 538.523732
1249.703100 538.394776
1249.667535 538.568209
1249.891880 538.446862
1249.850374 538.702249
1249.644287 538.843634
1249.668619 538.816486
1249.942006 539.345216
1249.616375 539.281415
1249.948220 539.914502
1249.660201 539.691970
1249.533511 540.172138
1249.888387 540.208478
1249.878013 539.982292
1250.006403 539.998467
1249.928621 540.501422
1250.074050 540.573627
1249.989235 540.943953
1250.006140 540.909963
1249.942039 541.166706
1250.184548 541.240883
1249.696507 541.141756
1250.058634 541.521902
1250.165494 541.458851
1249.925958 541.904797
1250.077022 541.961200
1250.172018 542.299486
1250.065778 542.370944
1250.253157 542.115413
1249.951779 542.601716
1249.961486 542.650976
1250.209181 542.932230
1249.994476 543.026129
1250.463916 542.901024
1250.357998 543.488359
1250.244962 543.496194
1250.023342 543.628269
1250.386643 543.677896
1250.395144 543.881408
1250.181577 543.798640
1249.955958 544.025287
1250.457926 544.175884
1250.430907 544.344438
1250.241981 544.433231
1250.265490 544.789112
1250.254054 544.759817
1250.565348 545.054447
1250.225972 544.937131
1250.633382 545.662319
1250.455541 545.321312
1250.297763 545.675250
1250.316826 545.684403
1250.257961 546.185361
1250.390949 545.816451
1250.472135 546.461898
1250.372032 546.221702
1250.552220 546.432244
1250.571576 546.304693
1250.804986 546.653309
1250.708750 546.865138
1250.555131 547.001180
1250.608998 547.067282
1250.687196 547.391133
1250.532525 547.296584
1250.678563 547.628111
1250.910535 547.826574
1250.640822 547.628416
1250.742059 548.015461
1250.897821 548.155553
1250.957045 548.328513
1250.902933 548.674958
1250.839258 548.583124
1250.924636 548.496722
1251.119661 548.739571
1250.694307 549.052352
1251.001365 549.472564
1250.893536 549.091679
1250.697152 549.493785
1250.940723 549.515586
1250.987101 549.604093
1250.879558 549.684403
1251.022155 549.879274
1251.136227 550.064032
1250.853355 549.995546
1250.891503 550.557018
1251.045033 550.516802
1251.232565 550.656495
1251.045452 550.631871
1251.380115 550.923108
1251.398128 550.934341
1251.133473 550.910946
1251.179838 550.912042
1251.175722 551.450216
1251.346781 550.946096
1251.098357 551.681027
1251.052824 551.732211
1251.150748 551.924818
1251.266060 552.326621
1251.315909 552.174132
1251.441306 552.146787
1251.300077 552.185491
1251.432191 552.573353
1251.252657 552.755485
1251.438915 552.917748
1251.498699 552.844679
1251.221906 553.057442
1251.502358 553.193683
1251.570938 553.306108
1251.326780 553.389190
1251.562554 553.642934
1251.314897 553.328659
1251.574382 553.627736
1251.558298 553.650735
1251.732860 554.396954
1251.456416 554.305365
1251.719559 554.168830
1251.845037 554.222009
1251.377015 554.397312
1251.393175 554.797323
1251.650877 554.729525
1251.752107 554.883020
1251.703940 555.014216
1251.644244 555.396838
1251.766121 555.364366
1251.734242 555.283761
1251.621939 555.625969
1251.632005 555.705875
1252.041777 555.598819
1251.437269 556.017953
1251.489743 556.077291
1251.774341 556.081736
1251.809631 556.265566
1251.651715 556.499561
1251.705908 556.847715
1251.749828 556.480038
1251.600211 556.798698
1251.895428 556.895143
1252.208232 557.291548
1252.069323 557.214417
1251.986934 557.197151
1252.024699 557.373825
1251.948037 557.448010
1252.050652 557.648275
1252.029759 557.824232
1252.334009 558.039549
1251.891450 557.799687
1252.020117 558.088679
1252.076743 558.328266
1251.968295 558.242132
1252.166916 558.335079
1252.313387 558.589066
1251.990711 558.416424
1252.453970 558.646307
1252.152232 558.980759
1252.147546 559.051792
1252.332474 559.038777
1252.258596 559.177456
1252.219611 559.445023
1252.325607 559.412520
1252.279735 559.510437
1252.517254 559.660077
1252.462565 559.594667
1252.310971 560.490953
1252.288610 560.176723
1252.228933 560.275465
1252.334260 560.539672
1252.455691 560.491721
1252.525564 560.339817
1252.668079 560.442394
1252.481253 560.788279
1252.753622 561.020829
1252.470088 561.022646
1252.126789 561.042448
1252.393998 561.117481
1252.429655 561.211267
1252.613077 561.518790
1252.502368 561.394035
1252.749652 561.875165
1252.433838 561.759816
1252.493425 562.092315
1252.662473 562.337642
1252.643565 561.967741
1252.664359 562.176854
1252.805402 562.334624
1252.723046 562.353176
1252.671857 562.428801
1253.068237 562.592386
1252.827905 562.808559
1252.661828 562.661299
1252.765079 562.695802
1252.624398 562.881676
1252.986011 563.189456
1252.642387 563.151712
1252.725312 563.248893
1252.659609 563.392863
1252.770766 563.829588
1253.076232 563.774937
1252.923162 563.710861
1253.000236 563.930266
1252.848155 563.841290
1253.172671 564.091368
1252.694851 564.261612
1253.004276 564.464080
1253.088266 564.881740
1253.173190 564.296101
1252.891643 564.690732
1253.033451 564.739781
1252.991839 564.715166
1252.916959 565.190615
1253.043582 565.159049
1252.987763 564.928847
1252.852930 565.310840
1253.576963 565.512474
1253.213470 565.385108
1253.529776 565.625592
1253.318319 565.777671
1253.078901 565.907549
1253.048434 565.961392
1253.258764 565.851894
1253.163962 566.040781
1253.387146 565.850249
1253.457269 566.322635
1253.414250 566.353550
1253.462881 566.542758
1253.353466 566.445584
1253.238656 566.687891
1253.491570 567.088108
1253.174467 566.695879
1253.403404 567.142749
1253.414920 567.038320
1253.407502 567.283138
1253.584020 567.061678
1253.697850 567.280484
1253.659760 567.415489
1253.532190 567.395277
1253.721557 567.541973
1253.393629 567.755717
1253.575823 567.645848
1253.401665 568.126442
1253.694997 568.096500
1253.916979 568.081965
1253.472263 568.295251
1253.435734 568.156199
1253.865923 568.661341
1253.775839 568.624562
1253.850436 568.690046
1253.669652 568.725509
1253.997649 568.815343
1253.876012 568.748140
1253.662187 569.207945
1253.677746 569.159486
1253.750442 568.968269
1253.967317 569.245856
1253.970521 569.614922
1253.653893 569.464967
1253.944546 569.645066
1253.860224 569.554619
1253.826724 569.741351
1254.016905 569.787195
1254.166788 569.769401
1254.107757 570.014339
1254.207627 570.139380
1254.121207 570.114919
1253.923835 570.405675
1254.279262 570.458639
1254.048673 570.586892
1254.317062 570.510977
1254.196697 570.628706
1254.390880 570.651290
1254.195659 571.106290
1253.961255 570.641220
1254.313881 570.833515
1254.018897 571.294799
1254.150127 570.996279
1253.931722 570.996215
1254.137807 571.235360
1254.228058 571.331361
1254.339125 571.693934
1254.206263 571.617045
1254.313641 571.604351
1254.598435 571.693087
1254.539700 571.927975
1254.492050 571.993638
1254.647845 572.198448
1254.609741 572.192585
1254.466167 572.190076
1254.380651 572.389916
1254.470879 572.300406
1254.587839 572.315958
1254.171387 572.338044
1254.655273 572.355024
1254.463678 572.377789
1254.594328 572.829957
1254.560343 572.745393
1254.792225 572.664365
1254.362045 572.908739
1254.495083 573.063367
1254.565973 572.903592
1254.900170 573.337285
1254.696428 573.128550
1254.771925 573.676669
1254.850215 573.588594
1255.137575 573.522001
1254.600725 573.580822
1254.597687 573.700188
1254.837667 573.893064
1254.960673 573.865195
1255.001226 573.892574
1254.977076 574.201234
1254.650202 574.090189
1254.912572 574.092493
1254.957717 574.294430
1254.949486 574.681318
1254.998304 574.311941
1254.904698 574.310949
1255.026334 574.306608
1254.886003 574.620977
1254.719690 574.390934
1254.790453 574.890418
1255.045127 574.947652
1255.071197 575.047051
1255.177565 575.062828
1255.080533 575.184969
1255.179275 575.059210
1255.415853 575.298988
1255.163472 575.297015
1255.115043 575.486240
1255.045719 575.631289
1255.119017 575.529074
1255.249331 575.717723
1255.197452 575.457606
1255.258768 575.713895
1255.181821 575.787924
1255.225481 575.802200
1255.358419 575.959609
1255.544448 575.930103
1255.172472 576.064969
1255.201255 576.069448
1255.448160 576.361111
1255.257627 576.324421
1254.960345 576.484911
1255.321609 576.506740
1255.325686 576.782785
1255.569170 576.553731
1255.740581 576.709624
1255.392278 576.829525
1255.566146 576.758178
1255.722118 576.711220
1255.636078 577.243219
1255.744467 577.098493
1255.835994 577.039969
1255.435108 576.602701
1255.834453 577.178383
1255.597882 577.348141
1255.527186 577.225438
1255.647031 577.103999
1255.706076 577.504886
1255.517441 577.534422
1255.763865 577.579300
1255.926828 577.591226
1255.711200 577.634957
1255.565009 577.914923
1255.548743 577.687985
1255.934725 577.825962
1256.013594 577.875990
1255.953926 578.049602
1255.970378 578.142792
1255.859121 578.552039
1255.891160 578.332790
1255.623634 578.148139
1255.971641 578.476657
1256.016998 578.267906
1256.043495 578.097571
1256.121203 578.347678
1255.933727 578.493468
1256.173494 578.543611
1256.216937 578.614424
1256.044220 578.696480
1256.288347 578.410063
1256.340747 578.735778
1256.287023 578.961764
1255.960234 578.924001
1255.960077 578.869855
1256.048892 579.481997
1256.081525 579.468251
1256.056311 579.175886
1256.270089 579.012911
1256.392609 579.183058
1256.411330 579.058468
1256.309629 579.578498
1256.230821 579.710000
1256.605676 579.556366
1256.326757 579.357243
1256.469209 579.522506
1256.387985 579.815407
1256.547675 579.755479
1256.643045 579.736729
1256.804570 579.656377
1256.788968 579.777749
1256.429930 579.857349
1256.563521 579.929305
1256.461160 580.062144
1256.676773 580.251653
1256.453750 580.204577
1256.583996 580.029806
1257.034191 580.400226
1256.921928 580.493828
1256.700203 580.363920
1256.776508 580.361086
1256.664597 580.475553
1256.697277 580.540037
1256.839913 580.662007
1256.837035 580.298976
1256.659491 580.851298
1256.841245 580.761892
1256.933961 580.840493
1257.066646 580.891348
1256.846738 581.047739
1256.764486 580.851116
1256.922079 580.881204
1257.176211 580.995131
1256.843516 581.211818
1257.419775 581.201018
1256.772337 581.126197
1257.081193 581.121539
1257.112345 581.405621
1257.386380 581.474989
1256.815634 581.331888
1256.865897 581.273797
1257.232864 581.561217
1257.252514 581.789465
1257.159425 581.413470
1257.237108 581.797129
1257.368219 581.726905
1257.087686 581.786968
1257.307886 581.747231
1257.200722 581.801415
1257.470049 581.562878
1257.414899 581.935982
1257.419517 581.971919
1257.238686 582.307082
1257.059907 582.012203
1257.307642 581.882294
1257.450054 582.308170
1257.456060 581.917580
1257.277188 581.856269
1257.426663 582.105792
1257.434626 582.430832
1257.408787 582.302061
1257.220612 582.605607
1257.635435 582.456133
1257.616224 582.332352
1257.427797 582.361156
1257.564149 582.252682
1257.370747 582.348366
1257.587447 582.672694
1257.783169 582.514211
1257.753892 582.911350
1257.706327 582.682660
1257.701210 582.586697
1257.613719 582.756708
1257.919118 582.684683
1257.694906 582.974085
1257.681699 582.569142
1257.874861 583.037904
1257.784542 582.775756
1257.593175 582.835711
1257.796946 583.261275
1258.169143 582.953917
1257.751445 582.988423
1258.035779 582.954762
1257.855408 583.241417
1257.937970 582.959813
1258.032765 583.114369
1258.159403 583.176784
1257.908825 583.148043
1257.990716 583.008884
1257.996390 583.310769
1258.286836 583.275375
1257.845132 583.402739
1258.006383 583.252223
1258.201192 583.156495
1258.025463 583.484129
1258.015964 583.469609
1258.152860 583.609167
1258.238379 583.599220
1258.131459 583.566156
1258.356532 583.746761
1258.093555 583.695800
1258.322282 583.521187
1258.234684 583.556647
1258.499793 583.799771
1258.154357 583.647627
1258.418097 583.726914
1258.408983 583.743292
1258.195978 583.735569
1258.448525 584.021542
1258.544649 583.757261
1258.472979 583.903770
1258.511815 583.790224
1258.571902 583.863959
1258.666995 584.133102
1258.621507 583.884324
1258.611511 583.780601
1258.549239 583.848896
1258.661938 583.950944
1258.734561 584.150278
1258.605012 584.297608
1258.980308 584.089469
1258.793394 584.179166
1258.593646 584.335474
1258.922544 583.933198
1259.107830 584.385683
1259.005956 584.266256
1258.730785 584.160087
1258.909777 584.288582
1258.775162 584.546401
1258.888013 584.132224
1258.954607 584.286099
1258.910700 584.323897
1258.738477 584.553020
1258.555449 584.458876
1258.915783 584.703588
1258.946959 584.610554
1258.868243 584.685103
1258.651591 584.572481
1259.233937 584.447905
1259.115566 584.821894
1258.919617 584.194677
1259.413346 584.590631
1258.805711 585.121784
1259.426983 584.397831
1259.194159 584.410337
1259.355471 584.942274
1259.012222 584.700934
1259.144307 584.432889
1259.041849 584.728543
1259.110604 584.439708
1258.913544 584.732309
1258.865095 584.585460
1259.481642 584.505359
1259.320192 584.555517
1259.224731 584.852230
1259.414875 585.137616
1259.473234 584.637345
1259.447329 584.729775
1259.224375 584.886185
1259.402091 585.024182
1259.325854 584.660890
1259.772565 584.808966
1259.479651 585.108278
1259.917191 585.004064
1259.452576 584.814597
1259.706620 585.000862
1259.315138 584.968214
1259.457769 584.974500
1259.769844 585.080609
1259.571381 585.015582
1259.900348 584.958990
1259.444889 585.205085
1259.622265 585.041666
1259.904909 584.810226
1259.831658 584.869246
1259.826583 585.043384
1259.784953 585.052545
1259.698300 585.097241
1260.067212 585.108465
1259.925670 585.074071
1259.901054 585.014591
1260.034013 585.088355
1260.034826 584.949529
1259.978473 585.030380
1260.068861 585.313187
1259.995336 585.158727
1260.241219 585.058346
1260.014145 584.831523
1260.067381 585.202536
1260.049223 585.065377
1259.989843 585.225279
1260.030853 585.258030
1260.335681 585.241772
1260.330858 585.357500
1260.117145 585.157389
1260.249710 585.563325
1260.080003 585.055139
1260.611293 585.093520
1260.280006 585.439912
1260.272614 585.072979
1260.424458 585.151257
1260.476248 584.849080
1260.094347 584.984867
1260.885190 585.055262
1260.321297 585.020891
1260.315990 585.175115
1260.407353 585.066486
1260.198653 584.953000
1260.616911 584.935777
1260.594881 585.269432
1260.736637 584.947756
1260.686751 585.017434
1260.711994 585.244977
1260.511035 585.205800
1260.533489 585.106627
1260.435428 585.006219
1260.811021 585.119759
1260.825882 584.856228
1260.869614 584.953142
1260.946113 585.270926
1260.990763 585.058870
1260.876312 584.919494
1260.610141 585.338747
1260.813647 585.135176
1260.699081 585.136746
1261.088420 585.272046
1260.856761 584.923020
1260.978425 584.844389
1260.943674 584.936702
1261.225529 584.939167
1261.032390 584.826309
1261.224682 584.829786
1261.197607 584.856917
1261.233661 584.715058
1261.190201 585.009076
1260.973663 584.929217
1261.242281 585.096098
1261.165554 585.200702
1261.045529 585.065263
1261.249876 584.925308
1261.024611 585.114507
1261.311561 584.697039
1261.542237 584.602728
1261.244080 584.936620
1261.336437 584.791029
1261.316467 584.944604
1261.358117 584.794016
1261.435419 584.826380
1261.710176 584.959246
1261.383650 584.814009
1261.657137 584.868066
1261.535216 584.662450
1261.457640 584.601999
1261.637350 584.734140
1261.444893 584.864930
1261.758309 584.833837
1261.636942 584.835191
1261.830094 584.717850
1261.436799 584.900928
1261.662000 584.617233
1261.804870 584.719452
1261.679511 584.758431
1261.957458 584.288509
1261.862824 584.639162
1261.840839 584.580600
1261.802945 584.494215
1261.758439 584.385321
1261.807286 584.482998
1262.025766 584.448590
1262.171692 584.391629
1261.955081 584.453166
1262.181014 584.352552
1261.823510 583.916878
1262.110400 584.377933
1262.096593 584.650161
1261.843666 584.378172
1262.355043 584.411113
1262.149777 584.262651
1262.216294 584.205093
1262.190152 584.344708
1262.367193 583.875362
1262.130643 584.164291
1262.462071 583.925844
1262.191863 584.072863
1262.421677 584.137612
1262.328423 584.272936
1262.285680 584.335641
1262.201878 584.151020
1262.465418 584.249927
1262.636965 583.710871
1262.391633 584.145028
1262.383333 583.703811
1262.486927 583.903283
1262.595051 583.725491
1262.763494 583.957459
1262.660400 583.843664
1262.666197 583.918614
1262.579523 583.883753
1262.874409 584.033151
1262.372042 583.559492
1262.915618 583.679381
1262.437684 583.872825
1262.786108 583.812266
1262.772138 583.395370
1262.710063 583.515371
1262.995356 583.489228
1262.998409 583.567200
1262.565350 583.686345
1262.834430 583.688683
1262.978889 583.389063
1262.833587 583.577734
1262.962271 583.341792
1262.829097 583.667796
1262.969867 583.208768
1263.145684 583.170466
1262.956805 583.147888
1263.223431 583.414800
1262.767515 583.242807
1263.264128 583.026723
1263.249790 583.380857
1263.191645 583.175663
1262.898380 582.988289
1263.224688 583.089644
1263.237876 583.019380
1263.389126 583.072296
1263.286717 582.825679
1263.318668 582.897980
1263.389823 583.039090
1263.051873 582.762585
1263.334140 582.855204
1263.363989 582.900683
1263.671646 582.553086
1263.414899 582.784293
1263.569325 582.647130
1263.572889 582.749985
1263.511522 582.563310
1263.303068 582.497266
1263.585535 582.470294
1263.624047 582.378728
1263.496671 582.245589
1263.936091 582.358351
1263.556741 582.419596
1263.323768 581.996470
1263.783848 582.301121
1263.951301 582.331202
1263.715773 582.133550
1263.970898 582.420939
1264.212926 582.130016
1263.796280 582.023021
1263.828432 581.995354
1263.563962 581.920033
1263.931098 582.087070
1263.709220 581.943841
1263.992991 582.108491
1264.014539 581.673522
1263.987297 581.548825
1264.001503 581.802174
1263.995654 581.703581
1264.341792 581.706145
1264.051074 581.623857
1264.213865 581.409186
1264.161422 581.435740
1264.168944 581.153947
1264.372451 581.422639
1264.122062 581.389993
1263.855184 581.306992
1264.180995 581.400053
1264.155229 581.201742
1264.069390 581.212019
1264.203650 581.206631
1264.310472 580.899415
1264.565353 581.277071
1264.336261 580.956030
1264.400872 580.904554
1264.592844 581.247807
1264.444696 580.798134
1264.435608 580.920719
1264.631641 580.873366
1264.488286 580.705344
1264.370700 580.776487
1264.749305 580.530287
1264.551039 580.248609
1264.667299 580.429607
1264.706240 580.398744
1264.522358 580.238452
1264.857607 580.122924
1264.622688 580.098198
1264.583276 580.074490
1265.040414 580.165802
1265.068627 580.246085
1265.034240 580.288748
1264.948183 579.967351
1264.972947 580.029914
1265.176194 579.927170
1265.148285 579.888587
1265.056291 579.762394
1265.201808 579.809525
1264.948613 579.497131
1265.102469 579.482840
1265.145918 579.630953
1265.448897 579.321769
1264.967019 579.251966
1265.128048 579.315721
1264.999320 579.552468
1265.278447 579.132007
1264.936527 579.455670
1265.103007 579.327740
1265.184318 579.361574
1265.601821 578.944797
1265.075429 579.290855
1265.529881 579.046083
1265.605952 578.864113
1265.146644 578.847207
1265.590789 578.567682
1265.675196 578.975229
1265.396030 578.850054
1265.927023 578.567468
1265.532041 578.595526
1265.502948 578.332120
1265.927960 578.279137
1265.845956 578.039828
1265.843683 578.136290
1265.992245 578.372090
1265.967010 578.036020
1265.793138 578.154435
1265.883196 578.034736
1266.013708 577.958403
1265.716969 577.845313
1266.311461 577.806714
1265.959708 577.997154
1266.043220 577.516010
1266.242441 577.559950
1266.018771 577.618181
1266.016005 577.375404
1265.991164 577.307801
1266.057064 577.168132
1266.263758 577.131484
1266.276535 577.137497
1265.924055 577.049802
1266.223607 577.243373
1266.282055 576.913197
1266.072204 577.004397
1266.569613 576.983095
1266.253317 577.000631
1266.361937 576.873573
1266.557010 576.703402
1266.379430 576.611692
1266.531088 576.419497
1266.111894 576.863973
1266.854654 576.417404
1266.845256 576.436762
1266.639405 575.958708
1266.732090 576.336408
1266.725644 576.064361
1266.507180 576.058470
1266.708101 576.160709
1266.718139 575.721636
1266.771722 575.950464
1266.612004 575.881605
1266.510177 575.685690
1266.671231 575.661613
1266.832774 575.564706
1266.723340 575.106799
1266.800458 575.493216
1266.878067 575.354712
1266.974033 575.323782
1266.904604 575.180451
1266.831642 575.160191
1266.828746 574.644547
1266.918594 575.137344
1267.391075 575.161618
1266.944826 574.626970
1267.291203 574.561540
1267.195271 574.650311
1267.192806 574.276742
1267.248950 574.496428
1267.187746 574.126921
1267.068507 574.330925
1267.424968 574.273607
1267.392922 574.155579
1267.182356 574.173735
1267.449268 573.915664
1267.445975 573.756892
1267.425607 573.764999
1267.509439 573.574218
1267.664423 573.560597
1267.367517 573.660616
1267.618895 573.435705
1267.516678 573.405217
1267.423861 573.572425
1267.536172 573.189079
1267.828079 573.243277
1267.671278 573.135830
1267.849986 573.090703
1267.797516 572.874683
1267.593126 572.891557
1267.807136 572.839462
1267.741085 572.547534
1267.959854 572.431397
1268.029675 572.433111
1267.919321 572.535237
1267.855291 572.731467
1267.864550 572.456609
1268.139995 572.248872
1268.049554 571.968021
1268.487223 571.933228
1268.047584 572.288892
1268.075080 571.814474
1268.359375 571.788524
1268.174173 571.729155
1268.171022 571.800696
1268.348742 571.153846
1268.420182 571.502366
1268.159541 571.257842
1268.260209 571.279900
1268.631527 571.094929
1268.423680 571.057605
1268.596620 571.186463
1268.476031 570.970435
1268.288873 570.749962
1268.543844 570.903793
1268.364532 570.760481
1268.495552 570.685515
1268.598515 570.325846
1268.663889 570.320185
1268.697448 570.115862
1268.877807 569.846414
1268.880385 569.973253
1268.753014 569.989592
1268.710592 569.856164
1268.912345 569.786172
1268.760670 569.893220
1268.595760 569.346403
1268.968968 569.650491
1268.698444 569.698709
1268.793363 569.308299
1269.150021 568.980658
1269.120817 569.088513
1269.175824 569.279306
1269.063648 568.895233
1268.760198 568.514510
1269.036888 568.684324
1268.976347 568.620294
1269.151321 568.537491
1269.195390 568.285035
1269.432197 568.446062
1269.145528 567.971339
1269.160363 567.864081
1269.451639 567.904844
1268.971807 567.860594
1269.531175 568.028865
1269.605092 567.802186
1269.632775 567.589218
1269.781058 567.559916
1269.790002 567.262691
1269.256571 567.328362
1269.916184 567.362910
1269.599207 567.139353
1269.663330 566.945455
1269.812640 567.130112
1269.610398 566.954395
1269.955132 566.756138
1269.945511 566.700841
1269.971334 566.681914
1270.027413 566.542867
1269.999347 565.854457
1269.824966 566.250947
1270.006174 566.124126
1270.030432 566.192754
1270.204710 565.907147
1270.231084 565.545201
1270.060996 566.019914
1270.298694 565.570714
1270.407730 565.558546
1270.473477 565.268647
1270.107379 565.249339
1270.003040 565.297820
1269.940456 564.975513
1270.060734 565.014495
1270.363182 564.882949
1270.406154 564.769534
1270.620024 564.622210
1270.283838 564.593926
1270.436103 564.287216
1270.394158 564.497387
1270.644607 564.081133
1270.505724 563.988257
1270.754585 564.003055
1270.341407 563.767694
1270.687254 563.934194
1270.865337 563.545653
1270.535624 563.828252
1270.742715 563.496495
1270.503153 563.465056
1270.628959 563.174476
1270.760126 563.401304
1270.678882 563.302266
1270.531534 562.898224
1271.102635 562.877828
1270.741262 562.730160
1270.974765 562.617895
1271.308439 562.362900
1270.985225 562.172834
1271.201442 562.319154
1270.810541 561.841240
1271.152963 562.059322
1271.500124 562.109070
1271.276679 561.820879
1271.299967 561.484589
1271.395350 561.370960
1271.280298 561.399378
1271.338596 561.291585
1271.533969 561.054675
1271.379318 560.886970
1271.648115 560.764456
1271.396581 560.943635
1271.386564 560.766032
1271.696064 560.704766
1271.354741 560.467760
1271.682904 560.214880
1271.868814 560.440652
1271.607390 559.983651
1271.689523 560.165501
1271.592381 559.931793
1271.620167 559.609562
1271.961002 559.670942
1271.993964 559.673687
1271.751593 559.394520
1271.872093 559.266292
1271.833028 559.369609
1272.111253 559.120864
1271.685323 559.017919
1272.049670 558.919817
1271.964246 558.620512
1272.106525 558.603220
1272.187055 558.577955
1272.166620 558.094139
1272.290552 558.261467
1272.347700 557.923487
1272.108517 557.905598
1272.005741 557.660131
1272.384522 557.652525
1272.272513 557.645001
1272.376143 557.598162
1272.311060 557.236093
1272.123478 557.178274
1272.421311 556.759607
1272.396794 556.832435
1272.356431 556.805170
1272.750346 556.657468
1272.689515 556.546185
1272.733764 556.260508
1272.666911 556.417907
1272.827093 555.969051
1272.654735 556.066323
1272.840964 555.698860
1272.845103 555.746919
1272.738128 555.540192
1272.765269 555.677422
1273.025960 555.280830
1273.298531 555.119999
1273.004121 555.164060
1272.858459 555.012527
1273.053725 555.003877
1272.934756 554.472917
1273.096897 554.296131
1273.122590 554.389502
1273.352522 554.032292
1273.131597 554.452936
1273.427335 554.227547
1273.140595 553.877983
1273.523050 553.658038
1273.401702 553.621934
1273.427703 553.435852
1273.807528 553.695414
1273.300290 553.452094
1273.262848 553.317699
1273.706967 553.045721
1273.427137 552.702793
1273.349559 552.915795
1273.834992 552.388235
1273.874138 552.583051
1273.719028 552.538394
1273.527325 552.475225
1273.714136 552.103702
1274.301870 551.852049
1273.958376 551.716117
1273.823765 551.824779
1273.852988 551.714912
1273.788924 551.652385
1273.847095 550.934706
1274.157596 551.141045
1274.132681 551.118586
1273.813695 550.832761
1274.577381 550.914909
1274.353136 550.553812
1274.117319 550.104927
1274.346926 550.525904
1274.435798 550.010005
1274.290685 549.842707
1274.089465 549.649082
1274.255074 549.702169
1274.508945 549.515836
1274.452580 549.471529
1274.417581 549.383028
1274.903507 549.040252
1274.540145 548.702620
1274.652791 548.939724
1274.656570 548.639926
1274.774922 548.505966
1274.743221 548.745251
1274.749063 548.665076
1275.028259 548.414327
1274.693438 548.018794
1274.769582 547.746125
1274.914902 547.934611
1275.060117 547.738530
1274.860131 547.545552
1274.686074 547.409124
1274.809369 547.119191
1275.013136 547.202143
1275.014096 547.109726
1274.969709 546.707775
1275.152435 546.745475
1275.110159 546.460302
1275.177924 546.179811
1275.442031 545.909692
1275.091920 545.929603
1275.293560 545.980423
1275.548325 545.657601
1275.596924 545.366882
1275.491048 545.367089
1275.320536 545.116475
1275.505337 545.140905
1275.368498 544.892029
1275.604046 544.898371
1275.633586 544.677836
1275.517148 544.448621
1275.330086 544.286504
1275.493093 544.198540
1276.078796 543.937494
1275.897448 544.010468
1275.980754 543.754911
1275.766999 543.689251
1275.800831 543.332238
1276.073744 543.088687
1275.995416 543.202973
1276.356010 542.908691
1276.032958 542.839718
1276.268519 542.831377
1276.073516 542.799225
1276.149895 542.552898
1276.190150 542.170353
1276.282872 541.854890
1276.265096 541.806529
1276.314829 541.498914
1276.276336 541.463213
1276.337058 541.534394
1276.445790 541.012145
1276.467307 541.207244
1276.689006 540.940279
1276.800021 540.756793
1276.725436 540.732431
1276.694357 540.477989
1276.804898 540.354698
1276.663585 540.080975
1276.711887 539.922404
1276.772125 540.071601
1276.994967 539.628473
1276.890826 539.661874
1276.942415 539.329889
1277.207409 539.284758
1276.773041 539.091586
1277.233643 538.781070
1276.819926 538.432938
1277.003590 538.608274
1277.031514 538.410611
1277.150335 538.436212
1277.231922 537.610415
1277.326030 537.992860
1277.487356 538.041665
1277.126016 537.574822
1277.341135 537.582171
1277.177282 537.269883
1277.497314 536.801119
1277.471689 537.123300
1277.324759 536.737146
1277.426417 536.797213
1277.454387 536.258156
1277.407630 536.066806
1277.716997 536.282134
1277.830500 536.049775
1277.651465 535.860438
1277.947884 535.402534
1277.702027 535.409364
1277.700899 535.267486
1278.192315 535.054627
1277.971273 535.015622
1278.047246 534.544395
1278.152310 534.625618
1278.096779 534.406282
1277.917159 534.154793
1278.286235 534.403799
1277.896912 534.027519
1278.423798 533.352201
1278.365667 533.564649
1278.215079 533.526397
1278.361924 533.250559
1278.227433 532.938490
1278.392556 532.868897
1278.313611 532.571312
1278.516712 532.464039
1278.460344 532.452656
1278.662408 532.028459
1278.671641 531.961780
1278.560986 531.843317
1278.744473 531.477660
1278.716572 531.471745
1278.608564 531.366923
1278.626275 531.093939
1279.025776 530.864989
1278.732092 530.652168
1278.929006 530.664746
1279.007583 530.529597
1279.064954 530.448217
1278.793170 530.162982
1279.235477 529.819994
1279.161534 530.026542
1279.450930 529.663913
1279.384380 529.298345
1279.057719 529.444628
1279.339127 529.301706
1279.069176 528.715073
1279.231611 528.567371
1279.523912 528.527583
1279.286365 528.193132
1279.460909 528.161464
1279.677043 527.958185
1279.428579 527.916023
1279.840647 527.867589
1279.666149 527.646186
1279.695997 527.189021
1279.831974 527.354501
1279.572804 527.068545
1279.789947 526.897838
1279.887653 526.558720
1279.779342 526.379240
1279.901889 526.225050
1279.887549 525.978013
1279.917159 526.330831
1279.649327 525.576957
1280.059730 525.431083
1279.938549 525.232419
1280.112604 525.211666
1279.858696 524.878820
1280.331009 524.629648
1280.040580 524.746348
1280.381866 524.355350
1280.528116 524.207082
1280.256438 524.196801
1280.381074 523.903421
1280.306505 523.479173
1280.529971 523.633053
1280.756720 523.251068
1280.635682 523.187792
1280.454854 522.996695
1280.828052 522.841844
1280.592743 522.603379
1280.808005 522.348402
1280.481419 522.432721
1280.622322 521.921243
1280.831118 521.694723
1281.016387 521.357279
1280.935112 521.500317
1280.970512 521.482232
1281.088667 521.177942
1281.217405 520.978852
1280.995057 520.922818
1281.093672 520.460223
1281.004145 520.534244
1281.276174 519.900637
1281.166975 520.180463
1281.345460 519.943217
1281.251082 519.543987
1281.319367 519.731701
1281.357513 519.436982
1281.468765 519.139274
1281.527862 518.680858
1281.568781 518.782989
1281.673621 518.234039
1281.440554 518.457454
1281.864408 518.319762
1281.537151 517.745659
1281.925030 517.537804
1281.945856 517.549119
1282.046622 517.139805
1281.954720 517.487255
1282.043832 517.023758
1282.073962 516.734834
1282.025307 516.630884
1281.885599 516.449511
1281.923828 516.033527
1282.213348 516.134211
1282.443618 515.751624
1282.137544 515.763146
1282.348791 515.497619
1282.410020 515.144916
1282.512325 515.225480
1282.461528 515.175350
1282.319592 514.728590
1282.562701 514.526897
1282.256841 514.375711
1282.432761 513.934481
1282.471000 513.969007
1282.721766 513.909944
1282.858782 513.500407
1283.087106 513.394192
1282.754955 513.158589
1282.632374 512.980863
1283.016342 512.469114
1283.095814 512.777448
1282.933498 512.336262
1282.920954 511.988021
1282.812885 511.916761
1282.906806 511.800622
1282.956743 511.535507
1283.173474 511.450766
1283.132326 511.271085
1283.116962 510.918353
1283.112373 510.285766
1283.241699 510.585212
1283.038867 510.342572
1283.466651 510.450182
1283.663411 509.880466
1283.224360 509.863337
1283.554180 509.819347
1283.491941 509.267391
1284.013972 509.461481
1283.858782 508.723108
1283.775761 508.898171
1283.912135 508.713774
1283.950628 508.385861
1283.642347 508.210331
1284.033854 507.901513
1283.641145 507.650386
1284.054649 507.633433
1284.110689 507.203546
1283.872372 506.932747
1284.212789 506.643769
1284.074855 506.575904
1284.105897 506.561926
1284.063380 506.200353
1284.446053 506.325208
1284.369683 505.951383
1284.526856 505.590904
1284.481456 505.897939
1284.578810 505.318631
1284.739812 504.866872
1284.641599 504.878059
1284.586527 504.410480
1284.519561 504.570780
1284.828246 504.246813
1284.709664 504.038770
1284.681382 503.866418
1284.799494 503.574765
1284.731512 503.619367
1284.994243 503.215354
1284.990046 502.772273
1285.167534 502.674351
1285.004689 502.534722
1285.249846 502.193847
1285.525824 502.323492
1285.341115 502.155491
1285.195863 501.710168
1285.083531 501.307868
1285.132771 501.401062
1285.201204 500.871688
1285.110979 500.832512
1285.533526 500.554079
1285.793984 500.609337
1285.344731 500.349013
1285.745628 500.126846
1285.565927 499.835458
1285.626207 499.548031
1286.054933 499.395746
1285.598250 499.216013
1286.073409 499.011161
1285.871595 498.613865
1286.238107 498.993828
1286.176628 498.338999
1285.778514 498.139538
1285.861090 497.770369
1286.076301 497.590681
1286.189030 497.464489
1286.253968 497.272168
1286.483435 497.137959
1286.330587 496.768712
1286.222410 496.759164
1286.141278 496.488376
1286.344048 495.979843
1286.357728 495.827381
1286.482871 496.114652
1286.407877 495.391136
1286.773095 495.051354
1286.740550 495.044578
1286.568171 495.019782
1286.767071 494.652816
1286.967897 494.219851
1286.851636 494.327196
1286.827292 493.936024
1287.137649 494.038913
1286.725126 493.575528
1287.149605 493.379436
1286.992403 493.326861
1287.035118 492.937690
1286.979597 492.508435
1287.203298 492.336722
1287.216504 492.124980
1287.318227 491.948597
1287.335777 491.789362
1287.553363 491.719034
1287.361684 491.478087
1287.478077 491.194336
1287.832235 490.839551
1287.750356 490.808123
1287.641322 490.317851
1287.398867 490.538902
1287.917039 490.306738
1287.745962 489.795447
1287.828117 489.361877
1287.872875 489.510773
1288.132140 488.953814
1288.207291 489.236069
1288.028502 488.790567
1288.052661 488.530704
1288.086755 488.027912
1288.198574 487.832476
1288.053325 487.698267
1288.327034 487.514663
1288.389172 487.324584
1288.342259 487.123541
1288.282817 486.924169
1288.338547 486.401985
1288.471423 486.371013
1288.732426 486.025827
1288.726328 486.239623
1288.908868 485.810845
1288.494765 485.460292
1288.812038 485.504411
1288.518918 485.017194
1288.546408 484.683194
1288.861364 484.561639
1288.684079 484.475463
1288.860180 484.033104
1288.838214 483.900554
1289.059377 483.707317
1289.231186 483.500458
1289.300659 483.385944
1288.978435 483.112806
1289.450370 482.673194
1289.763539 482.444502
1289.321135 482.318993
1289.476523 482.116849
1289.673837 482.104137
1289.479572 481.157040
1289.563316 481.496205
1289.852467 481.324062
1289.552920 481.258763
1289.546448 480.696036
1289.560748 480.602958
1289.553574 480.197895
1289.868425 480.146556
1289.889411 479.905824
1289.767195 479.411743
1290.010696 479.279886
1290.166056 478.671802
1289.982211 478.964718
1289.927237 478.526984
1290.164271 478.282221
1290.255901 478.183108
1290.288288 477.767470
1290.203814 477.463128
1290.406914 477.273829
1290.359464 477.033719
1290.535668 477.133120
1290.550966 476.550114
1290.608075 476.331155
1290.683207 476.333277
1290.395787 476.221815
1290.816280 475.901237
1290.831345 475.439203
1290.778665 475.423714
1290.852738 475.154025
1291.105598 474.775802
1290.899563 474.422697
1291.019012 474.371089
1291.256813 474.185648
1291.147735 473.828344
1291.129375 473.412143
1291.234534 473.269856
1291.143500 473.047434
1291.448297 472.921415
1291.412676 472.566279
1291.365950 472.203642
1291.530269 472.203645
1290.933619 471.602995
1291.462033 471.775605
1291.674590 471.609572
1291.573651 470.950047
1291.745092 470.995081
1291.668808 470.768009
1291.950351 470.491525
1291.670029 470.560276
1291.917199 469.664839
1291.939857 469.790116
1291.825821 469.410049
1292.149996 469.314657
1292.197695 469.185517
1291.988423 468.633972
1292.308022 468.336374
1292.553862 468.185139
1292.320452 467.870070
1292.332024 467.832304
1292.693872 467.693023
1292.530154 467.319921
1292.435757 467.021039
1292.789387 466.768866
1292.871602 466.625493
1292.633486 466.357065
1292.466990 465.749481
1292.702344 465.741928
1292.841736 465.483795
1292.924817 465.190399
1292.973080 464.825859
1293.107913 465.125114
1292.982984 464.444119
1292.917852 464.371898
1293.296524 463.923224
1293.235226 464.226895
1293.214483 463.567175
1293.323307 463.353819
1293.269955 463.298748
1293.349295 462.987531
1293.490082 462.206936
1293.327668 462.309866
1293.677067 462.097342
1293.563194 461.771568
1293.696196 461.687620
1293.693594 461.347983
1293.851561 460.866638
1293.630172 460.915689
1293.653442 460.499334
1293.860381 460.285313
1294.227905 460.406439
1293.859312 460.065139
1294.047769 459.650878
1294.320128 459.463024
1294.203939 459.167312
1294.049624 458.851096
1294.263712 458.498846
1294.227424 458.086296
1294.236846 458.128284
1294.356118 457.852672
1294.586875 457.680824
1294.536671 457.334526
1294.634385 457.402262
1294.731460 456.950786
1294.741642 456.537361
1294.582521 456.467101
1294.767305 456.089161
1294.801276 455.899720
1295.281665 455.695922
1295.020444 455.186610
1294.945675 455.000255
1295.001801 454.920817
1295.164171 454.502037
1295.229325 454.519542
1295.405185 454.159405
1295.351016 453.776968
1295.443024 453.371069
1295.096819 453.183825
1295.484456 452.921914
1295.770901 452.929003
1295.491031 452.725695
1295.783108 452.380047
1295.649076 451.969874
1295.604672 451.767532
1295.698533 451.494311
1295.786306 451.091505
1295.781093 450.792014
1295.747616 450.667194
1296.008528 450.374724
1295.882733 449.914500
1296.110728 450.320225
1296.065907 449.738790
1296.087978 449.479661
1296.494410 449.463723
1296.555777 448.969096
1296.198322 448.577812
1296.463867 448.461722
1296.538558 448.026381
1296.705762 447.974068
1296.489745 447.690851
1296.577194 447.312508
1296.571092 447.143621
1296.936610 446.558307
1296.902210 446.317536
1297.053851 446.628082
1296.801778 446.045338
1296.996498 445.660214
1296.870097 445.396654
1296.972653 445.343485
1297.338663 445.069303
1297.203839 445.139456
1297.329979 444.422282
1297.229091 444.302423
1297.408106 444.012822
1297.123084 443.664601
1297.598517 443.440149
1297.532170 443.192831
1297.418658 442.978035
1297.683015 442.685733
1297.414465 442.323683
1297.668398 442.226942
1297.994624 441.763584
1297.812002 441.669249
1297.556717 440.966349
1297.999191 440.919415
1297.908520 440.522626
1298.155465 440.447443
1298.059222 440.011747
1298.289139 440.024282
1298.205726 439.362101
1298.337244 439.441135
1298.434871 439.162407
1298.227270 439.059063
1298.204772 438.565969
1298.432969 438.373523
1298.267022 437.928018
1298.569756 437.784822
1298.695836 437.540402
1298.872942 437.265972
1298.877809 437.252382
1298.581530 436.800779
1298.882980 436.365813
1299.023362 436.295372
1299.000229 436.013665
1298.893347 435.536285
1299.503721 435.249287
1299.098847 434.910806
1299.072605 435.017828
1299.225270 434.380838
1299.395020 434.137148
1299.365334 433.965341
1299.409822 433.792284
1299.662124 433.212554
1299.574974 433.232484
1299.676106 432.989367
1299.654556 432.564146
1299.651479 432.568608
1299.706761 432.264151
1299.847929 431.647942
1299.790865 431.369222
1300.153149 431.553835
1300.289268 430.926002
1299.992394 430.839087
1300.020342 430.708679
1299.902914 430.543591
1300.237029 429.961270
1300.025180 429.468481
1300.540963 429.395835
1300.261086 429.288587
1300.572964 428.851962
1300.544358 428.563361
1300.453093 428.354840
1300.583788 428.209136
1300.955419 427.984562
1300.552700 427.380949
1300.867381 427.186734
1300.986530 427.017547
1300.858822 426.837060
1300.917359 426.444377
1301.067596 425.992952
1300.976411 425.877829
1301.249368 425.632114
1301.229657 425.421693
1301.048411 425.302764
1301.338828 424.954505
1301.424755 424.696357
1301.296938 424.220016
1301.460002 423.945977
1301.391332 423.577235
1301.691999 423.418407
1301.589758 423.018835
1301.683512 423.215493
1301.629098 422.431692
1301.610381 422.186628
1301.696078 421.912256
1301.829516 421.619732
1302.108100 421.206390
1301.784660 420.909319
1302.411644 420.904894
1302.170148 420.201879
1302.300199 420.460924
1302.018871 419.677367
1302.247674 419.759592
1302.471473 419.208434
1302.544971 419.126482
1302.461600 419.040714
1302.706925 418.547809
1302.593289 418.518021
1302.606990 418.118387
1302.875434 417.651804
1302.825876 417.459028
1302.746915 417.005210
1303.255861 416.917134
1302.961750 417.069934
1303.207339 416.312555
1303.167690 416.212984
1303.328478 415.810146
1303.325212 415.388055
1303.310463 415.282383
1303.232498 415.054417
1303.423670 414.559823
1303.134253 414.322146
1303.425618 414.213160
1303.639840 413.814721
1303.872896 413.387536
1303.513331 413.200171
1303.758562 412.890403
1303.786394 412.594733
1303.980816 412.161398
1303.642543 412.054210
1304.074291 412.088229
1304.111283 411.291421
1304.292092 411.048365
1304.122367 410.982756
1304.099340 410.717959
1304.477792 410.410001
1304.322491 410.151900
1304.204457 409.747014
1304.677651 409.558938
1304.384705 409.116578
1304.485512 409.005195
1304.592357 408.619211
1304.723711 408.325546
1304.756536 408.098562
1304.723300 407.813079
1304.655888 407.573838
1305.036253 407.216233
1305.081369 406.877452
1305.143807 406.610088
1305.210140 406.206473
1305.227107 406.075139
1305.147548 405.958812
1305.323832 405.341829
1305.212171 405.173039
1305.564867 405.079031
1305.288465 404.451283
1305.392123 404.472449
1305.417016 403.929359
1305.548140 403.788535
1305.520083 403.648309
1305.791148 403.422671
1305.892807 403.275062
1306.042013 402.550543
1306.155323 402.375971
1305.958556 401.979705
1306.038114 401.697044
1305.905721 401.581231
1306.014704 400.778574
1306.346748 400.806359
1306.252057 400.450751
1306.526162 400.298840
1306.131685 399.951360
1306.601428 399.852765
1306.399449 399.394539
1306.586789 399.048837
1306.562561 398.697817
1306.980004 398.410986
1306.653616 398.088220
1306.835172 397.940790
1306.873930 397.556958
1306.995105 397.599659
1306.811200 397.144510
1307.123564 396.874520
1307.261229 396.499281
1307.659102 396.399404
1307.304287 395.937055
1307.219472 395.773414
1307.348838 395.027861
1307.468255 394.914787
1307.581299 394.753922
1307.758845 394.407032
1307.735648 394.071597
1307.607308 393.856700
1307.474354 393.447187
1307.839803 392.983003
1307.855384 393.043589
1308.302483 392.557469
1308.067883 392.188788
1307.977621 392.347156
1308.204632 391.742805
1308.335519 391.536566
1308.078110 391.110653
1308.247052 390.917560
1308.380167 390.536890
1308.253868 390.200913
1308.614485 389.887783
1308.542941 389.653225
1308.582577 389.581936
1308.470112 389.111458
1308.891914 388.676247
1308.853968 388.463282
1308.853623 388.168535
1308.804427 387.554949
1309.167600 387.472400
1308.906317 387.109170
1309.092562 386.875236
1309.470977 386.596140
1309.349773 386.552389
1309.365902 386.133295
1309.466396 386.006574
1309.812561 385.560851
1309.427727 385.156387
1309.693744 384.620191
1309.825334 384.676830
1309.651125 384.117471
1309.902879 384.291614
1309.861205 383.484855
1309.982539 383.619914
1310.107931 383.088631
1310.027757 382.771813
1310.245100 382.371169
1310.153138 382.058571
1310.272467 381.917468
1310.254171 381.726664
1310.141868 381.157158
1310.490700 381.189588
1310.252054 380.820727
1310.575476 380.472719
1310.577905 379.850490
1310.739456 379.705376
1310.504865 379.478563
1310.620443 379.088611
1310.653273 379.096481
1310.875537 378.470433
1310.921417 378.076114
1311.146489 377.964368
1311.173193 377.805749
1311.001438 377.456163
1311.252785 377.162727
1311.458108 376.641803
1311.225605 376.405002
1311.539852 376.265191
1311.484703 375.801668
1311.748004 375.791746
1311.561959 375.037358
1311.822054 374.960932
1311.959648 374.634847
1311.666530 374.384181
1311.975650 374.145664
1311.966152 373.886634
1312.061052 373.588768
1311.985841 373.256798
1312.194032 373.012494
1312.395458 372.525722
1312.495144 372.466764
1312.412668 371.994799
1312.476478 371.519868
1312.352683 371.294570
1312.448134 370.862938
1312.636933 370.420361
1312.657370 370.200400
1312.828009 369.984762
1312.605823 369.776588
1312.928668 369.246653
1312.973441 369.032823
1312.712127 368.904741
1313.191915 368.238105
1313.385786 368.558219
1313.256149 367.714237
1313.208528 367.523780
1313.194419 367.165021
1313.452914 366.939173
1313.439968 366.558035
1313.706526 366.560954
1313.714064 365.998541
1313.996381 365.954572
1313.747405 365.348270
1313.552588 364.974346
1313.983183 364.896795
1313.870583 364.576194
1314.092426 364.394834
1313.658192 363.718245
1314.065082 363.546514
1314.424508 363.090293
1314.361191 363.020018
1314.348049 362.582985
1314.162640 362.406177
1314.280828 361.828274
1314.486294 361.705563
1314.591801 361.537263
1314.676756 360.998161
1314.604637 360.854878
1314.917562 360.481917
1314.640286 360.035422
1315.062544 359.748274
1315.081049 359.430105
1315.051130 359.411500
1315.189952 358.717636
1315.435050 358.693049
1315.231267 358.333134
1315.142129 357.935075
1315.196998 357.607470
1315.235476 357.201943
1315.491068 357.111734
1315.586772 356.722414
1315.987707 356.292512
1315.483635 356.018466
1315.661498 355.771926
1316.080550 355.182524
1315.993102 355.290628
1316.025141 354.780106
1316.131692 354.555309
1316.257929 354.158558
1316.286599 353.696561
1316.323516 353.555106
1316.141246 353.234994
1316.192762 352.718348
1316.295065 352.483441
1316.659454 352.333070
1316.600604 351.960079
1316.682547 351.875583
1316.749526 351.407995
1316.766603 351.109353
1316.985842 350.236080
1316.924297 350.338117
1317.023720 350.171788
1316.952128 349.629823
1317.281007 349.308715
1317.444424 349.126088
1317.145467 349.064508
1317.492089 348.493469
1317.531196 347.997069
1317.195162 347.659445
1317.718056 347.532126
1317.583456 347.036696
1317.606759 346.822770
1317.816197 346.615451
1317.785727 346.345685
1317.743193 345.968960
1317.916801 345.762185
1318.323500 345.391018
1317.955425 345.083141
1318.046013 344.799807
1318.124491 344.340108
1318.330196 344.082191
1318.690466 343.739651
1318.184349 343.406387
1318.639128 343.083429
1318.864084 342.876622
1318.810929 342.433331
1318.500934 342.093658
1318.895953 341.772411
1318.992014 341.534241
1318.960754 340.922662
1319.238377 340.724845
1318.715241 340.749366
1319.097875 340.159071
1318.956088 340.247362
1319.119536 339.624975
1319.361565 339.164408
1319.362943 339.069364
1319.281929 338.470613
1319.592559 338.322816
1319.667530 338.214387
1319.898180 337.479669
1320.021283 337.024189
1319.754263 337.125051
1319.918124 336.572162
1319.989731 336.220065
1320.121497 336.284243
1320.109919 335.750135
1320.270587 335.685738
1319.973501 334.999830
1320.219760 334.975010
1320.567402 334.377065
1320.411844 334.147458
1320.432735 333.509319
1320.552037 333.244356
1320.404951 333.125712
1320.686279 332.820978
1320.963777 332.637522
1321.015483 332.576376
1321.107044 331.787937
1321.003373 331.605817
1321.126130 331.071020
1321.407094 330.720390
1321.357241 330.412760
1321.348231 330.177462
1321.350407 329.714981
1321.578201 329.456543
1321.453722 329.157108
1321.625748 328.929492
1321.780306 328.852599
1321.668432 328.590310
1321.658163 328.231096
1321.696786 327.528139
1322.075232 327.247114
1321.915361 327.129238
1322.218482 326.478861
1321.786231 326.389381
1322.410815 326.107405
1322.410576 325.656768
1322.619129 325.073653
1322.368576 325.078068
1322.464351 324.666667
1322.594577 324.287532
1322.652248 324.254015
1322.562779 323.771694
1322.638411 323.442773
1322.649309 322.994152
1322.946346 322.854677
1323.108342 322.418426
1322.928178 322.025823
1322.941425 321.841914
1323.077402 321.499439
1322.875723 321.276772
1323.365988 320.788608
1323.317235 320.413916
1323.332673 319.872846
1323.363973 319.793787
1323.516548 319.217828
1323.810559 319.517484
1323.640112 318.837184
1323.725969 318.455854
1323.914092 318.283765
1323.932637 317.749303
1324.048983 317.741239
1323.984747 317.306176
1324.365535 316.889920
1324.414365 316.440376
1324.204894 316.264493
1324.377622 315.891756
1324.579208 315.566077
1324.531493 315.135648
1324.884767 314.988839
1324.576059 314.459420
1324.693591 314.030448
1324.860441 314.067494
1324.782001 313.660812
1324.936071 313.380335
1325.061002 312.790686
1325.113942 312.659506
1325.148089 312.446445
1325.192753 311.820792
1325.369160 311.693984
1325.423777 311.374571
1325.367896 310.850742
1325.730412 310.594944
1325.833296 310.334200
1325.837040 310.164238
1325.895713 309.594418
1325.574809 309.526287
1325.905025 308.960450
1326.193961 308.568506
1325.996817 308.199429
1326.177995 308.017624
1326.228888 307.548055
1326.483369 307.477997
1326.353651 306.933504
1326.544689 306.495720
1326.699123 306.350495
1326.894495 305.942907
1327.260602 305.438998
1326.515319 305.407100
1326.884085 304.770296
1326.944127 304.648993
1327.250516 304.349621
1327.204915 304.109260
1326.937501 303.850445
1327.185788 303.092647
1327.158241 303.133094
1327.373493 302.827413
1327.340974 302.350062
1327.400769 302.033087
1327.660969 301.693486
1327.682297 301.317423
1327.649879 300.870456
1327.775616 300.745011
1327.878245 300.546666
1327.999174 299.950974
1327.992621 299.734100
1328.046414 299.536947
1328.134001 299.437113
1328.254271 298.848332
1328.202392 298.347399
1328.459731 298.110422
1328.387465 297.753804
1328.731972 297.278223
1328.760732 296.877132
1328.837384 296.577665
1329.043175 296.198028
1328.861312 296.084596
1329.147850 295.766733
1329.015823 295.424856
1329.079232 295.214090
1329.360199 294.766687
1329.098108 294.491804
1329.263657 294.085129
1329.558489 293.640640
1329.520256 293.328239
1329.555369 292.934272
1329.610485 292.703290
1329.624931 292.760122
1329.944306 291.964893
1329.720871 291.926890
1329.874699 291.310000
1329.840499 291.126746
1330.177208 290.539808
1330.204402 290.530300
1330.529180 289.863922
1330.016977 289.589011
1330.392519 289.278035
1330.508690 288.902840
1330.578362 288.600018
1330.621356 288.428169
1330.629908 288.303717
1330.370757 287.826393
1331.072728 287.518660
1330.813841 286.677418
1331.178449 286.503520
1331.260468 286.226306
1331.262298 286.073742
1331.287193 285.728419
1331.215137 285.339073
1331.164229 284.764847
1331.308190 284.687535
1331.561625 284.481057
1331.620904 283.913556
1331.544287 283.550227
1331.629163 283.027054
1331.753515 283.239676
1332.032058 282.816794
1332.190429 282.417651
1331.795076 281.921573
1331.917651 281.766978
1332.068251 281.361116
1332.550619 281.071199
1332.574225 280.549241
1332.242320 280.141316
1332.289357 279.948982
1332.746067 279.483103
1332.844979 278.910816
1332.576005 279.182478
1332.793012 278.705986
1332.611780 277.992712
1332.699274 278.056631
1332.738520 277.536742
1333.183340 277.057294
1332.732011 276.932252
1333.481077 276.712455
1333.453382 275.694739
1333.367991 276.139020
1333.576336 275.290471
1333.580766 275.486092
1333.675768 274.727278
1333.718121 274.617849
1333.894408 274.119620
1333.666446 274.094861
1334.021580 273.483765
1334.021331 273.451463
1334.053874 272.745335
1334.164496 272.756472
1334.317455 272.207149
1334.184943 271.695350
1334.382617 271.447406
1334.318645 270.980630
1334.465898 270.989018
1334.692395 270.644585
1334.613552 270.380769
1334.831496 269.937175
1334.876413 269.595550
1335.170375 269.085282
1335.050730 269.104994
1335.139504 268.260225
1335.164106 268.002659
1335.483759 267.790054
1335.532565 267.712980
1335.444728 267.017551
1335.312240 267.018749
1335.784679 266.356152
1335.692014 266.377503
1335.703680 265.809543
1335.876591 265.395023
1335.926142 264.835241
1336.001552 264.604723
1336.153277 264.559417
1336.210835 263.969090
1336.407140 263.544720
1336.325041 263.202008
1336.191079 263.287310
1336.742813 262.650257
1336.641709 262.239921
1336.475991 261.983133
1336.511187 261.921699
1336.680736 261.268656
1336.968829 260.947120
1336.948998 260.814149
1337.005328 260.331456
1336.975781 259.868105
1337.352876 259.560542
1337.158832 259.380749
1337.022488 259.034372
1337.456577 258.388468
1337.634613 258.048195
1337.417540 257.815613
1337.612304 257.263733
1337.742194 257.364046
1337.885993 257.074782
1338.077267 256.605649
1337.843918 256.234282
1337.869335 255.601470
1338.079972 255.378419
1338.220484 254.936474
1338.259150 254.525481
1338.375582 254.327785
1338.257112 254.230600
1338.469300 253.648535
1338.299797 253.501977
1338.831617 253.009662
1339.025191 252.651455
1338.711994 252.403490
1338.805163 252.107302
1339.065820 251.542178
1339.171701 251.398012
1338.862373 251.067510
1339.213492 250.629732
1339.331016 250.619850
1339.374942 249.986835
1339.375278 249.696302
1339.390531 249.221098
1339.811059 248.682227
1339.732762 249.132540
1339.851123 248.379635
1340.023621 248.121998
1339.968309 247.927545
1340.032975 247.490629
1340.146996 246.990755
1339.894882 246.611665
1340.159302 246.030506
1340.439459 245.891341
1340.556868 245.582837
1340.282134 245.401361
1340.320384 244.605707
1340.842645 244.582175
1340.827669 244.065045
1340.982593 243.942109
1341.208356 243.450395
1340.859867 243.279342
1341.104929 242.851835
1341.421891 242.495024
1341.294111 242.202462
1341.279505 241.884919
1341.673542 241.403735
1341.452029 241.056968
1341.474985 240.439932
1341.683767 240.364918
1342.010074 240.051254
1342.110258 239.843811
1341.940315 239.418738
1342.116234 239.173102
1342.366510 238.748421
1342.117008 238.323567
1342.233275 237.670347
1342.309116 237.516553
1342.599550 237.227549
1342.625916 236.961097
1342.375808 236.520650
1342.808803 236.351616
1342.816445 236.192156
1342.740335 235.833804
1342.910318 235.339372
1343.103906 234.970180
1343.089916 234.475916
1342.952002 234.243593
1343.076469 233.846165
1343.119245 233.451013
1343.474623 233.180577
1343.527194 232.837261
1343.679735 232.630367
1343.537642 232.108291
1343.474313 231.518037
1343.773176 231.410712
1343.954150 231.115804
1344.111759 230.780870
1343.936801 230.490154
1344.257858 229.922482
1344.129030 229.877266
1344.177882 229.387246
1344.136438 228.829445
1344.517406 228.554987
1344.353896 228.090750
1344.561357 228.144976
1344.713010 227.497962
1344.609419 227.286219
1345.245123 227.127423
1345.084844 226.349844
1345.020444 226.040436
1344.971883 225.713060
1345.400802 225.476496
1345.027677 225.123575
1345.354252 224.946897
1345.492707 224.508070
1345.520655 224.253442
1345.636510 223.915041
1345.705634 223.741470
1345.934255 223.353973
1345.902380 222.765122
1346.190869 222.732115
1345.930507 222.107103
1346.052475 221.767202
1346.178485 221.186940
1346.404956 220.791818
1346.532582 220.778605
1346.348170 220.323298
1346.800370 220.180556
1346.928491 219.995176
1346.763843 219.402121
1346.883773 218.795583
1347.131021 218.759259
1347.054425 218.401035
1347.088935 218.033603
1347.407114 217.621593
1347.582285 217.346462
1347.489758 216.787516
1347.679472 216.488698
1347.516906 216.185956
1347.715518 215.724775
1347.452934 215.593185
1347.947409 215.307843
1347.703171 214.798194
1347.882769 214.348886
1347.894440 214.184537
1348.164051 213.611376
1348.103116 213.418491
1348.301352 213.117723
1348.279856 212.757470
1348.127528 212.243124
1348.793518 211.958508
1348.987452 211.266642
1349.006425 211.090926
1348.829980 210.940493
1348.672851 210.934970
1348.652684 210.315171
1348.962226 209.957038
1349.086486 209.597360
1349.066279 209.339430
1349.199536 208.802724
1349.641196 208.536031
1349.580485 208.303121
1349.557375 208.159697
1349.699215 207.373857
1349.611080 207.118990
1349.382175 206.898502
1349.798436 206.574617
1349.818389 206.167918
1349.872719 205.673052
1350.046064 205.198179
1350.252635 204.976529
1350.368117 204.599804
1350.138433 204.587992
1350.705493 204.082967
1350.770398 203.648987
1350.505198 203.131556
1350.842930 203.010867
1350.763738 202.334923
1350.768769 202.465827
1351.134576 202.006544
1351.034690 201.550027
1350.998956 201.048170
1350.980572 200.652268
1351.300651 200.344216
1351.433826 200.311390
1351.400146 199.717714
1351.452169 199.517905
1351.624268 199.130453
1351.940129 198.930984
1351.589610 198.145872
1351.805634 198.307601
1352.088006 197.686548
1352.151012 197.168198
1352.257846 197.117134
1352.288834 196.499508
1352.013313 196.185981
1352.475208 196.014475
1352.635877 195.907188
1352.493970 195.327285
1352.660925 194.841697
1353.065047 194.731469
1352.915362 194.271400
1353.140967 193.863335
1353.022472 193.644607
1353.030646 193.229875
1353.318888 193.160240
1353.352542 192.658859
1353.358797 192.222692
1353.677117 191.849081
1353.384163 191.579333
1353.684436 190.819289
1353.738327 190.890807
1353.938752 190.393340
1353.882933 189.951913
1354.184287 189.976255
1353.981504 189.423113
1354.344974 189.087460
1354.200999 188.719535
1354.315374 188.307582
1354.216591 187.980054
1354.509980 187.669955
1354.589319 187.116388
1354.600729 186.909974
1354.725602 186.673403
1354.882554 186.239724
1354.936336 186.041972
1355.104902 185.443291
1354.855059 185.360227
1355.294481 185.182323
1355.402397 184.707997
1355.595307 184.379354
1355.687779 183.565881
1355.477056 183.589460
1355.672851 183.261391
1355.901012 182.897025
1355.937385 182.365118
1356.096357 182.020438
1355.985439 181.833159
1356.140490 181.278231
1356.298665 180.930762
1356.408060 180.368486
1356.541056 180.492568
1356.610419 180.070026
1356.457090 179.690244
1356.623488 179.237503
1356.617638 178.922342
1356.809560 178.589504
1356.827263 178.174502
1356.910734 177.821630
1357.185323 177.495725
1357.096011 177.383841
1357.425429 176.918194
1357.300811 176.681599
1357.421250 176.281905
1357.504228 175.765756
1357.586397 175.495325
1357.612837 175.109917
1357.736302 174.885604
1358.047081 174.737481
1358.052767 173.758584
1357.995864 173.834902
1358.406561 173.319952
1358.109674 173.010369
1358.439923 172.705417
1358.357774 172.432879
1358.644466 172.098144
1358.673273 171.537377
1358.792036 171.375337
1358.993398 171.108731
1358.857597 170.574063
1359.150329 170.389541
1358.954620 169.934379
1359.004110 169.385851
1359.317366 169.256745
1359.081056 168.735656
1359.441376 168.786505
1359.384935 168.153051
1359.830447 167.795127
1359.648479 167.399986
1359.695322 167.136200
1359.702289 166.836801
1360.059287 166.508085
1359.747318 165.684269
1360.231606 165.997756
1360.425099 165.388073
1360.263536 164.923432
1360.076545 164.711987
1360.489812 164.668683
1360.682956 163.990975
1360.782323 163.257507
1360.773742 163.091950
1360.959398 163.109020
1361.091989 162.639460
1361.132432 162.068838
1361.137970 161.768383
1361.216493 161.514177
1361.268773 161.099214
1361.281451 160.920020
1361.581145 160.315682
1361.211430 160.028372
1361.328521 159.759567
1361.782998 159.771975
1361.810262 159.201872
1361.560066 158.997287
1361.897124 158.372979
1361.907841 158.012424
1362.346795 157.850573
1362.280716 157.369248
1362.394541 157.027815
1362.437116 156.767317
1362.393664 156.288823
1362.521812 156.095570
1362.670922 155.649455
1362.803587 155.003056
1363.125962 155.212956
1363.053393 154.594236
1363.516081 154.433115
1362.904084 153.814253
1363.087507 153.663867
1363.491244 153.165790
1363.443842 152.693352
1363.720116 152.457241
1363.761017 152.237783
1363.522247 152.150278
1364.033276 151.546619
1363.794277 151.056398
1364.155943 150.577879
1364.298794 150.597066
1364.153701 150.013052
1364.398941 149.545857
1364.605708 149.096955
1364.414245 148.901414
1364.459899 148.908276
1364.693688 148.535529
1364.727179 147.847185
1364.622106 147.548691
1364.831772 147.153620
1364.972916 146.854165
1365.045835 146.784531
1365.307868 146.280392
1365.337994 145.798938
1365.423033 145.701059
1365.368766 145.190337
1365.646019 144.794117
1365.584751 144.506928
1365.697931 144.231485
1365.670170 143.802747
1366.014093 143.435593
1365.946603 143.046952
1366.336609 142.734212
1366.224796 142.456316
1366.205763 141.936948
1366.633868 141.864061
1366.318418 141.243296
1366.917812 141.009736
1366.927202 140.427219
1366.752380 140.504600
1366.699135 139.920849
1367.008840 139.695985
1366.822493 139.370785
1366.943141 138.954290
1367.218310 138.507265
1367.556210 137.999102
1367.498763 137.953627
1367.902813 137.467461
1367.546444 137.247265
1367.678813 137.143520
1367.743068 136.772486
1367.898466 136.307433
1368.113439 135.681277
1368.143260 135.584676
1368.346168 135.057565
1368.090010 134.953196
1368.604571 134.106482
1368.376312 134.118167
1368.615950 133.774595
1368.638153 133.397127
1368.722731 133.083455
1368.686306 132.654225
1369.193607 132.090699
1368.767915 131.633265
1368.910712 131.766016
1369.105629 131.170733
1369.079774 131.421876
1369.615879 130.509614
1369.610207 130.194195
1369.820222 129.995534
1369.655666 129.889541
1369.780528 129.260693
1369.759015 129.107559
1370.169167 128.745029
1370.000127 128.290197
1370.121114 127.765728
1370.112010 127.359532
1370.393754 126.973538
1370.842030 126.860320
1370.423071 126.664588
1370.936362 126.236337
1370.643271 125.837924
1370.725733 125.220663
1371.246118 125.231749
1371.064929 124.617161
1371.009884 124.438661
1371.152378 124.251455
1371.250626 123.883341
1371.740628 123.283910
1371.648540 122.985298
1371.529715 122.772999
1371.628259 122.350344
1371.539693 121.813285
1371.834250 121.631985
1371.890967 121.178274
1372.024462 121.144213
1371.980472 120.472146
1371.953915 120.280243
1372.388211 119.892270
1372.382675 119.520314
1372.775966 119.279629
1372.328495 118.790350
1372.604951 118.592994
1372.827426 118.062915
1372.690149 117.801505
1373.058148 117.694520
1372.948424 117.203783
1372.950392 116.917937
1373.198076 116.608211
1373.256689 116.221930
1373.325733 115.933521
1373.931739 115.522300
1373.664841 115.002563
1373.918281 114.741964
1373.921235 114.564213
1374.068110 113.961199
1374.071658 113.773366
1374.262069 113.445594
1374.212561 113.270235
1374.261869 112.807811
1374.372012 112.572144
1374.398017 112.185989
1374.339843 111.372967
1374.667934 111.497945
1374.783594 111.066480
1374.850973 110.512232
1374.874038 110.524131
1375.111209 110.058660
1375.381000 109.670136
1375.243238 109.336622
1375.439670 108.960359
1375.411200 108.635788
1375.408962 108.210360
1375.817195 107.747180
1375.646858 107.716585
1375.956124 107.383816
1376.156620 106.790069
1376.055160 106.876542
1376.177508 106.235561
1376.156654 105.698978
1376.497364 105.461192
1376.586459 105.252632
1376.679655 104.633173
1376.457379 104.633966
1376.374165 104.216871
1376.833335 103.833039
1376.894335 103.653572
1377.210302 103.105329
1377.062734 102.835533
1377.296136 102.485033
1377.220163 101.895456
1377.379788 101.846098
1377.177987 101.148746
1377.529351 101.209239
1377.625986 100.534925
1377.574837 100.246341
1377.748275 100.095537
1377.956397 99.447663
1377.902411 99.309568
1378.044179 99.028514
1378.239245 98.473517
1378.479516 98.355399
1378.640728 98.072610
1378.496741 97.562366
1378.863570 97.382433
1378.877580 96.737118
1378.824420 96.577198
1378.848272 96.462691
1379.145358 96.038741
1378.979154 95.749012
1379.181904 95.242674
1379.739322 94.628066
1379.091242 94.489058
1379.714293 94.122786
1379.241065 93.782282
1379.539045 93.604017
1379.605490 93.408720
1379.992806 92.903475
1379.906921 92.500891
1379.999971 92.173708
1380.257357 91.776707
1380.078917 91.460619
1380.209069 91.422872
1380.691393 90.963852
1380.641579 90.019592
1380.585178 90.338393
1380.876360 90.049071
1380.874673 89.399944
1380.989581 88.983531
1381.013605 88.927477
1381.407555 88.300077
1381.557330 88.076743
1381.130046 87.803351
1381.315538 87.693416
1381.561550 87.143955
1381.719269 86.637699
1381.723272 86.389920
1381.917879 86.210222
1381.719192 85.429112
1382.237604 85.550207
1382.307086 85.071217
1382.321407 84.403244
1382.147152 84.535226
1382.445468 84.114236
1382.554887 83.665232
1382.426722 83.019371
1382.748961 82.597818
1382.916825 82.889605
1382.905395 82.353314
1382.973505 82.033188
1383.224090 81.432173
1382.974055 81.310179
1383.314022 81.022019
1383.389772 80.323709
1383.518228 80.499493
1383.591208 79.588216
1383.782046 79.556825
1383.907678 79.344739
1383.807418 79.054750
1384.271098 78.661209
1384.171769 78.132848
1384.137548 78.032057
1384.166652 77.395686
1384.635588 76.826334
1384.421724 77.095507
1384.682491 76.643584
1384.858064 76.260193
1384.805932 75.753632
1384.970548 75.454351
1385.054581 74.901579
1385.587413 74.766708
1385.214698 74.535222
1385.201897 74.345099
1385.289013 73.766521
1385.573886 73.458717
1385.602154 73.373286
1385.863103 72.891632
1385.521775 72.398800
1386.027424 72.180854
1385.833880 72.165865
1385.973220 71.616132
1386.172894 71.147078
1386.342346 70.650006
1386.570935 70.364874
1386.539320 70.043180
1386.666338 69.639761
1387.011313 69.575243
1386.780086 68.989086
1387.187098 68.751563
1387.192677 68.211810
1387.325210 68.155671
1387.207714 67.738216
1387.310638 67.475179
1387.405222 67.125517
1387.511283 67.120580
1387.567014 66.524353
1387.724189 66.113410
1387.570615 65.952925
1387.838983 65.576519
1387.844409 65.016476
1388.156341 64.788899
1388.066560 64.574063
1388.155402 64.248979
1388.580757 63.606578
1388.494792 63.371292
1388.662103 63.206963
1388.715854 62.818125
1388.631356 62.590780
1388.647490 61.985164
1389.153153 61.526193
1388.832976 61.507699
1389.210295 61.005522
1389.326115 60.647507
1389.616219 60.556099
1389.614144 59.842349
1389.704192 59.772891
1389.992487 59.535900
1389.752558 59.093888
1389.964047 58.685641
1389.809261 58.373125
1390.342575 57.987323
1390.194983 58.017598
1390.408588 57.539162
1390.386671 57.186364
1390.512355 56.983203
1390.680482 56.546811
1390.865108 56.301264
1390.836923 55.733343
1391.026403 55.467489
1390.696283 55.232750
1391.236739 54.979517
1391.350447 54.640779
1391.227599 54.307147
1391.535579 53.622389
1391.512253 53.349995
1391.648885 53.212935
1391.674293 52.924275
1391.727071 52.330171
1391.772258 52.234985
1392.225210 51.654286
1392.106257 51.707011
1392.283488 51.016771
1392.497361 50.692577
1392.739490 50.408869
1392.662165 50.017391
1392.746955 49.766420
1392.861974 49.528084
1392.851086 49.145340
1392.758490 48.859746
1392.808903 48.684895
1393.163137 48.204132
1393.164550 47.832309
1393.648182 47.767744
1393.210205 47.295623
1393.595212 46.880459
1393.659218 46.169332
1393.800713 46.262797
1393.952023 45.945950
1393.819777 45.402339
1393.913886 45.211443
1393.996734 44.904135
1394.266507 44.292229
1394.441973 44.358670
1394.630017 43.925138
1394.510222 43.482912
1395.049389 43.184746
1394.849870 42.795796
1394.880171 42.484142
1394.649837 42.216126
1395.135818 41.967595
1394.944930 41.969725
1395.170920 41.344214
1395.597644 40.934906
1395.411935 40.248945
1395.625762 40.203765
1395.696808 39.849420
1395.801931 39.645284
1395.786178 39.574774
1396.191904 39.338429
1396.118149 38.746963
1396.189759 38.287117
1396.215230 37.761056
1396.470561 37.850155
1396.721787 37.161476
1396.562146 37.063189
1396.929327 36.511715
1396.764543 36.245867
1396.836917 35.852313
1397.301249 35.876489
1397.266710 35.180725
1397.368365 34.712965
1397.418985 34.597120
1397.277806 34.322601
1397.691760 33.971020
1397.487783 33.523344
1397.835303 33.175149
1397.729914 33.256047
1397.751991 32.596933
1397.980270 32.534392
1398.128467 32.040785
1398.248887 31.646114
1398.443581 31.252120
1398.523844 31.329267
1398.577867 30.737241
1398.500826 30.456192
1398.835117 30.068479
1398.645504 29.891836
1398.875411 29.456284
1399.053475 29.021899
1399.159868 28.562290
1399.414263 28.665248
1399.401676 28.271685
1399.373811 27.994768
1399.651806 27.477641
1399.630556 27.073005
1400.016666 27.077099
1399.590482 26.628675
1400.041394 26.210017
1400.269362 26.133316
1400.180291 25.434917
1400.418494 25.029250
1400.432319 25.126082
1400.625536 24.354889
1400.889699 24.364452
1400.596412 24.127294
1400.921984 23.737311
1401.111631 23.367904
1400.942555 23.061850
1401.156670 22.626036
1401.164733 22.174761
1401.381205 22.055137
1401.431045 21.825343
1401.481058 21.373852
1401.592863 21.094021
1401.958558 20.475452
1401.860819 20.484292
1402.003126 20.041291
1401.989639 20.015576
1402.209551 19.347298
1402.275987 19.138019
1402.553030 18.776676
1402.738520 18.544176
1402.837535 17.985544
1402.824688 17.672593
1402.666993 17.760290
1402.925303 17.084413
1403.203198 16.998345
1403.010404 16.785435
1403.166150 16.276027
1403.542845 15.784200
1403.583186 15.486024
1403.522275 14.893382
1403.678769 14.837752
1403.874416 14.608981
1403.986448 14.176460
1403.889793 13.910589
1404.047920 13.637526
1404.008888 13.413483
1404.218764 13.097086
1404.202643 12.686431
1404.546055 12.345080
1404.866583 12.029280
1404.668634 11.751801
1404.887650 11.431655
1405.016251 11.117068
1405.439583 10.778588
1405.127212 10.457928
1405.085732 10.277222
1405.423496 9.798818
1405.450533 9.333653
1405.521972 8.973686
1405.786653 8.887315
1405.823425 8.572114
1406.118852 8.186267
1405.772580 8.001486
1406.000592 7.372320
1406.313383 6.964886
1406.321402 6.995443
1406.316142 6.602180
1406.478782 6.176687
1406.730251 6.051488
1406.761100 5.731660
1407.112396 5.449130
1406.895620 4.966088
1407.178018 4.768526
1407.170532 4.324387
1407.132542 4.247428
1407.232330 3.829905
1407.443662 3.495017
1407.214647 3.326851
1407.628330 2.903802
1407.916594 2.651449
1407.853497 2.262129
1407.832766 2.009651
1408.271545 1.747450
1408.357912 1.196824
1408.287460 0.902207
1408.448236 0.453723
1408.811950 0.578864
1408.670579 0.050177
1408.709152 -0.396663
1408.792945 -0.908057
1408.934925 -0.685855
1408.963112 -1.328574
1409.225289 -1.548783
1409.502788 -2.180581
1409.483240 -2.185092
1409.417421 -2.673305
1409.711690 -2.865501
1409.854636 -2.973179
1409.616501 -3.443735
1409.974194 -3.722753
1409.882727 -4.024240
1410.323910 -4.343943
1410.122672 -4.441981
1410.322114 -5.139707
1410.609998 -5.302905
1410.529007 -5.677213
1410.469634 -6.093592
1410.926272 -6.078612
1410.869380 -6.466403
1411.179555 -6.833087
1411.243997 -7.291848
1411.064738 -7.673474
1411.338606 -8.101060
1411.330745 -8.171424
1411.536011 -8.728913
1411.606200 -8.791289
1411.519973 -9.196495
1412.028933 -9.192480
1412.027217 -9.816397
1411.900863 -10.463671
1411.946156 -10.427263
1412.362743 -10.800559
1412.185645 -10.949954
1412.650928 -11.388490
1412.459185 -11.381299
1412.840966 -11.982714
1412.812199 -12.285440
1412.966615 -12.263828
1413.025926 -12.869969
1412.903105 -13.006382
1413.019790 -13.388001
1413.257707 -13.924912
1413.592077 -14.258222
1413.673206 -14.456232
1413.661335 -14.677067
1413.969668 -14.848234
1413.623209 -15.362880
1413.899403 -15.734257
1414.100738 -15.970712
1414.151601 -16.364944
1414.093394 -16.496332
1414.295713 -16.948336
1414.465899 -17.115840
1414.825951 -17.418043
1414.956131 -17.444198
1414.544793 -18.042973
1414.876148 -18.391126
1414.918778 -18.945992
1415.224961 -18.722028
1415.405299 -19.272684
1415.431577 -19.399006
1415.330014 -20.113386
1415.351053 -19.999813
1415.602110 -20.433668
1416.021802 -20.659434
1416.059102 -21.204011
1416.231858 -21.460251
1416.037477 -21.848788
1416.291912 -22.148646
1416.457956 -22.457859
1416.664823 -22.911481
1416.467246 -22.904344
1416.969501 -23.040929
1416.738952 -23.551002
1416.857205 -23.817966
1416.762628 -24.248752
1416.797030 -24.971935
1417.044847 -24.657721
1417.287757 -25.101619
1417.287949 -25.394522
1417.537456 -25.778490
1417.422339 -26.091380
1417.633085 -26.164049
1417.762547 -26.796080
1417.914572 -26.893126
1418.012590 -27.334395
1418.116116 -27.506185
1418.534031 -27.738488
1418.562554 -28.044649
1418.432389 -28.422590
1418.515139 -28.780433
1418.916541 -28.944392
1418.820091 -29.598138
1418.663733 -29.289635
1418.906416 -29.805463
1419.049271 -29.964578
1419.018089 -30.651781
1419.385986 -31.112205
1419.438390 -30.972352
1419.444965 -31.338873
1419.602805 -31.922382
1419.776674 -32.230429
1420.041623 -32.364220
1420.054457 -32.592336
1420.050823 -32.986874
1420.312520 -33.311780
1420.391283 -33.606819
1420.308653 -33.830297
1420.614599 -34.128072
1420.797593 -34.490345
1420.700163 -34.455752
1420.724413 -35.416656
1420.986091 -35.493748
1421.061700 -35.605364
1421.108708 -36.141477
1421.389163 -36.207454
1421.189477 -36.522372
1421.609160 -36.539571
1421.541222 -36.986705
1421.594400 -37.601740
1421.902818 -37.655937
1421.844160 -37.809429
1422.060148 -38.129545
1422.263531 -38.597175
1422.185499 -38.968995
1422.193554 -39.209626
1422.360992 -39.461836
1422.309993 -39.584576
1422.867636 -40.312156
1422.793771 -40.351052
1422.883361 -40.594346
1422.907165 -41.392144
1423.104551 -41.096173
1423.261730 -41.585352
1423.407038 -41.855503
1423.231739 -42.255015
1423.562759 -42.578861
1423.407956 -42.847924
1423.888358 -42.995126
1424.099481 -43.130720
1423.731524 -43.666621
1424.128522 -43.889179
1424.243330 -44.272654
1424.337102 -44.577641
1424.290339 -44.802765
1424.299478 -45.170891
1424.489105 -45.181836
1424.633146 -45.610508
1424.747010 -46.018229
1424.885282 -46.018768
1425.218642 -46.575790
1425.017028 -47.034041
1425.250664 -47.496190
1425.413165 -47.645056
1425.508433 -47.843444
1425.746913 -47.928038
1425.861746 -48.504944
1425.857875 -48.648489
1425.968831 -48.737992
1426.129731 -49.278344
1426.208816 -49.567529
1426.430084 -49.978689
1426.347059 -49.869774
1426.460158 -50.308638
1426.694034 -50.655308
1426.634208 -51.022857
1426.609060 -51.358810
1427.233036 -51.755058
1426.865807 -52.098096
1427.333424 -52.343518
1427.198363 -52.416573
1427.497782 -52.553995
1427.573456 -53.017943
1427.655820 -53.201038
1427.694127 -53.592931
1427.780910 -54.003680
1428.011919 -53.960967
1428.118928 -54.263288
1428.091715 -54.735846
1428.332111 -55.278934
1428.202896 -55.553147
1428.363265 -55.655381
1428.676048 -55.690190
1428.614927 -56.318689
1428.856393 -56.580215
1428.917811 -57.011577
1429.158936 -56.909825
1429.308312 -57.364765
1429.117182 -57.782253
1429.146248 -58.012785
1429.572563 -58.154311
1429.330488 -58.309005
1429.787923 -58.786650
1430.224529 -59.156795
1430.169338 -59.210704
1429.825097 -59.662530
1430.328870 -60.275318
1430.236074 -60.213346
1430.172813 -60.315373
1430.636454 -60.948083
1430.494364 -61.229931
1430.802093 -61.284098
1430.816210 -61.968808
1430.903353 -61.903827
1430.895288 -62.339000
1431.063551 -62.330830
1431.468950 -62.926551
1431.357986 -62.986950
1431.388970 -63.194732
1431.758023 -63.804355
1431.837404 -63.668386
1431.876873 -64.135762
1432.403484 -64.585687
1432.036457 -64.832207
1432.257498 -65.017683
1432.167103 -65.473772
1432.591741 -65.608918
1432.394946 -65.871639
1432.652440 -66.004928
1432.701140 -66.617117
1433.034835 -66.694383
1433.001434 -66.916256
1432.862202 -67.319599
1433.379780 -67.657170
1433.349907 -68.151925
1433.334133 -68.379730
1433.561274 -68.511770
1433.835097 -68.683107
1433.657942 -69.136164
1434.174686 -69.419181
1433.927879 -69.487922
1434.140350 -69.732635
1434.000239 -70.309723
1434.282860 -70.340519
1434.482964 -70.687713
1434.541107 -71.210641
1434.787216 -71.165271
1434.733365 -71.817513
1434.926199 -71.752159
1434.630686 -72.054716
1435.113413 -72.136644
1435.270975 -72.672569
1435.148216 -72.803540
1435.239510 -73.478471
1435.360765 -73.483234
1435.493402 -73.772809
1435.992318 -74.095076
1435.935663 -74.142279
1435.629559 -74.620334
1435.860493 -75.171446
1436.139451 -75.173954
1436.345967 -75.195443
1436.533982 -75.263539
1436.599789 -76.002815
1436.622800 -76.197601
1436.991914 -76.604405
1436.982180 -76.785049
1436.994283 -76.945667
1436.854909 -77.335813
1437.071099 -77.842131
1437.328119 -78.245096
1437.536731 -78.062590
1437.429887 -78.659421
1437.574321 -78.824579
1437.515230 -79.123193
1437.751114 -79.583936
1437.914711 -79.625649
1437.990500 -79.833310
1438.221995 -80.203517
1438.187725 -80.453775
1438.539978 -80.658594
1438.764780 -80.969491
1438.863042 -81.191358
1438.837549 -81.428645
1438.762122 -81.837363
1439.053021 -82.213444
1438.814216 -82.577374
1439.276621 -82.794745
1439.312120 -82.652474
1439.263104 -83.257491
1439.449203 -83.392126
1439.731515 -83.649282
1440.013856 -84.020059
1439.856693 -84.215981
1440.025962 -84.448442
1440.284426 -85.013494
1439.952137 -85.156317
1440.198455 -85.307004
1440.532739 -85.885558
1440.637951 -85.940323
1440.695871 -85.970949
1440.622855 -86.441480
1440.639046 -86.660216
1440.843441 -86.767424
1441.367129 -87.250670
1440.879039 -87.742800
1441.347274 -88.211515
1441.448057 -87.920096
1441.459621 -88.445495
1441.567888 -88.548580
1441.870230 -88.928116
1442.082600 -89.102129
1441.882719 -89.379968
1442.251688 -89.815582
1442.090181 -89.862259
1442.319265 -90.334438
1442.322561 -90.723323
1442.583964 -90.791813
1442.910773 -91.124272
1442.542497 -91.259150
1442.971349 -91.641643
1442.908049 -91.805490
1443.145420 -91.925860
1443.316210 -92.427271
1443.472008 -92.765911
1443.555134 -93.026060
1443.544195 -93.281662
1443.571571 -93.623206
1443.806837 -93.679504
1444.015476 -94.166031
1443.867885 -94.518242
1444.157039 -94.379673
1444.224713 -94.487794
1444.392019 -95.091754
1444.118570 -95.633317
1444.581697 -95.258794
1444.725102 -95.963274
1444.663626 -96.017598
1444.846917 -96.667139
1444.777471 -96.888706
1445.134949 -96.929464
1445.242670 -97.305858
1445.611098 -97.607675
1445.590351 -97.720954
1445.699217 -97.810052
1445.659481 -98.196705
1445.687875 -98.419873
1445.600733 -98.694392
1446.340826 -98.840820
1446.406327 -99.047194
1446.432490 -99.320620
1446.492711 -99.450066
1446.584276 -100.140990
1446.463216 -100.342196
1446.777089 -100.561974
1446.795776 -100.915519
1447.180302 -100.991525
1447.205878 -101.251296
1447.362637 -101.795315
1447.200660 -101.819735
1447.359918 -102.273769
1447.513098 -102.580048
1447.440258 -102.773667
1447.432613 -102.876603
1447.997400 -102.963585
1447.901348 -103.440903
1447.714836 -103.609416
1448.169467 -104.015048
1448.118340 -104.209227
1448.595979 -104.597683
1448.152535 -104.572321
1448.532651 -104.952544
1448.589897 -105.177121
1448.709987 -105.533087
1448.937147 -105.747633
1448.991941 -105.986563
1449.420157 -105.951384
1449.560364 -106.545265
1449.961121 -106.621384
1449.606506 -107.150011
1449.704530 -107.418455
1449.706071 -107.527820
1449.866117 -107.334582
1449.738554 -108.040396
1450.168433 -108.724418
1450.193407 -108.486325
1450.676731 -108.864670
1450.676378 -109.165890
1450.671075 -109.480244
1450.476096 -109.526465
1450.997010 -109.903661
1451.113240 -110.098716
1450.830617 -110.714884
1450.956392 -110.807931
1451.341689 -110.843602
1451.591510 -111.407210
1451.485970 -111.289979
1451.683073 -111.507672
1451.707307 -111.771218
1452.154846 -112.180479
1452.083796 -112.438191
1452.004638 -112.894473
1452.187778 -113.008497
1452.312421 -113.207983
1452.625059 -113.113216
1452.491988 -113.829624
1452.683013 -114.126433
1452.720222 -113.984917
1452.656557 -114.608786
1453.021287 -114.932362
1453.007507 -114.912720
1453.178878 -115.347550
1453.224730 -115.292051
1453.435097 -115.827523
1453.585699 -115.894645
1453.902660 -116.345992
1453.826475 -116.310654
1453.659674 -116.471490
1454.080761 -116.794865
1453.965893 -117.152868
1454.089564 -117.830261
1454.392227 -117.508748
1454.504427 -117.721808
1454.810938 -118.554043
1454.664383 -118.311260
1454.558425 -118.826149
1455.091692 -118.898507
1455.296447 -119.245914
1455.233499 -119.713799
1455.298655 -119.864033
1455.301857 -120.027325
1455.505462 -120.197279
1455.924671 -120.051606
1455.685025 -120.460547
1456.021977 -121.097112
1456.209770 -121.002761
1456.073560 -121.283206
1456.259309 -121.399012
1456.281685 -121.927054
1456.290791 -122.240742
1456.585943 -122.414272
1456.568066 -122.677315
1456.468973 -122.835779
1457.174582 -122.924973
1457.019900 -123.279886
1456.966981 -123.705634
1456.993475 -123.998134
1457.110785 -124.258073
1457.598934 -124.304499
1457.796558 -124.581392
1457.766667 -125.232060
1457.546556 -125.318620
1457.760461 -125.305597
1457.625304 -125.380917
1458.343167 -125.722669
1458.231815 -126.018516
1458.386974 -126.157772
1458.528226 -126.536750
1458.694097 -126.871538
1458.839284 -127.025802
1458.811366 -127.241465
1459.035631 -127.738522
1459.287645 -127.532706
1459.129154 -127.647559
1459.006186 -128.052348
1459.310507 -128.456642
1459.772657 -128.515097
1459.958510 -128.642745
1459.740382 -129.047623
1459.720247 -129.582702
1459.842886 -129.799395
1460.107690 -130.070946
1460.206850 -130.211906
1459.994047 -130.061639
1460.645057 -130.796363
1460.844820 -130.770031
1460.684833 -130.971953
1460.632628 -131.325011
1461.089552 -131.628074
1461.303658 -131.778370
1460.999971 -131.904800
1461.150032 -132.312890
1461.104328 -132.330859
1461.792299 -132.780775
1461.749044 -133.010934
1461.636939 -133.243950
1462.099257 -133.314957
1461.985101 -133.801836
1462.051594 -133.973043
1462.090826 -134.112378
1462.218482 -134.214524
1462.615974 -134.675351
1462.651451 -134.994819
1462.636684 -135.114585
1462.709836 -135.377477
1462.932596 -135.526488
1463.037547 -135.625545
1463.125049 -136.067778
1463.253583 -136.034079
1463.230743 -136.397792
1463.494754 -136.650353
1463.741787 -137.011676
1463.655565 -137.423877
1464.051989 -137.523288
1463.605070 -137.771503
1463.947934 -137.738898
1464.274994 -138.122042
1464.020348 -138.469920
1464.169676 -138.247809
1464.597062 -138.772766
1464.577307 -139.181234
1464.643467 -139.041298
1464.984750 -139.689597
1464.679894 -139.705340
1465.167284 -140.053720
1465.351559 -140.144890
1465.307313 -140.383636
1465.401361 -140.705380
1465.251481 -140.961721
1465.760422 -141.103263
1465.762074 -141.575146
1465.775669 -141.823943
1465.909889 -141.987196
1466.247509 -142.010414
1466.314260 -142.513824
1466.404529 -142.665095
1466.465060 -142.806991
1466.516211 -143.095568
1466.651469 -143.032624
1467.040670 -143.406256
1466.813754 -143.853956
1467.144066 -143.926989
1467.285473 -144.242185
1467.127607 -144.500012
1467.409810 -144.796862
1467.552198 -144.995690
1467.600644 -145.020980
1467.607100 -145.247994
1467.862518 -145.480201
1468.195084 -145.784825
1467.869972 -145.840581
1468.118600 -146.050236
1468.223346 -146.562397
1468.037173 -146.679607
1468.599533 -146.812431
1468.866797 -147.120301
1468.617730 -147.129958
1468.883393 -147.543583
1469.030718 -147.735780
1469.282380 -147.840273
1469.192976 -148.261416
1469.331050 -148.434877
1469.616142 -148.686855
1469.403311 -148.685814
1469.897044 -148.912347
1469.865494 -149.337731
1469.942736 -149.436387
1470.035443 -149.774225
1470.114760 -150.108862
1470.189761 -150.092792
1470.539081 -150.586350
1470.381719 -150.565566
1470.558105 -150.828111
1470.671051 -150.745728
1470.705110 -151.520312
1470.858145 -151.765663
1470.910496 -151.821846
1471.441607 -151.868272
1471.123958 -152.341677
1471.468925 -152.360608
1471.517533 -152.462899
1471.573774 -152.827623
1471.852105 -153.162589
1471.957805 -153.313253
1471.987528 -153.557122
1471.989158 -153.657864
1472.234911 -154.299692
1472.284537 -154.139498
1472.648872 -154.195437
1472.364405 -154.483656
1472.663821 -154.763474
1472.736596 -155.246624
1472.969805 -155.259087
1473.004624 -155.578978
1473.121590 -155.766052
1472.994048 -155.831789
1473.304160 -156.004115
1473.711949 -156.360989
1473.691205 -156.613113
1473.520648 -156.839876
1473.940806 -157.000390
1473.890722 -157.208347
1474.082419 -157.299679
1474.263561 -157.695425
1474.057940 -157.859654
1474.405942 -157.862899
1474.937449 -158.134968
1474.161090 -158.533322
1474.739927 -158.967122
1475.129954 -158.901634
1474.865028 -158.982469
1475.319670 -159.487474
1475.213159 -159.381045
1475.523210 -159.696906
1475.361264 -159.907255
1475.496128 -160.169194
1475.875788 -160.384008
1475.866221 -160.512084
1476.263735 -161.007222
1476.121558 -161.174636
1476.496667 -161.079694
1476.184236 -161.336758
1476.520091 -161.813787
1476.674065 -162.154822
1476.535834 -162.007208
1476.556390 -162.379128
1476.810553 -162.784817
1477.057545 -162.598233
1477.098307 -162.813885
1477.323809 -163.023228
1477.416935 -163.271625
1477.427864 -163.391072
1477.760537 -163.882136
1477.628954 -164.012377
1477.959082 -163.930662
1477.750047 -164.552688
1477.936761 -164.592603
1478.114295 -164.758686
1478.115537 -165.223283
1478.454108 -165.136489
1478.402009 -165.297064
1478.617404 -166.097919
1478.728473 -165.736397
1479.129624 -166.144016
1479.051001 -166.163900
1479.122230 -166.460503
1479.377735 -166.462941
1479.310780 -166.866316
1479.464161 -167.061606
1479.286354 -167.173253
1479.703523 -167.396375
1479.604432 -167.676071
1479.789076 -168.120966
1480.145145 -168.154760
1480.013459 -168.505302
1480.215190 -168.846792
1480.385474 -168.742311
1480.385551 -169.073136
1480.574843 -169.335372
1480.419715 -169.138887
1480.623544 -169.515566
1481.280051 -169.826356
1481.005614 -170.086256
1481.092998 -170.298711
1481.296409 -170.418743
1481.407965 -170.535781
1481.366527 -170.711749
1481.582632 -170.762113
1481.528850 -171.096751
1481.841406 -171.461349
1481.820563 -171.639059
1482.253551 -171.823777
1482.392951 -172.080323
1482.307192 -172.042767
1482.307689 -172.589525
1482.514881 -172.629317
1482.752523 -172.723034
1482.956679 -173.205470
1483.075603 -173.539452
1483.023778 -173.450650
1483.288227 -173.606025
1483.169648 -173.810936
1483.187614 -174.228914
1483.546346 -173.978101
1483.654930 -174.462145
1483.975707 -174.352486
1484.000704 -174.804961
1483.717372 -174.786849
1484.205630 -175.266487
1484.055033 -175.644313
1484.167414 -175.454236
1484.359279 -175.734881
1484.820835 -175.943648
1484.384897 -176.287257
1484.801559 -176.401327
1484.575185 -176.512492
1485.152602 -176.576768
1485.282013 -177.005870
1485.185763 -176.980811
1485.499374 -177.376255
1485.534785 -177.384165
1485.673569 -177.400484
1485.694528 -178.013879
1485.886202 -178.260550
1486.183255 -178.305451
1486.048383 -178.761614
1485.923251 -178.571535
1486.114264 -178.810738
1486.395890 -179.020722
1486.464252 -179.365160
1486.575855 -179.631723
1487.136674 -179.458764
1486.985656 -179.970531
1486.917080 -180.099777
1487.342170 -180.111414
1487.350259 -180.623459
1487.275865 -180.639332
1487.427847 -180.673506
1487.503297 -181.029610
1487.409927 -180.916431
1487.773551 -181.165311
1487.505400 -181.215101
1487.976441 -181.707512
1488.014695 -181.939754
1488.040235 -182.146312
1488.355224 -182.506506
1488.470336 -182.328276
1488.596275 -182.521760
1488.992954 -182.904422
1488.812044 -182.995304
1489.166363 -183.378325
1489.110694 -183.213952
1489.361979 -183.505692
1489.393659 -183.973330
1489.378487 -183.829109
1489.614296 -184.236242
1489.715141 -184.230940
1489.589077 -184.769553
1489.786076 -184.558904
1489.859935 -185.044675
1490.315312 -185.077190
1490.279649 -185.346144
1490.553847 -185.613110
1490.606942 -185.849065
1490.342757 -185.568008
1490.765250 -186.030124
1490.782631 -186.213219
1491.032752 -186.435100
1490.709776 -186.518688
1491.141847 -186.810368
1491.405387 -186.764237
1491.334634 -187.012554
1491.587863 -187.288406
1491.494406 -187.309752
1491.864223 -187.735259
1491.946031 -187.929309
1491.812107 -188.014141
1492.056843 -188.133362
1492.389734 -188.490454
1492.587438 -188.733739
1492.487666 -188.887847
1492.542060 -188.798316
1492.779403 -189.080776
1492.858395 -189.282305
1493.095982 -189.438769
1493.199088 -189.774791
1493.049098 -189.830418
1493.336219 -190.004392
1493.531738 -190.430049
1493.511189 -190.586324
1493.473977 -190.486481
1493.670126 -190.734680
1493.909757 -190.912137
1493.594183 -191.331491
1494.365895 -191.343392
1494.110111 -191.282188
1494.457135 -191.666870
1494.537776 -191.707416
1494.834432 -192.014793
1495.015884 -192.111779
1494.664945 -192.235026
1494.823751 -192.775459
1494.963790 -192.564700
1495.172007 -192.678891
1495.399295 -192.970757
1495.307742 -193.311618
1495.724254 -193.281161
1495.727537 -193.860277
1495.744183 -193.817177
1495.720247 -194.031593
1495.992594 -194.258750
1496.258369 -194.357604
1496.232065 -194.386064
1496.385121 -194.721760
1496.626468 -194.869660
1496.683085 -194.902442
1496.617263 -195.229677
1496.782232 -195.369118
1496.791860 -195.546338
1497.151660 -195.641533
1497.198753 -195.986383
1497.298216 -196.010216
1497.548306 -196.504047
1497.569742 -196.130597
1497.790831 -196.515650
1497.789976 -196.661199
1497.662398 -196.862473
1498.270852 -197.171973
1498.265180 -197.349544
1498.199223 -197.591596
1498.283669 -197.409735
1498.400977 -197.723361
1498.631921 -198.359118
1498.623091 -198.258908
1498.911040 -198.393097
1498.958732 -198.268087
1499.071804 -198.646578
1499.368267 -198.614388
1499.405402 -198.919745
1499.309893 -199.299756
1499.676353 -199.348329
1499.364678 -199.161437
1499.837319 -199.487904
1499.793010 -199.688166
1500.047139 -200.216984
1499.998362 -200.058556
1500.251304 -200.180992
1500.258202 -200.597450
1500.438423 -200.586965
1500.746619 -201.077643
1500.636330 -201.111707
1500.592812 -200.975589
1500.847558 -201.176576
1500.912444 -201.434489
1501.034229 -201.787112
1501.328547 -201.762470
1501.540540 -202.102634
1501.621795 -202.049329
1501.728535 -202.505111
1501.640199 -202.241070
1501.918103 -202.574168
1501.837084 -202.877287
1502.086277 -203.156412
1502.108758 -203.010182
1502.270778 -203.289967
1502.454926 -203.525136
1502.505309 -203.583928
1502.545737 -203.859874
1502.811673 -203.935250
1503.025870 -204.070991
1503.061495 -204.520591
1503.140649 -204.239789
1503.341802 -204.333799
1503.267140 -204.654985
1503.268925 -204.479111
1503.495629 -204.973209
1503.732386 -205.523829
1503.873405 -205.415170
1503.671092 -205.712426
1503.999280 -205.554478
1504.207666 -205.552819
1504.216979 -206.162552
1504.480962 -206.136592
1504.601153 -206.492367
1504.752380 -206.395764
1504.710280 -206.865832
1505.052113 -206.450205
1505.177436 -206.868044
1505.354386 -207.207831
1505.430714 -207.064961
1505.436345 -207.327725
1505.411134 -207.609624
1505.334573 -207.657460
1505.358222 -207.860615
1505.947648 -207.984803
1505.895606 -208.301043
1505.906404 -208.638680
1506.426940 -208.656724
1506.430264 -208.797287
1506.472745 -208.927850
1506.357105 -208.927453
1506.532893 -209.195049
1506.727532 -209.349867
1506.952086 -209.202535
1507.046996 -209.450412
1506.936341 -209.640008
1507.092508 -209.756625
1507.397557 -209.945608
1507.307315 -210.255670
1507.383686 -210.409145
1507.884931 -210.513853
1507.707676 -210.639418
1508.015732 -210.832078
1508.379068 -210.569988
1508.254618 -211.143596
1508.039550 -211.155547
1508.329091 -211.156684
1508.363664 -211.738312
1508.631772 -211.653339
1508.776086 -212.021893
1508.812126 -212.156643
1508.810751 -212.183718
1509.214314 -212.110747
1509.218871 -212.420748
1509.417603 -212.542473
1509.410400 -212.988035
1509.521786 -212.770686
1509.662025 -212.936140
1509.524590 -213.107925
1509.720727 -213.565661
1510.047796 -213.913944
1510.104059 -214.009695
1510.174557 -213.861558
1510.291542 -213.793490
1510.644660 -213.855195
1511.008766 -214.060755
1510.822615 -214.628514
1511.101448 -214.392877
1510.906548 -214.711582
1510.874521 -214.889603
1510.941468 -215.044377
1511.152315 -215.294015
1511.452456 -215.315805
1511.581068 -215.328150
1511.695934 -215.543012
1511.760390 -215.637846
1511.937870 -215.993961
1511.935114 -215.964691
1512.041583 -216.129534
1512.398287 -216.169452
1512.333320 -216.578958
1512.530899 -216.674725
1512.537079 -216.648974
1512.738496 -216.881711
1512.997205 -216.944913
1512.713666 -217.329701
1513.195843 -217.029395
1513.043174 -217.442340
1513.483553 -217.521720
1513.286583 -217.578919
1513.537063 -217.975044
1513.794240 -218.057501
1513.779224 -218.327391
1513.765338 -218.417977
1514.071542 -218.424042
1513.864621 -218.502577
1514.470869 -218.760657
1514.252319 -218.767483
1514.579144 -219.227339
1514.370637 -219.051200
1514.835728 -219.423560
1514.875397 -219.478495
1515.210599 -219.438219
1515.051675 -219.737518
1515.297323 -219.683638
1515.449593 -219.865122
1515.000009 -220.257720
1515.440952 -220.176782
1515.771554 -220.388822
1515.783065 -220.384808
1515.767782 -220.869604
1516.240035 -220.858688
1516.255678 -221.021992
1516.196802 -221.284079
1516.424516 -221.364694
1516.258268 -221.571317
1516.895092 -221.365843
1516.472555 -221.481104
1516.660477 -221.888031
1516.903868 -222.027160
1516.715359 -221.783579
1516.965762 -222.302074
1517.327159 -222.569241
1517.437978 -222.575998
1517.368647 -222.833498
1517.681849 -222.541324
1517.848683 -222.910115
1517.965222 -222.928908
1517.889081 -223.124905
1517.824354 -223.239712
1518.159467 -223.539820
1518.335793 -223.495026
1518.473383 -223.573065
1518.610179 -223.837334
1518.614858 -224.151043
1518.372633 -224.035554
1519.093044 -224.085266
1519.069367 -224.537060
1519.222730 -224.540291
1519.285953 -224.455700
1519.533283 -224.614048
1519.351520 -224.953107
1519.604672 -224.815032
1519.948329 -225.114213
1519.837001 -225.097768
1520.066306 -225.377148
1520.042413 -225.658688
1520.298499 -225.684748
1520.196679 -225.740794
1520.344276 -226.025402
1520.555625 -225.814740
1520.835093 -226.219399
1521.132778 -226.389167
1520.984135 -226.519832
1521.074628 -226.599244
1521.007116 -226.551762
1521.339475 -226.740271
1521.303934 -226.479951
1521.459828 -226.852858
1521.245604 -227.205593
1521.651255 -227.256238
1521.858598 -227.625396
1522.139368 -227.624573
1522.123222 -227.578392
1521.959654 -227.872558
1522.066437 -228.206007
1522.373450 -227.817740
1522.462040 -228.286548
1522.486410 -228.335579
1522.512006 -228.395783
1522.522534 -228.390662
1523.212613 -228.730635
1522.985781 -228.977683
1523.407718 -228.820691
1523.226098 -228.979042
1523.371092 -229.237692
1523.506917 -229.209769
1523.599937 -229.406249
1523.813340 -229.385603
1523.651182 -229.578431
1523.810749 -229.689371
1524.160638 -229.979965
1524.467291 -229.885820
1524.310374 -230.071810
1524.444446 -230.285570
1524.593232 -230.681846
1524.777417 -230.665006
1524.976899 -230.574065
1524.936924 -230.764193
1524.791679 -231.102618
1525.091603 -230.939526
1525.349364 -231.104088
1525.469827 -231.524784
1525.273756 -231.542693
1525.557185 -231.623076
1525.760628 -231.696951
1525.731136 -231.824695
1526.013872 -231.814160
1526.233473 -231.886184
1526.172939 -232.124570
1526.333415 -232.277428
1526.330487 -232.210790
1526.752401 -232.537305
1526.589710 -232.347450
1526.580410 -232.757942
1526.795041 -232.786320
1527.264849 -233.109422
1527.077637 -233.077732
1527.184900 -233.056209
1527.669822 -232.978022
1527.487375 -233.366555
1527.552591 -233.444387
1527.901444 -233.451691
1527.603028 -233.781650
1527.997572 -233.853649
1527.936412 -234.049459
1528.282694 -234.203453
1528.270679 -234.018207
1528.506734 -234.483333
1528.477679 -234.436084
1528.889942 -234.263627
1528.768959 -234.838590
1528.761785 -234.647690
1528.985158 -234.961262
1529.049586 -234.853498
1529.046917 -235.089875
1529.476589 -234.862675
1529.584960 -235.138210
1529.415364 -235.338535
1529.926229 -235.712648
1529.849698 -235.505089
1529.853944 -235.963835
1529.986776 -235.910542
1529.912288 -236.165196
1530.160828 -236.059382
1530.162575 -235.928811
1530.439712 -236.513730
1530.699397 -236.304704
1530.464977 -236.879699
1530.883730 -236.404166
1531.016424 -236.596830
1531.013622 -236.851046
1531.124765 -236.940743
1531.363873 -237.202082
1531.478633 -236.967723
1531.433355 -237.360471
1531.862165 -237.420188
1532.017839 -237.621684
1531.717742 -237.517664
1531.873824 -237.830547
1532.009418 -237.991147
1532.130962 -237.952707
1532.419246 -238.227142
1532.441058 -238.371702
1532.452517 -238.262478
1532.647049 -238.406120
1532.611651 -238.569543
1532.945967 -238.687775
1533.071490 -238.539939
1533.093135 -238.802633
1533.308904 -238.828513
1533.389494 -238.741433
1533.547270 -239.090951
1533.389293 -239.022316
1533.937913 -239.031171
1533.503578 -239.512128
1533.931667 -239.499429
1534.343575 -239.567123
1534.322322 -239.519241
1534.088014 -239.787890
1534.696954 -239.925853
1534.582139 -239.905736
1534.520399 -240.081849
1534.885294 -240.472209
1535.050361 -240.269336
1535.311242 -240.490054
1534.938929 -240.610684
1535.144416 -240.422924
1535.390912 -240.724647
1535.430426 -240.959659
1535.720222 -241.226262
1535.612553 -241.110424
1535.536306 -241.104060
1536.050502 -241.251113
1536.070302 -241.390708
1536.144356 -241.542500
1536.264553 -241.575766
1536.474698 -241.595584
1536.536306 -241.680667
1536.704240 -241.716381
1536.742670 -242.020537
1536.946088 -241.998734
1536.951274 -242.155251
1537.097321 -242.275877
1536.896680 -242.191152
1537.391475 -242.548545
1537.391639 -242.535890
1537.461250 -242.480784
1537.779631 -242.572529
1537.853621 -242.599128
1537.883539 -242.506773
1537.833019 -242.977505
1538.135832 -243.208028
1538.344769 -243.227708
1538.445997 -243.158281
1538.558300 -243.101378
1538.588472 -243.138340
1538.569943 -243.694434
1538.723760 -243.420940
1538.876951 -243.713723
1539.128827 -243.885897
1539.129060 -243.832846
1539.346701 -243.996409
1539.421255 -244.093267
1539.457344 -244.187066
1539.474858 -244.527512
1539.599287 -244.603671
1539.858621 -244.528028
1539.793758 -244.394652
1540.095116 -244.180000
1540.256296 -244.796229
1540.131621 -244.838561
1540.733034 -245.226403
1540.601294 -244.807997
1540.444089 -245.413455
1540.751323 -245.261030
1540.891930 -245.592769
1541.055085 -245.435604
1541.090673 -245.573500
1541.429569 -245.610261
1541.271786 -245.681203
1541.430623 -245.739101
1541.477187 -245.807676
1541.734339 -245.844799
1541.651737 -246.050033
1542.131628 -246.124940
1542.072326 -246.159882
1542.151228 -246.322445
1542.365389 -246.703645
1542.539922 -246.214938
1542.649826 -246.646122
1542.988601 -246.974140
1542.571918 -247.024095
1542.837250 -246.895058
1543.084150 -247.124457
1542.760601 -246.889664
1543.179402 -246.931422
1543.204312 -246.953325
1543.567529 -247.360519
1543.455957 -247.455689
1543.767026 -247.502852
1543.802220 -247.362813
1543.694876 -247.690299
1543.871729 -247.588873
1544.173192 -247.744561
1544.083444 -247.839551
1544.277879 -247.958009
1544.621411 -247.914836
1544.460042 -248.170848
1544.703078 -248.169835
1544.635715 -248.426768
1544.783684 -248.438035
1544.820444 -248.397842
1545.035732 -248.425798
1545.124208 -248.420331
1545.115360 -248.941614
1545.474513 -248.779410
1545.673398 -248.970800
1545.749294 -248.582431
1545.859991 -248.859378
1546.191756 -249.099406
1546.148071 -249.196743
1546.000021 -249.497171
1546.187714 -249.501294
1546.210802 -249.266626
1546.454670 -249.583034
1546.423053 -249.623990
1546.674874 -249.879654
1546.836519 -249.714784
1547.318359 -249.993526
1546.954812 -250.182339
1547.371817 -250.056114
1547.229069 -250.146198
1547.294084 -249.837200
1547.429746 -250.183237
1547.577885 -250.248696
1547.931713 -250.195118
1547.748076 -250.695911
1547.573127 -250.412781
1548.042462 -250.657397
1548.167938 -250.813782
1548.212630 -250.546206
1548.597185 -250.610744
1548.535473 -251.091475
1548.822219 -251.026486
1548.734766 -251.047966
1548.972295 -251.116837
1548.967573 -251.249471
1549.309972 -251.189317
1549.393341 -251.146713
1549.415155 -251.379124
1549.451397 -251.684810
1549.626419 -251.435622
1549.742039 -251.746649
1549.542887 -251.395529
1549.961468 -251.691761
1550.064693 -251.834231
1550.143183 -252.082552
1550.440560 -252.094887
1550.413782 -251.844092
1550.497087 -252.227599
1550.703348 -252.125820
1550.528161 -252.216403
1550.754796 -252.408139
1550.989097 -252.325932
1551.196388 -252.254565
1551.185006 -252.435208
1551.373707 -252.733514
1551.472698 -252.528625
1551.391879 -252.675393
1551.554858 -252.786198
1551.640012 -252.972195
1551.956298 -253.050899
1551.785535 -253.182764
1552.047979 -253.264534
1552.101475 -252.967736
1551.951690 -253.272923
1552.411928 -253.503278
1552.569109 -253.258935
1552.405945 -253.563483
1552.802460 -253.675663
1552.746035 -253.557417
1552.780019 -253.696734
1553.493861 -254.018027
1553.010963 -253.745997
1553.413961 -253.968774
1553.180346 -253.952073
1553.450207 -253.850780
1553.877251 -254.363576
1553.918768 -254.103324
1553.848199 -254.419930
1554.252249 -254.428605
1554.232317 -254.296683
1554.130654 -254.522161
1554.666256 -254.089137
1554.352156 -254.397488
1554.856470 -254.611967
1554.534965 -254.615604
1554.618218 -254.879713
1555.123466 -254.741596
1555.252572 -254.799790
1555.059443 -255.081746
1555.599404 -254.987825
1555.205741 -254.953108
1555.512629 -255.406543
1555.530881 -255.194823
1555.637607 -255.107205
1555.805691 -255.453427
1556.041243 -255.545988
1556.132080 -255.261727
1556.207331 -255.393419
1556.443171 -255.405935
1556.433641 -255.807945
1556.597885 -255.446156
1556.563397 -255.869426
1556.875079 -256.191961
1556.868313 -255.931225
1556.810749 -255.931185
1557.100233 -256.015189
1557.272031 -256.187183
1557.235759 -255.824759
1557.284088 -256.272526
1557.669476 -256.108095
1557.712747 -256.335409
1557.715842 -256.548180
1557.850020 -255.981690
1557.812673 -256.178642
1558.156404 -256.539501
1557.940940 -256.591499
1558.083595 -256.739799
1558.221324 -256.832340
1558.501331 -256.925316
1558.404479 -256.528454
1558.914571 -256.981987
1558.725790 -257.018303
1559.107744 -256.818127
1558.985003 -257.159905
1559.185730 -257.095598
1559.266497 -257.216828
1559.586280 -257.102248
1559.514790 -257.443184
1559.630628 -257.409489
1559.687741 -257.189335
1559.858479 -257.287226
1560.144944 -257.469663
1560.002933 -257.892934
1560.394695 -257.535421
1560.198763 -257.182790
1560.298716 -257.493407
1560.474706 -257.824971
1560.450959 -258.092264
1560.796939 -257.893213
1560.938420 -258.050928
1560.709920 -257.972584
1561.167442 -257.722346
1561.334241 -258.100938
1561.296999 -258.237332
1561.543287 -258.186263
1561.707265 -258.233034
1561.623420 -258.241426
1561.565669 -258.372155
1562.002432 -258.476384
1561.971729 -258.419145
1561.930695 -258.475645
1562.182984 -258.526386
1562.259955 -258.558971
1562.500752 -258.667370
1562.633563 -258.684178
1562.536730 -258.645478
1562.750390 -258.812939
1562.955477 -259.004155
1563.087837 -259.394922
1563.075244 -258.995216
1563.302373 -259.132515
1563.450912 -259.148992
1563.414043 -259.010089
1563.496570 -259.109107
1563.701849 -259.316308
1563.831406 -259.335268
1563.952141 -259.412331
1564.012126 -259.493898
1564.189908 -259.565426
1564.301408 -259.308227
1564.465940 -259.438858
1564.376690 -259.598422
1564.679147 -259.437807
1564.503486 -259.869204
1564.597823 -259.540204
1565.037796 -259.858943
1564.963996 -259.764968
1565.010747 -259.837166
1565.188582 -259.855495
1565.378212 -259.820821
1565.524076 -260.162146
1565.755816 -259.969715
1565.756996 -260.155835
1565.548920 -260.229459
1565.765834 -260.207588
1566.013958 -260.284010
1566.097417 -260.111956
1566.263734 -260.142486
1566.223603 -260.434183
1566.478842 -260.224337
1566.704735 -260.575257
1566.634452 -260.217779
1566.780921 -260.302794
1566.651774 -260.493682
1566.983491 -260.575063
1567.045723 -260.641879
1567.264454 -260.883981
1567.309761 -260.763596
1567.418728 -260.851459
1567.418311 -260.763252
1567.617205 -260.904180
1567.806527 -260.755651
1567.913445 -260.855843
1568.012984 -260.963580
1567.857336 -260.936283
1568.356905 -260.930709
1568.123242 -261.052806
1568.452303 -260.864135
1568.273985 -261.126462
1568.483017 -261.420024
1568.753490 -261.327714
1568.967136 -261.300248
1569.160076 -261.253755
1569.295168 -261.108675
1569.150099 -261.216471
1569.193400 -261.625770
1569.480304 -261.519985
1569.284570 -261.487218
1569.666375 -261.607252
1569.910736 -261.713681
1569.608123 -261.574567
1570.107451 -261.626226
1570.287936 -261.454961
1570.407319 -261.737621
1570.578001 -261.739473
1570.306666 -261.932844
1570.600145 -261.733712
1570.685399 -261.847325
1570.950311 -261.719347
1570.662678 -262.243063
1571.015159 -261.772995
1571.234595 -261.916971
1571.154266 -262.143269
1571.742028 -261.990203
1571.660804 -262.278839
1571.519320 -262.325287
1571.753939 -261.983986
1571.638603 -262.359771
1571.919022 -261.925086
1571.863684 -262.306772
1571.828633 -262.327757
1572.394090 -262.298703
1572.257960 -262.318012
1572.632845 -262.489026
1572.380603 -262.586404
1572.785027 -262.492821
1572.871508 -262.452325
1572.649487 -262.493519
1572.923539 -262.566984
1573.118569 -262.567506
1573.196412 -262.637434
1573.409339 -262.869983
1573.184030 -262.618033
1573.365778 -262.915433
1573.641512 -262.694444
1573.665055 -262.843110
1573.736900 -263.136336
1573.845604 -262.686018
1574.150501 -262.835129
1574.162446 -262.726250
1574.058920 -263.020101
1574.666508 -263.018301
1574.407280 -262.842143
1574.635681 -263.105612
1574.774819 -263.187822
1575.150799 -263.233798
1574.933060 -263.016783
1575.216232 -263.269586
1575.142178 -263.353700
1575.166256 -263.086420
1575.570278 -262.993206
1575.649159 -263.218118
1575.624447 -263.429681
1575.754857 -263.281366
1575.893819 -263.491679
1575.742175 -263.470312
1576.288849 -263.512456
1576.002528 -263.169086
1576.210776 -263.345153
1576.311118 -263.626626
1576.449103 -263.466581
1576.544353 -263.418376
1576.592485 -263.357417
1576.618439 -263.609448
1576.831188 -263.751597
1576.798413 -263.440123
1577.279081 -263.808383
1577.323822 -263.766497
1577.512232 -263.741527
1577.370639 -263.777008
1577.576791 -263.568841
1577.696415 -263.635674
1577.496706 -264.049852
1577.789475 -263.687048
1577.867035 -263.980319
1577.530589 -263.829651
1578.209754 -264.416164
1578.282004 -264.478162
1578.431809 -263.871635
1578.537208 -263.890514
1578.545746 -263.770730
1578.826529 -264.253311
1579.002424 -264.227967
1578.965795 -264.001545
1579.065912 -264.011229
1579.232284 -263.814289
1579.221508 -264.109918
1579.098895 -264.040977
1579.407675 -264.255983
1579.649570 -264.238873
1579.602613 -264.479592
1579.855054 -264.127775
1580.131171 -264.358990
1579.964369 -264.441154
1580.005907 -264.286311
1580.301205 -264.173559
1580.392391 -264.333221
1580.396271 -264.201003
1580.767887 -264.408308
1580.499429 -264.122976
1581.026976 -264.576907
1581.283509 -264.499931
1581.072830 -264.395285
1580.932282 -264.630644
1581.273528 -264.628386
1581.405873 -264.472093
1581.218435 -264.558320
1581.368205 -264.628143
1581.452552 -264.579336
1581.859388 -264.530489
1582.205444 -264.371404
1581.942687 -264.671708
1582.321461 -264.433518
1582.201015 -264.746070
1582.478201 -264.494460
1582.361095 -264.620559
1582.442612 -264.855008
1582.422709 -265.056348
1582.621836 -264.487148
1582.916691 -264.618665
1582.878803 -264.961650
1583.110252 -264.925785
1583.115059 -264.863397
1583.451012 -265.061136
1583.367123 -264.901104
1583.491542 -264.705346
1583.700184 -264.637679
1583.778252 -265.139010
1583.982994 -265.018029
1584.168204 -264.757197
1584.069382 -264.997384
1584.092695 -264.829294
1584.246878 -264.813011
1584.263425 -265.112695
1584.360961 -265.161863
1584.653406 -264.853673
1584.419305 -264.971840
1584.785147 -265.317337
1584.980208 -264.935989
1585.105015 -265.050919
1584.861822 -265.006936
1585.392107 -265.082044
1585.301380 -265.072424
1585.634952 -264.814738
1585.403836 -265.133134
1585.709727 -265.155818
1585.827450 -265.580681
1585.833306 -264.887431
1586.012183 -265.063325
1585.953012 -264.978124
1586.263600 -265.249322
1586.390625 -265.300886
1586.722945 -264.960681
1586.369026 -265.218379
1586.573057 -265.190421
1586.499013 -265.002005
1586.917084 -265.150539
1586.909089 -265.194518
1586.998324 -264.793433
1587.172582 -265.368624
1587.220304 -265.160683
1587.455289 -265.295986
1587.386937 -265.136268
1587.533560 -265.219754
1587.734694 -265.242088
1587.695598 -265.144706
1587.753963 -265.292579
1587.949485 -265.075863
1588.286673 -265.337824
1588.120786 -265.421030
1588.448149 -265.407508
1588.280512 -265.489823
1588.552692 -265.480102
1588.710972 -265.432943
1588.904320 -265.235753
1589.097837 -265.570645
1589.141630 -265.188334
1589.168921 -265.277283
1588.841898 -265.088672
1589.224342 -265.315612
1589.440472 -265.392108
1589.366420 -265.440472
1589.920279 -265.282433
1589.959004 -265.412480
1589.974239 -265.301895
1589.945311 -265.320083
1590.302717 -265.296501
1590.065416 -265.529997
1590.465681 -265.456055
1590.632544 -264.946705
1590.353998 -265.430544
1590.735502 -265.591564
1590.541397 -265.138334
1590.755950 -265.493269
1590.701474 -265.186766
1590.942432 -265.354186
1590.887616 -265.149680
1591.261992 -265.399634
1591.240008 -265.315483
1591.767999 -265.389846
1591.599760 -265.445418
1591.784821 -265.457665
1591.858624 -265.399397
1591.581766 -265.253300
1591.952918 -265.469743
1591.865440 -265.267202
1592.031986 -265.280977
1592.148833 -265.549654
1592.353705 -265.253864
1592.487070 -265.747552
1592.593888 -265.516726
1592.704475 -265.620952
1592.633301 -265.188478
1592.875728 -264.945764
1592.874876 -265.235782
1592.974033 -265.416051
1593.230048 -265.323170
1593.535125 -265.702074
1593.471171 -265.400638
1593.463108 -265.478620
1593.644223 -265.557069
1593.388280 -265.342979
1593.997827 -265.305978
1594.064280 -265.267715
1593.890869 -265.105672
1594.037521 -265.422508
1594.335083 -265.390908
1594.367852 -265.600568
1594.434443 -265.464890
1594.595977 -265.337155
1594.565679 -265.162275
1594.779991 -265.056099
1594.505651 -265.250281
1595.179751 -265.266230
1595.133224 -265.359729
1595.257298 -265.430243
1595.079195 -265.363092
1595.771565 -265.589907
1595.309462 -265.600052
1595.520846 -265.246922
1595.634716 -265.421564
1595.864641 -265.457141
1595.720511 -265.389444
1595.978404 -265.273979
1596.128004 -265.613383
1596.121042 -265.430021
1596.611882 -265.172488
1596.428029 -265.117513
1596.665703 -265.101900
1596.590832 -265.177827
1597.100267 -265.276493
1596.841858 -265.238571
1596.879854 -265.538866
1596.890894 -265.244512
1596.962722 -265.093314
1597.539948 -265.312235
1597.444158 -264.939002
1597.664989 -265.067703
1597.478055 -265.215178
1597.520770 -265.081671
1598.013171 -265.248800
1597.887697 -265.096954
1598.237205 -265.196986
1598.202116 -264.808974
1598.316507 -265.017823
1598.139395 -265.087301
1598.328288 -265.263786
1598.639033 -264.979853
1598.733694 -264.767333
1598.789539 -265.069311
1599.035691 -264.848004
1599.117515 -265.085692
1598.969245 -265.136665
1599.073667 -264.784398
1599.128469 -265.082110
1599.256431 -264.965672
1599.514362 -265.036832
1599.572014 -265.128192
1599.742584 -264.765383
1599.927176 -264.910561
1599.690366 -264.804512
1600.308748 -264.700777
1600.225018 -264.764402
1600.344305 -264.937159
1600.269565 -264.987903
1600.245366 -264.880772
1600.726793 -264.858704
1600.620365 -264.948239
1600.707637 -265.106379
1600.645046 -264.867340
1601.315920 -264.729120
1600.777289 -264.732583
1601.340503 -264.961859
1601.420780 -264.836089
1601.309109 -264.815497
1601.437336 -264.471292
1601.406538 -264.842740
1601.439970 -264.690625
1601.377883 -264.650252
1601.998330 -264.600143
1601.903588 -264.717069
1602.030450 -264.590374
1602.059632 -264.331686
1602.311245 -264.621607
1602.224644 -264.498608
1602.399909 -264.736348
1602.594386 -264.579988
1602.680620 -264.619050
1602.722717 -264.562914
1602.747890 -264.706630
1602.809313 -264.375615
1603.128522 -264.498118
1603.365926 -264.388020
1603.256768 -264.377902
1603.402366 -264.451072
1603.549721 -264.427043
1603.709334 -264.418077
1603.879628 -264.217732
1603.902242 -264.254593
1604.076620 -264.637053
1604.075266 -264.365556
1604.341017 -264.191851
1604.520747 -264.043064
1604.636182 -264.141530
1604.389737 -264.293132
1604.474395 -264.189978
1604.625101 -264.041066
1604.897776 -264.215651
1604.650924 -264.153729
1605.189768 -264.350196
1605.465887 -264.058528
1605.134258 -264.017480
1605.497381 -263.990507
1605.390359 -264.258915
1605.564442 -264.247728
1605.562195 -264.205274
1605.564387 -264.090184
1606.034236 -263.724047
1605.760610 -264.073381
1605.923826 -264.036725
1606.009780 -263.935848
1606.318066 -264.041726
1606.340124 -263.981984
1606.246657 -263.635455
1606.530950 -264.070886
1606.570192 -263.815675
1606.754699 -263.730589
1606.767347 -264.130908
1607.048471 -263.696027
1607.074184 -263.783111
1606.971863 -263.503168
1607.164849 -263.756248
1607.175248 -264.039977
1607.104668 -263.943086
1607.809846 -263.647421
1607.493770 -263.249106
1607.655988 -263.671330
1607.889153 -263.202488
1607.938326 -263.490796
1607.879513 -263.503771
1607.933066 -263.513864
1608.371880 -263.324899
1608.315095 -263.452491
1608.477564 -263.431145
1608.586998 -263.153662
1608.690079 -263.308786
1608.743473 -263.517244
1608.600084 -263.229322
1608.967681 -263.425526
1608.929093 -263.299572
1608.946725 -263.275245
1609.551130 -263.216022
1609.288369 -263.242761
1609.486743 -263.296617
1609.489373 -263.145928
1609.494062 -263.205852
1609.598324 -263.006123
1609.874386 -263.162625
1609.773694 -262.909801
1610.250560 -263.106804
1610.339136 -263.297564
1610.150918 -262.786233
1610.710958 -262.770055
1610.686946 -262.853996
1610.099805 -262.875760
1610.476589 -262.368859
1610.677479 -262.738344
1610.896011 -262.928241
1610.814934 -262.786595
1610.981278 -262.612690
1610.899841 -262.681078
1611.402402 -262.546166
1611.466777 -262.768704
1611.369795 -262.548650
1611.291732 -262.562010
1611.702980 -262.306455
1611.445728 -262.596233
1611.845358 -262.612229
1611.954091 -262.590043
1611.891890 -262.441322
1612.247307 -262.468795
1612.213406 -262.621911
1612.541817 -262.166472
1612.464907 -262.607070
1612.495908 -262.167726
1612.563001 -262.093010
1612.676508 -262.338777
1612.803889 -262.468043
1612.972981 -262.143043
1612.988220 -262.028896
1612.998718 -261.878898
1613.355671 -262.134985
1613.414241 -262.136141
1613.524889 -262.051122
1613.612962 -262.024958
1613.633954 -261.717748
1613.675634 -261.853438
1613.740146 -261.792536
1614.089259 -262.295202
1614.057648 -262.035874
1614.377963 -261.881506
1614.332389 -262.026324
1614.267273 -261.870453
1614.496808 -261.775162
1614.790451 -261.684362
1614.668008 -261.431443
1614.654906 -261.648834
1614.847400 -261.382412
1614.885894 -261.605871
1614.776436 -261.735311
1615.040751 -261.645998
1615.552803 -261.443872
1615.372821 -261.478825
1615.638017 -261.274317
1615.307669 -261.396811
1615.670893 -261.413060
1615.590868 -261.127009
1615.845664 -261.206711
1615.808180 -261.091678
1615.985717 -261.337607
1616.362454 -261.089246
1615.980814 -260.892496
1616.105654 -261.014327
1616.716991 -261.002637
1616.593004 -261.196786
1616.622234 -261.055821
1616.802721 -261.044958
1617.145285 -260.820323
1616.837860 -260.892349
1617.191783 -260.795917
1617.086866 -260.691754
1617.357375 -260.724299
1617.332122 -260.477997
1617.332003 -260.810123
1617.412976 -260.685613
1617.457210 -260.780367
1617.418277 -260.672156
1617.639540 -260.565297
1617.912143 -260.418868
1617.853436 -260.365941
1618.059864 -260.659880
1618.281599 -260.315913
1618.322378 -260.329000
1618.214677 -260.065526
1618.177636 -260.284334
1618.871060 -260.600359
1618.647882 -260.086443
1618.860386 -260.178607
1618.840619 -260.248843
1618.929455 -260.108252
1618.711453 -259.708041
1619.149671 -259.863591
1619.525774 -259.741018
1619.251165 -259.936580
1619.596937 -259.993579
1619.543153 -260.009129
1619.569581 -259.586239
1619.654057 -260.000326
1620.003254 -260.020131
1620.034820 -259.797512
1619.998173 -259.490184
1620.138529 -259.351319
1620.147817 -259.280262
1620.446196 -259.403160
1620.195995 -259.639496
1620.588682 -259.346502
1620.686383 -259.566488
1620.385808 -259.514343
1620.720045 -259.359235
1620.950508 -259.423055
1620.994962 -259.283771
1621.033783 -259.309021
1621.216330 -259.154579
1621.236213 -258.936673
1621.337170 -259.043301
1621.573915 -259.193323
1621.323926 -259.047573
1621.552016 -258.820880
1621.802591 -258.951083
1621.746735 -258.684237
1621.835159 -258.876729
1622.245137 -258.613466
1621.928190 -258.912855
1622.309175 -258.517551
1622.471805 -258.989154
1622.457748 -258.640591
1622.551417 -258.789419
1622.749246 -258.435666
1622.690953 -258.412481
1622.734600 -258.259159
1623.038774 -258.512494
1622.981341 -258.516466
1623.233161 -258.518308
1623.250263 -258.182914
1623.246215 -258.129944
1623.142407 -258.241719
1623.547379 -258.214308
1623.862316 -258.098324
1623.833688 -257.944544
1623.888714 -257.932600
1623.957173 -257.780348
1623.732940 -257.752589
1624.202153 -258.059451
1624.238613 -257.785222
1624.173000 -257.729277
1624.417769 -257.567543
1624.426519 -257.711516
1624.675842 -257.694452
1624.969452 -257.698279
1624.836733 -257.246352
1624.753936 -257.710438
1625.004253 -257.440895
1624.892503 -257.195381
1624.901272 -257.436308
1625.381394 -257.333227
1625.520100 -257.006088
1625.474583 -257.082246
1625.490797 -256.968920
1625.652132 -257.068597
1625.800061 -257.052793
1625.691880 -257.212287
1626.058623 -257.065708
1625.775962 -257.005102
1625.982578 -256.888643
1626.116571 -257.007222
1626.233449 -256.698960
1626.262998 -256.668127
1626.637511 -256.543230
1626.247675 -256.536660
1626.715515 -256.636065
1626.617662 -256.435905
1627.144651 -256.314329
1627.130916 -256.302035
1626.942350 -256.158158
1627.045838 -256.299652
1627.327214 -256.428150
1627.097622 -256.150627
1627.442607 -256.167134
1627.584651 -256.222604
1627.469270 -255.993012
1627.595802 -256.122489
1627.961770 -256.013130
1627.948303 -256.047519
1628.235269 -255.879812
1628.087952 -255.908932
1628.205745 -255.430151
1628.288807 -255.683476
1628.330927 -255.686273
1628.435627 -255.610519
1628.518384 -255.678758
1628.730097 -255.729649
1628.860520 -255.239693
1628.981402 -255.700932
1628.961795 -255.233054
1629.101744 -255.407859
1629.051405 -255.497558
1629.077219 -255.626951
1629.218188 -254.955586
1629.584751 -255.156615
1629.478459 -255.005390
1629.463654 -255.371084
1629.536665 -254.981247
1629.862937 -255.019407
1630.135566 -255.138045
1630.092537 -255.103960
1630.155397 -255.119674
1630.103728 -254.776909
1630.274041 -254.471976
1630.438974 -254.742337
1630.521824 -254.927096
1630.519154 -254.663669
1630.518943 -254.303652
1630.560263 -254.422811
1630.604615 -254.201311
1630.870905 -254.343307
1631.154648 -254.571833
1631.344114 -254.218121
1631.084478 -254.092967
1631.475305 -254.223455
1631.374126 -254.120155
1631.699109 -254.132615
1631.247156 -253.824637
1631.485111 -253.834955
1631.554032 -253.667010
1631.846443 -253.907632
1631.956636 -253.887796
1632.030704 -253.648561
1632.119362 -253.718318
1632.214461 -253.633770
1632.321106 -253.673806
1632.247077 -253.579413
1632.402455 -253.458512
1632.374399 -253.523141
1632.705587 -253.335265
1632.984601 -253.195120
1633.057349 -252.963172
1632.821015 -253.165103
1633.126881 -252.814510
1633.229886 -252.993821
1633.153287 -253.201159
1633.377519 -252.907167
1633.598412 -252.787665
1633.591822 -253.025228
1633.846920 -253.082180
1633.410733 -252.799796
1633.909164 -252.566765
1634.185434 -252.618015
1634.148048 -252.613905
1633.977631 -252.391718
1634.350695 -252.446252
1634.419132 -252.433661
1634.088113 -252.236022
1634.447672 -252.364509
1634.677455 -252.081770
1634.699557 -252.133014
1634.617867 -252.129457
1634.490006 -252.081757
1635.060225 -252.016127
1634.754594 -251.843307
1635.411327 -251.713261
1635.214848 -251.735723
1635.420799 -251.987037
1635.247195 -251.688318
1635.462082 -251.550272
1635.810509 -251.299440
1635.633950 -251.771409
1635.649051 -251.446379
1635.869635 -251.561262
1635.920755 -251.198700
1635.979924 -251.360749
1636.298752 -251.492836
1636.084432 -250.972545
1636.053785 -251.022114
1636.455029 -251.016414
1636.536722 -250.966519
1636.668159 -250.890400
1636.552520 -250.929156
1636.771152 -250.790679
1636.804146 -251.150839
1636.896920 -250.625155
1636.964923 -250.589237
1637.099706 -250.590811
1636.737651 -250.477643
1637.102909 -250.388411
1637.244564 -250.440825
1637.389760 -250.142282
1637.442156 -250.260824
1637.602709 -250.438939
1637.959527 -250.006769
1637.938509 -250.276546
1637.778927 -250.206125
1638.125595 -249.793262
1638.360788 -250.160754
1637.840385 -249.922460
1638.402832 -249.871244
1638.628533 -249.714916
1638.706686 -249.627755
1638.501998 -249.572816
1638.660598 -249.744653
1638.958986 -249.460452
1638.629334 -249.361276
1638.672671 -249.647145
1638.970090 -249.454317
1638.981497 -249.288333
1639.016525 -249.211931
1639.288446 -249.110228
1639.311002 -249.018824
1639.551048 -249.321590
1639.779538 -249.112157
1639.642346 -248.629175
1639.864748 -248.785227
1639.866921 -249.082950
1640.070444 -248.561781
1640.206941 -248.712106
1639.820017 -248.524720
1640.009157 -248.369552
1640.515057 -248.578216
1640.557276 -248.628898
1640.245331 -248.595079
1640.623874 -248.379625
1640.788731 -248.270102
1640.647890 -248.335882
1640.782434 -248.062028
1641.104192 -248.304539
1640.940433 -248.103624
1640.798274 -248.101787
1641.164517 -248.127919
1640.819119 -247.865440
1641.366445 -247.740189
1641.275632 -247.978070
1641.761639 -247.568569
1641.483537 -247.342750
1641.801098 -247.272404
1642.025549 -247.229733
1641.957337 -247.139475
1642.219571 -247.020629
1642.115507 -247.222518
1642.297346 -247.168740
1642.204210 -246.957997
1642.141284 -246.828949
1642.295359 -246.988972
1642.323942 -246.933799
1642.545778 -247.070309
1642.494711 -246.757028
1642.907477 -246.742353
1642.623199 -246.668584
1642.702856 -246.590655
1642.891354 -246.355591
1643.055554 -246.464976
1643.256680 -246.455820
1643.477090 -246.446756
1643.373717 -246.227397
1643.511007 -246.253513
1643.398579 -245.985801
1643.904303 -246.185868
1643.616699 -246.171285
1643.811966 -245.932662
1644.164770 -246.187958
1643.965383 -246.068011
1644.118058 -245.684817
1644.002736 -245.688603
1644.126045 -245.522053
1644.002947 -245.385717
1644.641704 -245.521517
1644.526581 -245.407654
1644.670736 -245.014019
1644.836315 -245.353262
1644.484927 -245.624791
1645.127928 -245.402762
1644.970089 -245.038240
1645.064047 -245.082182
1645.006843 -244.919881
1645.538388 -245.355938
1645.348784 -244.707223
1645.478282 -244.878557
1645.388237 -244.593980
1645.592139 -244.189509
1645.679020 -244.731800
1645.585443 -244.953464
1645.595445 -244.508184
1646.149609 -244.456863
1646.147627 -244.104034
1645.987088 -244.224874
1646.125287 -244.009535
1646.142818 -244.034080
1646.583641 -243.943433
1646.321024 -244.038350
1646.496069 -243.855911
1646.442348 -244.064313
1646.614667 -243.590775
1646.763337 -243.673575
1646.876090 -243.532593
1647.065196 -243.681807
1647.142552 -243.293254
1647.059925 -243.442935
1647.383468 -243.499656
1647.430919 -243.469347
1647.159697 -243.387111
1647.515104 -242.818873
1647.780019 -242.705854
1647.850151 -242.971761
1647.597323 -242.664873
1647.698441 -242.520328
1648.028665 -242.806901
1648.202713 -242.618661
1648.259608 -242.657005
1648.193347 -242.307517
1648.354364 -242.780039
1648.389398 -242.382780
1648.490171 -242.491356
1648.829250 -242.225537
1648.376760 -242.176657
1648.559086 -242.283110
1648.841074 -242.217943
1649.038886 -241.992058
1649.123136 -242.138716
1649.304860 -242.053731
1649.125947 -241.986798
1649.459133 -241.512460
1649.262881 -241.767984
1649.471726 -241.815924
1649.368892 -241.582809
1649.579521 -241.577890
1649.624187 -241.393340
1649.609392 -241.360794
1650.176220 -241.264912
1649.852178 -241.382233
1650.074317 -241.128577
1650.001947 -241.303405
1650.154486 -241.148282
1650.210387 -240.920323
1650.531306 -241.025953
1650.558011 -240.841286
1650.398489 -240.845397
1650.479075 -240.665637
1650.235508 -240.564983
1650.676283 -240.329482
1650.984892 -240.561729
1650.850269 -240.403044
1651.061461 -240.617168
1650.974656 -240.206286
1651.195572 -240.354793
1651.099901 -240.476140
1651.404289 -240.007924
1651.119093 -240.187787
1651.667851 -240.078963
1651.568824 -239.873624
1651.524083 -239.594143
1652.087588 -239.690937
1652.085319 -239.648008
1652.049976 -239.550206
1651.766187 -239.367658
1652.165351 -239.650992
1652.178837 -239.248340
1652.005430 -239.277244
1652.382483 -239.196062
1652.568749 -239.144404
1652.379754 -239.102303
1652.638471 -239.138004
1652.743592 -239.030748
1652.912137 -238.920356
1652.660773 -238.863156
1653.187595 -238.562268
1652.873307 -238.671087
1653.108077 -238.833825
1653.078588 -238.586852
1653.240472 -238.601079
1653.423824 -238.248614
1653.524831 -238.073315
1653.653890 -238.027994
1653.803568 -238.194789
1653.951680 -238.012344
1653.668163 -237.950092
1654.159463 -237.924230
1653.719473 -237.883967
1654.021809 -237.592305
1654.093729 -237.827054
1654.222488 -237.603263
1654.466823 -237.348309
1654.307158 -237.421047
1654.541110 -237.437053
1654.626456 -237.258768
1654.789087 -237.272716
1654.724942 -237.098958
1654.699778 -237.047305
1654.915287 -236.767753
1654.977809 -236.974066
1654.998771 -236.569769
1654.977363 -236.637425
1655.161403 -236.829824
1655.267446 -236.481153
1655.309912 -236.730728
1655.597899 -236.280376
1655.557410 -236.290760
1656.063252 -236.372293
1655.857058 -236.120434
1655.637447 -236.234840
1655.935055 -236.138771
1655.969004 -235.902677
1656.161322 -236.164189
1656.146151 -236.058622
1656.071954 -236.024191
1656.319148 -235.588684
1656.256725 -235.608804
1656.480819 -235.340253
1656.595016 -235.781566
1656.642996 -235.704261
1656.769524 -235.253748
1656.770796 -235.531519
1656.962446 -235.449551
1657.023852 -234.970916
1656.887978 -235.011162
1656.993366 -235.080276
1657.328428 -234.867146
1657.069425 -234.991340
1657.443713 -234.847485
1657.596369 -234.760821
1657.534335 -234.798376
1657.886674 -234.547655
1657.515391 -234.749664
1657.710861 -234.543304
1657.699297 -234.434967
1657.933515 -234.454588
1658.184500 -234.105391
1658.465810 -234.108862
1658.182147 -233.757926
1658.092526 -233.889811
1658.669081 -234.089448
1658.584946 -233.573266
1658.565361 -234.029181
1658.742280 -233.664776
1658.818868 -233.446292
1658.586843 -233.453180
1658.871425 -233.434688
1659.070272 -233.365968
1658.601693 -233.231399
1659.154526 -233.444312
1659.032026 -233.110499
1659.196859 -233.346243
1659.149215 -233.024048
1659.601408 -232.885082
1659.370964 -232.742446
1659.561429 -232.661316
1659.843378 -232.805659
1659.642624 -232.713348
1659.670391 -232.418408
1659.857062 -232.300371
1660.043659 -232.347370
1660.022657 -232.335960
1660.149811 -232.207847
1660.451912 -232.241372
1660.154193 -232.140992
1660.528108 -231.950003
1660.477932 -232.063461
1660.395052 -231.951504
1660.544202 -231.776870
1660.678367 -231.780620
1660.796640 -231.547576
1660.750607 -231.594221
1660.863670 -231.480774
1660.865072 -231.516568
1661.197789 -231.266911
1661.146138 -231.437626
1661.349628 -231.230214
1661.559431 -231.261991
1661.526668 -231.233199
1661.474476 -231.145115
1661.628845 -231.195419
1661.873755 -230.821554
1661.595240 -230.875972
1661.618292 -230.612543
1661.879635 -230.713605
1661.948351 -230.665038
1662.198704 -230.907354
1662.019190 -230.722479
1662.334561 -230.278034
1662.480091 -230.216934
1662.280675 -230.150762
1662.433008 -230.267045
1662.502624 -229.737881
1662.749554 -229.983813
1662.990132 -229.883298
1662.672397 -229.892925
1662.824679 -229.884581
1662.906137 -229.831650
1662.911397 -229.687425
1663.148246 -229.419240
1662.904802 -229.279366
1663.094800 -229.178131
1663.341872 -229.389356
1663.434268 -228.813836
1663.670143 -229.092210
1663.744070 -228.831976
1663.638038 -229.245659
1663.576773 -228.850832
1664.127334 -229.122107
1663.577534 -228.662156
1663.789804 -228.569642
1664.189197 -228.748128
1664.182538 -228.534042
1664.012837 -228.178222
1664.137870 -228.196936
1664.706850 -228.239272
1664.136377 -228.213771
1664.729224 -227.796249
1664.729822 -227.998044
1664.708670 -227.951840
1664.556779 -228.042626
1664.785888 -227.840950
1664.803233 -227.572050
1665.296652 -227.797212
1665.104504 -227.373260
1664.986040 -227.746697
1665.299453 -227.500326
1665.201167 -227.211222
1665.417263 -227.173888
1665.660021 -227.043224
1665.332269 -227.152893
1665.600486 -226.967475
1665.503615 -227.131290
1665.572277 -226.973891
1665.973939 -226.879301
1665.840133 -226.780708
1666.180961 -226.582604
1665.997615 -226.384768
1666.118872 -226.511670
1666.478405 -226.391190
1666.237391 -226.476690
1666.351217 -226.216748
1666.614793 -226.415615
1666.626862 -225.788942
1666.589160 -226.069248
1666.884758 -225.721723
1666.715425 -225.643792
1666.779274 -225.794071
1666.836504 -225.687329
1667.150930 -225.615421
1667.114271 -225.664612
1667.105463 -225.493959
1667.164621 -225.232412
1667.523457 -225.502295
1667.173218 -225.376553
1667.584542 -225.270169
1667.162926 -225.108460
1667.648094 -224.758000
1667.747065 -224.826718
1667.738448 -224.817584
1667.769490 -224.683377
1668.056126 -224.852406
1668.032607 -224.563922
1668.262514 -224.428880
1668.379681 -224.398130
1667.998543 -224.468322
1668.157954 -224.347331
1668.359058 -223.891723
1668.832554 -223.997027
1668.537696 -224.060324
1668.749602 -224.142598
1668.841468 -223.989047
1668.936080 -223.863748
1668.776895 -223.842613
1668.633026 -223.697102
1669.350072 -223.502322
1669.070872 -223.376506
1669.110052 -223.472119
1669.156758 -223.335510
1669.561802 -223.263742
1669.336887 -223.512216
1669.440402 -223.142357
1669.453243 -223.179135
1669.392234 -223.214069
1669.490990 -222.691820
1669.959897 -222.601157
1669.881465 -223.019910
1669.932538 -222.553005
1669.800653 -222.503196
1670.160808 -222.653624
1670.544463 -222.304088
1669.933835 -222.041046
1670.075103 -222.488228
1670.490254 -222.391079
1670.383472 -222.290463
1670.196725 -222.032564
1670.649317 -221.721359
1670.309703 -222.080623
1670.440090 -222.001111
1670.769494 -221.640855
1670.589054 -221.599994
1670.986110 -221.631630
1671.147074 -221.235220
1671.342094 -221.307567
1671.226287 -221.601397
1671.509258 -221.396702
1671.413181 -221.196402
1671.512663 -221.007367
1671.520539 -221.221674
1671.776661 -221.109915
1671.594018 -220.786811
1671.657128 -220.889727
1672.005766 -220.574715
1671.789246 -220.697897
1671.781181 -220.784969
1672.122856 -220.374571
1672.157323 -220.226852
1671.908058 -220.431641
1672.481249 -220.353466
1672.630756 -220.175886
1672.312772 -220.128877
1672.418802 -219.621480
1672.527367 -219.771678
1672.604107 -219.903184
1672.637558 -219.703157
1672.852425 -219.430439
1672.706324 -219.655969
1672.978681 -219.449596
1672.806391 -219.138196
1673.170074 -219.493209
1673.121316 -219.372226
1673.118916 -219.368171
1673.230460 -219.189320
1673.269535 -219.418329
1673.289804 -219.084483
1673.670649 -219.113991
1673.432139 -218.901535
1673.782340 -219.047786
1673.770011 -218.686977
1673.739517 -218.533095
1673.633822 -218.614435
1673.973215 -218.601698
1673.814987 -218.444927
1674.237803 -218.266221
1673.908425 -218.467874
1674.285269 -218.360772
1674.282126 -218.154907
1674.329906 -217.825910
1674.169833 -217.962110
1674.367539 -217.644095
1674.410813 -217.970187
1674.753218 -217.612313
1674.672141 -217.587752
1674.639014 -217.653711
1674.874567 -217.295844
1675.244141 -217.316136
1674.903900 -217.226103
1675.277914 -217.501590
1675.023981 -217.031393
1675.049153 -216.845831
1675.260499 -216.869086
1675.421812 -217.124896
1675.316236 -216.733191
1675.581740 -216.908979
1675.469067 -216.521269
1675.553586 -216.441335
1675.800254 -216.431699
1675.768673 -216.194533
1676.105355 -216.134812
1675.700070 -216.398939
1676.097867 -216.081219
1676.284803 -216.167596
1676.100993 -215.857756
1676.104654 -216.005937
1676.205259 -215.613912
1676.291738 -215.858503
1676.495104 -215.614990
1676.744680 -215.750421
1676.612762 -215.692669
1676.649495 -215.566553
1676.825224 -215.222285
1676.878780 -215.208520
1677.042828 -215.613988
1677.041368 -215.257874
1676.871328 -215.133165
1677.064611 -214.889883
1677.312412 -215.202018
1677.021063 -214.809467
1677.357638 -214.608706
1677.423577 -214.805676
1677.474847 -214.719531
1677.445818 -214.868758
1677.322624 -214.614402
1677.576110 -214.272141
1677.662842 -214.507479
1678.085881 -214.360939
1677.856496 -214.259088
1677.801567 -214.304377
1677.963321 -214.253467
1678.047779 -213.789004
1678.137861 -213.772355
1678.316574 -213.881233
1678.127795 -213.701069
1678.175103 -213.532495
1678.384623 -213.462532
1678.339429 -213.479207
1678.690389 -213.540471
1678.563298 -213.347477
1678.724843 -213.182613
1678.942620 -213.062582
1678.791093 -213.177627
1678.879981 -212.849942
1679.101227 -212.980584
1679.365962 -212.672125
1679.008970 -212.815476
1679.195295 -212.618636
1679.452695 -212.582855
1679.411102 -212.791166
1679.719135 -212.408682
1679.462021 -212.514873
1679.696605 -212.406843
1679.396918 -211.751039
1679.347910 -212.165692
1679.815168 -212.132327
1679.930070 -212.163446
1680.070440 -211.862368
1679.939892 -212.005839
1680.527256 -211.960555
1680.046779 -211.584900
1680.277144 -211.499050
1680.403746 -211.589130
1680.345561 -211.554943
1680.402956 -211.204194
1680.468556 -211.338549
1680.637378 -211.257909
1680.482490 -211.030979
1680.633538 -211.212367
1680.699875 -210.922803
1680.765343 -210.858935
1681.046909 -211.046856
1680.859964 -210.570491
1680.763893 -210.801524
1681.088160 -210.619245
1681.252108 -210.636775
1681.066639 -210.344000
1681.427256 -210.566401
1681.285730 -210.364365
1681.154038 -210.303410
1681.393697 -210.061023
1681.309930 -210.164881
1681.575028 -210.440012
1681.719758 -209.983962
1681.775750 -209.902197
1682.113350 -209.919908
1681.919855 -209.874068
1682.012904 -209.639788
1682.098895 -209.573059
1682.094651 -209.602107
1682.200644 -209.498129
1682.250691 -209.376518
1682.510788 -209.180080
1682.429330 -209.145151
1682.585907 -208.926020
1682.389171 -208.876690
1682.982306 -208.544467
1682.737664 -208.796364
1682.480650 -208.806867
1682.731678 -208.824107
1682.892757 -208.559469
1683.096577 -208.659468
1683.227294 -208.454237
1683.096916 -208.324389
1683.242219 -208.077609
1683.369170 -208.065058
1683.228341 -208.325430
1683.333517 -208.156514
1683.511815 -208.298833
1683.756583 -208.271661
1683.288282 -208.024749
1683.679707 -208.114124
1683.898322 -207.623036
1683.662225 -207.505934
1683.770972 -207.566709
1684.051870 -207.471489
1684.014155 -207.436339
1683.832409 -207.462522
1684.181072 -207.202507
1684.314323 -207.213797
1684.239291 -206.915252
1684.539411 -206.878757
1684.318134 -206.739998
1684.223428 -207.106327
1684.471412 -206.998749
1684.377851 -206.655883
1685.062359 -206.764463
1684.799180 -206.502435
1684.719975 -206.272807
1684.814467 -206.450982
1685.095617 -206.215500
1684.902533 -206.363503
1685.097430 -206.137092
1685.014227 -206.041318
1685.270014 -206.145319
1685.174087 -206.124830
1685.191721 -206.009027
1685.546718 -205.979673
1685.483646 -205.750577
1685.219956 -205.688064
1685.497456 -205.464530
1685.532988 -205.687285
1685.613797 -205.419021
1685.936356 -205.174978
1685.933695 -205.556119
1685.817221 -205.364277
1685.812001 -205.125477
1685.910762 -205.057163
1686.020400 -204.914423
1686.241409 -204.738397
1686.315849 -204.863933
1686.408995 -204.780240
1686.393276 -204.984571
1686.304063 -204.692079
1686.574210 -204.352086
1686.596231 -204.621502
1686.563579 -204.223017
1686.765761 -204.121955
1686.710276 -204.055706
1686.709169 -204.004477
1686.860672 -203.986376
1686.943246 -204.191185
1686.872263 -203.929012
1687.170573 -203.718387
1687.071327 -203.753702
1687.220983 -203.750650
1687.516051 -203.993217
1687.231025 -203.965491
1687.218838 -203.241391
1687.386732 -203.355895
1687.503583 -203.533531
1687.357411 -203.100271
1687.947021 -203.239818
1687.980911 -203.271693
1687.642064 -203.338775
1687.872349 -203.140334
1687.944071 -203.150458
1688.175856 -202.947926
1687.938606 -202.549607
1688.185458 -202.756710
1688.239787 -202.711190
1688.275634 -202.585903
1688.363166 -202.479334
1688.524188 -202.316796
1688.531346 -202.413618
1688.752386 -202.166882
1688.503077 -202.311456
1688.724542 -201.999730
1688.777700 -202.141190
1689.131196 -202.084609
1688.756687 -201.900924
1689.078283 -201.703206
1688.974841 -201.887995
1689.031609 -201.641092
1688.970517 -201.647801
1689.297354 -201.566801
1689.308603 -201.653395
1689.140809 -201.495631
1689.100673 -201.464783
1689.461862 -201.686049
1689.395598 -201.428210
1689.556732 -201.231716
1689.696130 -200.923076
1689.806489 -200.718069
1689.702040 -201.090924
1689.666913 -200.647747
1689.675168 -200.686728
1689.996088 -200.500732
1690.081622 -200.832166
1690.075389 -200.549977
1690.222754 -200.609944
1690.330297 -200.361422
1690.355066 -200.163004
1690.414488 -200.226780
1690.289517 -200.088663
1690.631282 -200.171760
1690.292848 -200.044800
1690.643467 -199.889594
1690.853038 -200.154781
1690.633157 -199.764185
1690.952873 -199.816152
1691.023465 -199.710474
1690.761450 -199.764620
1690.896244 -199.624784
1691.002589 -199.539433
1691.015545 -199.596483
1691.558776 -199.549343
1691.008825 -199.389828
1691.294427 -199.053224
1691.471129 -199.039057
1691.191974 -199.339540
1691.358362 -199.109408
1691.831438 -199.011249
1691.425399 -198.841979
1691.810582 -198.466717
1691.894628 -198.621980
1691.839458 -198.662886
1691.933112 -198.523497
1691.549863 -198.515214
1691.793571 -198.475152
1692.073469 -198.054431
1691.938112 -198.276940
1692.219743 -197.951001
1692.365063 -198.138066
1692.334377 -198.293609
1692.180851 -197.948964
1692.091045 -197.837677
1692.169912 -197.953102
1692.559985 -197.929429
1692.696440 -197.694322
1692.669067 -197.714393
1692.613153 -197.752279
1692.911516 -197.738622
1692.739028 -197.283393
1692.926441 -197.494675
1692.816882 -197.439644
1692.819695 -197.070245
1693.054428 -197.261901
1693.029810 -196.995978
1693.219169 -197.044571
1693.252850 -196.945519
1693.255688 -196.995882
1693.285957 -196.720278
1693.224419 -196.861485
1693.737543 -196.734740
1693.347986 -196.710607
1693.255847 -196.862339
1693.751747 -196.605590
1693.724171 -196.354622
1693.945554 -196.260965
1693.860077 -196.396484
1694.021039 -196.155823
1694.209326 -196.424246
1693.887558 -196.037147
1693.933709 -196.231432
1694.166055 -196.283360
1694.248788 -195.868488
1694.243213 -195.612583
1694.501563 -195.932416
1694.366674 -195.899175
1694.513257 -195.573672
1694.757602 -195.612602
1694.539529 -195.352891
1694.765810 -195.370843
1694.577950 -195.555653
1694.678770 -195.438857
1694.804534 -195.130796
1694.755199 -195.241914
1694.967355 -194.931773
1695.083174 -194.975064
1695.099804 -195.069840
1695.269081 -194.709020
1695.090939 -195.031079
1695.231354 -194.841974
1695.187852 -194.510174
1695.353062 -194.638270
1695.388820 -194.436123
1695.415515 -194.494947
1695.492510 -194.207120
1695.740686 -194.175996
1695.865320 -194.380723
1695.834431 -194.457585
1695.598267 -194.019691
1695.834928 -194.177240
1695.991617 -194.364903
1695.683650 -193.826914
1696.079825 -193.874060
1696.029747 -193.871764
1696.281779 -193.535448
1696.208005 -193.831994
1696.535386 -193.740279
1696.342496 -193.735120
1696.230590 -193.593131
1696.535010 -193.246306
1696.594615 -193.521917
1696.704167 -193.273894
1696.609464 -192.922626
1696.889478 -192.989943
1696.696225 -193.038085
1696.566929 -192.985728
1696.853270 -192.801400
1697.088907 -192.679226
1697.044014 -192.899725
1697.007744 -192.771927
1696.974607 -192.619288
1697.030627 -192.771416
1697.053683 -192.553541
1697.000157 -192.444632
1697.327837 -192.382114
1697.512952 -192.203824
1697.374815 -192.213758
1697.581463 -192.233276
1697.633051 -192.284216
1697.353619 -191.897528
1697.516763 -191.973489
1697.712510 -191.668816
1697.892035 -191.623266
1697.894011 -191.833907
1698.019890 -191.714905
1697.965630 -191.612318
1697.748736 -191.736326
1698.037296 -191.529186
1698.065864 -191.626588
1697.969175 -191.250918
1698.544170 -191.382555
1697.912900 -191.689268
1698.215306 -191.459731
1698.337016 -191.046163
1698.470407 -191.022498
1698.424381 -191.006493
1698.731679 -191.219581
1698.581528 -190.947092
1698.570623 -190.819645
1698.837537 -190.902466
1699.110006 -190.612779
1698.826352 -190.636999
1698.929406 -190.740486
1699.069470 -190.494833
1699.068426 -190.408322
1698.969268 -190.675413
1699.245981 -190.589993
1699.227643 -190.540994
1699.222002 -190.481209
1698.990484 -189.998366
1699.201333 -190.109059
1699.546633 -190.099669
1699.597096 -189.837188
1699.136693 -189.964913
1699.597993 -189.901973
1699.608865 -189.825118
1699.800724 -189.572533
1699.830087 -189.937171
1699.818445 -189.627927
1699.744407 -189.213592
1699.931451 -189.544398
1700.304894 -189.586655
1700.214763 -189.407798
1700.254056 -189.195108
1700.386852 -189.355446
1700.129672 -189.288077
1700.438780 -189.346004
1700.603226 -188.858003
1700.332193 -189.128904
1700.773220 -189.147554
1700.687230 -188.632955
1700.558120 -188.970611
1700.881256 -189.073609
1700.672670 -188.624302
1700.705706 -188.548826
1700.605223 -188.527089
1700.872827 -188.778501
1700.704508 -188.424334
1700.798660 -188.318854
1701.150115 -188.459568
1700.838014 -188.354643
1701.392629 -188.266631
1701.147226 -188.309947
1701.379188 -188.002103
1701.044759 -188.197004
1701.279453 -188.395914
1701.513162 -188.238814
1701.676420 -187.916771
1701.258716 -187.710878
1701.713336 -187.666919
1701.894893 -187.614595
1701.669236 -187.617301
1701.664891 -187.642635
1701.779963 -187.704858
1702.236031 -187.630061
1701.885184 -187.714935
1701.768033 -187.444639
1701.907682 -187.127277
1701.845981 -187.107629
1702.028418 -187.224123
1702.275523 -187.008685
1702.017307 -187.194391
1702.522720 -186.927544
1702.346966 -187.176710
1702.355920 -186.886299
1702.642867 -186.949201
1702.436266 -186.877021
1702.519039 -187.121313
1702.422567 -186.634694
1702.821448 -186.732102
1702.738096 -186.623342
1702.690761 -186.564244
1702.954434 -186.749857
1702.930321 -186.168306
1703.178293 -186.419897
1703.155112 -186.642358
1703.045259 -186.299368
1703.266067 -186.131043
1703.444749 -186.081611
1703.284061 -185.985434
1702.996381 -186.061603
1703.194481 -185.808054
1703.228238 -185.634517
1703.616870 -185.713197
1703.411092 -185.836153
1703.697734 -185.781942
1703.618927 -185.640097
1703.685737 -185.482201
1703.598338 -185.600401
1703.568109 -185.605695
1703.761259 -185.399495
1703.941071 -185.322616
1703.932454 -185.551375
1703.720302 -185.283893
1704.118476 -185.287629
1704.148064 -185.326657
1704.231776 -184.964627
1703.768999 -184.983869
1704.494419 -185.112577
1704.287857 -184.940306
1704.222158 -184.943967
1704.569714 -184.662020
1704.539759 -185.030485
1704.569188 -184.855994
1704.476449 -184.471809
1704.648117 -184.772539
1704.562914 -184.553661
1704.782279 -184.576707
1704.947061 -184.444209
1704.735972 -184.207405
1704.990154 -184.540332
1704.999425 -184.502689
1705.103794 -184.131798
1704.984592 -184.184995
1705.181370 -184.300013
1705.154383 -184.088263
1705.306662 -184.039844
1705.332793 -184.039869
1705.382987 -183.852711
1705.547357 -183.766244
1705.736221 -183.528508
1705.385050 -183.981465
1705.406548 -183.787994
1705.625627 -183.476296
1706.152770 -183.636508
1705.661281 -183.690947
1705.758980 -183.529757
1705.740996 -183.356623
1705.928648 -183.528826
1705.959435 -183.539499
1705.636585 -183.443527
1706.052614 -183.276064
1705.616086 -183.257894
1705.925880 -183.360225
1706.328183 -182.933976
1706.304298 -182.976392
1706.283330 -182.779145
1706.203768 -182.898338
1706.422888 -183.057214
1706.253666 -182.869620
1706.674833 -183.068577
1706.400174 -182.876955
1706.660716 -182.563412
1706.600931 -182.621066
1706.750728 -182.671614
1706.665788 -182.665601
1706.912606 -182.453707
1706.881761 -182.484621
1706.931202 -182.501436
1706.874242 -182.106032
1707.191767 -182.042708
1707.032709 -182.342600
1706.895753 -181.975486
1707.122819 -181.970549
1707.397354 -181.975690
1706.983621 -181.906165
1707.230654 -181.838896
1707.362550 -182.055160
1707.083843 -181.861145
1707.569175 -181.559626
1707.763673 -181.683754
1707.564182 -182.060727
1707.670857 -181.891574
1707.783862 -181.721308
1707.852578 -181.834699
1707.863533 -181.731103
1707.867266 -181.669849
1707.487784 -181.514343
1707.890569 -181.456665
1707.908017 -181.319995
1708.057968 -181.085345
1708.018947 -181.132845
1708.157709 -181.611941
1707.940699 -181.184326
1708.431616 -181.101976
1708.401188 -181.123165
1708.404853 -181.218945
1708.264683 -180.892168
1708.523485 -180.851359
1708.385524 -180.858386
1708.326421 -180.799602
1708.375711 -180.880112
1708.722332 -180.865976
1708.594648 -180.536881
1708.706219 -180.919798
1708.902300 -180.659441
1708.830798 -180.643813
1708.923879 -180.548925
1708.549097 -180.469507
1708.916925 -180.565017
1709.153086 -180.265706
1709.037871 -180.572118
1708.611746 -180.214767
1709.308175 -180.255681
1709.239375 -180.032093
1709.314255 -180.190281
1709.200434 -180.329943
1709.364266 -180.140866
1709.161482 -180.231422
1709.475940 -180.083353
1709.475346 -179.808279
1709.471016 -179.741904
1709.356369 -179.791776
1709.533507 -179.537751
1709.562035 -179.790222
1709.458596 -179.842234
1709.789002 -179.658064
1709.945031 -179.527716
1709.616302 -179.612539
1709.922926 -179.409870
1710.069548 -179.480247
1709.954801 -179.485826
1710.232149 -179.288847
1710.135978 -179.196599
1710.034428 -179.215740
1710.050568 -179.246749
1710.380392 -179.288720
1710.262717 -179.370855
1710.326013 -178.985333
1710.445025 -179.275357
1710.667407 -179.194861
1710.830871 -179.068079
1710.459687 -178.979773
1710.518581 -178.756614
1710.662343 -178.934136
1710.799213 -178.750464
1710.665648 -178.749007
1710.800343 -178.871059
1710.821327 -178.583161
1710.602619 -178.566955
1710.831208 -178.398367
1711.096838 -178.358236
1711.048013 -178.701552
1711.195836 -178.142661
1711.249433 -178.275369
1711.029139 -178.503309
1711.585741 -178.507048
1710.965980 -178.515869
1711.468932 -178.354977
1711.262374 -178.549353
1711.592013 -178.136009
1711.495841 -178.163419
1711.546847 -178.291769
1711.695484 -178.405228
1711.598838 -177.901579
1711.791527 -177.911869
1711.562078 -177.837950
1711.763642 -177.807978
1712.006221 -177.991394
1712.022153 -177.966059
1711.920477 -177.944307
1712.213872 -177.711705
1711.859874 -177.622566
1712.143442 -177.946732
1712.129073 -177.782271
1712.255132 -177.664665
1712.259801 -177.657423
1712.150676 -177.670288
1712.125163 -177.407467
1712.168034 -177.252822
1712.722139 -177.573047
1712.429693 -177.472789
1712.466733 -177.371576
1712.269846 -177.353344
1712.459663 -177.481708
1712.591694 -177.344432
1712.521675 -177.093107
1712.488735 -177.372222
1712.824202 -177.428488
1712.865891 -176.879015
1712.740328 -176.943441
1712.737773 -176.957189
1712.826460 -177.310348
1713.063108 -176.958251
1712.838714 -176.683706
1713.099201 -177.048358
1713.089527 -176.793506
1713.083185 -176.809201
1712.954326 -176.661255
1713.165241 -176.900095
1713.517723 -176.763405
1713.365432 -176.751575
1713.453999 -176.649349
1713.237692 -176.721984
1713.315782 -176.549069
1713.712287 -176.296322
1713.548224 -176.493495
1713.573578 -176.549354
1713.476462 -176.508224
1713.729753 -176.187429
1713.726980 -176.296182
1713.507379 -176.290115
1713.660008 -176.181346
1714.042123 -176.529820
1713.795969 -176.387599
1714.278786 -176.138226
1714.141321 -176.099722
1714.052965 -176.097951
1714.183231 -176.209451
1713.922381 -176.017752
1714.273877 -176.185213
1714.078476 -176.098851
1714.490360 -175.671522
1714.309548 -176.092519
1714.359333 -175.769648
1714.373014 -175.868328
1714.300256 -175.911219
1714.703064 -175.603699
1714.570901 -175.891000
1714.571550 -175.453011
1714.673482 -175.596347
1714.375121 -175.827720
1714.937191 -175.494289
1714.652942 -175.469116
1715.127929 -175.606598
1714.640639 -175.444747
1714.827810 -175.294116
1714.908460 -175.668157
1714.907406 -175.751302
1715.101106 -175.606226
1714.989525 -175.450804
1715.109406 -175.136086
1714.922338 -175.514697
1715.162383 -175.277010
1715.224582 -175.279647
1715.399505 -175.095838
1715.441351 -175.027957
1715.419621 -175.173155
1715.626044 -175.062691
1715.624908 -175.098233
1715.465239 -174.933875
1715.644081 -174.909293
1715.650232 -175.041741
1715.655001 -175.225252
1715.704997 -175.167130
1715.540968 -174.948252
1715.938499 -174.951507
1716.073986 -174.897282
1715.932698 -174.862736
1715.986784 -174.829248
1715.812762 -174.837808
1716.331157 -174.595089
1716.094797 -174.747684
1716.128694 -174.689091
1716.166515 -174.353599
1716.299678 -174.853020
1716.302446 -174.662548
1716.528467 -174.577782
1716.079894 -174.598769
1716.652912 -174.353049
1716.559825 -174.455435
1716.384589 -174.272297
1716.460228 -174.507686
1716.440441 -174.263015
1716.586639 -174.466381
1716.539050 -174.481842
1716.678159 -174.261717
1716.702585 -174.300598
1716.668686 -174.010763
1716.720591 -174.024553
1716.776837 -173.884933
1716.978948 -174.196556
1717.159921 -174.053742
1717.272255 -174.151678
1716.911777 -174.167487
1716.904103 -174.186455
1717.235755 -173.946848
1717.125482 -174.115670
1717.221346 -174.161619
1717.408488 -174.051293
1717.542480 -173.805731
1717.122253 -174.012880
1717.573009 -173.933968
1717.499335 -174.017591
1717.547025 -174.173122
1717.456831 -173.661086
1717.555675 -173.784789
1717.504127 -173.806657
1717.615275 -173.853189
1717.737868 -173.853612
1717.827465 -173.725892
1717.712794 -173.752258
1718.245362 -173.481403
1717.797764 -173.658033
1717.731188 -173.629866
1717.924943 -173.881075
1718.087681 -173.582922
1718.262000 -173.498018
1718.048102 -173.640274
1718.219646 -173.421361
1718.261450 -173.683593
1718.143541 -173.486385
1718.406113 -173.557324
1718.385497 -173.509390
1718.040847 -173.271365
1718.409547 -173.412747
1718.456078 -173.195951
1718.321991 -173.338824
1718.545902 -173.342768
1718.456154 -173.397578
1718.465521 -173.231874
1718.604527 -173.060349
1718.428940 -173.054327
1718.879783 -173.233856
1718.793540 -172.961559
1718.811638 -172.837370
1718.710318 -172.712227
1718.919028 -172.862154
1718.893594 -172.918892
1719.207570 -173.219623
1718.802797 -172.963265
1719.305614 -173.186523
1718.891303 -172.883503
1719.103174 -172.893388
1719.306034 -172.796035
1719.070854 -172.949901
1719.085608 -173.083254
1719.050910 -172.918542
1719.450276 -172.851644
1719.131181 -172.637001
1719.510857 -172.915783
1719.327648 -172.720568
1719.444607 -173.004546
1719.385913 -172.719047
1719.723427 -172.657557
1719.602091 -172.686990
1719.500531 -172.791502
1719.572368 -172.743637
1719.560925 -172.889756
1719.792371 -172.709105
1719.716061 -172.593786
1719.406148 -172.709918
1719.869957 -172.568987
1719.728595 -172.675008
1719.840887 -172.532067
1719.888656 -172.673529
1719.853496 -172.633812
1719.926714 -172.542805
1720.335528 -172.632827
1719.943542 -172.633091
1720.523162 -172.321384
1720.269453 -172.483687
1719.968273 -172.541704
1720.666370 -172.463584
1720.408719 -172.286867
1720.232199 -172.492885
1720.559048 -172.360503
1720.195222 -172.462682
1720.416175 -172.523434
1720.506737 -172.486770
1720.896362 -172.531973
1720.500117 -172.133762
1720.506101 -172.571193
1720.306113 -172.237320
1720.663747 -172.247496
1720.865270 -172.237608
1720.829999 -172.400382
1720.701540 -172.283303
1720.860445 -172.172882
1720.939103 -172.146762
1720.954430 -172.157157
1721.158719 -172.383394
1721.195117 -172.039547
1720.979454 -172.307731
1721.366013 -172.088352
1721.141687 -172.367235
1720.969017 -172.018840
1721.345989 -172.177836
1721.427661 -172.342455
1721.338084 -172.166804
1721.617452 -172.063954
1721.336984 -171.985382
1721.405415 -172.041876
1721.755240 -172.058629
1721.401930 -171.841463
1721.633435 -171.900571
1721.667636 -171.979447
1722.011389 -172.018199
1721.613387 -171.933443
1721.579650 -172.189364
1721.640533 -171.841203
1721.535976 -171.884520
1722.136874 -172.090217
1722.009083 -171.818596
1722.134708 -171.658274
1722.059696 -171.679671
1721.908627 -171.894794
1722.036069 -171.842824
1722.140134 -171.867391
1722.095139 -172.087035
1722.364611 -171.798428
1722.289608 -171.882974
1722.343207 -171.877725
1722.338697 -171.960102
1722.245887 -171.942098
1722.288703 -171.926657
1722.267085 -171.861629
1722.329707 -171.873277
1722.678456 -171.813495
1722.725065 -171.689402
1722.416867 -171.905427
1722.346555 -171.897771
1722.581720 -171.593046
1722.520824 -171.626229
1722.791156 -171.751240
1722.488100 -171.913487
1722.665950 -171.742936
1722.949154 -171.757534
1722.775379 -171.620858
1722.818977 -171.652488
1723.068392 -171.582344
1722.731145 -171.666692
1722.966742 -171.578484
1723.118826 -171.847113
1722.941490 -171.539349
1723.059564 -171.710715
1723.264849 -171.624106
1723.237883 -171.855982
1723.101773 -171.649668
1723.383517 -171.612246
1723.413595 -171.733964
1722.951957 -171.411694
1723.164111 -171.652008
1723.211986 -171.721863
1723.475565 -171.534023
1723.469211 -171.784468
1723.605923 -171.660133
1723.650395 -171.483669
1723.556597 -171.542489
1723.787163 -171.704728
1723.705995 -171.502343
1723.688511 -171.418033
1723.893877 -171.558981
1723.724227 -171.681900
1724.160399 -171.512750
1724.026756 -171.500800
1724.083125 -171.612753
1723.844081 -171.596305
1723.851224 -171.509511
1723.848130 -171.332010
1723.966218 -171.803639
1724.106547 -171.490270
1724.343581 -171.568981
1724.229253 -171.706693
1724.101763 -171.568886
1724.241325 -171.560896
1724.407908 -171.229161
1724.116089 -171.501678
1724.237188 -171.275963
1724.220454 -171.578431
1724.469539 -171.427497
1724.408651 -171.384691
1724.006747 -171.331611
1724.538736 -171.313393
1724.709695 -171.979847
1724.836374 -171.233699
1724.384622 -171.629012
1724.563227 -171.475666
1724.518422 -171.515029
1724.790323 -171.638621
1724.738212 -171.757611
1724.719385 -171.583484
1724.594789 -171.454658
1724.865099 -171.774103
1724.742540 -171.694571
1724.987085 -171.495252
1725.149718 -171.694071
1725.054977 -171.634683
1725.165679 -171.619596
1724.857770 -171.581240
1725.170093 -171.385662
1725.124451 -171.612037
1725.057667 -171.617477
1725.387496 -171.401593
1725.227970 -171.563485
1725.001934 -171.423849
1725.040778 -171.520700
1725.279222 -171.831324
1725.332241 -171.873289
1725.532053 -171.339575
1725.449998 -171.371435
1725.355007 -171.408068
1725.652653 -171.657001
1725.432548 -171.715939
1725.825441 -171.449979
1725.455242 -171.448144
1725.936121 -171.639946
1725.753996 -171.725047
1725.700648 -171.710705
1725.921298 -171.418662
1725.708390 -171.429864
1725.744214 -171.607930
1726.245566 -171.790421
1725.770039 -171.690535
1725.962674 -171.603410
1726.176984 -171.660417
1726.065854 -171.552171
1725.975407 -171.847548
1725.941914 -171.671486
1726.024440 -171.909272
1726.116744 -171.698984
1726.272204 -171.515587
1726.108171 -171.810393
1726.359542 -171.497716
1726.382610 -171.564191
1726.246220 -171.705441
1726.590323 -172.041820
1726.231924 -171.804184
1726.290217 -171.698777
1726.446338 -172.027021
1726.374870 -171.923889
1726.389391 -171.777862
1726.478066 -171.883574
1726.601568 -171.810388
1726.617186 -172.018731
1726.531856 -171.875583
1726.626312 -171.911560
1726.726125 -172.322105
1726.785284 -171.687852
1726.859922 -171.726374
1726.901053 -171.851027
1726.944730 -171.834527
1727.075071 -171.951703
1726.990470 -171.887549
1727.165595 -171.893972
1727.063271 -171.848225
1727.150629 -171.881395
1727.080930 -171.973080
1726.946608 -172.040708
1726.870826 -171.611133
1727.368254 -171.900743
1727.370914 -171.941137
1727.397071 -171.911568
1727.296997 -172.015712
1727.458510 -171.911628
1727.236342 -172.042191
1727.247533 -171.997147
1727.197872 -172.134159
1727.489832 -172.373230
1727.500816 -172.020346
1727.414610 -171.991158
1727.535866 -172.266373
1727.463140 -172.227919
1727.463724 -172.073970
1727.814270 -172.083764
1727.751478 -172.173839
1727.997779 -172.114791
1727.700980 -172.092432
1727.681001 -171.891245
1728.095030 -172.162414
1727.925196 -172.226438
1727.606505 -172.151361
1728.130052 -172.145134
1727.909062 -172.321555
1728.261240 -172.441554
1727.824934 -172.578315
1727.958849 -172.360508
1728.107292 -172.548248
1727.999452 -172.263988
1728.004810 -172.365473
1728.010453 -172.217934
1728.086290 -172.561922
1727.994155 -172.221639
1728.344132 -172.330998
1728.291582 -172.409111
1728.668228 -172.413971
1728.607427 -172.420511
1728.493800 -172.109875
1728.349727 -172.438541
1728.300485 -172.500377
1728.713035 -172.359909
1728.555683 -172.248392
1728.605906 -172.450724
1728.494378 -172.341536
1728.538664 -172.733073
1728.697429 -172.420829
1728.762337 -172.926061
1728.681150 -172.689603
1729.004794 -172.648085
1728.792239 -172.615739
1728.788381 -172.615592
1728.717989 -172.691192
1728.741713 -172.753162
1728.950034 -172.789252
1728.942728 -172.797876
1729.128773 -172.754248
1729.401325 -172.561378
1728.909718 -172.836051
1729.012925 -172.921249
1729.031919 -172.917098
1729.230679 -172.502697
1729.353971 -172.934101
1729.105068 -172.964051
1729.520856 -172.638677
1729.183759 -173.062272
1729.402394 -173.018809
1729.724981 -173.087941
1729.291897 -172.893418
1729.189750 -173.063017
1729.291153 -173.052043
1729.490338 -173.235082
1729.685452 -172.957982
1729.796392 -172.893082
1729.601695 -172.896303
1729.657545 -173.081489
1729.857188 -173.094651
1729.633624 -173.085812
1729.478788 -173.269033
1729.940010 -173.220178
1729.706201 -173.312705
1729.543721 -173.297862
1729.917212 -173.381141
1730.119814 -173.107504
1729.922348 -173.260232
1730.140603 -173.453973
1730.101740 -173.412282
1730.241541 -173.306383
1730.369463 -173.546586
1730.031030 -173.185730
1730.019698 -173.493845
1730.228147 -173.479669
1730.010595 -173.465236
1730.223858 -173.841464
1730.089806 -173.585904
1730.162164 -173.647174
1730.331578 -173.622721
1730.112400 -173.528244
1730.179201 -173.677431
1730.538194 -173.995072
1730.178717 -173.878828
1730.400000 -173.929474
1730.504858 -173.784742
1730.207456 -173.708200
1730.888026 -173.820153
1730.299205 -173.673661
1730.777817 -173.735396
1730.645365 -173.999941
1730.349620 -174.091650
1730.524628 -174.404163
1730.613739 -173.858767
1730.742592 -173.843405
1730.751762 -173.861402
1730.570788 -173.683085
1730.760648 -174.207481
1731.017213 -174.193828
1730.937401 -174.179033
1730.781948 -174.309435
1730.758687 -174.311795
1730.766325 -174.129548
1730.914157 -174.146353
1730.904428 -174.263761
1730.988873 -174.229916
1730.944637 -174.448444
1731.055847 -174.173677
1731.200941 -174.289015
1731.248872 -174.627606
1731.202039 -174.706439
1731.145497 -174.397929
1731.255314 -174.594178
1731.368521 -174.305502
1731.091240 -174.652355
1731.269436 -174.885509
1731.224655 -174.509934
1731.506820 -174.728182
1731.409690 -174.660476
1731.482499 -174.790092
1731.199014 -174.819890
1731.467455 -174.633442
1731.220987 -174.947215
1731.797598 -175.057596
1731.736703 -175.005561
1731.984151 -174.970078
1731.817672 -175.202130
1731.447066 -174.915870
1731.679738 -174.870146
1731.858790 -175.254030
1731.915863 -174.776716
1731.455382 -175.142489
1732.026654 -175.053764
1732.216418 -174.995071
1731.834250 -175.217090
1732.049654 -175.264898
1732.133072 -174.959027
1731.880129 -175.331339
1732.132977 -175.318487
1731.579840 -175.269775
1732.238680 -175.308926
1732.211036 -175.424214
1732.102666 -175.511975
1732.391280 -175.445996
1732.235290 -175.621610
1732.237653 -175.327316
1732.211584 -175.729678
1732.482542 -175.492327
1732.206619 -175.776733
1732.399594 -175.747773
1732.410707 -175.888624
1732.440592 -176.031578
1732.493530 -175.738648
1732.251651 -176.120498
1732.620824 -176.065580
1732.334916 -175.929470
1732.608656 -175.903945
1732.418112 -176.226144
1732.717355 -176.116538
1732.836290 -176.001870
1732.630767 -176.486593
1732.501777 -176.099685
1732.969636 -176.035914
1732.570329 -176.448087
1732.872240 -175.987634
1732.986823 -176.409398
1732.656566 -176.314678
1733.350947 -176.268842
1732.944129 -176.468012
1732.658128 -176.513830
1732.854291 -176.717106
1732.893643 -176.761715
1733.167224 -176.589348
1733.074688 -176.290693
1733.264941 -176.871030
1732.961368 -176.613172
1732.931581 -176.838451
1733.194174 -176.989483
1733.102008 -176.857938
1733.074673 -176.774566
1733.157413 -176.972913
1733.216196 -177.157069
1733.188758 -177.038761
1733.262965 -177.205981
1733.291423 -177.074110
1733.497625 -177.357872
1733.146810 -177.045768
1733.201451 -176.940827
1733.523921 -177.579683
1733.448754 -177.433680
1733.358731 -177.424503
1733.713832 -177.431869
1733.693776 -177.508905
1733.345794 -177.431903
1733.657456 -177.702687
1733.951796 -177.510057
1733.556231 -177.362803
1733.616736 -177.584732
1733.649029 -177.763853
1733.457209 -177.668024
1733.785289 -177.646650
1733.674962 -177.774569
1734.006666 -177.720045
1733.928775 -177.728841
1733.600819 -177.930205
1733.749266 -177.922298
1733.815871 -178.166448
1734.067112 -178.105512
1733.783222 -177.964310
1734.016002 -178.238127
1734.521525 -178.277919
1734.142449 -178.270769
1734.094706 -178.273724
1733.989089 -178.097234
1734.064725 -178.555729
1734.229893 -178.591470
1734.528395 -178.745629
1734.487806 -178.539855
1734.443805 -178.629110
1734.338917 -178.727828
1734.313939 -178.927001
1734.135192 -178.546598
1734.536096 -178.681446
1734.450927 -178.521359
1734.616783 -178.796520
1734.395874 -178.911651
1734.402838 -179.122241
1734.475416 -179.132343
1734.608637 -178.820870
1734.765613 -178.950140
1734.598817 -178.994052
1734.468496 -179.304838
1734.315206 -179.200877
1734.453419 -179.204055
1734.806029 -179.335008
1734.703486 -179.535013
1734.861370 -179.305926
1734.781269 -179.582877
1734.662375 -179.531215
1734.722220 -179.614022
1734.887002 -179.467735
1734.926622 -179.889785
1735.095508 -179.644727
1735.199833 -179.541969
1734.772210 -179.996139
1735.029839 -180.237641
1735.011532 -179.884976
1734.957874 -180.011068
1735.028186 -180.049796
1735.167726 -180.128023
1735.189713 -180.225643
1735.227880 -180.283617
1735.367656 -180.123584
1735.054094 -180.382804
1735.264631 -180.262191
1735.222144 -180.228857
1735.055304 -180.587103
1735.460406 -180.201725
1735.255189 -180.509668
1735.136767 -180.591039
1735.744535 -180.790013
1735.428695 -180.626401
1735.569951 -180.611431
1735.421617 -180.811681
1735.798568 -180.760541
1735.270080 -180.686872
1735.408842 -181.066788
1735.448240 -180.653644
1735.339981 -181.021068
1735.702131 -181.164703
1735.695488 -181.273046
1735.630873 -181.147874
1736.052880 -181.295483
1735.923388 -181.586766
1735.620162 -181.202890
1735.370042 -181.199404
1735.711851 -181.282774
1735.714082 -181.409935
1735.909377 -181.375087
1735.774406 -181.571741
1735.770778 -181.633371
1735.881917 -181.739014
1735.812794 -181.770652
1735.980583 -181.776643
1736.077691 -182.198242
1736.434094 -181.975997
1736.154386 -181.961201
1735.924192 -181.992478
1736.159282 -182.352957
1735.889140 -182.394766
1735.973781 -182.422783
1735.949223 -182.300464
1736.228520 -182.468869
1736.454794 -182.328552
1736.448915 -182.196698
1736.202777 -182.201507
1736.253224 -182.410724
1736.257069 -182.785006
1736.314997 -182.695492
1736.476085 -182.768436
1736.621907 -182.895231
1736.570468 -182.814635
1736.737631 -182.880271
1736.646220 -183.092364
1736.390301 -183.143303
1736.492055 -183.275564
1736.551945 -183.292780
1736.613140 -183.283985
1736.785990 -183.267304
1736.346728 -183.521346
1736.296599 -183.271958
1736.757135 -183.560725
1736.688563 -183.941997
1736.689951 -183.443623
1736.933968 -183.639569
1736.975410 -183.577896
1736.694306 -183.907945
1736.865217 -183.883935
1736.752385 -183.847213
1736.630388 -184.076897
1736.943254 -183.947798
1737.044774 -184.146569
1736.717178 -183.700166
1737.078055 -184.082321
1736.815828 -184.096042
1737.311466 -184.057229
1737.158149 -184.566527
1736.941156 -184.875011
1737.069755 -184.618207
1737.137361 -184.925523
1737.195565 -184.359254
1736.873342 -184.591331
1737.174009 -184.861172
1737.275228 -184.520812
1737.167467 -184.990777
1737.140841 -184.861515
1737.108828 -185.117386
1737.107334 -184.972875
1737.298192 -185.178856
1737.293006 -185.278221
1737.159636 -185.263505
1737.460819 -185.406959
1737.469126 -185.004479
1737.399765 -185.425309
1737.442793 -185.699624
1737.609111 -185.552001
1737.452545 -185.616314
1737.539028 -186.050951
1737.509276 -186.054632
1737.809142 -185.912769
1737.430345 -186.143849
1737.525410 -186.524491
1737.580114 -186.267554
1737.885670 -185.989401
1737.664293 -186.273389
1737.815247 -186.448704
1737.543110 -186.391754
1737.854763 -186.253138
1737.877100 -186.396096
1737.553254 -186.632870
1737.920344 -186.563390
1737.981632 -186.560674
1737.924233 -186.600279
1737.775317 -186.991306
1737.753803 -187.404597
1737.841574 -187.140554
1738.040223 -187.085078
1737.982059 -187.198976
1738.079873 -187.102107
1738.137439 -187.099456
1737.783872 -187.214283
1738.074108 -187.519686
1738.118699 -187.529079
1738.143088 -187.385313
1738.517064 -187.581671
1738.252958 -188.001487
1738.049031 -187.763520
1738.144540 -187.867206
1738.034168 -187.809983
1738.162163 -187.884325
1738.298072 -187.940639
1738.218798 -187.905664
1738.333698 -188.175915
1738.341920 -188.301558
1738.344418 -188.208051
1738.423966 -188.276423
1738.409506 -188.313247
1738.362473 -188.523350
1738.480499 -188.644109
1738.651464 -188.685319
1738.756629 -188.835482
1738.442530 -188.952026
1738.246301 -188.821107
1738.599073 -188.849122
1738.555716 -189.023232
1738.579886 -188.927751
1738.808475 -189.231122
1738.562687 -189.026109
1738.846637 -189.198127
1738.759131 -189.336887
1738.861613 -189.173988
1738.715910 -189.487686
1738.717875 -189.668259
1738.914510 -189.702615
1738.659131 -189.758704
1738.930801 -189.756102
1738.987448 -189.724777
1738.941270 -190.373542
1738.957392 -189.901904
1738.898170 -190.072245
1739.393873 -190.049428
1739.124706 -190.399806
1739.205799 -190.311239
1739.045856 -190.409530
1738.762034 -190.487953
1739.124059 -190.524810
1739.192804 -190.760946
1739.140241 -190.721787
1739.113876 -190.981119
1739.205066 -190.963082
1739.151061 -190.845234
1739.144063 -191.058716
1739.239244 -191.267048
1739.297778 -191.249388
1739.417868 -191.411125
1739.359822 -191.269865
1739.573460 -191.380998
1739.457171 -191.331183
1739.146244 -191.658782
1739.576107 -191.873113
1739.201005 -191.829469
1739.613285 -192.075393
1739.487287 -191.605152
1739.416791 -192.177381
1739.527106 -191.923022
1739.513785 -192.088594
1739.611633 -192.101281
1739.607119 -192.258510
1739.514718 -192.478605
1739.744651 -192.399214
1739.669353 -192.570129
1739.790543 -192.494535
1739.852463 -192.773406
1739.812903 -192.621418
1739.431786 -192.831809
1739.584940 -192.975171
1739.829788 -193.059918
1739.727368 -193.226848
1739.939300 -193.045922
1739.872179 -193.302334
1739.977478 -193.422152
1739.865908 -193.352570
1740.114968 -193.509192
1739.866673 -193.929320
1739.934914 -193.509060
1740.188012 -193.542918
1740.369473 -193.491639
1740.117949 -193.937743
1739.955868 -193.629984
1740.052434 -194.147696
1740.191649 -194.020747
1740.013624 -194.397035
1740.208140 -194.274171
1740.080163 -194.186656
1739.999022 -194.456310
1740.275008 -194.289494
1740.085118 -195.030527
1740.453160 -194.794617
1740.053587 -194.838409
1740.247450 -194.908557
1740.174128 -194.621132
1740.278246 -195.113416
1740.475142 -195.367660
1740.255621 -195.499273
1740.237231 -195.587061
1740.151470 -195.550378
1740.457892 -195.513743
1740.318192 -195.619092
1740.600041 -195.753400
1740.918815 -195.590208
1740.471921 -195.832064
1740.390876 -196.075609
1740.702018 -195.924257
1740.639485 -195.781456
1740.779069 -196.257868
1740.891144 -195.993460
1740.699960 -196.202956
1740.912681 -196.461671
1740.804422 -196.413760
1741.049785 -196.649978
1740.636213 -196.782105
1740.759930 -196.396771
1740.991631 -196.851534
1740.703035 -197.078415
1740.885560 -196.978137
1740.792248 -197.020383
1740.920218 -197.221349
1741.009629 -197.458262
1740.914290 -197.562102
1740.861560 -197.343253
1740.924466 -197.601336
1741.105134 -197.428798
1740.894741 -197.530239
1741.080769 -197.726350
1740.909174 -197.791288
1741.021266 -197.901028
1741.085667 -197.957575
1740.976879 -198.114464
1741.356802 -198.253267
1741.070077 -198.513494
1741.220712 -198.391789
1741.421085 -198.308133
1741.193240 -198.508028
1741.195047 -198.569906
1741.308426 -198.661557
1741.221212 -198.533007
1741.332286 -199.075477
1741.191810 -199.226526
1741.273502 -199.203090
1741.180957 -199.315120
1741.203975 -199.576025
1741.527803 -199.347511
1741.491038 -199.423992
1741.432550 -199.398520
1741.474182 -199.711644
1741.393591 -199.859233
1741.320223 -199.694542
1741.302950 -200.004802
1742.004470 -199.966357
1741.505294 -200.178625
1741.855854 -200.149930
1741.597147 -200.328123
1741.471835 -200.502683
1741.424884 -200.568791
1741.613275 -200.702280
1741.976071 -200.759739
1741.828073 -200.709358
1741.791270 -200.912497
1741.760972 -201.100822
1741.765474 -201.361055
1741.767387 -201.123471
1741.706108 -201.152928
1741.885227 -201.534724
1741.735133 -201.584614
1741.917989 -201.537444
1741.813032 -201.590403
1741.740386 -201.809855
1741.856230 -201.783003
1742.082916 -202.369575
1741.722105 -202.194273
1742.110200 -202.092581
1742.023127 -202.039298
1741.881642 -202.373794
1741.909195 -202.257917
1741.992228 -202.533433
1741.875030 -202.377064
1741.861218 -202.592810
1741.950629 -202.515428
1742.236969 -202.908076
1741.970260 -202.936938
1742.232904 -203.323096
1742.024279 -203.071380
1742.201978 -203.287203
1742.037604 -203.558988
1742.227331 -203.767805
1742.497648 -203.570619
1742.239146 -203.740315
1742.449428 -203.674077
1742.249911 -203.929218
1742.083315 -203.935773
1742.540659 -203.880244
1742.650155 -203.866777
1742.464884 -204.125611
1742.348954 -204.358283
1742.297154 -204.632406
1742.406927 -204.592910
1742.467407 -204.806836
1742.615879 -204.656332
1742.549831 -204.817311
1742.836353 -204.941921
1742.514817 -204.927859
1742.321170 -205.084185
1742.606371 -205.264183
1742.611881 -205.115697
1742.904522 -205.116220
1742.415438 -205.730396
1742.649410 -205.575096
1742.628631 -205.628785
1742.640100 -205.733690
1742.927750 -205.955658
1742.892318 -206.056850
1742.728084 -206.169262
1742.503219 -206.383959
1743.099756 -206.308387
1743.050574 -206.460908
1742.829477 -206.314028
1742.843333 -206.661364
1742.818091 -206.542980
1742.835311 -206.667574
1743.047202 -206.733704
1742.749204 -206.852462
1742.867346 -207.101161
1743.155903 -207.375593
1743.154840 -207.696127
1743.008146 -207.728600
1743.307022 -207.604949
1742.985490 -207.814921
1742.878493 -207.630475
1742.868671 -207.853924
1743.243499 -208.154592
1743.302572 -207.724213
1743.175371 -207.899110
1743.195241 -208.459263
1743.179913 -208.403521
1743.337669 -208.562201
1743.169658 -208.625033
1743.351848 -208.599198
1743.431476 -208.748202
1743.139718 -208.963829
1743.206046 -208.819239
1743.156138 -209.294783
1743.415784 -209.206930
1743.422278 -209.268434
1743.576628 -209.260869
1743.318246 -209.491825
1743.605944 -209.767503
1743.240065 -209.502305
1743.629658 -209.859212
1743.369365 -210.084934
1743.587800 -210.178841
1743.233562 -210.187398
1743.614277 -210.029628
1743.468034 -210.352332
1743.511120 -210.594309
1743.702617 -210.479907
1743.622606 -210.724198
1743.422322 -211.209442
1743.694137 -210.991117
1743.746679 -210.785103
1743.830730 -210.983749
1743.792251 -211.215369
1743.874018 -211.528297
1744.017244 -211.387127
1743.867034 -211.681301
1743.779811 -211.706226
1743.621222 -211.732096
1743.851397 -212.131657
1743.762821 -211.924832
1743.865994 -212.248355
1743.826100 -212.049196
1743.825133 -212.190436
1744.250578 -212.545730
1743.775093 -212.604317
1743.975154 -212.589779
1743.781522 -212.776493
1744.088207 -212.920166
1743.866485 -212.851638
1744.090242 -213.039723
1743.942547 -213.539961
1743.938851 -213.241734
1743.831926 -213.457306
1744.027560 -213.466471
1743.934514 -213.799132
1744.156699 -213.678436
1744.362117 -213.722766
1743.924770 -214.061073
1744.202291 -214.084469
1743.907566 -214.221494
1744.429302 -214.193095
1744.471947 -214.589931
1744.204142 -214.432353
1744.368729 -214.851542
1744.593170 -214.974514
1744.321121 -214.936726
1744.487794 -214.865181
1744.580331 -215.145255
1744.300676 -214.918604
1744.566099 -215.223887
1744.701370 -215.286763
1744.406014 -215.310501
1744.369682 -215.533974
1744.307498 -215.740047
1744.333075 -215.751729
1744.481924 -216.075955
1744.569939 -215.949180
1744.676765 -216.114843
1744.557121 -216.377386
1744.526737 -216.311504
1744.820073 -216.601075
1744.912755 -216.383571
1744.491940 -216.737672
1744.919218 -216.937207
1744.649499 -217.107156
1744.730968 -217.132293
1744.787574 -217.153929
1744.767876 -217.261914
1744.802246 -217.491004
1744.886005 -217.596429
1744.995101 -217.720957
1744.887691 -217.567912
1744.946192 -217.973032
1745.003888 -217.947434
1744.693598 -218.310014
1744.894585 -218.234693
1744.955908 -218.363418
1744.989840 -218.519243
1744.919210 -218.648752
1744.992965 -218.944727
1744.911743 -218.955511
1745.230510 -218.883921
1744.886599 -219.044321
1745.361120 -219.102502
1745.002878 -219.398392
1745.070080 -219.618891
1745.076187 -219.791724
1745.139682 -219.679048
1745.280645 -219.698887
1745.397542 -219.666036
1745.149018 -220.179747
1745.280405 -220.108378
1745.142004 -220.303454
1744.945631 -220.527942
1745.354461 -220.612570
1745.111008 -220.539233
1745.428475 -220.713719
1745.174266 -220.915959
1745.239204 -221.062628
1745.067228 -221.034689
1745.036314 -221.264053
1745.533586 -221.468463
1745.484299 -221.443558
1745.393811 -221.444294
1745.198054 -221.722790
1745.558080 -221.883864
1745.621126 -221.931161
1745.411194 -222.205906
1745.194408 -222.105103
1745.430611 -222.191483
1745.367939 -222.245449
1745.606496 -222.360564
1745.520171 -222.537310
1745.815759 -222.632707
1745.578057 -223.024252
1745.591446 -222.844378
1745.397862 -223.241001
1745.650827 -223.290308
1745.665293 -223.352993
1745.422074 -223.505448
1745.444058 -223.564701
1745.746927 -223.674312
1745.812024 -223.672071
1745.705691 -223.859152
1745.624402 -224.154359
1745.493405 -224.144194
1745.824251 -224.521142
1745.528434 -224.506791
1745.640921 -224.459696
1745.912928 -224.802785
1745.901050 -224.843327
1745.852278 -224.879629
1745.819913 -225.016358
1745.890159 -225.266219
1746.071151 -225.146359
1745.823280 -225.432406
1745.960919 -225.630416
1745.981139 -225.507483
1745.735057 -225.719693
1745.959155 -226.002511
1746.025547 -226.165553
1745.925922 -226.264911
1745.821711 -226.057607
1746.012251 -226.498537
1745.985211 -226.390268
1746.180179 -226.616237
1746.299572 -226.464810
1746.256386 -227.169391
1745.876150 -226.948489
1746.243811 -226.827778
1746.350809 -227.344009
1746.495658 -227.381545
1746.143898 -227.622300
1746.118717 -227.592010
1746.420463 -227.751602
1746.632525 -228.002318
1746.037583 -228.163069
1746.497591 -228.067180
1746.092461 -228.593084
1746.260314 -228.460079
1746.538860 -228.636321
1746.627144 -228.540874
1746.477805 -228.486128
1746.343675 -228.791387
1746.338694 -229.153008
1746.362363 -229.291923
1746.505728 -229.314658
1746.344010 -229.452413
1746.452144 -229.679065
1746.781483 -229.404388
1746.404490 -229.602900
1746.491667 -230.018947
1746.220159 -230.012261
1746.592527 -230.549384
1746.462888 -230.607536
1746.667117 -230.365147
1746.559462 -230.592845
1746.749867 -230.787485
1746.474165 -230.616535
1746.749967 -230.979656
1746.771958 -231.200295
1746.611909 -231.313484
1746.705454 -231.405557
1746.740951 -231.238815
1746.777374 -231.499941
1746.729265 -231.624820
1746.884708 -231.872822
1746.860901 -231.957817
1746.671806 -232.285986
1746.480872 -232.312560
1746.855301 -232.325349
1747.245001 -232.330055
1747.206045 -232.727273
1746.932297 -232.589662
1746.708473 -232.940205
1747.151978 -233.011002
1747.173218 -232.893062
1747.019059 -233.265363
1746.942439 -233.762751
1747.223784 -233.751477
1746.746439 -233.543065
1747.023827 -233.846949
1747.162523 -234.216361
1746.944287 -233.978656
1747.084055 -234.297722
1747.250158 -234.143260
1747.096725 -234.459719
1747.365046 -234.702133
1746.815555 -234.998783
1747.092290 -234.858017
1747.169088 -235.118877
1747.179275 -235.214697
1747.146091 -235.440601
1747.061065 -235.529604
1747.348468 -235.448486
1747.250920 -235.577694
1747.416238 -235.702165
1747.324943 -235.429675
1747.244087 -236.010851
1747.270207 -236.146128
1747.541093 -236.260174
1747.324446 -236.316019
1747.390976 -236.490338
1747.588316 -236.630054
1747.474454 -236.802545
1747.420289 -237.315140
1747.303015 -236.795678
1747.470550 -237.345982
1747.624371 -237.478370
1747.488601 -237.426249
1747.771889 -237.495419
1747.794494 -237.885737
1747.801527 -238.069870
1747.475822 -238.101654
1747.678924 -238.309828
1747.793642 -238.097547
1747.430738 -238.614290
1748.059125 -238.563014
1747.783513 -238.952497
1747.785561 -238.836909
1747.895619 -239.017370
1747.774686 -239.328733
1747.944116 -239.319125
1747.844672 -239.676529
1747.658335 -239.684844
1747.765559 -239.825430
1747.668922 -239.684840
1747.873648 -239.944426
1747.760616 -240.184745
1747.906396 -240.530605
1747.944845 -240.230490
1748.137386 -240.559290
1748.010618 -240.608782
1748.055700 -240.281765
1748.044535 -240.830402
1748.033046 -241.058452
1748.152170 -241.479328
1748.019689 -241.147462
1747.933145 -241.424240
1748.235951 -241.705873
1748.089050 -241.747571
1748.379769 -241.897813
1747.995653 -242.099729
1748.187870 -241.940610
1748.124232 -242.282322
1748.319228 -242.472693
1748.356241 -242.549061
1747.940690 -242.595471
1748.123539 -242.823988
1748.364628 -243.031877
1747.915143 -243.276431
1748.240425 -243.266142
1748.177970 -243.279746
1748.361624 -243.594160
1748.293691 -243.829934
1748.215734 -243.881662
1748.338312 -244.100076
1748.348707 -244.053033
1748.100240 -244.221504
1748.403693 -244.504489
1748.485295 -244.712445
1748.436123 -244.668402
1748.369573 -244.901947
1748.359424 -244.944424
1748.156980 -245.227578
1748.533969 -244.974773
1748.300903 -245.420211
1748.354569 -245.346250
1748.458533 -245.709706
1748.382977 -245.713786
1748.552628 -245.852371
1748.271012 -246.304180
1748.436245 -246.238475
1748.556648 -246.348902
1748.720948 -246.357629
1748.829711 -246.583593
1748.683684 -247.030266
1748.612265 -246.698069
1748.820671 -247.048288
1748.771183 -247.288386
1748.824407 -247.198529
1748.754057 -247.540666
1748.626945 -247.482812
1748.951226 -247.747683
1748.829394 -247.934832
1748.661357 -247.935169
1748.819572 -248.071557
1748.904547 -248.277004
1749.109407 -248.482790
1748.678085 -248.352141
1748.962459 -248.699549
1749.055318 -248.761268
1748.755201 -248.904529
1748.840604 -249.115731
1748.852314 -249.200647
1748.951788 -249.506330
1748.969987 -249.529075
1749.017120 -249.718839
1748.864667 -250.060119
1748.934295 -250.011330
1749.133257 -250.039364
1749.033976 -250.310546
1749.134407 -250.375697
1749.092435 -250.593739
1749.254952 -250.610351
1749.088160 -250.725643
1748.688154 -251.158908
1749.085158 -251.300780
1749.341300 -251.151300
1749.310832 -251.698658
1749.276305 -251.388711
1749.248409 -251.644749
1749.230053 -251.570075
1749.145739 -252.012916
1749.322016 -252.373920
1749.258452 -252.274784
1749.109806 -252.414791
1749.115881 -252.509820
1749.264041 -252.616094
1749.438736 -252.634574
1749.436448 -252.892598
1749.290482 -253.342925
1749.492801 -253.250803
1749.372755 -253.480711
1749.329131 -253.333205
1749.416358 -253.572686
1749.410418 -253.915053
1749.600948 -254.142447
1749.444216 -254.341763
1749.677605 -254.090373
1749.573284 -254.677900
1749.520965 -254.772551
1749.539909 -254.725956
1749.847835 -255.130844
1749.620426 -254.749920
1749.541584 -254.946291
1749.520160 -255.162958
1749.941431 -255.570869
1749.758181 -255.588781
1749.710148 -255.780791
1749.757117 -255.736753
1749.868059 -256.057516
1749.845753 -256.340161
1749.936201 -256.400242
1749.706121 -256.151728
1749.887789 -256.493284
1749.731236 -256.750732
1749.531085 -256.662325
1749.809558 -257.201547
1749.907713 -257.274254
1750.086390 -257.596758
1749.941926 -257.680795
1750.015405 -257.631220
1749.852177 -257.698033
1750.100712 -258.097900
1750.107503 -257.840981
1750.216753 -258.235711
1750.166811 -258.387419
1750.022076 -258.635243
1749.980064 -258.785437
1750.056991 -258.863571
1750.008896 -259.088721
1750.044176 -259.149800
1749.922572 -259.486775
1749.897266 -259.518039
1749.925794 -259.498987
1750.189624 -259.550904
1750.364728 -259.597748
1750.292599 -259.921125
1750.345233 -260.067311
1750.298131 -259.989226
1750.328684 -260.743781
1750.275659 -260.963622
1750.226367 -260.874467
1750.302280 -260.868061
1750.249111 -261.012832
1750.524690 -261.127931
1750.269304 -261.356459
1750.366769 -261.360259
1750.304314 -261.737198
1750.368138 -262.036862
1750.220143 -262.093573
1750.168812 -262.539968
1750.525398 -262.092727
1750.458054 -262.351474
1750.558796 -262.636151
1750.469267 -263.179311
1750.618963 -262.754351
1750.447166 -263.024758
1750.438660 -263.437432
1750.454631 -263.291959
1750.602211 -263.529090
1750.454432 -263.770898
1750.574519 -263.925362
1750.866232 -264.045148
1750.706862 -264.039714
1750.474373 -264.485886
1750.634287 -264.319147
1750.419165 -264.517333
1750.991125 -265.028590
1750.968647 -265.036053
1750.403869 -265.353236
1750.803151 -265.400302
1750.783786 -265.227497
1750.627303 -265.270046
1750.732967 -265.600109
1750.605650 -265.753781
1750.876783 -266.118789
1750.559584 -266.107869
1750.725420 -266.174441
1750.893920 -266.131298
1750.871585 -266.838283
1751.035918 -266.686033
1751.117728 -266.822960
1750.908529 -266.984497
1751.099185 -267.186823
1751.189057 -267.356331
1750.780008 -267.268197
1751.118211 -267.632333
1750.676726 -267.783781
1751.248411 -267.965920
1751.144098 -268.120516
1751.107042 -268.295192
1751.013017 -268.265424
1751.142795 -268.262864
1751.063691 -268.686655
1751.120174 -268.577564
1751.332227 -268.981503
1751.401714 -269.188942
1751.315450 -269.223346
1751.154698 -269.657100
1750.951963 -269.520776
1751.301126 -269.767315
1751.520642 -270.010883
1751.427547 -269.879108
1751.399465 -270.299103
1751.221316 -270.420594
1750.998270 -270.589212
1751.354315 -270.798824
1751.447302 -270.634197
1751.349789 -271.107482
1751.485074 -271.019292
1751.390724 -270.878906
1751.431050 -271.388196
1751.549051 -271.778050
1751.479648 -271.766425
1751.243538 -271.831188
1751.387397 -271.927396
1751.357144 -272.180642
1751.495931 -272.294103
1751.638427 -272.627468
1751.486351 -272.558699
1751.449655 -273.080072
1751.609402 -273.175284
1751.805131 -273.081515
1751.815571 -273.372319
1751.436818 -273.441825
1751.822667 -273.759523
1751.534678 -273.776606
1751.812523 -274.305039
1751.872559 -274.097258
1751.841771 -274.064553
1751.659418 -274.801637
1751.830925 -274.539326
1751.639349 -274.398463
1751.358946 -274.806828
1751.819874 -275.245219
1751.800486 -275.198431
1751.885160 -275.520660
1751.915968 -275.239264
1751.888628 -275.283521
1751.949500 -275.834641
1751.807106 -275.878531
1751.945824 -276.210423
1751.903199 -276.338498
1752.103836 -276.504677
1751.953322 -276.615141
1751.989223 -276.924787
1751.681117 -276.922005
1752.151064 -277.153826
1752.034413 -277.394205
1751.968495 -277.550622
1752.209671 -277.534723
1752.120213 -277.608984
1751.811469 -277.990764
1752.050968 -277.990368
1751.833983 -278.328972
1752.151250 -278.042033
1751.992487 -278.715031
1751.917108 -278.440446
1752.211575 -278.760180
1752.245557 -278.832931
1752.059723 -279.027583
1752.141274 -279.206884
1752.346372 -279.388906
1752.396885 -279.515913
1752.454805 -279.651608
1752.286530 -279.740377
1752.520833 -279.995621
1752.210712 -280.553661
1752.343380 -280.655648
1752.410990 -280.632112
1752.369058 -280.628087
1752.334615 -280.858282
1752.503022 -280.927134
1752.558052 -280.932790
1752.505616 -281.196186
1752.436189 -281.469156
1752.620076 -281.527921
1752.662547 -281.743102
1752.445237 -281.844179
1752.545079 -282.133284
1752.673842 -282.064152
1752.868297 -282.579947
1752.677190 -282.381223
1752.638794 -282.825202
1752.501733 -283.174094
1752.757682 -282.840508
1752.601845 -283.572666
1752.607413 -283.482789
1752.834414 -283.720353
1752.706790 -283.650099
1752.428492 -283.617151
1752.739493 -283.937132
1752.502257 -284.125006
1752.808980 -284.499555
1752.617191 -284.467917
1752.696181 -284.811423
1752.809572 -284.790081
1752.960193 -284.668271
1753.170034 -285.243171
1752.706068 -285.020131
1752.825253 -285.218488
1753.035946 -285.570565
1752.803660 -285.813467
1752.708285 -286.243260
1752.989939 -286.304594
1752.809480 -286.257001
1752.881192 -286.028627
1753.051188 -286.789369
1752.784651 -286.850081
1752.937899 -286.897679
1753.067846 -287.202853
1753.077173 -287.433530
1753.474741 -287.625054
1753.156903 -287.587251
1753.158528 -287.711190
1753.236624 -288.012467
1753.180596 -287.730288
1753.352621 -288.206688
1753.430302 -288.388678
1753.267505 -288.314926
1753.391470 -288.600997
1753.219484 -288.884959
1753.338565 -289.054853
1753.443130 -289.102750
1753.213890 -289.403658
1753.267277 -289.567528
1753.439427 -289.669927
1753.305524 -289.672656
1753.284663 -290.091040
1753.628070 -290.186452
1753.703478 -290.487832
1753.099370 -290.343946
1753.355238 -290.896886
1753.378198 -290.523412
1753.560521 -291.166358
1753.212378 -291.037785
1753.464987 -291.259903
1753.684791 -291.517682
1753.286444 -291.512738
1753.546051 -291.833226
1753.823058 -291.908497
1753.705773 -291.963538
1753.456849 -292.359656
1753.700571 -292.263016
1753.799620 -292.469021
1753.553399 -292.511387
1753.847172 -293.117239
1753.696422 -293.019727
1753.406389 -293.203422
1753.684108 -293.378984
1753.897681 -293.467939
1754.076696 -293.537719
1754.072436 -293.981994
1753.844492 -293.769012
1754.064383 -294.253848
1753.946626 -294.254195
1753.924027 -294.478589
1753.934543 -294.736023
1753.812725 -295.090453
1753.875788 -295.214287
1753.966777 -295.026892
1754.003536 -295.583287
1754.028115 -295.592621
1753.868014 -295.655190
1753.679923 -295.905595
1753.962165 -295.989572
1754.252949 -296.338272
1753.890870 -296.133136
1754.160177 -296.437756
1754.142906 -296.465973
1754.164412 -296.770098
1754.108153 -297.045666
1754.034018 -296.813325
1754.012574 -297.204250
1754.342473 -297.578214
1754.138111 -297.628618
1754.361263 -297.820629
1754.110485 -298.020969
1754.146448 -298.186681
1754.381592 -298.288454
1754.295713 -298.294040
1754.420956 -298.727324
1754.354741 -298.948077
1754.241197 -298.731453
1754.273757 -299.340148
1754.140724 -299.259093
1754.434094 -299.430632
1754.349333 -299.465525
1754.392452 -299.766823
1754.397058 -300.040803
1754.321543 -300.197013
1754.453711 -300.072125
1754.634810 -300.310838
1754.829917 -300.495179
1754.262942 -300.807310
1754.368425 -300.687156
1754.451083 -301.125976
1754.554571 -300.887892
1754.808513 -301.237574
1754.533964 -301.498481
1754.349418 -301.653074
1754.498145 -302.005275
1754.897542 -301.764495
1754.525146 -302.005461
1754.611709 -302.503578
1754.765377 -302.490489
1754.483062 -302.936030
1754.820384 -303.092233
1754.826912 -303.115595
1754.629274 -303.195038
1754.954913 -303.537087
1754.678527 -303.609030
1754.816640 -303.691866
1754.774418 -304.027844
1754.828751 -303.970622
1754.878027 -304.050306
1754.980469 -304.391753
1754.796199 -304.649371
1754.835733 -304.695565
1755.113029 -304.859026
1755.089407 -305.130407
1754.840619 -305.241987
1755.110328 -305.138278
1754.931322 -305.619444
1754.887830 -305.822154
1755.084663 -305.896050
1755.138083 -305.797355
1755.280329 -305.857249
1755.226649 -306.263948
1755.027693 -306.547215
1755.341697 -306.602136
1755.182202 -306.983845
1755.420194 -306.985064
1754.928689 -307.375183
1755.108119 -307.449476
1755.518509 -307.486311
1755.254921 -307.808110
1755.142650 -307.451515
1755.280473 -307.924664
1755.385846 -308.107815
1755.257737 -308.216081
1755.326903 -308.594282
1755.025254 -308.908488
1755.434536 -308.883976
1755.275582 -309.004592
1755.586309 -309.248166
1755.309080 -309.260282
1755.465103 -309.326113
1755.653525 -309.625736
1755.462588 -309.820823
1755.872900 -309.998062
1755.591074 -310.266758
1755.513850 -310.406250
1755.496952 -310.441248
1755.439062 -310.616861
1755.813378 -311.069087
1755.840266 -310.963042
1755.627027 -311.025775
1755.710602 -311.370021
1755.797870 -311.617462
1755.567577 -311.757797
1755.728689 -311.998328
1755.907455 -311.951141
1755.614928 -312.284530
1755.945658 -312.345228
1755.652434 -312.224674
1755.617071 -312.794788
1756.171572 -312.854308
1755.925287 -313.142346
1755.673677 -313.071710
1755.782676 -313.436167
1756.046440 -313.392703
1755.916139 -313.853910
1755.730744 -313.769678
1755.924878 -314.103691
1756.042586 -314.021520
1755.818326 -314.290194
1755.949809 -314.391860
1755.989000 -314.509817
1756.031455 -314.873012
1756.312792 -314.946877
1756.150435 -315.412934
1755.931774 -315.401620
1756.187399 -315.336956
1756.029604 -315.567294
1756.160920 -316.084202
1756.440506 -316.139373
1756.158947 -316.303176
1756.269539 -316.355690
1756.302617 -316.654533
1756.346878 -316.546876
1756.565363 -317.026666
1756.086525 -316.716022
1756.195927 -317.081882
1756.484892 -317.485175
1756.162277 -317.560293
1756.396812 -317.753473
1756.580589 -317.866973
1756.589427 -317.986232
1756.415798 -318.074692
1756.629651 -318.209710
1756.500898 -318.865121
1756.513605 -318.706062
1756.644868 -318.877802
1756.418967 -318.778851
1756.604139 -319.273544
1756.434068 -319.157421
1756.395063 -319.567317
1756.669967 -319.433596
1756.617589 -319.794564
1756.437403 -320.132566
1756.569104 -320.097487
1756.576006 -320.185135
1756.821970 -320.296599
1756.793165 -320.717962
1757.074670 -320.845531
1756.615379 -320.931560
1756.806766 -321.027808
1756.559384 -321.291855
1756.963949 -321.431584
1757.104244 -321.661889
1756.838838 -321.869232
1757.172499 -321.996662
1756.872625 -322.354777
1756.992205 -322.507549
1757.151042 -322.518946
1757.053971 -322.944477
1756.876311 -322.677636
1756.880896 -323.345252
1756.675721 -322.953672
1757.230672 -323.443258
1757.052996 -323.680179
1757.193900 -323.516876
1757.096105 -324.227837
1757.114881 -324.001321
1757.174846 -324.173938
1757.178507 -324.434676
1757.283025 -324.588832
1756.739178 -324.598773
1757.270026 -324.896364
1756.826238 -325.008417
1757.075465 -325.187179
1757.182714 -325.342689
1757.301244 -325.485880
1757.281752 -325.821417
1757.228906 -325.905558
1757.195107 -326.282089
1757.114570 -326.190909
1757.482940 -326.284283
1757.486568 -326.624478
1757.248862 -326.617227
1757.362105 -326.714272
1757.297519 -326.927605
1757.323795 -327.223295
1757.232213 -327.332149
1757.553728 -327.602081
1757.583383 -327.662195
1757.632866 -327.817797
1757.504874 -328.181819
1757.481267 -328.239702
1757.657531 -328.513595
1757.427974 -328.795392
1757.736594 -328.765882
1757.579356 -328.808802
1757.532140 -328.947456
1757.672800 -329.477509
1757.517945 -329.449820
1757.873842 -329.242370
1757.623958 -329.855440
1757.839455 -329.988957
1757.693490 -330.216629
1757.741683 -330.199051
1757.602350 -330.459126
1758.091956 -330.687191
1757.602726 -330.594796
1757.796478 -330.820531
1757.896490 -331.116930
1758.069038 -331.090580
1757.857612 -331.599109
1758.267942 -331.430438
1757.822542 -331.873716
1758.077459 -331.861100
1758.189936 -332.214554
1758.051776 -332.249189
1758.092344 -332.582286
1758.057511 -332.362520
1758.358576 -332.676120
1758.041936 -333.025687
1758.141843 -332.880842
1758.111943 -333.310236
1758.091569 -333.204549
1758.284603 -333.574980
1758.166433 -333.855737
1758.087651 -333.993166
1758.232109 -334.155943
1758.402940 -334.462508
1758.434522 -334.431331
1758.388445 -334.555397
1758.588225 -334.917854
1758.495997 -334.946910
1758.194588 -335.172156
1758.376166 -335.238108
1758.580747 -335.564522
1758.330728 -335.663664
1758.576670 -335.588855
1758.416910 -335.818288
1758.473753 -336.267140
1758.592305 -336.222903
1758.789898 -336.376450
1758.524905 -336.522406
1758.654904 -336.952304
1759.001072 -336.920975
1758.560842 -337.061303
1758.635234 -337.506369
1758.591642 -337.724837
1758.533427 -337.530847
1759.162825 -337.708831
1758.797833 -338.068220
1758.587691 -338.154852
1758.752504 -338.436569
1758.545726 -338.511850
1758.865933 -338.878110
1759.044675 -338.876513
1758.586699 -339.118000
1758.932250 -339.183208
1759.058304 -339.458895
1759.084875 -339.420900
1759.074533 -339.625924
1758.974517 -339.794928
1759.130971 -340.026352
1758.899775 -340.120164
1759.096973 -340.193811
1758.892097 -340.529340
1759.059273 -340.752903
1759.116327 -340.585897
1758.902936 -340.819171
1759.225901 -341.252634
1758.921558 -341.200177
1759.142668 -341.388518
1759.220443 -341.405654
1759.199258 -342.138572
1759.241302 -341.976502
1759.237904 -341.789932
1759.274913 -342.150168
1759.631749 -342.650634
1759.324515 -342.605690
1759.238437 -342.903839
1759.277128 -342.684922
1759.164084 -343.217776
1759.592765 -343.250229
1759.465166 -343.465066
1759.638773 -343.792872
1759.722054 -343.795817
1759.501868 -343.954219
1759.531432 -344.358846
1759.722640 -344.262823
1759.645207 -344.563348
1759.572593 -344.440665
1759.722404 -345.025609
1759.794263 -344.933794
1759.269052 -345.117542
1759.441338 -345.335212
1759.580936 -345.413127
1759.664778 -345.740274
1759.554003 -345.596050
1759.579784 -345.930102
1759.630469 -346.135254
1759.557022 -346.228804
1759.707621 -346.117181
1759.682427 -346.750283
1759.822125 -346.777814
1759.945278 -346.735862
1760.004593 -347.052574
1759.729493 -347.257239
1760.005636 -347.424740
1760.002147 -347.718158
1759.830860 -347.695114
1760.079998 -348.056714
1759.959993 -348.168653
1760.022164 -348.144530
1760.182814 -348.441115
1760.089677 -348.907298
1760.048509 -349.041736
1759.968443 -348.949612
1760.105575 -349.216528
1760.179098 -349.205907
1760.207885 -349.348970
1760.367443 -349.694188
1760.260743 -350.314272
1760.388512 -350.061106
1760.228592 -350.077020
1760.105539 -350.284228
1760.699987 -350.716672
1760.295206 -350.745469
1760.545580 -350.996903
1760.024445 -350.828198
1760.371399 -351.093348
1760.562731 -351.432160
1760.256347 -351.223629
1760.386830 -351.765108
1760.716045 -351.865325
1760.670878 -351.999726
1760.430869 -352.299430
1760.364918 -352.306662
1760.449007 -352.669552
1760.628766 -352.995669
1760.990873 -352.819721
1760.861671 -353.092217
1760.551731 -353.424640
1760.597052 -353.038626
1760.904847 -353.544178
1760.717904 -353.796344
1760.705316 -353.797990
1760.928980 -353.961457
1760.797705 -354.088837
1760.970059 -354.369036
1760.887114 -354.616632
1761.033249 -354.540801
1760.850967 -354.614122
1760.749390 -355.025615
1760.752158 -354.991115
1761.197564 -355.526274
1761.165496 -355.369376
1760.982166 -355.667598
1761.206741 -355.721135
1761.170906 -356.137574
1761.322410 -356.287726
1761.074664 -356.601812
1760.922965 -356.468827
1761.065667 -356.504179
1761.113394 -356.883098
1761.249724 -356.937112
1760.963346 -357.436046
1761.277971 -357.434787
1761.293664 -357.620324
1761.190848 -357.702205
1761.324768 -357.524534
1761.529434 -358.187225
1761.421913 -358.346571
1761.420719 -358.475459
1761.588577 -358.594134
1761.645276 -358.480735
1761.378284 -358.975605
1761.588924 -358.724483
1761.773106 -359.041609
1761.414517 -359.243072
1761.460661 -359.287248
1761.513051 -359.648206
1761.697862 -359.796929
1762.031772 -359.824831
1761.755646 -360.221034
1761.406988 -360.356802
1761.830087 -360.354265
1761.708418 -360.307495
1762.039599 -360.752250
1761.514348 -360.813778
1761.825608 -361.044486
1761.640478 -361.469725
1761.623150 -361.239358
1761.902649 -361.537598
1761.782592 -361.962376
1761.859147 -362.190468
1761.807968 -362.211026
1761.588198 -362.205290
1761.974427 -362.351217
1761.846965 -362.237019
1761.950901 -362.633530
1761.935388 -362.902590
1762.177550 -362.955496
1762.094457 -363.205987
1762.286847 -363.445513
1762.228902 -363.264164
1762.173940 -363.472246
1762.288668 -364.182788
1762.198987 -363.999288
1762.349712 -364.271267
1762.250578 -364.514708
1762.104921 -364.736237
1762.237431 -364.616382
1762.236828 -364.883051
1762.274803 -365.016804
1762.629412 -364.996391
1762.687985 -365.523467
1762.418318 -365.605994
1762.286277 -365.857796
1762.590073 -366.038409
1762.554479 -366.119603
1762.399420 -366.158119
1762.700871 -366.445953
1762.425631 -366.475945
1762.553147 -366.534667
1762.732933 -366.582675
1762.857184 -366.977924
1762.785643 -366.972336
1762.916804 -367.188810
1762.757860 -367.491226
1762.816012 -367.418461
1762.752943 -368.003168
1762.707300 -367.606382
1762.589482 -367.799089
1762.776603 -368.441298
1762.703836 -368.311903
1762.837177 -368.613716
1763.044387 -368.985434
1763.016542 -368.915489
1762.737202 -368.935545
1762.889531 -368.945704
1762.964039 -369.378615
1762.962590 -369.643432
1762.892126 -369.437209
1763.586680 -369.874292
1763.134073 -369.927708
1763.251163 -370.202734
1763.067067 -370.529403
1762.766732 -370.399262
1763.345066 -370.686868
1763.082275 -370.955674
1763.449735 -371.046385
1763.354624 -371.192719
1763.358957 -371.203301
1763.462558 -371.692844
1763.287374 -371.558008
1763.522718 -371.828025
1763.181136 -371.889297
1763.399479 -372.136681
1763.450245 -372.169364
1763.535056 -372.519294
1763.464948 -372.601964
1763.337858 -372.796121
1763.467654 -373.086967
1763.514549 -373.009822
1763.655007 -373.530521
1763.779963 -373.551376
1763.959257 -373.611344
1763.785005 -373.701558
1763.615255 -373.966373
1763.788539 -374.063482
1763.776979 -374.228998
1763.801999 -374.090958
1763.682722 -374.515193
1763.702680 -374.370046
1763.913612 -374.966673
1763.909495 -374.998475
1764.067108 -375.041876
1763.751454 -375.229052
1763.808635 -375.398891
1763.914413 -375.400204
1763.872737 -375.731895
1763.863546 -375.818707
1764.018015 -376.071787
1763.896639 -376.372576
1764.295405 -376.651913
1764.192991 -376.534419
1764.058550 -376.864265
1764.240690 -377.151078
1764.191036 -376.992234
1764.079740 -377.128036
1764.110370 -377.392334
1764.147719 -377.267293
1764.229380 -377.733620
1764.207330 -378.021960
1764.224384 -377.940947
1764.274171 -378.140033
1764.431637 -378.439847
1764.380324 -378.513036
1764.564712 -378.601364
1764.454654 -378.972264
1764.593334 -378.804417
1764.507452 -379.139765
1764.276645 -378.956096
1764.537945 -379.523502
1764.909854 -379.776862
1764.623942 -379.737675
1764.752177 -380.038036
1764.656100 -379.917676
1764.454802 -379.920575
1764.872106 -380.475517
1764.647825 -380.812046
1764.702856 -381.124223
1764.937146 -380.984382
1764.880202 -381.168099
1764.895404 -381.086533
1765.029272 -381.412275
1764.958376 -381.603210
1764.873877 -381.473604
1764.846702 -381.759881
1764.897786 -381.820934
1765.226280 -381.830953
1765.055243 -382.245989
1765.126002 -382.564535
1764.985095 -382.527742
1764.985335 -382.696216
1765.140114 -383.063357
1765.180909 -383.140031
1765.153973 -382.904150
1765.184689 -383.489498
1765.357308 -383.601741
1765.215813 -383.543035
1765.178823 -383.930349
1765.305580 -384.272937
1765.276175 -384.176279
1765.251494 -384.584260
1765.513961 -384.410207
1765.158963 -384.832024
1765.709457 -384.863772
1765.353884 -385.119002
1765.383950 -385.224516
1765.588463 -385.011191
1765.705838 -385.344911
1765.517202 -385.704665
1765.513418 -386.018169
1765.631930 -385.606362
1765.523632 -386.062508
1765.547469 -386.219723
1765.849075 -386.226544
1765.362634 -386.584642
1765.695989 -386.593034
1765.932572 -387.001846
1765.993894 -386.981585
1765.585647 -387.337803
1765.812284 -387.432160
1765.943770 -387.659071
1765.921663 -387.719568
1765.944359 -387.927857
1765.647515 -387.807462
1766.282678 -388.015625
1766.110268 -388.177019
1766.176676 -388.595139
1765.909547 -388.629513
1766.084506 -388.840140
1766.060942 -388.577840
1766.388361 -389.245692
1766.189991 -388.980683
1766.222061 -389.202261
1766.246980 -389.420144
1766.034749 -389.246179
1766.428515 -389.896775
1766.225908 -389.638984
1766.453061 -390.229190
1766.436509 -390.302592
1766.260050 -390.304210
1766.578591 -390.471024
1766.386174 -390.622327
1766.689876 -390.914088
1766.597865 -390.967843
1766.471078 -390.835662
1766.716337 -391.317784
1766.886312 -391.363005
1766.963734 -391.820602
1766.559524 -391.761982
1766.627442 -392.046395
1766.695833 -392.399437
1766.688989 -392.156515
1766.824418 -392.439847
1766.807371 -392.525389
1767.035506 -392.554321
1766.626233 -392.678400
1766.893735 -392.716433
1767.083576 -392.948537
1767.050966 -393.388712
1767.107443 -393.382355
1767.024269 -393.500291
1767.121116 -393.799594
1767.083919 -394.031658
1767.141878 -393.859314
1767.216105 -394.248759
1766.851248 -394.368028
1767.033988 -394.326471
1767.440729 -394.488690
1766.918733 -394.561732
1767.507494 -394.972804
1767.223020 -394.604115
1767.441149 -395.150130
1767.336696 -395.370809
1767.229085 -395.633051
1767.432061 -395.698134
1767.328367 -395.698769
1767.499732 -395.872663
1767.466656 -395.720470
1767.560856 -396.190539
1767.583197 -396.031146
1767.292574 -396.588084
1767.398750 -396.663892
1767.346842 -396.790012
1767.427914 -396.882623
1767.541502 -397.157133
1767.656903 -397.207826
1767.729774 -397.445479
1767.865435 -397.780962
1767.830637 -397.670065
1767.716126 -397.748619
1767.461492 -398.081557
1767.998429 -398.483721
1767.844572 -398.450832
1768.132276 -398.443789
1767.886714 -398.572223
1768.171359 -398.860382
1768.225742 -398.952694
1768.008329 -399.145699
1768.259656 -399.069890
1768.180720 -399.642855
1768.149719 -399.551658
1767.992647 -399.940924
1768.378860 -399.956666
1768.308395 -399.824428
1768.560600 -400.077422
1768.533844 -400.363502
1768.300810 -400.363283
1768.277413 -400.437599
1768.114460 -401.078179
1768.747691 -400.877732
1768.608705 -401.202846
1768.629598 -401.280538
1768.362712 -401.230669
1768.490974 -401.580634
1768.410272 -401.541913
1768.490523 -401.448766
1768.777017 -401.856506
1768.623846 -401.976372
1768.783914 -402.074025
1768.635612 -402.245091
1768.659381 -402.345334
1768.831206 -402.456532
1768.837529 -402.896954
1769.052116 -402.922422
1768.897760 -403.141067
1768.728136 -403.365647
1769.070755 -403.617977
1768.997080 -403.423545
1768.960897 -403.372877
1769.133831 -403.701547
1768.742551 -404.132597
1768.856161 -404.171553
1769.239866 -404.269981
1768.977693 -404.386639
1769.173866 -404.588431
1769.169783 -404.959280
1769.347354 -404.714962
1769.203387 -404.778277
1769.234967 -405.324342
1769.339273 -405.452702
1769.216522 -405.521751
1769.398333 -405.479522
1769.473153 -405.566144
1769.573412 -405.962116
1769.269961 -406.137736
1769.624114 -406.024869
1769.683763 -406.199326
1769.822541 -406.561071
1769.572254 -406.711577
1769.689799 -406.669889
1769.656481 -406.949319
1769.652844 -406.719658
1769.800441 -407.094865
1769.789536 -407.123171
1770.009481 -407.123652
1769.704594 -407.410802
1769.826760 -407.533195
1770.038634 -407.995798
1769.871370 -407.943645
1769.743763 -408.130482
1769.969532 -408.305596
1770.024187 -408.244981
1770.070001 -408.326688
1769.839979 -408.557379
1770.472150 -408.832515
1770.044148 -408.838206
1770.294340 -409.094162
1770.183255 -409.244466
1770.208019 -409.193472
1770.325949 -409.509835
1770.241239 -409.728613
1770.393079 -409.708254
1770.502429 -409.825788
1770.594969 -410.090426
1770.385210 -410.247453
1770.715327 -410.396725
1770.632428 -410.136842
1770.717476 -410.513113
1770.548305 -410.931133
1770.705035 -410.945993
1770.417277 -411.420331
1770.705109 -410.941728
1770.998678 -411.206439
1770.934686 -411.375978
1770.599584 -411.675324
1770.794544 -411.700296
1770.856550 -411.776082
1770.906361 -412.194786
1771.039273 -412.275982
1770.957760 -412.378521
1770.926901 -412.582348
1770.990402 -412.601532
1771.101312 -412.759626
1771.161449 -412.690142
1770.940712 -412.982216
1771.203953 -413.132918
1771.038077 -413.082338
1771.292683 -413.211373
1771.110179 -413.244886
1771.037385 -413.642447
1771.084514 -413.751234
1771.402494 -413.750841
1771.109205 -414.061543
1771.533481 -414.089085
1771.155101 -414.090345
1771.366039 -414.500567
1771.423892 -414.491643
1771.270965 -414.876662
1771.491414 -414.960694
1771.931316 -415.116333
1771.612031 -415.164695
1771.614191 -415.365864
1771.697468 -415.483077
1771.877285 -415.492515
1771.658669 -415.641232
1771.966749 -415.948746
1771.608259 -415.868705
1771.800744 -416.038048
1771.590264 -416.306938
1771.721016 -416.330675
1771.823194 -416.662798
1771.745517 -416.515252
1772.166191 -416.861646
1771.919688 -416.864418
1772.116761 -417.056135
1772.161199 -417.262971
1772.128139 -417.477319
1772.191497 -417.619445
1772.485682 -417.379118
1772.088411 -417.997721
1772.461861 -417.745921
1771.914343 -418.034330
1772.194945 -417.939067
1772.360355 -418.197021
1772.331849 -418.310619
1772.330719 -418.459370
1772.609603 -418.908734
1772.436912 -418.693023
1772.555693 -419.074701
1772.583836 -419.028930
1772.453274 -419.266926
1772.748634 -419.278766
1772.612113 -419.416786
1772.772924 -419.713498
1772.584205 -419.853064
1772.418265 -419.275320
1772.445475 -419.907412
1772.876022 -420.131648
1772.959375 -420.185617
1772.884464 -420.323883
1772.750814 -420.509590
1772.788437 -420.659851
1773.111894 -420.811792
1773.173344 -420.620511
1772.932295 -421.024909
1773.161257 -421.067250
1773.181785 -421.092209
1773.235725 -421.368838
1773.228600 -421.554857
1773.046852 -421.639159
1773.359422 -421.770632
1773.325982 -421.736830
1773.405213 -421.792538
1773.455500 -422.302640
1773.168423 -422.264357
1773.406561 -422.720693
1773.236652 -422.333328
1773.768727 -422.914870
1773.654749 -422.955188
1773.802544 -422.526983
1773.664103 -423.175467
1773.533058 -423.121792
1773.596175 -423.236646
1773.742932 -423.585954
1773.932184 -423.722191
1773.659901 -423.864791
1773.875490 -423.745921
1773.761356 -423.870631
1773.841725 -424.321496
1773.736081 -424.404442
1773.975857 -424.258011
1773.970662 -424.460793
1774.045771 -424.640923
1773.873420 -425.030343
1773.941197 -424.647662
1773.972168 -424.995549
1774.010244 -425.133043
1774.021126 -425.002065
1774.034744 -425.286840
1774.070587 -425.280029
1774.163027 -425.834715
1774.158097 -425.866883
1774.063553 -426.129175
1774.250499 -426.214066
1774.453844 -426.288763
1774.499824 -426.155425
1774.702686 -425.974278
1774.459531 -426.570698
1774.328955 -426.675225
1774.690457 -426.859918
1774.663956 -427.012986
1774.515644 -427.249035
1774.729153 -427.139784
1774.605954 -427.279174
1774.662757 -427.409129
1774.543254 -427.491603
1774.716598 -427.895636
1775.006126 -427.580920
1775.198475 -427.751207
1775.199939 -428.060990
1774.950573 -428.079914
1775.087773 -428.105569
1775.133119 -428.388130
1774.911599 -428.400703
1775.374667 -428.540456
1775.336795 -428.688469
1775.498070 -429.047163
1775.246781 -428.959102
1775.400257 -429.334772
1775.390686 -429.425398
1775.310636 -429.391166
1775.629981 -429.415368
1775.401334 -429.841527
1775.564608 -429.833456
1775.517042 -429.543387
1775.514656 -430.104979
1775.639790 -429.940482
1775.656083 -429.939601
1775.801882 -430.523454
1775.770089 -430.530261
1776.061511 -430.297310
1776.050096 -430.353714
1775.859190 -430.921156
1775.929338 -431.247989
1776.173228 -430.556929
1776.074571 -431.279738
1776.016582 -431.246992
1775.819484 -431.468290
1775.936972 -431.794907
1776.142818 -431.574163
1776.130500 -431.736399
1776.226762 -431.731702
1776.159311 -432.008830
1776.101139 -432.279745
1776.083892 -432.066173
1776.450405 -432.359594
1776.301823 -432.377044
1776.352674 -432.514881
1776.173499 -432.778069
1776.395288 -432.896976
1776.368954 -432.890701
1776.362142 -433.196499
1776.693175 -433.333775
1776.524051 -433.138556
1776.639118 -433.083404
1776.619900 -433.393393
1776.482313 -433.591407
1776.799484 -433.549062
1776.525934 -433.731213
1776.904512 -434.250054
1776.609424 -434.296004
1776.946855 -434.099843
1777.038931 -434.578753
1777.018479 -434.677434
1776.719907 -434.501492
1777.132484 -434.952447
1777.146430 -434.561173
1777.196947 -434.896932
1776.993138 -435.152887
1777.041887 -434.985585
1777.450401 -435.387799
1777.176890 -435.531203
1777.252566 -435.374973
1777.166683 -435.880282
1777.466805 -435.313677
1777.378998 -435.835468
1777.349130 -436.000867
1777.657180 -436.022324
1777.576608 -436.418137
1777.558033 -436.208138
1777.679098 -436.301209
1777.478005 -436.490835
1777.493076 -436.691691
1777.645913 -436.701476
1777.647363 -436.783880
1777.530078 -436.957738
1777.917310 -437.098020
1777.949407 -437.134777
1778.201883 -437.438976
1777.815627 -437.523976
1777.895290 -437.387552
1778.029036 -437.700763
1778.056020 -437.646770
1777.957021 -437.985221
1778.176773 -437.980204
1778.367396 -438.133469
1778.083106 -438.238627
1777.944121 -438.312395
1778.382638 -438.374762
1778.356255 -438.577310
1778.226722 -438.601707
1778.416591 -438.588360
1778.512570 -438.733661
1778.580780 -439.196909
1778.583122 -438.729869
1778.491613 -439.414434
1778.498156 -439.295617
1778.703675 -439.088357
1778.699934 -439.386975
1778.749728 -439.532130
1778.935989 -439.628707
1778.805448 -439.504290
1778.594895 -439.888008
1779.007003 -440.003268
1778.828962 -440.026325
1779.002001 -440.114699
1779.061691 -440.392055
1778.999825 -440.570706
1779.127199 -440.553966
1779.025216 -440.577123
1779.106621 -440.787672
1779.074277 -440.685118
1779.309667 -440.932703
1779.022632 -441.123629
1779.126008 -441.177271
1779.354810 -441.428527
1779.200986 -441.511634
1779.409448 -441.401869
1779.641495 -441.637624
1779.698175 -441.807146
1779.783406 -442.013027
1779.526796 -442.220867
1779.772124 -441.849792
1779.397085 -441.981367
1779.627240 -442.648873
1779.822754 -442.303913
1779.769663 -442.370085
1779.788546 -442.738310
1779.981647 -442.451324
1779.786614 -442.552450
1779.937040 -443.031526
1779.929200 -442.802379
1780.077774 -443.131799
1780.159125 -443.288731
1780.317763 -443.325240
1780.189847 -443.399266
1780.070514 -443.464848
1780.385193 -443.414706
1779.989051 -444.056813
1780.409273 -443.540157
1780.271649 -443.866915
1780.226684 -444.184969
1780.376983 -444.166501
1780.715897 -444.213266
1780.728985 -444.437630
1780.420948 -444.373547
1780.447204 -444.474141
1780.443132 -444.361350
1780.547977 -444.883508
1780.736906 -444.819150
1780.661415 -444.876818
1780.831386 -444.738495
1780.877651 -445.267049
1780.930056 -445.300846
1780.917600 -445.426460
1781.006747 -445.373136
1780.957068 -445.485990
1781.315800 -445.505240
1780.974148 -445.798403
1781.128168 -445.783690
1781.279281 -445.691308
1780.897326 -446.087110
1781.266808 -445.999725
1781.430486 -446.159593
1781.190652 -446.636000
1781.197574 -446.398987
1781.326537 -446.685694
1781.313301 -446.490864
1781.454828 -446.619846
1781.387645 -446.684324
1781.549594 -446.801400
1781.718412 -447.158798
1781.748034 -447.327129
1781.513221 -447.349467
1781.704046 -447.366834
1781.959870 -447.480685
1781.933571 -447.570672
1781.607874 -447.520507
1782.042994 -447.711643
1781.755576 -447.939797
1781.918804 -447.719256
1782.114288 -448.176665
1782.019890 -447.810201
1781.876782 -447.990108
1782.104880 -448.208491
1782.005010 -448.352766
1782.193646 -448.482910
1782.146871 -448.416080
1782.467893 -448.516653
1782.241666 -448.772698
1782.328684 -448.752953
1782.606581 -448.699977
1782.367728 -449.144866
1782.928183 -449.297383
1782.356617 -449.307010
1782.578867 -449.087929
1782.670762 -449.378528
1782.696003 -449.332307
1782.820915 -449.155500
1782.784279 -449.768906
1782.880308 -449.874760
1783.016262 -449.709298
1782.847185 -449.874620
1783.016638 -450.090500
1782.741559 -449.902195
1783.061184 -450.274519
1783.265051 -450.218808
1782.786405 -450.419475
1783.215618 -450.338737
1783.263686 -450.769456
1783.222472 -450.649018
1783.066200 -450.709514
1783.287652 -450.921562
1783.221655 -450.785883
1783.606110 -450.897437
1783.183926 -450.974616
1783.651835 -451.065638
1783.286255 -450.980380
1783.468283 -451.408289
1783.711029 -451.178552
1783.743083 -451.476824
1783.902134 -451.817847
1783.686908 -451.810965
1783.760112 -451.522372
1783.765814 -451.786525
1783.967603 -451.947903
1783.913424 -451.833182
1783.996620 -451.867813
1784.074374 -452.406648
1783.849437 -452.442961
1783.757150 -452.091719
1784.229541 -452.520928
1784.417620 -452.787839
1784.473103 -452.764633
1784.288488 -452.749649
1784.071059 -452.701178
1784.510904 -452.781582
1784.601494 -452.986363
1784.312100 -453.310414
1784.523497 -453.320071
1784.638018 -453.327437
1784.554557 -453.239083
1784.557500 -453.277235
1784.696410 -453.467095
1784.810217 -453.701856
1784.829270 -453.649437
1784.784732 -453.760892
1784.958106 -453.648357
1784.980481 -454.092465
1785.123400 -453.887150
1785.262441 -454.199733
1785.068144 -454.159232
1785.335715 -454.249632
1784.809416 -454.562188
1784.997523 -454.371621
1785.101082 -454.561769
1785.266943 -454.781172
1785.474839 -454.511649
1785.226220 -454.552104
1785.335747 -454.740509
1785.625551 -455.004556
1785.841258 -454.954365
1785.493339 -455.073327
1785.694619 -455.174761
1785.571087 -454.929020
1785.339739 -455.117862
1785.695534 -455.327162
1785.752697 -455.575166
1785.702293 -455.457056
1785.950268 -455.459839
1786.205022 -455.723484
1785.947296 -455.656121
1786.062975 -455.927856
1786.072505 -456.006420
1786.339198 -456.011591
1786.127667 -456.073890
1786.140497 -456.182306
1786.300810 -456.535928
1786.433452 -456.230008
1786.338359 -456.187298
1786.003272 -456.324140
1786.389034 -456.376815
1786.583952 -456.774324
1786.881704 -456.788183
1786.476035 -456.965985
1786.644468 -456.861283
1786.716311 -457.035514
1786.665625 -456.979684
1786.641589 -457.174025
1786.890062 -457.260943
1786.811536 -457.141277
1787.054870 -457.340361
1786.848059 -457.427625
1786.815106 -457.406788
1787.068108 -457.563498
1786.912867 -457.506501
1786.820185 -457.641489
1787.445973 -457.496722
1787.281215 -457.796848
1787.107533 -457.826640
1787.023051 -457.747255
1787.451231 -457.999932
1787.623758 -458.081069
1787.454451 -457.939397
1787.472861 -458.170365
1787.466873 -458.322609
1787.542174 -458.309831
1787.768785 -458.436389
1787.747614 -458.431606
1787.614779 -458.402611
1787.864776 -458.480843
1788.015179 -458.496655
1788.016932 -458.795408
1788.139933 -458.886724
1788.083572 -458.938073
1788.103061 -458.980435
1788.096211 -459.228476
1788.034759 -459.057432
1788.096716 -459.086337
1788.087409 -459.206246
1788.174212 -459.444135
1788.234883 -459.251570
1788.223468 -459.260569
1788.343836 -459.658542
1788.650507 -459.374698
1788.543890 -459.852443
1788.624311 -459.800553
1788.803973 -459.897189
1788.749876 -459.621200
1788.659559 -459.892030
1788.799160 -460.051451
1788.785850 -460.029425
1788.682390 -460.189965
1788.667656 -460.293524
1788.727296 -460.263280
1788.509059 -460.653200
1788.848663 -460.354382
1789.061591 -460.594184
1789.015941 -460.629221
1789.193488 -460.699716
1789.199953 -460.519864
1789.038577 -460.774826
1789.332049 -460.691638
1789.021061 -460.738468
1789.761854 -460.848892
1789.371458 -461.351255
1789.371878 -461.076983
1789.635191 -461.210053
1789.770344 -461.103813
1789.362777 -461.223299
1789.662778 -461.385598
1789.822751 -461.212118
1789.784584 -461.618337
1789.804472 -461.721105
1789.955368 -461.727577
1789.922327 -461.783978
1790.106109 -461.473677
1789.681486 -461.683534
1790.114145 -461.610313
1789.884806 -461.858073
1790.071845 -461.974096
1789.929454 -462.065514
1790.277581 -462.034883
1790.192015 -462.399410
1790.543567 -461.939222
1790.450154 -462.435349
1790.335308 -462.668795
1790.685840 -462.539995
1790.587153 -462.447140
1790.615810 -462.439791
1790.695150 -462.499363
1791.037892 -462.609774
1790.695997 -462.911121
1790.961906 -462.773904
1790.705975 -462.649644
1790.797524 -463.204206
1790.958592 -462.756509
1791.117306 -462.942703
1791.270474 -463.292307
1791.230992 -463.053851
1791.074973 -463.277718
1791.090427 -462.921460
1791.311648 -463.043131
1791.498847 -463.221699
1791.607317 -463.188447
1791.729136 -463.293930
1791.528543 -463.567212
1791.527844 -463.478711
1791.396124 -463.703181
1791.857074 -463.314854
1791.753083 -463.934208
1791.883950 -463.782425
1791.894760 -463.787117
1791.762022 -464.110223
1791.998549 -463.902954
1791.592897 -463.697703
1792.085149 -463.928494
1791.899864 -464.088967
1791.848202 -463.969676
1791.985845 -464.195249
1792.505057 -463.953788
1792.261623 -464.219271
1792.188849 -464.682207
1792.543483 -464.685280
1792.467181 -464.733515
1792.720376 -464.661176
1792.270678 -464.637423
1792.454882 -464.658423
1792.530416 -464.673097
1792.661140 -464.674392
1792.726743 -464.469631
1792.947116 -464.781773
1792.789893 -464.917035
1792.723086 -465.069446
1793.054550 -465.005736
1792.860743 -465.091580
1792.833882 -464.978951
1793.080933 -465.012206
1793.226121 -465.035221
1793.233152 -465.405108
1792.960464 -465.711040
1793.108216 -465.349632
1793.121602 -465.413479
1793.329254 -465.489058
1793.429734 -465.486652
1793.605682 -465.567957
1793.144225 -465.377823
1793.510832 -465.786240
1793.455085 -465.595145
1793.825359 -465.863465
1793.949868 -465.781042
1793.948317 -465.577815
1794.157565 -465.854517
1793.610189 -466.079712
1794.149200 -466.040984
1794.005825 -465.909555
1794.287664 -465.957752
1794.073687 -466.168115
1794.061492 -466.066188
1794.061187 -466.053594
1794.176852 -466.421691
1794.085552 -466.407053
1794.342136 -466.230206
1794.662236 -466.335112
1794.267064 -466.506681
1794.412333 -466.583885
1794.628185 -466.455511
1794.639041 -466.297700
1794.599258 -466.461403
1794.549936 -466.542424
1794.694156 -466.761530
1794.843019 -466.682392
1794.719669 -466.715507
1794.602623 -466.835144
1794.719355 -466.971874
1795.352891 -466.948729
1795.106900 -467.173339
1795.079250 -466.888809
1795.184626 -466.698505
1795.039945 -466.972304
1795.465461 -467.089975
1795.275910 -466.872615
1795.077656 -467.207906
1795.465119 -467.447770
1795.419753 -467.147706
1795.347435 -467.075275
1795.800909 -467.230402
1795.607141 -467.342216
1795.665025 -467.426018
1795.933889 -467.419404
1795.734471 -467.494657
1796.116988 -467.465845
1795.816579 -467.483197
1795.653994 -467.607898
1796.116860 -467.671415
1796.466781 -467.566003
1796.145437 -467.552988
1795.932276 -467.476358
1796.102968 -467.681026
1796.106522 -467.838139
1796.228254 -467.647262
1796.604799 -467.677177
1796.662480 -467.956719
1796.443104 -467.938825
1796.580110 -467.793478
1796.683241 -468.010397
1796.506976 -467.808669
1796.602553 -468.046526
1796.505830 -468.417779
1797.078080 -468.079796
1796.728123 -468.059715
1796.965174 -468.113134
1796.954959 -468.271496
1797.034833 -468.494122
1797.209465 -468.333296
1797.123188 -468.090234
1797.068007 -468.349319
1797.338228 -468.268550
1797.266803 -468.368343
1797.345366 -468.483573
1797.457532 -468.520962
1797.549035 -468.492542
1797.667090 -468.634934
1797.372183 -468.675445
1797.684764 -468.231941
1797.608039 -468.716999
1797.858322 -468.573811
1797.950481 -468.721886
1797.578940 -468.606413
1797.978181 -468.620586
1797.976487 -468.669193
1797.970214 -468.904297
1798.010798 -468.487153
1798.185134 -468.812972
1797.842324 -469.004797
1798.707910 -469.013967
1798.379148 -468.999799
1798.286419 -469.067039
1798.316662 -468.916233
1798.443564 -468.984729
1798.539301 -469.018205
1798.603058 -468.736939
1798.477700 -469.122215
1798.800560 -469.233697
1798.609645 -469.089686
1798.635785 -469.049085
1798.921751 -469.361094
1798.842567 -469.350627
1799.116554 -468.722040
1799.143874 -469.244413
1799.074688 -469.448466
1799.188032 -469.402257
1799.431416 -469.557442
1799.243329 -469.374730
1798.945487 -469.448031
1799.381462 -469.465938
1799.391376 -469.368145
1799.162863 -469.489794
1799.725859 -469.409109
1799.704123 -469.306707
1799.668750 -469.320333
1799.681263 -469.401127
1799.647342 -469.597010
1799.731814 -469.376646
1799.798641 -469.557136
1799.946308 -469.812038
1799.885812 -469.665896
1800.109230 -469.585095
1800.140721 -469.550477
1799.883978 -469.843722
1800.134878 -470.137024
1800.154354 -469.955227
1799.952542 -469.754312
1800.375254 -469.707409
1800.564197 -469.964632
1800.444210 -470.032259
1800.478381 -469.942393
1800.837841 -469.590972
1800.710935 -469.913447
1800.546311 -469.786829
1800.765785 -469.893721
1800.611812 -469.773644
1800.983684 -469.825586
1800.975394 -469.990799
1800.845561 -469.817330
1800.894520 -470.157258
1801.146912 -469.969279
1801.271529 -470.164682
1801.143870 -470.105353
1801.494604 -470.114819
1801.097489 -470.121299
1801.478886 -469.987876
1801.547615 -470.156601
1801.578337 -470.199326
1801.479151 -470.214756
1801.516829 -470.109483
1801.654258 -470.052509
1801.736007 -470.063560
1801.751820 -470.345911
1801.752997 -470.102318
1801.956791 -470.262780
1801.887165 -470.174918
1802.063352 -470.275728
1802.185361 -470.122358
1802.037590 -470.183604
1802.069835 -470.643370
1802.121440 -470.112183
1802.422834 -470.264560
1802.313195 -470.562795
1802.475268 -470.213620
1802.313086 -470.156088
1802.476001 -470.417897
1802.450176 -470.333789
1802.708272 -470.497695
1802.726960 -470.701072
1802.882224 -470.236096
1802.865122 -470.458509
1803.038719 -470.593431
1802.806989 -470.618100
1803.098680 -470.442042
1803.092323 -470.613901
1803.083021 -470.412673
1803.161393 -470.218731
1803.046043 -470.645842
1803.123234 -470.417687
1803.282206 -470.546597
1803.728007 -470.497735
1803.615829 -470.429831
1803.651984 -470.615521
1803.528830 -470.529713
1803.530050 -470.466282
1803.754528 -470.499699
1803.959108 -470.616771
1803.427943 -470.446892
1804.078716 -470.319178
1804.136577 -470.600476
1804.026430 -470.478732
1804.027763 -470.479344
1803.804102 -470.455810
1803.957124 -470.330995
1804.112229 -470.692216
1804.340567 -470.817848
1804.236681 -470.592798
1804.307660 -470.245343
1804.624162 -470.544868
1804.520043 -470.503699
1804.798083 -470.539694
1804.467828 -470.450971
1804.579497 -470.533532
1805.081343 -470.335895
1804.809435 -470.516347
1805.174043 -470.549347
1804.936590 -470.659812
1805.377335 -470.244250
1804.900050 -470.425636
1805.140929 -470.627832
1805.299366 -470.748813
1805.215769 -470.445948
1805.413730 -470.498192
1805.378997 -470.470649
1805.435922 -470.618001
1805.504375 -470.586623
1805.419167 -470.361420
1805.690598 -470.664899
1805.438969 -470.656045
1805.844952 -470.598401
1805.851220 -470.603054
1805.922814 -470.598874
1806.077340 -470.787730
1806.006271 -470.916015
1806.051414 -470.760905
1806.137719 -470.566988
1806.154084 -470.554596
1806.222227 -470.454511
1806.304589 -470.333154
1806.550854 -470.570924
1806.345015 -470.363346
1806.412030 -470.521185
1806.827688 -470.601173
1806.691748 -470.478338
1806.472727 -470.366002
1806.564707 -470.363494
1807.073916 -470.410082
1806.593002 -470.703550
1807.057620 -470.190431
1807.163504 -470.348470
1806.792634 -470.660265
1807.341778 -470.639980
1806.927322 -470.596751
1807.316933 -470.584594
1807.495257 -470.260283
1807.478720 -470.495592
1807.409370 -470.156475
1807.360166 -470.767071
1807.626427 -470.620005
1807.708650 -470.330806
1807.736844 -470.008579
1807.567344 -470.219530
1807.811095 -470.468619
1807.910359 -470.177666
1807.907322 -470.277293
1807.956351 -470.234686
1808.198456 -470.362254
1808.101351 -470.409912
1808.084040 -470.152983
1808.193616 -470.566510
1808.393978 -470.170300
1808.239002 -470.086527
1808.550959 -470.157908
1808.896934 -470.207643
1808.521436 -470.154824
1808.440001 -470.123875
1808.632833 -470.160222
1808.784941 -470.558424
1808.604726 -470.113252
1808.758629 -470.320033
1809.096807 -470.357605
1808.932809 -469.896754
1809.063848 -469.924636
1809.313733 -470.186051
1809.286052 -469.892776
1809.201101 -470.271288
1809.596604 -470.133953
1809.376737 -469.937680
1809.241623 -470.098786
1809.267599 -470.187227
1809.447494 -469.686157
1809.683427 -470.199461
1809.768922 -469.844323
1809.630323 -469.795400
1809.487632 -469.998364
1809.747411 -469.900170
1809.975448 -469.996536
1809.951108 -469.706453
1810.079148 -469.620087
1809.960970 -470.060131
1810.136354 -469.493199
1810.019737 -469.525512
1810.220975 -469.619953
1810.343381 -470.006627
1810.481839 -469.846504
1810.443842 -469.686040
1810.400288 -469.823861
1810.445670 -469.720488
1810.609578 -469.588175
1811.053995 -469.414364
1811.003013 -469.450374
1811.066588 -469.349623
1810.956437 -469.426420
1810.623460 -469.445524
1811.139928 -469.157157
1810.968865 -469.314154
1811.009560 -469.598865
1810.863145 -469.395607
1811.400495 -469.520691
1811.168949 -469.381839
1811.309703 -469.191204
1811.156508 -469.062556
1811.400954 -469.273320
1811.772365 -469.437276
1811.319177 -469.178710
1811.759625 -469.000079
1812.010068 -469.037601
1812.080969 -469.261357
1812.013567 -469.401151
1812.243138 -468.913798
1811.954900 -468.726917
1812.221441 -469.146351
1812.204636 -468.856457
1812.320906 -468.947965
1812.481386 -468.864876
1812.450351 -469.016632
1812.336192 -469.033454
1812.407752 -468.783533
1812.645751 -469.001060
1812.919572 -468.822296
1812.808630 -468.874473
1812.942845 -468.504527
1812.809722 -468.647800
1812.894429 -468.685134
1812.860259 -468.563234
1813.027538 -468.478757
1813.087992 -468.595195
1813.243527 -468.530872
1813.103440 -468.451248
1813.276417 -468.558423
1812.962035 -468.349547
1813.667783 -468.478931
1813.383984 -468.586954
1813.220951 -468.293492
1813.857742 -468.244811
1813.834461 -468.337343
1813.712675 -468.447895
1813.895716 -468.462561
1813.852978 -467.904829
1813.891288 -468.067119
1813.995311 -468.127083
1814.286590 -468.056044
1814.148231 -468.203786
1814.426994 -468.125055
1814.370988 -468.018653
1814.388100 -467.810627
1814.403152 -468.087810
1814.288309 -467.707465
1814.547845 -467.764608
1814.708185 -467.746017
1814.726145 -467.821277
1814.837443 -468.075364
1814.733781 -467.511303
1815.106102 -467.783789
1814.970331 -467.551268
1815.032850 -467.370652
1815.319867 -467.434405
1815.532980 -467.499629
1815.269971 -467.468294
1815.153379 -467.257710
1815.119381 -467.475604
1815.622138 -467.044893
1815.810847 -467.257601
1815.432407 -467.187066
1815.403027 -467.179779
1815.993486 -467.252993
1815.947609 -467.263974
1815.929004 -467.297759
1815.971982 -467.012095
1815.934751 -466.988803
1816.078810 -466.858407
1816.076328 -467.101689
1816.352370 -466.909527
1816.134311 -466.693033
1816.584839 -466.800695
1816.359658 -466.810489
1816.404758 -466.840754
1816.568447 -466.736488
1816.650530 -466.363584
1816.648979 -466.670870
1817.111057 -466.634259
1816.837958 -466.526797
1816.840468 -466.411137
1817.014858 -466.391681
1817.162483 -466.541499
1816.883159 -466.081072
1817.403759 -466.391160
1817.125517 -466.288722
1816.985649 -466.271327
1817.298035 -466.135799
1817.421402 -466.060973
1817.373390 -466.251712
1817.700960 -465.799005
1817.480312 -465.498841
1817.470954 -465.840684
1817.731395 -465.740570
1817.731570 -465.540076
1817.820919 -465.887259
1817.861919 -465.573606
1817.825634 -465.454101
1818.029361 -465.647385
1818.252208 -465.101628
1818.275596 -465.139871
1818.297663 -465.454080
1818.701487 -465.572408
1818.217288 -465.480026
1818.741146 -465.160392
1818.634507 -465.182329
1818.512327 -464.953286
1818.616762 -465.519765
1818.653573 -465.041247
1818.825267 -465.019449
1818.858164 -465.179187
1818.975493 -465.126189
1819.175961 -465.019396
1819.189286 -464.834980
1819.346280 -464.742269
1819.129401 -464.713986
1819.574167 -464.825518
1819.367964 -464.631712
1819.507184 -464.547369
1819.856717 -464.169053
1819.790647 -464.328499
1819.474659 -464.505667
1819.823290 -464.226440
1820.002350 -464.171735
1820.004959 -464.301884
1819.686797 -463.968075
1820.072496 -464.025086
1819.774546 -464.056302
1820.151371 -464.206342
1820.429236 -463.962461
1820.371542 -463.812623
1820.331538 -463.927523
1820.797123 -464.055506
1820.467172 -463.754178
1820.687255 -463.444683
1820.630599 -463.677256
1820.774607 -463.619916
1820.783369 -463.595059
1821.176153 -463.531974
1821.072279 -463.483172
1821.060305 -463.195276
1821.285517 -463.139552
1821.274618 -463.349965
1821.204654 -462.897951
1821.395930 -462.981620
1821.461984 -462.993214
1821.493438 -463.024943
1821.412412 -462.899893
1821.616014 -462.718601
1821.790101 -462.595093
1821.704474 -462.501710
1821.929935 -462.530614
1821.822371 -462.521848
1821.821155 -462.599520
1822.297046 -462.144584
1822.094750 -462.329036
1822.084016 -462.258153
1822.022478 -461.872800
1822.266995 -462.289390
1822.511587 -461.661865
1822.470764 -461.955709
1822.874582 -462.228852
1822.341345 -461.811505
1822.478601 -461.718360
1822.658596 -461.664875
1822.624728 -461.642550
1822.989745 -461.311436
1823.075838 -461.738454
1823.017244 -461.456100
1823.072027 -461.236869
1822.935196 -461.441343
1822.924583 -461.332388
1823.565560 -461.365731
1823.414023 -461.157300
1823.135134 -460.924054
1823.450339 -461.068634
1823.807452 -460.837854
1823.633831 -460.986932
1824.005857 -460.590094
1823.528555 -460.657207
1823.953025 -460.601776
1823.934853 -460.518057
1824.063049 -460.409849
1824.191568 -460.404483
1823.891540 -460.430317
1824.495687 -460.240045
1824.362732 -460.229206
1824.325255 -460.332341
1824.509082 -460.146936
1824.637575 -460.279275
1824.741130 -460.123937
1824.704599 -459.939417
1824.788991 -459.727538
1824.961783 -459.820408
1824.908316 -459.438455
1824.971962 -459.426433
1824.842898 -459.413959
1824.830482 -459.417510
1824.837423 -459.371108
1825.548629 -459.085309
1825.365775 -459.163458
1825.465146 -458.995424
1825.320382 -458.973872
1825.738351 -459.075584
1825.861352 -458.838413
1825.464523 -458.749298
1825.608095 -458.653536
1825.925972 -458.476843
1825.869216 -458.527145
1826.118324 -458.581925
1825.955926 -458.273860
1826.267655 -458.516386
1826.159850 -458.259643
1826.388199 -458.210016
1826.327333 -458.010518
1826.591663 -457.817636
1826.413119 -457.986402
1826.358349 -457.872152
1826.669229 -457.812655
1826.615898 -457.717062
1826.999772 -457.654230
1826.894847 -457.386779
1827.044634 -457.202919
1826.796610 -457.638060
1827.172780 -457.571728
1827.340910 -457.157832
1827.391136 -456.860213
1826.831273 -456.827212
1827.552763 -457.058149
1827.434712 -456.703825
1827.706614 -456.653188
1827.423363 -456.860462
1827.675591 -456.742706
1827.681801 -456.632189
1828.072755 -456.395831
1827.781148 -456.581411
1827.880565 -456.092667
1827.872160 -456.152133
1828.138329 -455.891799
1828.272299 -455.990242
1828.119382 -455.848270
1828.361755 -455.714931
1828.391951 -455.543523
1828.580121 -455.859321
1828.907006 -455.524599
1828.890009 -455.565628
1828.956282 -455.042695
1828.493914 -455.323191
1828.610116 -455.163958
1828.901328 -454.914284
1829.084274 -455.023748
1829.034154 -454.952482
1829.474683 -454.899772
1829.169091 -454.961977
1829.430204 -454.604084
1829.550193 -454.431653
1829.257899 -454.469128
1829.657924 -454.464679
1829.502039 -454.380797
1829.845426 -454.469120
1829.773489 -454.078694
1829.792721 -454.168890
1830.134308 -454.219778
1830.168043 -453.820823
1830.048375 -453.563278
1830.698362 -453.755419
1830.291962 -453.443370
1830.281705 -453.309954
1830.520348 -453.453061
1830.407587 -453.306295
1830.439520 -453.569372
1830.691335 -453.351525
1830.579108 -452.983159
1830.529105 -453.019785
1830.733213 -452.787635
1830.717450 -452.745045
1831.051615 -452.377537
1831.189205 -452.542891
1830.878197 -452.608601
1831.275565 -452.445821
1831.657187 -452.378407
1831.372885 -452.018114
1831.725864 -452.226760
1831.509303 -452.074618
1831.582933 -451.752149
1831.731739 -451.591598
1831.771924 -451.496922
1831.668409 -451.450093
1831.799718 -451.447384
1832.221928 -451.456601
1831.787132 -451.193971
1832.135983 -451.266839
1832.660523 -451.274291
1832.390814 -451.077056
1832.243811 -450.873371
1832.363721 -450.720624
1832.362343 -450.487575
1832.539139 -450.422141
1832.515623 -450.239458
1832.815803 -450.617748
1832.880520 -450.128538
1833.149018 -450.382834
1832.623591 -449.993918
1832.849947 -449.776556
1833.008110 -450.141189
1833.151197 -449.566539
1833.082272 -449.631575
1833.347791 -449.589632
1833.474493 -449.224225
1833.427518 -449.230434
1833.839512 -449.460650
1833.736289 -449.073519
1833.655220 -449.144173
1833.923378 -448.681582
1833.681877 -448.869253
1833.934959 -448.997708
1834.092899 -448.548822
1834.038740 -448.324328
1834.114081 -448.473577
1834.392753 -448.433318
1834.151923 -448.179897
1834.407032 -447.995435
1834.371598 -447.957503
1834.330698 -447.957622
1834.690946 -447.415074
1834.718744 -447.875447
1835.115123 -447.561305
1834.733482 -447.737011
1834.918893 -447.446816
1835.106902 -447.162793
1835.391250 -447.093290
1835.474210 -446.803189
1835.512173 -446.757032
1835.477532 -446.768896
1835.727871 -446.536304
1835.357437 -446.500247
1835.377767 -446.521493
1835.796178 -446.220428
1835.869850 -445.992167
1835.674258 -445.803309
1836.170142 -446.072170
1836.031563 -445.659675
1836.219524 -445.879235
1836.464236 -445.672480
1836.263054 -445.388278
1836.540824 -445.513461
1836.210716 -445.240678
1836.695675 -444.893986
1836.706064 -444.884791
1836.832639 -444.950342
1836.726262 -444.509233
1836.788344 -444.640932
1836.683662 -444.492897
1836.832064 -444.263877
1837.181172 -444.232937
1837.250366 -444.348665
1837.081519 -444.291149
1837.197037 -443.891169
1837.389457 -443.875053
1837.429127 -443.537755
1837.849383 -443.819623
1837.446370 -443.395811
1837.613417 -443.278945
1837.739151 -443.046281
1837.918565 -443.410756
1837.873945 -442.945159
1837.924719 -442.767365
1838.155306 -442.494761
1838.040620 -442.647267
1838.273067 -442.560303
1838.296377 -442.541441
1838.573249 -442.172276
1838.505125 -442.260576
1838.505570 -441.846829
1838.467306 -441.753201
1838.919778 -442.186828
1838.971189 -441.809422
1838.968379 -441.825134
1838.933576 -441.462087
1839.098259 -441.324788
1839.044892 -441.245389
1838.954325 -441.061895
1839.414682 -440.851228
1839.316935 -440.888882
1839.317425 -440.606196
1839.419811 -440.529080
1839.635788 -440.447507
1839.661196 -440.104780
1839.648937 -440.340022
1839.853961 -440.247911
1839.841158 -439.872200
1839.921483 -439.752328
1839.973312 -439.482467
1840.079791 -439.539179
1840.348706 -439.299932
1840.280346 -439.485317
1840.535452 -439.265486
1840.647097 -439.009691
1840.630701 -439.258645
1840.472886 -438.905384
1840.784017 -438.719200
1840.849466 -438.497810
1840.918189 -438.239212
1840.885654 -438.206272
1840.761962 -438.251978
1840.892088 -438.273018
1841.336438 -437.864643
1841.092319 -437.791921
1841.247367 -437.556287
1841.318953 -437.566092
1841.389001 -437.223542
1841.515918 -437.331092
1841.536270 -436.962835
1841.631684 -437.060783
1841.727446 -436.827236
1842.167293 -436.859532
1842.097187 -436.490710
1842.172005 -436.445831
1842.168406 -436.406219
1842.040056 -436.398220
1842.422216 -436.052992
1842.597118 -435.903933
1842.294405 -435.947052
1842.636632 -435.601053
1842.681330 -435.692540
1842.775614 -435.434821
1842.814306 -435.146767
1843.001905 -434.953527
1843.267042 -434.690037
1843.321280 -434.853734
1843.043973 -434.754748
1843.088882 -434.527095
1843.361599 -434.369521
1843.343894 -434.674781
1843.534110 -434.131398
1843.560063 -434.130863
1843.460437 -433.881070
1843.712854 -433.716398
1843.731155 -433.574989
1843.592730 -433.470170
1843.918600 -433.393075
1844.239633 -433.366358
1844.244873 -433.107457
1843.957485 -432.981965
1844.383484 -432.902735
1844.402521 -432.833266
1844.588359 -432.417074
1844.695706 -432.379550
1844.779461 -432.270082
1844.675822 -432.098951
1844.831349 -431.924641
1844.795653 -431.824410
1845.010349 -431.893643
1844.978371 -431.456300
1845.429489 -431.122901
1845.222809 -431.141075
1845.326161 -431.392935
1845.702979 -430.844713
1845.427762 -430.727636
1845.609597 -430.782353
1845.440414 -430.485915
1846.052813 -430.139554
1846.011437 -430.266414
1846.076129 -430.071650
1845.838048 -430.007947
1846.016424 -429.661895
1845.946004 -429.866350
1846.201823 -429.571049
1846.464019 -429.421293
1846.423295 -429.152649
1846.580727 -429.137446
1846.437756 -428.810982
1846.848140 -428.686210
1846.898402 -428.659704
1846.851848 -428.333572
1846.752036 -428.094577
1847.018530 -428.038631
1847.255337 -427.987250
1847.038053 -427.708274
1847.226362 -427.790172
1847.294447 -427.263672
1847.403541 -427.438589
1847.405056 -427.387917
1847.604519 -426.934763
1847.656212 -426.889578
1847.796114 -426.800112
1847.709699 -426.464634
1847.726829 -426.546032
1848.151781 -426.594157
1848.097317 -426.183739
1847.982655 -425.813188
1848.206050 -425.991336
1848.247289 -425.867088
1848.129560 -425.477235
1848.500843 -425.384079
1848.578618 -425.267799
1848.690735 -425.324185
1849.068352 -425.062651
1848.765053 -424.895084
1848.889114 -424.580486
1848.955838 -424.485325
1849.134964 -424.318500
1849.657986 -424.259479
1849.350006 -423.843629
1849.286464 -424.133480
1849.394528 -423.783557
1849.592514 -423.611738
1849.472424 -423.490832
1850.073910 -423.459218
1849.836266 -423.150305
1850.051425 -422.941711
1849.601540 -422.817437
1849.839097 -422.826958
1850.310747 -422.394735
1850.021876 -422.197196
1850.298699 -422.180867
1850.671776 -422.164277
1850.658357 -421.934483
1850.230647 -421.726479
1850.819287 -421.869308
1850.713550 -421.376704
1850.731411 -421.261114
1850.703702 -421.117336
1850.742667 -420.896278
1851.057033 -420.779780
1851.245285 -420.689325
1851.201024 -420.352775
1851.250823 -420.337370
1851.613051 -420.148569
1851.353587 -419.967827
1851.618667 -419.476872
1851.697284 -419.489842
1851.820236 -419.289012
1852.106366 -419.325899
1852.231360 -419.110041
1851.985030 -418.875358
1852.295376 -418.876149
1852.136348 -418.678558
1852.401643 -418.465854
1852.408938 -418.346688
1852.804622 -418.125376
1852.446785 -418.075400
1852.330070 -417.890881
1852.501226 -417.480298
1852.642692 -417.477043
1852.844333 -417.193088
1852.910707 -417.045063
1853.035216 -417.035211
1853.077090 -417.129383
1853.453203 -416.933024
1853.402941 -416.513358
1853.572908 -416.096494
1853.599181 -416.054303
1853.458362 -415.894452
1853.614856 -416.086670
1853.618381 -415.816458
1854.016626 -415.387022
1854.248620 -415.206708
1853.947543 -415.258562
1854.116165 -414.901980
1854.411363 -414.898296
1854.015780 -414.588785
1854.590662 -414.464314
1854.587885 -414.331126
1854.443789 -413.993886
1854.650111 -414.013814
1854.541773 -413.762770
1854.956397 -413.544995
1854.926468 -413.341614
1854.916526 -413.154727
1855.107541 -412.988403
1855.215879 -412.807440
1855.375653 -412.898115
1855.192426 -412.701540
1855.721732 -412.353120
1855.536628 -412.564835
1855.664236 -411.968718
1855.756182 -411.906201
1855.906905 -411.578274
1855.921407 -411.671052
1855.723208 -411.167403
1855.920429 -411.035616
1856.314630 -411.026872
1856.111154 -410.804464
1856.523274 -410.510918
1856.366307 -410.359744
1856.835877 -410.074730
1856.708587 -409.885065
1856.670399 -409.622353
1856.725029 -409.811563
1856.825695 -409.701570
1856.774396 -409.675727
1857.200469 -409.252773
1857.072299 -409.343916
1857.161304 -408.966589
1857.138411 -408.678761
1857.261808 -408.653975
1857.420154 -408.148917
1857.687400 -408.332961
1857.817785 -408.100333
1857.818937 -407.762518
1857.991338 -407.786021
1857.890284 -407.513539
1858.102896 -407.348896
1858.023101 -406.877123
1858.190194 -406.910069
1857.978484 -406.651600
1858.442352 -406.228277
1858.309839 -406.463534
1858.826340 -406.086365
1858.400103 -406.009216
1858.901290 -406.082891
1858.573159 -405.695106
1858.776840 -405.436846
1858.781782 -405.182227
1859.023512 -404.748738
1859.309948 -404.940044
1859.314860 -404.491517
1859.221755 -404.404713
1859.173208 -404.458735
1859.424936 -404.197135
1859.667819 -403.936486
1859.721475 -403.856602
1859.827511 -403.543134
1860.008628 -403.547215
1859.827962 -403.018986
1859.952252 -402.887626
1860.246112 -402.805037
1860.318867 -402.892700
1860.191584 -402.498941
1860.237248 -402.296537
1860.556820 -402.023772
1860.671661 -401.937002
1860.702131 -401.523692
1860.765034 -401.623769
1860.841377 -401.538406
1861.008567 -401.292843
1861.119436 -400.959911
1860.969247 -400.650868
1861.505896 -400.490377
1861.545359 -400.267614
1861.439685 -400.121949
1861.224046 -399.962347
1861.669411 -399.660611
1861.659917 -399.519018
1861.935399 -399.495541
1861.761582 -399.207323
1861.897372 -398.961219
1862.125268 -398.995988
1861.822096 -399.122574
1861.896506 -398.353954
1862.331617 -398.390079
1862.542178 -398.042868
1862.794891 -397.934066
1862.461239 -397.672379
1862.319286 -397.590802
1862.647988 -397.184863
1862.567347 -396.964041
1863.220081 -396.987348
1862.939762 -396.548460
1863.280436 -396.457063
1863.267851 -396.495886
1863.473718 -395.943819
1863.130720 -395.832696
1863.445214 -395.755326
1863.907915 -395.692135
1863.904601 -395.037929
1863.816272 -395.245354
1864.136384 -395.039092
1864.008939 -394.908060
1864.242028 -394.646608
1864.115533 -394.511007
1864.043832 -394.010269
1864.383837 -394.035860
1864.288364 -394.012871
1864.515320 -393.569955
1864.369774 -393.421446
1864.430453 -393.223767
1865.013602 -392.975217
1864.872142 -392.706873
1865.036543 -392.894902
1865.079183 -392.545000
1865.322547 -392.065060
1865.458363 -391.944106
1865.162408 -391.749138
1865.324434 -391.664038
1865.474711 -391.417873
1865.775288 -391.075031
1865.302557 -390.985068
1865.711154 -390.940351
1865.838404 -390.588886
1865.879703 -390.341333
1865.886877 -390.291029
1866.021963 -389.891803
1866.150216 -389.708734
1866.138018 -389.526796
1866.295124 -389.387990
1866.262488 -389.144320
1866.563708 -388.970094
1866.645954 -388.706716
1866.879976 -388.361817
1867.045472 -388.399198
1866.927024 -388.252130
1866.892498 -388.104629
1867.466071 -387.602334
1867.403156 -387.556157
1867.309500 -387.521271
1867.612468 -387.159076
1867.606545 -387.083618
1867.816419 -386.589608
1867.711639 -386.529976
1867.731903 -386.506002
1867.647943 -386.049231
1867.910406 -385.851498
1868.314322 -385.664904
1868.116629 -385.232585
1868.194566 -385.334282
1868.279010 -384.947703
1868.370196 -385.009802
1868.493158 -384.516638
1868.779052 -384.381211
1869.178768 -384.217258
1868.877354 -384.099079
1869.021749 -383.629977
1869.128193 -383.348502
1869.054359 -383.519453
1869.205624 -383.076983
1869.396800 -382.606982
1869.245784 -382.916783
1869.479277 -382.487397
1869.249294 -382.090329
1869.590211 -381.901192
1869.863553 -381.756593
1869.862121 -381.686768
1870.038323 -381.185126
1870.153391 -381.394590
1870.137379 -381.094585
1870.295981 -380.722656
1870.321013 -380.418541
1870.508425 -380.381071
1870.707041 -380.148235
1870.620426 -380.026705
1870.816272 -379.764107
1870.756946 -379.539901
1870.718520 -378.993123
1871.077072 -379.305281
1871.167361 -378.707064
1871.227318 -378.631257
1871.039088 -378.543570
1871.478936 -377.982836
1871.684292 -377.795704
1871.605814 -377.815651
1871.572986 -377.470325
1871.752201 -377.143615
1872.229028 -377.088414
1871.585779 -376.897913
1872.073820 -376.552494
1872.173984 -376.207414
1872.068906 -376.059843
1872.330083 -376.077492
1872.211072 -375.818576
1872.607866 -375.360587
1872.558202 -375.399934
1872.724147 -375.072624
1872.531346 -374.817627
1872.884097 -374.514241
1872.939316 -374.446460
1873.059929 -374.111102
1873.158060 -374.088431
1873.249567 -373.852734
1873.647948 -373.768347
1873.543481 -373.155730
1873.232956 -373.209003
1873.924898 -372.879334
1873.766948 -372.709921
1873.805204 -372.662383
1873.735804 -372.321809
1874.257379 -372.056582
1873.878700 -371.934317
1873.996150 -371.576563
1874.497730 -371.429552
1874.497488 -371.133236
1874.380792 -371.198164
1874.604830 -370.609695
1874.716623 -370.359728
1875.183766 -370.144237
1874.844103 -370.093766
1875.035601 -369.771314
1875.145201 -369.420923
1875.140324 -369.439899
1875.498330 -369.073151
1875.535992 -368.891176
1875.534462 -368.904080
1875.610744 -368.409782
1875.598304 -368.264229
1875.718294 -368.149328
1876.014365 -367.622549
1875.984485 -367.404142
1876.233731 -367.266204
1876.107044 -366.890531
1876.163317 -366.872012
1876.488921 -366.575057
1876.593193 -366.388734
1876.617322 -366.408164
1876.766105 -365.792211
1876.546844 -365.447031
1876.613754 -365.526365
1876.370905 -365.296478
1877.345520 -364.782413
1877.093936 -364.582316
1877.188012 -364.658220
1877.257793 -364.402390
1877.486143 -364.137434
1877.604475 -363.679004
1877.725240 -363.631786
1877.716910 -363.395962
1877.487744 -362.936981
1878.095145 -362.784324
1878.128031 -362.873745
1878.014292 -362.438971
1878.013737 -362.001571
1878.030624 -362.054162
1878.724167 -361.946147
1878.260846 -361.364324
1878.681652 -361.338830
1878.733754 -361.032726
1878.640106 -361.045359
1878.989118 -360.393746
1878.836113 -360.779780
1879.101055 -360.161890
1879.144647 -359.910959
1879.063143 -359.480682
1879.706846 -359.341724
1879.278747 -359.028193
1879.523092 -359.070387
1879.709998 -358.549873
1879.733600 -358.351216
1879.889884 -358.202165
1880.030032 -357.722967
1880.074777 -357.715498
1880.033597 -357.560107
1880.277603 -357.061452
1880.322154 -357.490533
1880.566237 -356.774347
1880.356460 -356.466219
1880.558165 -356.245743
1880.586991 -356.126758
1881.062936 -355.581427
1880.973200 -355.473442
1881.180696 -355.341047
1881.165458 -355.365185
1881.184714 -354.909295
1881.433700 -354.767031
1881.729760 -354.300206
1881.450363 -353.996692
1881.763333 -353.876423
1881.920853 -353.754292
1881.603702 -353.380076
1882.038730 -353.093958
1881.873560 -352.907774
1882.218172 -352.513728
1882.180698 -352.069941
1882.316027 -352.176963
1882.243233 -352.167942
1882.739984 -352.004151
1882.439705 -351.703990
1882.452487 -351.382893
1882.831715 -350.974025
1882.773135 -350.744446
1882.891989 -350.523975
1883.262531 -350.079115
1883.162190 -350.080202
1883.117355 -349.741991
1883.550506 -349.637442
1883.398442 -349.293668
1883.728984 -348.848211
1883.742870 -349.009949
1883.492057 -348.373784
1883.898678 -348.263845
1884.155285 -348.291212
1884.023186 -347.916876
1884.199765 -347.469106
1884.280950 -347.165463
1884.474346 -347.240595
1884.402388 -346.938223
1884.430477 -346.459025
1884.606856 -346.329314
1884.466954 -346.044622
1885.069488 -345.535198
1884.868725 -345.471882
1885.211979 -345.366236
1885.015891 -345.202321
1885.131422 -344.778969
1885.037595 -344.481499
1885.297032 -344.257195
1885.434137 -343.936408
1885.395407 -343.549042
1885.876174 -343.907702
1885.822341 -343.394744
1885.924632 -343.107129
1886.265666 -342.915694
1886.224641 -342.901599
1886.330946 -342.340169
1886.316588 -341.953357
1886.809421 -341.473574
1886.537100 -341.386601
1886.551013 -341.563873
1886.630450 -340.503372
1886.812246 -340.841475
1886.917762 -340.450042
1887.235132 -340.239010
1887.269713 -339.668288
1887.287900 -339.737321
1887.378090 -339.553428
1887.298271 -339.371084
1887.487384 -338.958172
1887.587246 -338.539941
1887.641865 -338.275845
1887.735113 -338.244295
1887.853284 -337.910736
1887.798516 -337.641077
1888.301950 -337.413463
1887.992266 -337.256376
1888.498030 -336.835926
1888.399984 -336.680183
1888.650628 -336.501428
1888.434460 -336.482075
1888.860919 -335.909120
1888.912781 -335.667594
1889.291116 -335.611579
1889.276856 -335.077895
1889.044276 -334.954455
1889.326851 -334.633356
1889.435656 -334.559646
1889.259477 -334.172871
1889.642433 -333.837470
1889.666715 -333.660566
1889.758960 -333.604665
1889.636688 -332.805437
1889.818467 -332.637043
1890.170798 -332.613294
1890.201170 -332.605263
1890.458305 -331.918525
1890.464599 -331.659702
1890.332026 -331.252315
1890.518404 -331.201174
1890.583531 -330.991606
1890.750052 -330.708413
1890.885451 -330.413984
1890.957139 -329.953597
1891.086793 -329.826272
1891.268892 -329.605753
1891.487119 -329.431437
1891.238228 -329.249881
1891.492760 -328.821217
1891.510978 -328.576466
1891.886838 -328.722924
1891.803729 -328.039770
1892.061311 -328.036359
1892.089810 -327.640329
1891.974364 -327.282443
1892.300434 -326.902075
1892.179318 -326.740357
1892.239282 -326.354309
1892.483908 -326.337136
1892.673114 -325.929796
1892.585643 -325.513295
1892.644917 -325.323200
1893.068332 -325.040675
1893.039783 -324.807928
1893.251296 -324.822073
1893.499217 -324.415720
1893.326024 -323.997532
1893.350013 -323.963261
1893.464089 -323.627753
1893.290206 -323.518107
1893.932793 -323.144915
1893.854766 -322.759113
1893.914301 -322.360923
1894.015147 -322.231094
1894.055969 -321.902357
1894.350451 -321.724069
1894.365007 -321.351778
1894.165601 -320.770451
1894.478437 -320.674726
1894.602703 -320.429601
1894.731704 -320.225099
1894.844759 -320.072578
1894.896472 -319.713217
1895.086936 -319.293510
1895.051045 -319.164627
1895.096174 -319.315969
1895.427050 -318.762675
1895.524312 -318.526338
1895.306190 -318.155433
1895.501089 -317.836863
1895.679536 -317.547442
1895.950544 -317.366207
1895.926794 -317.241080
1895.671120 -316.933663
1896.373531 -316.666957
1896.332700 -316.191096
1896.487196 -315.971309
1896.249004 -315.723434
1896.568229 -315.428745
1896.674922 -315.188381
1896.756778 -314.926723
1896.992414 -314.743313
1897.181998 -314.385280
1896.907275 -313.666328
1897.173635 -313.615217
1897.211213 -313.473496
1897.600469 -313.339956
1897.465527 -313.194925
1897.527844 -312.810091
1897.742228 -312.204846
1897.701788 -311.966854
1897.937438 -311.799137
1898.081406 -311.513626
1898.048274 -311.485236
1898.230930 -311.101955
1898.160990 -310.862900
1898.494065 -310.315447
1898.646063 -309.929301
1898.660189 -310.223935
1898.541778 -309.655469
1898.856818 -309.649826
1898.782257 -308.906616
1899.036274 -308.805910
1899.310915 -308.440111
1899.109316 -308.195806
1899.309157 -307.937999
1899.429395 -307.604977
1899.555824 -307.208434
1899.735040 -307.117794
1899.903625 -307.042885
1899.826797 -306.296580
1900.057084 -306.309108
1900.041681 -305.941216
1900.041537 -305.737495
1900.275029 -305.531904
1900.441164 -305.348857
1900.585570 -305.100536
1900.465799 -304.477534
1900.780840 -304.167006
1900.706590 -304.031237
1900.744388 -303.865184
1900.850634 -303.529584
1901.043380 -303.328167
1901.137131 -302.978222
1901.375746 -302.856021
1901.213646 -302.200423
1901.617720 -302.305539
1901.507889 -301.928078
1901.823296 -301.616967
1901.547825 -301.181187
1901.871057 -300.815587
1901.870738 -300.720252
1902.073299 -300.151166
1902.284323 -300.118454
1902.269419 -299.845346
1902.573892 -299.484965
1902.717545 -299.450759
1902.586624 -298.871952
1902.751457 -298.742597
1903.056435 -298.215097
1902.832630 -298.171725
1903.264021 -297.590848
1903.079534 -297.381477
1903.204608 -297.140894
1903.546912 -296.776526
1903.796261 -296.600676
1903.850810 -296.238448
1903.754344 -296.176185
1903.748475 -295.912637
1903.978836 -295.456398
1903.897966 -295.234317
1904.043052 -294.851488
1904.041885 -294.591449
1904.260455 -294.452927
1904.312111 -294.306655
1904.621764 -293.566910
1904.850479 -293.236817
1904.820757 -293.226373
1904.697652 -292.527819
1905.302532 -292.599849
1905.206418 -292.410856
1905.111783 -291.904123
1905.131181 -291.846527
1905.256875 -291.367852
1905.771102 -291.266533
1905.722756 -291.124008
1905.940255 -290.576942
1905.798217 -290.369138
1906.035557 -289.802821
1906.049862 -289.800563
1906.105329 -289.301390
1906.378909 -288.793717
1906.349068 -288.975895
1906.452250 -288.437170
1906.562518 -288.264941
1906.637444 -287.959056
1906.846461 -287.630655
1906.946645 -287.403078
1907.043656 -286.920689
1907.094740 -286.908690
1906.934045 -286.777590
1907.180452 -286.205255
1907.171859 -286.024955
1907.796817 -285.746209
1907.440220 -285.403124
1907.618532 -284.850189
1907.688257 -284.505285
1907.805927 -284.319341
1908.037867 -284.247551
1908.172576 -283.938970
1908.139876 -283.610213
1908.206121 -283.172279
1908.520886 -282.898256
1908.589620 -282.488258
1908.408702 -282.168868
1908.846751 -281.777786
1908.897844 -281.791133
1908.848617 -281.424305
1909.028582 -280.964946
1909.205781 -280.745015
1909.175219 -280.085194
1909.369336 -280.346135
1909.616246 -279.648871
1909.628086 -279.656005
1909.536115 -279.417010
1909.960481 -279.120411
1909.818247 -278.652930
1909.831730 -278.166042
1910.141288 -278.054388
1910.076364 -277.973723
1910.380112 -277.452033
1910.343622 -277.305821
1910.332381 -277.077332
1910.390135 -276.223974
1910.896970 -276.409531
1910.809971 -275.954135
1911.150664 -275.831771
1911.310429 -275.185318
1911.416620 -274.866129
1911.230776 -274.981233
1911.477204 -274.582337
1911.385037 -274.230559
1911.351801 -273.871352
1911.938981 -273.506841
1911.876180 -273.126205
1912.121841 -273.018904
1912.029978 -272.709850
1912.025965 -272.245475
1912.374562 -272.260256
1912.285994 -271.603286
1912.506813 -271.469515
1912.626227 -270.896848
1912.509023 -270.882596
1912.736581 -270.425275
1912.979244 -270.070792
1912.776565 -269.885210
1912.965402 -269.572157
1913.269175 -269.356645
1913.340166 -268.892568
1913.589074 -268.712444
1913.302893 -268.506908
1913.744034 -267.938982
1913.873442 -267.776454
1913.926427 -267.456045
1913.789180 -267.301528
1914.029148 -267.029627
1914.040655 -266.325088
1914.504637 -266.279106
1914.520895 -265.921032
1914.454108 -265.748592
1914.696568 -265.561350
1914.699180 -265.084729
1914.898405 -264.611360
1915.066185 -264.795267
1915.156666 -264.030291
1915.279504 -263.977555
1915.394467 -263.215029
1915.192302 -263.380842
1915.664080 -262.941486
1915.548647 -262.657149
1915.841038 -262.137146
1916.061306 -261.727718
1916.231327 -261.894489
1916.178714 -261.457945
1916.149182 -260.969100
1916.044403 -260.629662
1916.154115 -260.619990
1916.644078 -259.904612
1916.710422 -259.582973
1916.744602 -259.560308
1916.787181 -259.211135
1916.958281 -259.029402
1917.253295 -258.491801
1917.038759 -258.222098
1917.199972 -258.022788
1917.473906 -257.806031
1917.296231 -257.181928
1917.423350 -257.143520
1917.872796 -256.574873
1917.434427 -256.207506
1917.842330 -256.097735
1917.929980 -255.716299
1918.223715 -255.315196
1918.283560 -254.889554
1918.515397 -254.762811
1918.496217 -254.409710
1918.470495 -254.005983
1918.710078 -253.841655
1918.525721 -253.560307
1918.829448 -253.324600
1918.960529 -252.749490
1919.021801 -252.897326
1919.024053 -252.227092
1919.217412 -252.045777
1919.309040 -251.426178
1919.793805 -251.198105
1919.855792 -250.877841
1919.724722 -250.771980
1919.638946 -250.297036
1920.096858 -249.870999
1919.860491 -249.593444
1920.026990 -249.258016
1920.052692 -249.097189
1920.485758 -249.009485
1920.599700 -248.544510
1920.428938 -248.181178
1921.007624 -247.806313
1921.244264 -247.637882
1920.858635 -246.979724
1920.705916 -246.932084
1920.750906 -246.452404
1921.397968 -246.524008
1921.195054 -246.078644
1921.351355 -245.778754
1921.453451 -245.361195
1921.513142 -245.153954
1921.755865 -244.571229
1921.939278 -244.572543
1922.089610 -244.066379
1922.118463 -243.566624
1922.149890 -243.532609
1922.031358 -243.012434
1922.396169 -242.571235
1922.474140 -242.693059
1922.752015 -241.915328
1922.996724 -241.714313
1922.543993 -241.443733
1923.003949 -241.386954
1923.217954 -241.154272
1923.717052 -240.422984
1923.457803 -240.292169
1923.452826 -239.885541
1923.603955 -239.516913
1923.437997 -239.135372
1923.885070 -238.853139
1923.900519 -238.916116
1923.895798 -238.465045
1923.964311 -238.198675
1924.109148 -237.631079
1924.362515 -237.238714
1924.596363 -236.990671
1924.461370 -236.441988
1924.594092 -236.219327
1924.891574 -236.207875
1924.859990 -235.771369
1924.858292 -235.336300
1925.359436 -235.112968
1925.352476 -234.645330
1925.067933 -234.081695
1925.529783 -233.986477
1925.324941 -233.589211
1925.616967 -233.587225
1925.839396 -233.223924
1925.854944 -232.812966
1925.876672 -232.411658
1926.053074 -232.227948
1926.147295 -231.831758
1926.426189 -231.491118
1926.102322 -231.185512
1926.267838 -231.116107
1926.491367 -230.613711
1926.710262 -230.314983
1926.633129 -229.821287
1926.995718 -229.387265
1926.840743 -228.884156
1927.214271 -229.261782
1927.205996 -228.614741
1927.346638 -228.425737
1927.336114 -227.759013
1927.601062 -227.559240
1927.761442 -227.294064
1927.489774 -226.856949
1928.163941 -226.701919
1927.645386 -226.498183
1928.091552 -226.051069
1928.379349 -225.658108
1928.348510 -225.275893
1928.578049 -224.709808
1928.515501 -224.721880
1928.450508 -224.240078
1928.896161 -224.127373
1928.974031 -223.301707
1928.902619 -223.103167
1929.070743 -222.940788
1929.179353 -222.542668
1929.233808 -222.479042
1929.575124 -222.073464
1929.592102 -221.734522
1929.434965 -221.474841
1929.900182 -221.335050
1929.476911 -220.734645
1930.299306 -220.109753
1930.252160 -219.820607
1930.207022 -219.735352
1930.132336 -219.178870
1930.373348 -219.148142
1930.734617 -218.721764
1930.563991 -218.266122
1930.635939 -218.225861
1930.620745 -217.643789
1930.980274 -217.227479
1930.976087 -217.346661
1931.005331 -216.575627
1931.116169 -216.244060
1931.523414 -215.937468
1931.515695 -215.563135
1931.918669 -215.327015
1931.738806 -215.044955
1931.706745 -214.763920
1932.234630 -214.459103
1932.144457 -214.135205
1932.363567 -213.685574
1932.385269 -213.392999
1932.570341 -213.245372
1932.645157 -212.967178
1932.707604 -212.247432
1932.901041 -212.157283
1932.877522 -211.807529
1932.989773 -211.288653
1933.040690 -211.065246
1933.232492 -210.796069
1933.073899 -210.440246
1933.383597 -209.896088
1933.751818 -209.702300
1933.597221 -209.586924
1933.939114 -209.039358
1933.779134 -208.545856
1933.771092 -208.526951
1934.094938 -207.946178
1934.040807 -207.851142
1934.353366 -207.458622
1934.388662 -207.359006
1934.514778 -206.622498
1934.255204 -206.653250
1934.686548 -205.795111
1934.896649 -205.830503
1935.150416 -205.522314
1935.059152 -204.852084
1935.187519 -204.371860
1935.221269 -204.091845
1935.542393 -204.035958
1935.660057 -203.746198
1935.682404 -203.163800
1935.632143 -203.182544
1935.681745 -202.478325
1936.079243 -202.448964
1936.195036 -201.931868
1936.181566 -201.618639
1936.625326 -201.335874
1936.422161 -200.874519
1936.762621 -200.369502
1936.380736 -200.137028
1936.650176 -199.846144
1936.795589 -199.753640
1936.923983 -199.431618
1937.007640 -198.739378
1937.291550 -198.575532
1937.139208 -198.311146
1937.401289 -197.934780
1937.676621 -197.680850
1937.582562 -197.188923
1937.802491 -196.836287
1937.869300 -196.514618
1938.006173 -196.555398
1937.949746 -195.801913
1938.383750 -195.286412
1937.910029 -194.958813
1938.316238 -194.734078
1938.531091 -194.367272
1938.815197 -194.332227
1938.871114 -194.207384
1939.003281 -193.401127
1939.182301 -193.089293
1939.146723 -192.917230
1939.219628 -192.391390
1939.301021 -191.961131
1939.742453 -191.631466
1939.610118 -191.614088
1939.756214 -191.099695
1939.974810 -190.654959
1939.949781 -190.459915
1940.076316 -190.008652
1940.078389 -189.682300
1940.083654 -189.455718
1940.498008 -189.206551
1940.486928 -188.757267
1940.629040 -188.326000
1940.513227 -187.919887
1941.052968 -187.898352
1940.801014 -187.278503
1941.111865 -186.861478
1941.302448 -186.508693
1941.151863 -186.210219
1941.439727 -186.001901
1941.543360 -185.690736
1941.694761 -185.261922
1941.635578 -184.839615
1941.576462 -184.307639
1941.719602 -184.296901
1942.042090 -183.611966
1942.105845 -183.811897
1942.269605 -183.033088
1942.387732 -182.884708
1942.262211 -182.535569
1942.660417 -182.028799
1942.680620 -181.632594
1943.063647 -181.285226
1943.322117 -181.010506
1943.247582 -180.873955
1942.939836 -180.513327
1943.440543 -180.266066
1943.560608 -179.599097
1943.458159 -179.556282
1943.484685 -179.052805
1944.185441 -178.678733
1943.857171 -178.449480
1944.010981 -177.970866
1944.218523 -177.555539
1944.143574 -177.243981
1944.313863 -176.769712
1944.404303 -176.688931
1944.458959 -176.314637
1944.711534 -175.856297
1944.592009 -175.782503
1944.803043 -175.152368
1945.139220 -174.912535
1945.031887 -174.537023
1945.143199 -174.027991
1945.294144 -173.857676
1945.610333 -173.348797
1945.454204 -173.184641
1945.709693 -172.934608
1945.771165 -172.364278
1945.669844 -171.883761
1945.822600 -171.933354
1946.159217 -171.551250
1945.901201 -171.242857
1946.219436 -170.532231
1946.049815 -170.232962
1946.303994 -169.690628
1946.650789 -169.959903
1946.964141 -169.369932
1947.089342 -168.884995
1946.974943 -168.485569
1946.726530 -168.159090
1946.991649 -167.471079
1947.340451 -167.608687
1947.308008 -167.028605
1947.536877 -166.901334
1947.686778 -166.425609
1947.547516 -166.272832
1948.151191 -165.794242
1947.871766 -165.222708
1948.233665 -164.944183
1948.175684 -164.410673
1948.290788 -164.613057
1948.544760 -163.878776
1948.630098 -163.689437
1948.797337 -163.235208
1948.739966 -162.879315
1948.854621 -162.485426
1949.090439 -162.530541
1949.181914 -161.642622
1949.366241 -161.578983
1949.346802 -161.124651
1949.756205 -161.024110
1949.673718 -160.426881
1949.664921 -160.215636
1949.906153 -159.690790
1950.236183 -159.442286
1949.843528 -159.019108
1950.271201 -158.677986
1950.640503 -158.464929
1950.401540 -158.146583
1950.357006 -157.830495
1950.795989 -157.070744
1950.911039 -156.857412
1951.056593 -156.550531
1951.029789 -155.995499
1950.893490 -155.888006
1951.230110 -155.421821
1951.528622 -155.106947
1951.600395 -154.745573
1951.510731 -154.511022
1951.543131 -154.258351
1951.932427 -153.759109
1951.969590 -153.434926
1952.178936 -153.257999
1951.924858 -152.698388
1951.950008 -152.144923
1952.321424 -152.187338
1952.345963 -151.653315
1952.610566 -151.138673
1952.959426 -150.913950
1952.931933 -150.639788
1953.027961 -150.208222
1953.195852 -149.903861
1953.011413 -149.538225
1952.813517 -149.250970
1953.161498 -148.707001
1953.554167 -148.561173
1953.749416 -148.024954
1953.665218 -147.701431
1953.799348 -147.192705
1953.891925 -146.649031
1953.861322 -146.924006
1953.743408 -146.356103
1954.263728 -146.036061
1954.365550 -145.334002
1954.700882 -145.269431
1954.561683 -145.002709
1954.885897 -144.623113
1954.971837 -144.437466
1954.967501 -143.689927
1955.125635 -143.492181
1955.292555 -143.129107
1955.277728 -142.720616
1955.380913 -142.201291
1955.312330 -142.103854
1955.767576 -141.882624
1955.853210 -141.058538
1955.889081 -141.044409
1955.898706 -140.648511
1955.958740 -140.200807
1955.868976 -139.889290
1956.305227 -139.215550
1956.552441 -139.275645
1956.570185 -138.619092
1956.667541 -138.286831
1956.535783 -137.959898
1957.035543 -137.860131
1957.103079 -137.181240
1957.172313 -136.824205
1957.091416 -136.539197
1957.679583 -136.095213
1957.308547 -135.661050
1957.474918 -135.605128
1957.917530 -135.038843
1957.777977 -134.652322
1957.791266 -134.280879
1958.109246 -134.100727
1958.082694 -133.972232
1958.251033 -133.523466
1958.447986 -132.984949
1958.606225 -132.560713
1958.727831 -132.268869
1958.597322 -132.152089
1958.711698 -131.312898
1958.959784 -131.206639
1959.254273 -130.919408
1959.264966 -130.545809
1959.475787 -130.239884
1959.484427 -129.884229
1959.448302 -129.459954
1959.674277 -128.998406
1959.765205 -128.849695
1959.944292 -128.417813
1959.882552 -128.140014
1959.926405 -127.423809
1960.070390 -127.254115
1960.246582 -126.632595
1960.301671 -126.427734
1960.735929 -125.972738
1960.759387 -125.963417
1960.725097 -125.599132
1961.099576 -125.148922
1960.693792 -124.629111
1961.187994 -124.056891
1961.302267 -123.818229
1961.169271 -123.791619
1961.671150 -123.193854
1961.379190 -122.741812
1961.736160 -122.405783
1962.028778 -122.220658
1961.946121 -121.823610
1961.942812 -121.189575
1962.509739 -120.792068
1962.356456 -120.779909
1962.571216 -120.654977
1962.462280 -119.657374
1962.666524 -119.532925
1962.797797 -119.473060
1963.058758 -118.896401
1962.916622 -118.158440
1963.095224 -118.205085
1963.372709 -117.795358
1963.347345 -117.443377
1963.658002 -116.797137
1963.600529 -116.726400
1963.604609 -116.161446
1963.680353 -115.681034
1963.686753 -115.370711
1964.056023 -115.165524
1963.801160 -114.733797
1964.037296 -114.526163
1964.531874 -114.215914
1964.312532 -113.783549
1964.275236 -113.210693
1964.645373 -112.946681
1965.076994 -112.644157
1965.094038 -112.221668
1965.142754 -112.005788
1965.247759 -111.482361
1965.288069 -111.151654
1965.357831 -110.847571
1965.288020 -110.587027
1965.547127 -110.069643
1965.713583 -109.764546
1965.584406 -109.386298
1965.790020 -108.964843
1966.370821 -108.723372
1966.425356 -108.453946
1966.347094 -108.116319
1966.219448 -107.589346
1966.501373 -107.213890
1966.602712 -106.763223
1966.859292 -106.254776
1966.792932 -106.024092
1967.021186 -105.901047
1967.090454 -105.522516
1967.105875 -105.175326
1967.336704 -104.505868
1967.781493 -104.311852
1967.580835 -103.720193
1967.646921 -103.302204
1967.874118 -103.241130
1967.944642 -102.557524
1967.753480 -102.319779
1968.358772 -101.885820
1968.389957 -101.848792
1968.353661 -101.283770
1968.602322 -100.793093
1968.725319 -100.525751
1968.883613 -100.120972
1969.124730 -99.938835
1969.083766 -99.614018
1968.951014 -99.211758
1969.014078 -98.667990
1969.576526 -98.340435
1969.467546 -97.767960
1969.746376 -97.725640
1969.751322 -97.300241
1969.737575 -96.835586
1969.939078 -96.334807
1970.337704 -96.425633
1970.099835 -95.744127
1970.114237 -95.428136
1970.411274 -95.411623
1970.476700 -94.858490
1970.651846 -94.309838
1970.901412 -93.727692
1971.116905 -93.616781
1970.831491 -93.308311
1971.029098 -93.011171
1970.976953 -92.411165
1971.498219 -92.019862
1971.367605 -92.057548
1971.777949 -91.403687
1971.418047 -91.116505
1971.696279 -90.663688
1972.099494 -90.358829
1972.089334 -89.684497
1972.387427 -89.463957
1972.352889 -89.286756
1972.320901 -88.781830
1972.582238 -88.546904
1972.517402 -88.204623
1972.634746 -87.722721
1973.046982 -87.274486
1972.920419 -87.105047
1973.099769 -86.150458
1973.178528 -86.129576
1973.616571 -85.789685
1973.523079 -85.160066
1973.490219 -84.900843
1973.714826 -84.513911
1973.777634 -84.417945
1974.015433 -83.994929
1974.015660 -83.763932
1974.346322 -83.465908
1973.955782 -82.687546
1974.295908 -82.766204
1974.585356 -81.941246
1974.565768 -81.772302
1974.634905 -81.231156
1974.775734 -81.297456
1974.976540 -80.735992
1975.234159 -80.463400
1975.262336 -80.108991
1975.420882 -79.635453
1975.372303 -79.020027
1975.576098 -78.768093
1975.858511 -78.408507
1975.773004 -77.764155
1975.876286 -77.495590
1976.352512 -77.347240
1976.271520 -77.134562
1976.146754 -76.322837
1976.282635 -76.215743
1976.663538 -75.569901
1976.217265 -75.346764
1976.549841 -75.229177
1976.482401 -74.750570
1977.013895 -74.544212
1977.050161 -74.086766
1977.141126 -73.698024
1977.279781 -72.970773
1977.248152 -72.643699
1977.332715 -72.125445
1977.628426 -72.002944
1977.642862 -71.701281
1977.986739 -71.546478
1977.847763 -71.154722
1978.196178 -70.546656
1978.213533 -70.131967
1978.261632 -69.628922
1978.429696 -69.259590
1978.583208 -69.101362
1978.684688 -68.965083
1978.820516 -68.181979
1978.909469 -68.016052
1978.964801 -67.614246
1979.055746 -67.348144
1979.414016 -66.865082
1979.379835 -66.119833
1979.358537 -66.008399
1979.382817 -65.669773
1979.929255 -64.888326
1979.803180 -65.040009
1979.868342 -64.803100
1979.886079 -64.477919
1980.079895 -63.662910
1980.251184 -63.580228
1980.525609 -63.095891
1980.643681 -62.652265
1980.502716 -62.136626
1980.803724 -61.986175
1980.891811 -61.531886
1981.078458 -61.552942
1981.071013 -60.823680
1981.409082 -60.850345
1981.372164 -60.086881
1981.466061 -59.705909
1981.402748 -59.662081
1981.657530 -59.219366
1981.811849 -58.635933
1981.900071 -58.176294
1981.997458 -58.140264
1982.131529 -57.603266
1982.052473 -57.242963
1982.519602 -56.599601
1982.355543 -56.117188
1982.520072 -56.034332
1982.886588 -55.677531
1982.791426 -55.198372
1983.041700 -54.838599
1983.253848 -54.614799
1983.126986 -54.118277
1983.272298 -53.844004
1983.499349 -53.588397
1983.542161 -52.954718
1983.757300 -52.589092
1983.548602 -52.259945
1984.143458 -51.913168
1984.108849 -51.810982
1984.077513 -51.219030
1984.169452 -50.579143
1984.347366 -50.282050
1984.619767 -49.890073
1984.440746 -49.848393
1984.907963 -49.084582
1984.610432 -48.875185
1984.865734 -48.555695
1985.018442 -48.148640
1985.377726 -47.620675
1985.272948 -47.702493
1985.505354 -46.957889
1985.544013 -46.763499
1985.748721 -46.185934
1985.698331 -45.899765
1985.825395 -45.603846
1986.293275 -45.328317
1986.312823 -44.843793
1986.368090 -44.526498
1986.350905 -44.013486
1986.433825 -43.526768
1986.768298 -43.353745
1986.711589 -42.908144
1986.591855 -42.600963
1986.884532 -42.257511
1987.036930 -41.871913
1987.073342 -41.592264
1987.308157 -40.878782
1987.228761 -40.509156
1987.480853 -40.333126
1987.742358 -39.912014
1987.593118 -39.350948
1987.612966 -39.106863
1988.077400 -38.892094
1988.133354 -38.427793
1988.361750 -38.053451
1988.424026 -37.952094
1988.384632 -37.170780
1988.653023 -36.892922
1988.548839 -36.369551
1988.962206 -35.957955
1988.899130 -35.529596
1988.935638 -35.205548
1989.086742 -35.014035
1989.232990 -34.674394
1989.080698 -34.378838
1989.093794 -33.922119
1989.747317 -33.760439
1989.394120 -33.308101
1989.938355 -32.981402
1990.025005 -32.418427
1990.000030 -32.195300
1990.155328 -31.604974
1990.449527 -31.253238
1990.665102 -30.726269
1990.571643 -30.691527
1990.639985 -29.910024
1990.981280 -29.604257
1990.881018 -29.464960
1990.895924 -28.853153
1990.907341 -28.657444
1991.256526 -28.254329
1991.242377 -27.693173
1991.391785 -27.565713
1991.531818 -27.107548
1992.031506 -26.991907
1991.682162 -26.168129
1991.851458 -25.752929
1991.922638 -25.881842
1992.214107 -25.185139
1992.138152 -24.764226
1992.357129 -24.390077
1992.448276 -23.584524
1992.663548 -23.554599
1992.764173 -23.391996
1992.766474 -23.105592
1992.813496 -22.559520
1993.126441 -22.163315
1993.311633 -21.868757
1993.341378 -21.528900
1993.405950 -21.031948
1993.474807 -20.846461
1993.590426 -20.195965
1993.918476 -19.987724
1994.096557 -19.538591
1993.948532 -19.111913
1994.047435 -18.940001
1994.124586 -18.553264
1994.382746 -17.979400
1994.395830 -17.799852
1995.058960 -17.240950
1994.670426 -16.735999
1994.746719 -16.777629
1995.129163 -16.381619
1995.013535 -16.062344
1995.275480 -15.695953
1995.466757 -15.061511
1995.389013 -14.592872
1995.480618 -14.381002
1995.616319 -13.956514
1995.925088 -13.475077
1995.811160 -13.470993
1996.203590 -12.902016
1996.411591 -12.626520
1996.331070 -11.897980
1996.510350 -11.521044
1996.402001 -11.156753
1996.314192 -10.854479
1996.931972 -10.250790
1997.105808 -10.352127
1997.030429 -9.938361
1997.132461 -9.136474
1997.094723 -9.134819
1997.290877 -8.696474
1997.723555 -8.358508
1997.726340 -7.948503
1997.552802 -7.749375
1997.924321 -7.097210
1997.623845 -6.867114
1997.676797 -6.422007
1998.367910 -6.011731
1998.098455 -5.410484
1998.370753 -5.416380
1998.518839 -4.835811
1998.766087 -4.631552
1998.817944 -4.250570
1998.833032 -3.699277
1999.307157 -3.184836
1998.863989 -2.817993
1999.259962 -2.765871
1999.420773 -2.362016
1999.423415 -1.838481
1999.413830 -1.759521
1999.687827 -1.224231
1999.500312 -0.902239
2000.015678 -0.305352
1999.953331 0.159441
