-0.021614 -0.025936
0.685035 2.367687
1.384318 4.300121
2.155013 6.746845
2.774308 9.066382
3.543352 11.485363
4.308620 13.588956
4.800949 15.681394
5.650167 18.291078
6.320921 20.338842
7.095828 22.396629
7.670533 24.947527
8.549614 27.096574
9.176231 29.427925
9.938128 31.481007
10.606949 33.677326
10.829537 36.069146
11.785853 38.546362
12.723430 40.485930
13.451323 42.771285
14.011567 45.129294
14.741799 47.546820
15.520370 49.725981
16.221906 51.993517
16.729996 54.061098
17.452996 56.489224
18.185231 59.008916
18.798914 60.736499
19.735933 63.355879
20.395158 65.507686
21.231677 67.606305
21.502475 69.777022
22.556811 71.874981
23.116621 74.362436
23.761718 76.664078
24.593380 79.132936
25.296199 80.920560
25.815603 83.112479
26.739101 85.375382
27.281821 87.793884
27.879645 89.856357
28.407472 91.954733
29.293696 94.393895
30.252753 96.540860
30.807482 98.778543
31.625203 101.094633
32.197421 103.013781
32.985402 105.424829
33.727107 107.562838
34.528841 109.710494
35.167275 111.975890
35.542938 113.980893
36.289402 116.552385
37.125799 118.628081
37.337848 120.814336
38.468087 122.805175
38.980667 125.064265
40.023151 127.080216
40.389465 129.613489
41.075493 131.522140
41.845419 133.554905
42.551630 135.720689
43.338846 138.060301
44.235544 140.256250
44.784374 142.169489
45.247211 144.560809
46.212914 146.404009
46.784679 148.885059
47.550647 151.039770
48.012447 152.987518
48.500914 155.224177
49.342369 157.623195
49.961922 159.489648
50.500140 161.499796
51.456034 163.796276
52.314897 165.775617
52.610356 167.956414
53.535187 170.062871
54.031719 172.256354
54.828490 174.284334
55.684374 176.359504
56.213603 178.675474
56.883944 180.388242
57.540339 182.730723
58.216891 184.657426
59.053363 186.569294
59.289308 188.753283
60.256409 190.674707
61.025624 192.909928
61.418075 194.944707
62.209615 196.687949
62.978017 198.942249
63.468656 201.061254
64.323360 202.925066
64.979213 205.187898
65.480583 207.111721
66.255523 209.408401
66.642687 211.181617
67.542307 213.065988
68.538977 215.078246
69.254650 217.006497
69.635125 218.987208
70.142247 221.052905
70.866023 223.051238
71.254462 225.293157
72.206217 227.220688
72.740486 228.964097
74.025810 230.745175
73.985512 232.743484
74.938635 234.873651
75.718482 236.669606
75.940958 238.575686
77.022894 240.637801
77.198075 242.483892
78.355281 244.723472
78.882926 246.360324
79.264931 248.090936
80.109452 250.190407
80.840055 251.934670
81.230000 253.775134
81.878155 255.867596
82.352908 257.594217
83.414414 259.739434
84.003937 261.522006
84.578822 263.114548
85.182059 265.303379
86.076005 266.989090
87.069168 268.746423
87.304532 270.626257
87.819138 272.749899
88.718438 274.008376
89.071574 276.091803
89.887204 277.627929
90.068633 279.340236
91.032602 281.400015
91.730407 283.082621
92.129391 284.670425
92.995850 286.798394
93.727902 288.623664
94.181856 290.462711
94.820544 291.909552
95.392467 293.662353
95.774260 295.507926
96.764177 297.157506
97.246193 298.987915
98.236370 300.651074
98.527255 302.262668
99.216480 303.860539
99.830678 305.751085
100.747664 307.567832
101.246530 308.996485
101.811338 310.602314
102.376024 312.498470
102.831600 314.390612
103.647944 315.452916
104.260983 317.317374
104.792411 319.081017
105.463863 320.330418
105.843538 322.369762
106.823387 324.149325
107.508514 325.157878
107.962202 326.773463
108.696463 328.685914
108.889787 330.528678
109.762989 331.515047
110.314732 333.252788
110.890605 334.848600
111.682010 336.252958
112.124544 338.278771
112.552701 339.570521
113.305719 340.959810
113.970133 342.594194
114.327764 344.352310
115.183298 345.563284
115.563122 346.962980
116.436168 348.542860
116.912177 350.013245
117.526284 351.491456
118.137784 352.941140
118.735844 354.521048
119.180926 355.734568
119.643219 357.187515
120.221186 358.855306
120.945289 360.379457
121.876392 361.557748
121.883292 362.898712
122.683979 364.126095
123.236273 365.777426
123.782274 366.995709
124.313486 368.747107
124.978231 369.714263
125.519883 371.333046
126.045512 372.604783
126.828548 373.978931
127.499218 375.109471
128.027817 376.389996
128.365810 377.996594
129.114767 379.117109
129.377550 380.491990
130.025285 381.551416
130.584923 383.000521
130.925010 384.282479
131.828988 385.396752
132.516889 386.823441
132.827563 387.869725
133.578637 388.972507
133.979029 390.326119
134.592657 391.664454
135.139639 393.006150
135.718963 393.982925
136.052442 395.323795
136.861289 396.609559
137.216622 397.563378
137.865282 398.704792
138.419660 399.610295
139.084529 401.106005
139.671694 402.476999
139.994279 403.256655
140.582246 404.666876
140.858402 405.552829
141.433414 406.188071
141.885512 407.454297
142.882230 408.608462
143.219634 409.632228
143.875906 410.700369
144.511053 411.766463
144.726450 412.974449
145.371275 414.201181
145.910644 414.828560
146.332165 415.936880
147.047220 417.084223
147.441414 418.151734
147.899517 418.986266
148.523979 420.212097
148.998762 420.897167
149.371943 422.010350
149.954546 422.907378
150.269919 423.951405
150.866429 424.608137
151.734654 425.445078
152.072181 426.567589
152.441132 427.659774
153.321128 428.055150
153.382936 429.355353
153.907379 430.049706
154.623387 431.076315
155.070156 431.842002
155.485392 432.867392
156.024427 433.560948
156.517364 434.353014
157.062830 435.130393
157.428489 436.082538
158.283720 436.798471
158.671074 437.677238
159.188583 438.377161
159.567933 439.231986
160.031675 439.717618
160.508727 440.332355
160.986606 441.420121
161.653770 442.113890
162.087013 442.814783
162.272226 443.317401
162.756776 444.029009
163.472313 444.898190
163.936355 445.626323
164.479495 446.450888
164.696692 446.917837
165.182698 447.373487
165.831558 448.443278
166.195485 448.829829
166.824779 449.181489
167.150976 450.174728
167.500453 450.972552
168.191934 451.325803
168.492075 451.898516
168.885528 452.342817
169.625115 453.266163
169.992134 453.511318
170.637329 454.526592
170.804710 454.638632
171.096342 455.372345
171.537662 455.830336
172.284721 456.125959
172.867595 457.094119
172.824984 457.144817
173.410344 457.690569
173.854107 457.937072
174.298664 459.064326
174.603281 459.213229
174.983624 459.800870
175.608057 460.437847
176.106164 460.523180
176.589453 460.926016
176.736282 461.460868
177.339705 461.844840
177.849501 462.138360
178.282155 462.861287
178.476973 463.237688
179.029435 463.229250
179.851138 463.725403
180.112303 464.173443
180.072826 464.408339
180.662777 464.519129
180.890963 465.056703
181.658887 465.411712
181.936590 465.535891
182.245034 465.865767
182.647188 466.202750
183.206281 466.373884
183.580957 466.660129
184.019629 467.107002
184.450037 467.349404
184.577018 467.460314
185.266316 467.842739
185.383573 467.990811
186.201189 468.151450
186.401448 468.448070
186.846649 468.674927
187.212846 468.780820
187.475505 468.907594
188.170211 469.068765
188.344814 469.182929
188.874517 469.276768
189.277841 469.403805
189.365910 469.705709
189.925901 469.841021
190.446039 469.847204
190.731878 469.876435
191.231563 470.202763
191.498912 470.222240
191.674830 470.222312
192.240661 470.337115
192.555170 470.195830
192.933478 470.347079
193.112010 470.470006
193.362724 470.631631
194.134184 470.543784
194.220991 470.426287
194.709561 470.212184
195.119968 470.674443
195.405277 470.491055
195.837018 470.599675
196.330007 470.523149
196.417082 470.415983
196.901000 470.674880
197.177332 470.231366
197.445026 470.014132
197.973685 470.055285
198.086370 469.885574
198.449385 470.181344
198.764577 469.739380
199.330727 469.848060
199.710035 469.899417
199.983663 469.474482
200.304615 469.616738
200.572500 469.190400
201.160622 469.199844
201.267647 469.112458
201.815925 468.989385
201.942215 468.883814
202.643623 468.813215
202.750397 468.252186
203.538700 468.048167
203.245077 467.922404
203.868368 467.881859
203.732288 467.642437
204.348950 467.330072
204.402982 467.036735
204.838119 466.908674
205.141838 466.767480
205.392055 466.141609
205.736907 466.339990
206.073660 466.217365
206.543725 465.412446
206.653781 465.336792
206.909755 465.361990
207.243803 464.805833
207.916052 464.377605
207.850811 464.035753
208.356246 463.883271
208.610712 463.209570
208.907413 462.978827
208.871013 462.627988
209.279639 462.466040
210.080718 462.294844
209.996279 461.576606
210.477328 461.429289
210.601536 460.864813
211.284311 460.478968
211.167990 460.114749
211.613854 459.538026
211.774346 459.103697
212.053175 459.140472
212.488085 458.418272
212.517377 457.951636
213.094081 457.473297
213.431773 456.903752
213.447057 456.916540
213.464361 456.371832
213.761425 455.711655
214.285470 455.373598
214.109016 454.480295
214.766773 454.284776
214.985806 453.750687
215.208614 453.221539
215.524917 452.809620
216.003182 452.472656
216.080191 451.688167
216.447152 451.163265
216.692184 450.438341
217.014396 449.994117
217.072401 449.345509
217.646074 449.008610
217.898995 448.510202
217.724389 447.740177
218.345581 447.215013
218.319018 446.723892
218.705387 446.013790
218.931062 445.502446
218.838229 445.052187
219.350460 444.568979
219.543787 443.526898
220.137292 442.910644
220.105272 442.616646
220.391514 441.651488
220.708144 441.237586
221.110215 440.716160
221.609416 439.736350
221.385957 439.172893
221.796303 438.800150
221.968815 437.898627
221.975296 437.043537
222.573598 436.751437
222.506898 436.136941
222.886272 435.459449
222.756469 434.516910
223.254443 433.982746
223.592607 433.078249
223.690768 432.855167
223.996917 431.944518
224.110472 431.213440
224.602954 430.393493
224.733748 429.520305
224.855256 429.056212
224.869329 428.349270
225.095034 427.322747
225.409141 426.987368
225.667505 426.087073
225.721992 425.202609
225.864730 424.344785
226.374838 423.659389
226.674297 422.864760
226.632859 422.311919
226.770046 421.113112
227.266166 420.619275
226.948683 419.775351
227.414238 419.237422
227.565662 418.091151
227.737523 417.218318
227.966953 416.354834
228.114168 415.518711
228.239959 414.710951
228.580966 414.023324
228.668652 413.374411
229.037791 412.410531
229.166689 411.882824
229.462447 410.879720
229.227673 409.870875
229.477951 409.061574
230.046545 408.177023
230.254216 407.273557
230.447607 406.338917
230.505735 405.776150
230.808073 404.831590
231.200291 403.922341
231.022290 402.700775
231.534847 402.185967
231.271640 401.562534
231.810878 400.500241
231.586802 399.662991
231.884305 398.537287
232.308483 397.502425
232.410512 396.997328
232.805551 396.080059
232.360604 395.005517
232.849552 394.280763
233.156476 393.026859
233.128389 392.556607
233.577035 391.777582
233.453501 390.747401
233.934429 389.843879
233.950911 388.866872
233.887617 387.601321
234.316328 386.839275
234.326549 385.874722
234.432774 385.063951
234.498450 384.104186
234.847741 383.144590
234.857483 382.333926
235.407215 381.182992
235.467884 380.461367
235.040231 379.266198
235.497462 378.547691
235.774852 377.549330
235.994889 376.388821
235.939468 375.383505
236.177053 374.590192
236.378564 373.537968
236.638304 372.821573
236.882905 371.825626
236.826522 370.852748
237.037097 369.685144
237.285160 369.069852
237.533598 367.844690
237.430190 366.927413
237.524859 365.981674
237.649960 364.881852
238.074091 363.956129
237.961619 363.082640
238.114665 362.011454
238.222359 360.800530
238.366262 359.827496
238.540689 358.833851
238.784181 358.135141
238.825505 357.018122
238.981914 355.747523
238.890245 355.027886
239.241132 354.045050
239.172511 353.082627
239.388297 351.906905
239.638223 351.039265
239.900020 350.173187
239.961809 349.123280
239.855209 347.935482
239.891014 347.507645
240.078804 346.043503
240.315033 345.031263
240.409199 343.790937
240.474145 342.859708
240.731282 341.962205
240.773013 341.093195
240.913835 340.196104
241.067868 339.085087
241.050929 338.144461
241.312268 337.101498
241.545269 336.008109
241.650513 334.970004
241.941357 334.161393
241.932779 332.837504
241.815903 331.908093
242.063876 331.067938
242.085417 330.170324
242.339158 328.684881
242.385498 327.592112
242.461678 326.890712
242.599987 325.917631
242.749024 324.870889
243.149589 324.135952
242.868506 323.135852
242.911645 321.819955
243.498204 320.600966
243.469731 319.744047
243.475523 318.900676
243.864842 317.802261
243.712583 317.014602
243.797386 315.794536
243.938040 314.929812
244.190854 313.772955
244.101766 312.962213
244.254523 311.886116
244.387089 310.810488
244.379315 309.982794
244.444227 309.094222
244.749912 307.731615
244.868204 306.952866
245.048124 306.107320
244.986510 304.834129
245.057881 303.801058
245.143755 302.999995
245.364600 301.893927
245.357814 301.031380
245.499215 299.836039
245.657275 298.966595
245.624767 298.145937
246.017105 297.045012
246.014480 296.136460
246.094504 295.211055
246.451567 294.110985
246.372941 293.253073
246.359654 291.977591
246.649446 290.937981
246.884792 290.332039
246.747284 289.239078
247.084248 288.121220
246.749687 287.207018
246.986384 286.181235
247.150444 285.389988
247.106777 284.649411
247.121324 283.258805
247.487629 282.462598
247.594748 281.446366
247.477778 280.489996
247.630747 279.715358
247.761626 278.802808
248.021999 277.898911
248.168904 276.916985
248.249131 275.780661
248.194084 274.644838
248.376706 273.881884
248.492624 273.128101
248.328906 271.965407
248.578533 271.110861
248.755097 270.088757
248.836131 269.084957
248.604708 268.524515
248.831015 267.414478
248.912970 266.371287
249.164440 265.607988
249.470291 264.826599
249.382317 263.965301
249.687505 263.008667
249.557575 262.197972
249.982271 261.245390
250.081043 260.389384
250.041204 259.193942
249.845271 258.460151
249.860313 257.491795
250.339270 256.597227
250.387601 255.613707
250.332054 255.092471
250.535885 254.108258
250.858865 253.388232
250.570222 252.523661
250.708113 251.458904
250.901392 250.761402
250.828500 249.810497
251.175350 249.010120
251.164132 248.188015
251.187993 247.362139
251.446695 246.136146
251.554289 245.532665
251.539110 244.558506
251.655910 243.619391
252.045157 242.836871
251.792105 242.351905
252.078947 241.465955
252.318746 240.492565
252.034473 239.851246
252.411266 238.864574
252.202539 238.292293
252.579489 237.097055
252.711032 236.287456
252.622770 235.539534
252.700822 234.791391
252.806046 234.237344
253.043998 233.439319
253.265656 232.509424
253.216021 231.870418
253.562523 231.152994
253.616472 230.403515
253.670816 229.219635
253.747607 228.760095
253.727137 227.894070
253.759022 227.284797
254.052906 226.251148
254.064018 225.649420
253.993380 225.054411
254.191701 224.162971
254.230961 223.574668
254.450483 222.643738
254.431827 222.059507
254.725077 221.213239
254.844197 220.535347
255.287176 219.810511
254.866891 219.277961
254.957820 218.674715
255.471535 217.798671
255.335769 217.089949
255.418772 216.697752
255.662237 215.667339
255.869717 215.301888
255.820933 214.357948
255.868403 213.671431
256.039686 213.081891
255.745735 212.611613
256.221577 211.982509
256.284763 211.201814
256.585278 210.589294
256.574435 210.375657
256.619614 209.286064
257.019277 208.511957
256.717721 207.794772
257.069112 207.485173
257.215980 206.574931
257.371839 206.349101
257.323083 205.570870
257.556263 205.022477
257.668993 204.210876
257.664817 203.603282
257.904560 203.281047
257.914455 202.667412
257.815769 202.177990
258.099691 201.500116
258.458196 200.803805
258.592165 200.377492
258.539085 199.888984
258.470674 199.346500
258.790427 198.869758
258.872761 198.121892
259.085425 197.634712
258.979203 197.086919
259.471392 196.579626
259.277264 196.183756
259.257044 195.246309
259.662317 195.084693
259.824535 194.422077
259.898100 193.849872
260.083479 193.326331
260.158706 193.122083
260.048831 192.523971
260.562470 192.359485
260.351275 191.708226
260.524803 190.990863
261.083644 190.833617
260.858360 190.312319
261.210761 189.858078
261.587773 189.478525
260.938685 188.906266
261.414841 188.486685
261.665794 187.992528
261.640242 187.872992
262.032550 187.151549
262.185638 186.942521
262.415305 186.277444
262.484495 185.944490
262.683864 185.612134
262.313732 185.257081
262.531570 184.835421
262.935971 184.429459
262.867985 183.949407
263.111480 183.712118
263.579419 183.493726
263.464127 183.221940
263.479400 182.782576
263.808827 182.369712
264.082239 181.892245
264.258862 181.658185
264.653544 181.284827
264.636111 181.103903
264.424455 180.892797
264.597239 180.041261
265.040916 180.229256
265.078240 179.728109
265.466410 179.577890
265.289810 179.290187
265.361945 178.811459
265.551941 178.285651
265.695118 178.524853
265.870074 177.990350
266.024578 177.939549
266.363828 177.625673
266.513671 177.124259
266.550268 177.178854
266.855549 176.928272
266.558541 176.742971
267.128582 176.672219
267.296793 176.125858
267.644180 175.771062
267.848745 175.591949
268.084910 175.599493
268.140605 175.169142
268.210401 175.125492
268.113728 174.805946
268.737206 174.512151
268.967135 174.427261
269.003603 174.173945
269.208637 174.245540
269.488347 174.214723
269.688880 173.883871
269.500942 173.897452
269.674324 173.484861
270.166654 173.474401
270.482262 173.269871
270.178085 173.097207
270.647079 172.959320
271.023301 172.853573
270.787613 172.844919
271.023492 172.919443
271.429917 172.348888
271.746179 172.815045
271.479644 172.500741
272.049958 172.302590
272.227078 172.266305
272.270983 172.325770
272.372995 172.334810
273.006206 171.795304
272.979017 172.123684
273.110101 171.829097
273.328472 171.976592
273.503914 171.753258
273.883501 171.682088
273.881075 171.475716
273.993047 171.468907
274.173628 171.510973
274.688851 171.607430
274.733120 171.431094
274.922597 171.365249
275.101912 171.675368
275.293492 171.570718
275.629574 171.937331
275.672052 171.612252
276.112055 171.482787
276.431146 171.642060
276.446501 171.707981
276.889414 171.870812
276.964980 171.930328
277.253628 171.453731
277.589534 171.783250
277.607883 171.985799
277.899909 172.053619
278.189922 172.073839
278.537183 172.097386
278.514653 172.234382
278.908192 172.471657
279.213468 172.363737
279.264952 172.274736
279.633492 172.249495
279.684027 172.502988
280.089761 172.648576
280.512173 172.661963
280.691203 172.808807
280.805735 172.982270
280.771747 173.071569
281.234546 173.044721
281.296928 173.245001
281.549369 173.573824
282.047417 173.327477
282.235937 173.834102
282.502714 173.824314
282.792880 173.997438
282.850939 174.164564
283.281176 174.773650
283.593266 174.425915
284.035163 174.638980
284.187915 174.703819
284.647573 174.917740
284.736323 175.363077
284.901436 175.378887
285.303543 175.671325
285.321871 175.790462
285.614771 175.850027
285.931880 176.347075
286.542564 176.762568
286.569912 176.456810
286.709673 177.039588
286.902424 176.970511
287.327745 177.504266
287.541519 177.634820
288.172784 177.676423
288.329263 177.706538
288.531266 178.145007
288.444022 178.483466
289.172103 178.415004
289.196264 178.808394
289.619417 179.130506
289.847180 179.284822
290.330397 179.628093
290.563342 179.932116
290.944307 180.214394
291.302747 180.527702
291.606090 180.977751
291.554312 181.211114
292.342888 181.212720
292.374201 181.594431
292.750062 182.019021
292.889938 182.434482
293.169668 182.516962
293.760993 183.134340
293.841286 183.265755
294.263371 183.221570
294.400719 183.592155
294.783586 184.027662
295.179818 184.602486
295.556998 185.132753
295.776574 185.180421
296.196174 185.618502
296.399592 185.853000
297.024615 185.954960
297.094346 186.478743
297.367153 186.614935
298.035545 187.057975
298.350488 187.365400
298.390525 187.913483
298.723377 188.014302
298.980465 188.548192
299.324186 188.881562
299.422644 189.148561
300.072809 189.522143
300.290921 189.836070
300.792128 190.563971
300.914865 190.674515
301.615756 191.143853
301.801195 191.406460
302.164802 191.841906
302.183890 192.135277
302.569964 192.824424
303.337839 192.903158
303.688711 193.781786
303.829554 194.004908
304.333927 194.172434
304.471703 194.524829
304.937892 194.663449
305.437741 195.367435
305.789606 195.759933
306.534513 195.983552
306.310372 196.749420
307.171167 196.908398
307.460353 197.335419
307.750059 197.902046
308.262145 198.577810
308.203589 199.172615
308.506737 199.108899
309.322670 199.471302
309.332919 200.028546
309.876144 200.496276
310.077078 200.898756
310.666723 201.527581
311.004023 201.548491
311.344266 202.079460
311.924578 202.358963
312.198918 202.889770
312.695517 203.606091
312.928874 204.008490
313.238225 204.477901
313.675611 204.931414
314.087656 204.896125
314.399153 205.943829
315.092930 206.181078
315.256508 206.565548
315.771878 207.154337
315.933828 207.619541
316.670540 207.830999
316.864010 208.498781
317.408395 208.822224
317.630143 209.272778
318.178208 209.864742
318.530003 210.054668
318.783427 210.814625
319.179285 211.213684
319.725366 211.550813
320.202042 212.354762
320.661425 212.521824
320.818675 213.106534
321.633277 213.584947
322.062267 214.030046
322.117997 214.417061
322.819842 214.997691
323.096285 215.346216
323.655770 216.012998
324.183827 216.386195
324.526134 216.602713
324.736723 217.210259
325.494776 217.751101
325.860880 217.934511
325.997148 218.795815
326.652384 218.898967
327.232591 219.602968
327.987172 220.220016
328.042143 220.478071
328.472167 220.953484
328.670185 221.576035
329.377411 221.491562
329.692527 222.248110
330.388156 222.833214
330.918792 223.068200
330.990463 223.933758
331.511187 224.081280
331.989597 224.592054
332.610110 225.339233
332.753272 225.592855
333.457028 226.113203
334.044944 226.582649
334.299529 226.861036
334.580815 227.434607
335.326182 228.090248
335.738329 228.761478
336.255970 228.800527
336.798450 229.186679
337.248085 229.480966
337.795018 230.257940
338.203511 230.727512
338.460647 231.024801
339.367921 231.687993
339.526074 232.130037
340.160984 232.811935
340.751999 233.031098
341.005141 233.686365
341.545810 233.736306
341.867978 234.184234
342.487821 234.873709
343.172275 235.375414
343.552549 235.769838
344.364244 236.222479
344.762960 236.298577
344.909874 236.850116
345.119637 237.409772
346.231538 237.752643
346.554892 238.137291
346.956145 238.738849
347.356289 239.300961
347.755012 239.600099
348.477691 240.200106
349.175690 240.087097
349.209465 240.670477
350.010310 241.211217
350.604406 241.757380
350.910597 241.800871
351.670391 242.429214
352.135439 242.797247
352.644780 243.524366
352.948478 243.523093
353.810803 244.345185
354.207694 244.321395
354.463733 244.948144
355.103236 245.631149
356.169992 245.731951
356.421055 246.070913
357.050358 246.476091
357.420810 247.065878
358.038813 247.564001
358.234298 247.540780
358.880529 248.127331
359.479720 248.465501
359.917402 248.732183
360.977636 249.360328
360.892984 249.534509
361.841731 249.768026
362.096769 250.300476
362.822928 250.640082
363.331101 251.259737
363.766059 251.185321
364.530014 251.715895
364.796936 252.143854
365.337298 252.290009
366.063541 252.519324
366.834466 252.606413
367.111045 253.152602
367.909376 253.846624
368.453232 254.145857
368.563287 254.280024
369.250858 254.514533
370.057635 254.896597
370.791195 254.893526
371.024640 255.272394
371.470618 255.945731
372.311498 256.324898
373.030874 256.394297
373.277863 256.821597
373.891027 256.777712
374.394915 257.256705
375.331255 257.523081
375.900277 257.801576
376.229065 258.464617
377.143837 258.350385
377.324722 258.339704
378.089846 258.798702
378.680998 259.137177
379.258904 259.507427
379.824317 259.470591
380.246523 259.905194
380.787450 260.159656
381.642662 260.275025
382.006816 260.240344
382.545112 260.483539
383.308563 260.877125
383.758491 261.285767
384.509184 261.368752
385.167860 261.719111
385.439235 261.866926
386.004986 261.834263
387.025964 262.244778
387.572812 262.351220
388.285144 262.270701
388.628654 262.681902
389.582076 262.996787
390.036027 262.891598
390.822309 263.234519
390.939680 263.668415
391.483349 263.334049
392.270202 263.459877
392.993398 263.785847
393.541449 264.160567
393.890518 264.208351
394.624188 264.344314
395.647015 264.586482
395.947073 264.177648
396.640321 264.449612
396.943245 264.667986
397.686865 264.868516
398.588683 264.699062
399.069018 264.788379
399.615706 265.367432
400.165638 264.983292
401.077567 264.983997
401.458364 264.903257
402.356264 265.264681
402.873771 264.981070
403.505643 265.293911
404.007219 265.082515
404.678240 265.190462
405.328548 265.356771
405.896599 265.499842
406.569169 265.461224
407.274560 265.541433
407.700875 265.340748
408.618425 265.411870
409.284589 265.490851
409.685553 265.495263
410.351108 265.484665
411.306203 265.476737
412.010899 265.045889
412.225473 265.198078
412.888855 265.247045
413.535761 265.303957
414.381672 265.140611
414.726003 265.094902
415.623746 264.993711
416.172754 265.072109
416.732524 264.722054
417.562240 264.765218
418.238336 264.545052
418.562364 264.297555
419.344646 264.491052
420.179209 263.982227
420.792117 264.117358
421.208213 264.328262
422.057446 263.986310
423.057125 263.630903
423.267437 263.790593
423.786571 263.420775
424.646222 263.390890
425.357462 262.937286
426.100642 263.023129
426.456087 262.608448
427.194576 262.347621
428.093625 262.272968
428.553490 261.960498
429.197980 262.126590
430.032149 261.441969
430.434937 261.553673
431.172897 261.142100
431.783494 260.785154
432.592536 260.680456
433.415689 260.473103
433.766956 260.325700
434.781455 259.842675
434.992643 259.605461
435.714728 259.640662
436.378920 259.055200
437.478652 258.937772
437.851785 258.385145
438.573481 258.154855
439.497691 257.848692
439.743910 257.693490
440.775700 257.178036
441.410487 256.878854
441.788723 256.510778
442.473736 256.072231
443.180910 255.854319
444.026631 255.236083
444.538193 255.055861
445.423931 254.681900
445.701946 254.471451
446.978079 254.115870
447.473686 253.571502
447.974343 253.083895
448.583835 252.651261
449.220484 252.290635
450.063804 251.880225
450.826959 251.250979
451.609186 250.691071
452.126593 250.326027
452.962065 249.927300
453.575627 249.541795
453.868362 248.840738
454.923315 248.640618
455.677946 248.186759
456.245423 247.498967
456.890777 246.904545
457.528725 246.366732
458.312720 245.821106
459.033724 245.108931
459.782818 244.863494
460.474886 244.214750
461.021469 243.871267
461.764697 243.453761
462.267537 242.542757
463.000336 241.878141
463.742328 241.332530
464.670028 240.633731
465.336261 239.982034
465.876463 239.781160
466.699500 239.001213
467.417971 238.416100
468.111270 237.901730
468.555262 237.034181
469.500919 236.502978
470.183667 235.924372
470.719763 234.855906
471.681039 234.380324
472.103456 233.699989
472.816796 233.151831
473.711335 232.346022
474.355399 231.594600
475.124982 230.517734
475.492785 230.140839
476.303264 229.270916
477.155809 228.525465
477.793195 227.941654
478.467262 227.041478
479.127884 226.584795
479.936865 225.772128
480.542019 224.591356
481.182968 224.035137
482.147274 223.431214
482.715080 222.327466
483.370114 221.603849
484.013996 220.637281
484.819955 219.989072
485.571040 218.937580
485.981506 218.859077
486.718867 217.502622
487.617002 216.451542
488.511079 215.720449
488.975087 215.126511
489.534858 213.896108
490.302644 212.870900
491.096910 212.247341
491.784194 211.366389
492.587794 210.402499
493.123062 209.610486
493.756186 208.704662
494.533215 207.669771
495.537674 206.267234
495.936436 205.590330
496.923011 204.625937
497.777920 203.485888
498.122686 202.677321
498.847737 201.662772
499.406046 200.478487
500.191659 199.523687
500.680714 198.749973
501.560683 197.871683
502.077620 196.753564
503.030644 195.609973
503.563370 194.600512
504.518120 193.505499
505.214176 192.461824
506.047305 191.440404
506.463695 190.120412
506.977325 189.337056
507.858572 188.232063
508.491200 187.069507
509.201456 186.030756
509.963298 185.152790
510.593715 183.919753
511.239540 182.553206
511.972146 181.675271
512.864459 180.362478
513.534472 179.027093
514.409988 178.238304
514.894499 176.864284
515.696946 175.660734
516.269311 174.430148
516.947039 173.242039
517.807801 172.065930
518.333277 170.815238
518.871616 169.929751
519.871632 168.604550
520.414446 167.464412
521.214076 166.227404
521.888424 164.758920
522.509135 163.525806
523.319729 162.479119
524.214339 161.002221
524.863379 159.307097
525.306853 158.470735
526.207064 157.207812
526.761904 155.778744
527.346374 154.829456
528.330402 153.429110
528.859083 151.834163
529.635809 150.584657
530.228185 149.251284
530.846920 147.783628
531.599632 146.358541
532.419519 145.336855
532.907790 143.574402
533.775340 142.514472
534.412097 140.901501
534.813706 139.974145
535.760873 138.401628
536.474303 136.989388
536.984362 135.454744
537.663583 133.945647
538.450912 132.417757
539.178046 131.155047
539.758832 129.807642
540.624171 128.260879
541.616337 127.046007
542.171015 125.433886
542.824579 124.135889
543.225075 122.449698
544.501980 121.014415
544.824098 119.561094
545.561668 117.954425
545.971566 116.777261
546.837046 114.732159
547.495181 113.566420
548.282161 112.125036
548.910265 110.566434
549.585356 108.850161
550.101870 107.358277
550.704711 106.060790
551.748756 104.484465
552.177615 102.755026
552.881939 101.439202
553.706468 99.963248
554.161016 98.092212
554.795748 96.330649
555.639370 94.903617
556.262951 93.128094
557.046000 91.713673
557.829717 90.230431
558.171111 88.592495
558.952805 87.142017
559.712329 85.209359
560.329281 83.426274
561.254281 82.329643
561.475843 80.328143
562.390294 78.624817
563.260362 77.243027
563.711135 75.702495
564.422380 73.685382
565.128276 71.933634
565.972425 70.455946
566.368665 68.647607
566.952486 67.020905
567.560639 65.282240
568.342418 63.661237
569.240973 61.982845
569.730058 60.041235
570.366611 58.422342
571.147119 56.611087
571.590458 54.988159
572.600230 53.503217
573.175484 51.328480
573.927115 49.599287
574.258784 48.033895
574.825079 46.328162
575.681050 44.500511
576.221748 42.794954
577.077594 40.835489
577.796970 38.707635
578.363259 37.301965
578.842573 35.550862
579.688874 33.614727
580.247218 31.914894
580.974481 30.295844
581.495506 28.495010
582.018161 26.523197
582.603686 24.664460
583.616930 23.127795
584.162086 20.877843
584.953867 19.157129
585.458966 17.444540
586.251557 15.198407
586.737908 13.602255
587.211365 11.502906
588.002487 9.814040
588.543605 7.995477
589.238528 6.146620
590.165643 4.262818
590.848187 2.572809
591.347334 0.391319
591.793299 -1.527376
592.533859 -3.293860
593.170937 -5.137133
593.762099 -7.139041
594.222241 -9.058991
595.105973 -10.928749
595.618784 -12.689576
596.329243 -14.960656
596.871370 -16.793879
597.501628 -18.532412
598.211487 -20.273126
598.684259 -22.502603
599.468775 -24.253615
599.850223 -26.238293
600.725997 -28.311033
601.204214 -30.129507
601.929618 -32.133923
602.373893 -34.410651
603.086629 -36.154855
603.785464 -38.194311
604.426896 -39.987151
604.834555 -41.879262
605.506947 -44.101331
606.207747 -45.978284
606.645008 -47.865598
607.388954 -50.058170
607.735699 -51.869524
608.621015 -53.907809
609.418948 -56.294673
610.007959 -57.714961
610.274605 -59.768816
610.902741 -62.081869
611.611120 -63.658761
612.281243 -65.935737
612.959373 -68.049739
613.649536 -69.736713
614.086533 -72.109232
614.779046 -73.968169
615.309731 -75.865913
615.872423 -78.198400
616.623118 -80.050295
617.039636 -82.031583
617.628039 -84.045762
618.199986 -86.221095
618.675743 -88.310003
619.301759 -90.126030
619.879971 -92.334493
620.499668 -94.283330
621.195293 -96.114964
621.470897 -98.495136
622.346509 -100.765564
623.101238 -102.584053
623.299197 -104.476802
623.665630 -106.648245
624.422410 -108.741817
625.201813 -110.681983
625.780733 -112.550918
626.300416 -114.979859
627.045875 -117.004686
627.494275 -119.653377
628.067858 -121.143419
628.501704 -123.301545
629.268215 -125.581652
630.169651 -127.175957
630.316007 -129.139006
630.863717 -131.634554
631.537282 -133.823170
632.032645 -135.476660
632.581005 -137.953768
633.088359 -139.835312
633.501794 -142.245403
633.989533 -144.056417
634.889118 -145.651923
635.400420 -148.267561
635.759050 -150.072203
636.463262 -152.261832
636.954573 -154.227189
637.800593 -156.492879
638.034032 -158.506461
638.484573 -160.999337
639.170302 -162.869259
639.834740 -164.821045
640.401527 -167.066583
640.884911 -169.272533
641.392850 -171.153459
641.928430 -173.261863
642.424444 -175.223163
642.912446 -177.322650
643.638574 -179.563769
644.127189 -181.623188
644.626519 -183.309528
644.853153 -186.074172
645.523510 -187.944612
645.944648 -189.980097
646.466839 -191.805607
647.237617 -193.935589
647.936141 -196.313860
647.733923 -197.983040
648.663737 -200.382737
648.872056 -202.664379
649.761205 -204.569711
649.848011 -206.775246
650.840427 -208.527573
651.225887 -210.378683
651.857066 -212.615808
652.410930 -214.845327
652.516517 -217.291778
653.111236 -219.093672
653.726218 -221.155858
654.225247 -223.218919
654.877143 -225.366737
655.185145 -227.837242
655.857075 -229.634884
656.086334 -231.462227
656.855497 -233.562491
657.354266 -235.899252
657.669076 -237.886800
658.453629 -239.742326
658.646809 -241.811665
659.227404 -244.019819
659.727577 -245.937215
660.121114 -248.313200
660.679059 -250.224228
660.936046 -252.356960
661.550946 -254.292820
662.151671 -256.381939
662.612493 -258.457198
663.102978 -260.389752
663.581158 -262.281503
663.926541 -264.780714
664.428996 -266.462692
664.914654 -268.576451
665.121276 -270.786975
665.927765 -272.580440
666.200198 -274.674827
666.670434 -276.932976
667.250577 -278.755193
667.760740 -280.703233
668.412719 -282.692717
668.565408 -284.713611
668.856302 -286.856185
669.689856 -288.783277
670.109984 -290.609590
670.327056 -292.784853
670.875093 -294.741819
671.356166 -296.793578
672.018472 -298.814991
672.201420 -300.960334
672.573723 -302.741779
673.318112 -304.923165
673.291795 -306.967221
674.068730 -308.996488
674.148787 -310.899960
674.573957 -312.759799
675.255743 -314.771336
675.944816 -316.884717
675.861037 -318.717267
676.684965 -320.888213
676.989241 -322.682861
677.477062 -324.676283
678.299277 -326.572629
678.353095 -328.551351
678.352497 -330.212900
678.697777 -332.153879
679.393905 -334.494523
679.995093 -335.890446
680.477163 -338.173480
680.730343 -339.967904
681.204755 -341.874872
681.378998 -343.814765
682.132955 -346.005759
682.340581 -347.727082
682.831204 -349.560225
683.096167 -351.630620
684.034142 -353.513901
684.057280 -355.299065
684.482062 -356.971729
684.839133 -358.900034
685.196247 -360.783021
685.690542 -362.791056
686.105934 -364.543262
686.335264 -366.627372
687.213408 -368.256836
687.245716 -370.082451
687.681336 -372.357329
688.103548 -373.873603
688.519196 -375.802035
688.819720 -377.339763
689.214609 -379.395385
689.674926 -381.204777
690.161766 -382.981045
690.435999 -384.864261
690.572716 -386.449026
691.176065 -388.254047
691.622637 -390.357203
691.903960 -392.219201
692.336243 -393.857003
692.699272 -395.355363
692.917584 -397.232031
693.549672 -399.235150
693.829182 -400.721926
694.239664 -402.734162
694.461273 -404.061476
695.026412 -406.077207
695.140898 -407.414259
695.328645 -409.419878
695.925518 -411.103167
696.114553 -412.694928
696.742257 -414.271124
696.842820 -416.313454
697.477545 -417.660221
697.661355 -419.846662
697.978739 -421.151263
698.459673 -422.801069
698.992012 -424.698233
698.911431 -426.472906
699.371014 -427.791998
699.989356 -429.557755
700.071849 -431.249523
700.591473 -432.976174
700.728169 -434.498985
701.074745 -435.834824
701.278455 -437.349581
701.645908 -439.445851
701.975549 -440.823424
702.401569 -442.343511
702.607661 -444.346602
703.001628 -445.630501
703.161393 -447.258172
703.785315 -448.925760
703.903036 -450.524401
704.325307 -451.839796
705.077689 -453.274299
704.793571 -455.213110
705.282100 -456.272937
705.711571 -458.106571
706.076152 -459.332162
706.456623 -461.202533
706.612981 -462.731028
706.735110 -464.219358
707.123753 -465.724080
707.584959 -466.983996
707.643287 -468.375120
708.305367 -469.854195
708.289571 -471.398891
708.661435 -472.904057
708.718797 -474.290281
709.459042 -475.784401
709.278736 -477.092533
710.027939 -478.748536
710.183836 -479.831428
710.527255 -481.204535
710.827931 -482.912591
711.117691 -483.847182
711.279199 -485.368779
711.446045 -486.591567
711.789808 -487.893915
712.108532 -489.385765
712.367074 -490.543592
712.431436 -492.099381
712.694119 -493.656684
713.567227 -494.652583
713.257856 -496.094107
713.741114 -497.303713
714.384876 -498.578608
714.444388 -499.879493
714.485819 -501.121002
715.056996 -502.579930
715.090231 -503.523885
715.484383 -505.156653
715.654455 -506.290694
715.972089 -507.460289
716.206723 -508.416883
716.629956 -509.655360
716.510572 -511.062186
717.199302 -512.162277
717.178163 -513.567869
717.679713 -514.660861
717.887271 -515.771095
718.025370 -516.933184
718.170244 -517.843783
718.627260 -519.027774
718.714689 -520.448448
718.993905 -521.617251
719.389932 -522.492705
719.456353 -523.749997
719.833628 -524.908271
719.958257 -525.645488
720.148898 -527.032080
720.876535 -528.339297
720.561827 -528.807295
720.915429 -530.049204
721.530914 -531.269735
721.359072 -532.129250
721.669990 -533.288960
721.893669 -534.419432
722.214571 -535.095645
722.350286 -536.245588
722.685363 -537.274516
722.784122 -538.176338
723.277199 -539.136301
723.264157 -540.106868
723.447234 -541.170787
723.589295 -541.831254
723.862932 -542.871144
724.096775 -543.999284
724.317205 -544.496045
724.542225 -545.702901
724.756519 -546.537846
725.070065 -547.425932
725.235042 -548.304664
725.516009 -549.041468
725.705653 -549.840586
725.869347 -550.591262
726.163321 -551.377909
726.289422 -552.378358
726.405871 -553.225119
726.836560 -554.080752
727.142182 -554.810700
727.359180 -555.750636
727.282375 -556.436661
727.676558 -557.024891
727.713423 -557.938668
727.919649 -558.500779
728.246698 -559.347639
728.250816 -560.042663
728.532693 -560.729398
728.639590 -561.205531
728.806502 -561.929056
729.301975 -562.693172
729.565044 -563.421151
729.426350 -564.242235
729.562025 -564.687368
729.628349 -565.665453
730.266990 -565.929221
730.284877 -566.561615
730.523417 -567.337010
730.370465 -567.715267
730.840125 -568.702789
730.975927 -569.145157
731.117624 -569.692391
731.396919 -570.232649
731.319273 -570.648462
731.742640 -571.501133
731.907373 -571.681790
731.998349 -572.304258
732.080787 -573.102196
732.446921 -573.349933
732.605300 -573.858816
732.673028 -574.275878
732.872821 -574.636672
732.987993 -575.439427
733.241478 -575.864155
733.007082 -576.268847
733.487745 -576.649119
733.488432 -576.978559
734.065852 -577.225316
734.048123 -577.606153
734.143396 -578.260935
734.472860 -578.665204
734.581902 -578.870263
734.637179 -579.288577
735.021050 -579.801435
735.048785 -579.939181
735.054289 -580.212621
735.369044 -580.539719
735.513712 -580.620463
735.541221 -581.061654
735.524088 -581.337153
735.657488 -581.582035
736.018040 -581.912854
736.021923 -582.184296
736.513925 -582.335040
736.536967 -582.658797
736.859763 -582.766929
736.741793 -583.173497
736.880261 -583.290759
736.954054 -583.797752
737.240508 -583.614347
737.445511 -583.657514
737.367164 -584.054922
737.487374 -584.088466
737.829960 -584.334565
737.992993 -584.495287
737.973827 -584.268707
738.388270 -584.639658
738.174327 -584.740152
738.629751 -584.768230
738.832307 -584.685120
738.804834 -585.004544
738.879203 -585.051279
739.224162 -585.097559
738.970758 -584.998629
739.341716 -585.162656
739.195003 -584.931045
739.726253 -585.280842
739.776143 -585.266413
739.680176 -585.402000
740.131375 -584.928351
740.097533 -585.032272
740.536115 -585.089386
740.223369 -584.899556
740.611059 -584.895673
740.441627 -584.888527
740.884557 -584.578397
740.656836 -584.771039
740.884674 -584.483386
741.487858 -584.404257
741.289927 -584.352677
741.791579 -584.185033
741.449593 -583.922881
741.449683 -583.666511
741.768486 -583.745701
741.801186 -583.724834
741.927475 -583.593341
742.062927 -583.127897
742.161282 -582.932413
742.241917 -582.441329
742.702141 -582.423356
742.775315 -582.205438
742.675380 -582.035392
742.941826 -581.560062
742.759583 -581.360573
742.991042 -581.241773
743.179685 -581.106361
743.232901 -580.237308
743.477311 -580.383440
743.608457 -579.882366
743.590351 -579.656281
743.751136 -579.320255
743.837157 -578.773689
744.097150 -578.722562
744.015750 -577.920812
744.466273 -577.730436
744.548584 -577.219042
744.397287 -577.304421
744.517437 -576.792367
744.656191 -575.923550
744.781767 -575.879093
744.677398 -575.622018
744.674849 -574.640259
745.196727 -574.451090
745.152602 -573.976875
745.280641 -573.288413
745.447421 -573.313278
745.654159 -572.814617
745.539950 -572.232862
745.712422 -571.703931
745.604867 -571.153369
746.038459 -570.495924
746.121010 -569.726366
746.160927 -569.297938
746.083704 -568.839899
746.160467 -568.178650
746.572115 -567.542126
746.535065 -566.968758
746.620356 -566.594195
746.820065 -565.798825
747.177659 -565.186971
746.784082 -564.822582
746.855846 -564.034712
746.987805 -563.203379
747.210469 -562.663859
747.378177 -562.051956
747.300972 -561.442999
747.493174 -560.778685
747.676626 -559.977885
747.688552 -559.264306
747.908062 -558.440929
747.461915 -558.073228
748.247560 -557.636311
748.381290 -556.518336
747.951939 -555.685647
748.199931 -555.186532
748.676932 -554.354108
748.412631 -553.232710
748.795083 -552.813320
748.636383 -552.014391
749.090386 -551.343298
748.761610 -550.208360
749.009191 -549.579623
749.228985 -548.839911
748.885320 -547.991527
749.533710 -546.803763
749.428443 -546.295519
749.749470 -545.355145
749.687455 -544.886379
749.679154 -543.694066
749.612945 -542.909753
750.194760 -542.013814
749.821756 -541.370568
750.133647 -540.278323
750.103503 -539.253636
750.374960 -538.349644
750.483297 -537.640255
750.433166 -536.576948
750.619727 -535.443785
750.617178 -534.765170
751.048178 -533.673232
750.714092 -532.784299
750.837169 -531.941079
750.921335 -530.915075
751.529397 -529.661552
751.526749 -528.659767
751.398427 -527.764555
751.533352 -526.979859
751.442952 -525.671627
751.534069 -524.756064
751.914288 -523.645347
751.971647 -522.902992
752.097249 -521.700858
751.969643 -520.928316
752.284207 -519.805443
752.060846 -518.245692
752.237337 -517.498948
752.529095 -516.346299
752.466406 -515.376812
752.841326 -514.219003
752.818391 -513.401129
752.837408 -511.840653
752.915906 -510.997535
753.183576 -509.643603
753.279693 -508.690050
753.444614 -507.225582
753.610456 -506.562441
753.977438 -505.378018
753.457447 -503.978022
753.730776 -502.807291
754.045556 -501.553080
753.818958 -500.506404
754.209130 -499.177273
754.330891 -498.024068
754.373495 -497.028714
754.174991 -495.686896
754.410350 -494.355759
754.453642 -493.385451
754.626726 -491.962764
754.910423 -490.877669
754.948632 -489.405948
754.747918 -488.296861
755.282174 -486.981709
755.348794 -486.028644
755.256191 -484.555906
755.357675 -483.421674
755.329707 -482.301539
755.717328 -480.911427
755.661768 -479.594704
755.931464 -478.318923
756.023249 -476.973909
756.071182 -475.690619
756.087809 -474.460226
756.057783 -473.250403
756.268192 -471.820153
756.729171 -470.441032
756.696041 -469.254923
756.830868 -467.527638
756.889535 -466.568780
756.843057 -465.063363
756.992563 -463.648231
757.098244 -462.650856
757.438934 -461.238499
757.575237 -459.525690
757.513303 -458.281821
757.929497 -457.009504
758.079436 -455.610774
757.818561 -454.163617
758.113096 -452.619947
758.332967 -451.341670
758.419686 -449.972156
758.561910 -448.674524
758.403329 -447.158154
759.091913 -445.656345
758.707162 -444.151856
758.656726 -442.977611
759.120864 -441.615181
759.097599 -440.109601
759.231459 -438.767213
759.276946 -437.444723
759.422008 -435.782755
759.845967 -434.419574
759.641958 -432.627572
759.781590 -431.398359
759.942661 -430.060428
760.271821 -428.419391
760.535892 -426.920208
760.500443 -425.454829
760.455598 -423.891012
760.823538 -422.519331
760.967631 -421.331151
760.842701 -419.601981
761.170194 -418.044482
761.300836 -416.663666
761.610654 -415.085191
761.671867 -413.456421
761.888098 -412.082612
761.946767 -410.581468
762.138940 -408.766967
761.962263 -407.706305
762.498264 -406.046501
762.338726 -404.656308
762.687119 -402.942698
762.991759 -401.511840
762.970731 -399.718382
762.766117 -398.589727
763.168446 -396.979855
763.211862 -395.452410
763.401080 -393.945279
763.380329 -392.205455
763.740879 -390.567162
763.951164 -389.098417
764.137377 -387.744563
764.102110 -386.008788
764.470414 -384.393129
764.452565 -382.955611
764.676902 -381.536195
764.922655 -379.679528
765.091570 -378.076607
765.259639 -376.936151
765.302396 -375.293661
765.285261 -373.522514
765.766102 -371.874154
765.784764 -370.075093
765.948536 -368.902430
765.866572 -367.305926
766.256651 -365.819127
766.470764 -363.952821
766.463141 -362.392795
766.815692 -360.910649
767.016182 -359.329045
767.163403 -357.406860
767.293575 -356.218834
767.429549 -354.416355
767.459026 -353.016580
767.703924 -351.095039
768.057812 -349.441492
768.103369 -347.721564
768.159154 -346.343564
768.426834 -344.578106
768.645934 -343.347511
768.856424 -341.750684
768.869396 -339.831971
769.178313 -338.230034
769.232485 -336.550260
769.520458 -335.423797
769.596680 -333.724284
769.696807 -331.821677
770.157639 -330.192378
770.179682 -328.583206
770.258626 -327.116622
770.644670 -325.510279
770.874289 -323.808052
771.121718 -322.138440
771.387273 -320.634800
771.535743 -318.899458
771.669625 -317.298907
771.505951 -315.408849
771.889507 -314.193117
772.176967 -312.647051
772.686832 -310.920179
772.523151 -309.328172
772.893194 -307.370714
773.071612 -306.072513
773.433328 -304.290117
773.331916 -302.719747
773.666508 -301.049749
773.854744 -299.458214
774.342787 -297.413410
774.299358 -296.352938
774.327091 -294.470549
774.453421 -292.997276
774.969867 -291.320614
775.064716 -289.450482
775.460841 -288.175528
775.676084 -286.511770
775.699557 -284.925161
776.173987 -283.328347
776.206744 -281.472617
776.485109 -279.971414
776.562975 -278.040466
777.010027 -277.128809
777.308656 -275.350734
777.134208 -273.647723
777.756922 -271.970065
777.829315 -270.566882
778.189778 -268.744701
778.067049 -267.045233
778.567173 -265.471696
778.921921 -263.788599
779.189326 -262.277303
779.217486 -260.533696
779.613187 -259.108870
779.961885 -257.438573
779.920641 -255.788010
780.033754 -254.501081
780.713967 -252.495968
780.511798 -251.038047
780.990010 -249.536436
781.358847 -247.943720
781.541445 -246.372128
781.718681 -244.454868
781.965107 -243.172154
782.179852 -241.403664
782.336378 -239.986984
782.920200 -238.135502
782.813055 -236.962086
782.978012 -235.352889
783.387252 -233.620445
783.482946 -232.011442
783.517039 -230.441376
784.457054 -229.074554
784.048643 -227.299505
784.851767 -225.820257
785.048407 -224.002193
785.536298 -222.545405
785.367655 -221.051390
785.674545 -219.523313
786.061285 -218.053327
786.601451 -216.451109
786.425297 -214.811916
787.027403 -213.315735
787.086690 -211.845497
787.394418 -210.316325
787.658687 -208.736552
787.843194 -207.131978
788.213218 -205.505898
788.673169 -203.882976
788.698152 -202.371493
789.173529 -200.967665
789.614108 -199.396686
789.780926 -197.956118
790.050393 -196.401718
790.224256 -194.939899
790.884229 -193.192532
791.110254 -191.770455
791.326728 -190.331026
791.839518 -188.999995
791.610607 -187.523525
792.179106 -186.131088
792.275407 -184.594406
792.575899 -182.899999
793.322858 -181.455549
793.166167 -180.049309
793.556258 -178.565519
793.872623 -176.990797
794.413986 -175.720730
794.698303 -174.201286
795.197197 -173.037876
795.316923 -171.111849
795.518337 -169.922647
795.919777 -168.539086
796.133984 -167.111994
796.510597 -165.833336
796.771031 -164.000915
797.130356 -162.715618
797.649143 -160.990358
797.732347 -159.623556
797.910466 -158.512557
798.584992 -156.932566
798.855551 -155.431207
799.141817 -154.040498
799.434901 -152.847189
799.564517 -151.254092
800.054569 -149.811219
800.676670 -148.606837
800.880268 -147.159385
801.179875 -146.027821
801.772435 -144.518634
801.981428 -143.018678
802.293383 -141.662984
802.736168 -140.464432
803.099083 -138.951529
803.308570 -137.685878
803.649787 -136.188597
803.836216 -135.190097
804.327704 -133.487950
804.682477 -132.053585
805.281653 -130.719661
805.666511 -129.566087
805.896634 -128.388352
805.773195 -126.910514
806.426196 -125.691680
806.536588 -124.221982
807.248088 -123.145288
807.475572 -121.883614
807.893745 -120.617440
808.182304 -119.218357
808.718529 -117.778152
808.883027 -116.699201
809.390064 -115.311587
809.895437 -113.970919
810.560062 -112.838841
810.746389 -111.697381
811.031934 -110.332378
811.757371 -109.263470
811.803532 -107.851333
812.099104 -106.568412
812.604509 -105.375713
812.885702 -104.061182
813.247621 -103.010308
813.908970 -101.533331
814.065526 -100.443552
814.562971 -99.179807
814.991717 -97.886758
815.605633 -97.097723
815.728984 -95.880264
816.169656 -94.861785
816.336019 -93.263312
817.044991 -92.135945
817.266504 -91.244942
817.783012 -89.723805
818.234715 -88.753402
818.812943 -87.579208
819.077959 -86.433067
819.437963 -85.127916
819.868328 -84.344499
820.405153 -82.972688
820.652592 -81.890151
821.306792 -81.391376
821.310079 -79.724241
821.854177 -78.432900
822.468862 -77.608522
822.857519 -76.563565
823.181483 -75.407515
823.859224 -74.582980
824.177433 -73.349431
824.588264 -72.331785
825.032470 -71.322844
825.444898 -70.150058
825.636706 -69.003274
825.904773 -68.083393
826.544522 -66.955555
827.160764 -65.844685
827.625417 -64.978367
828.269884 -64.001425
828.544899 -62.709143
829.097695 -61.623146
829.517820 -61.003651
830.062115 -59.795623
830.313579 -58.868884
830.797216 -57.897286
831.270993 -57.019763
831.977429 -55.966319
831.984033 -55.044175
832.599722 -54.075390
833.143055 -53.120542
833.316258 -52.470047
834.246541 -51.304492
834.704081 -50.293257
834.891793 -49.703854
835.518418 -48.457445
836.175645 -47.656179
836.397203 -46.994079
836.769040 -45.789361
837.283205 -45.067054
838.025710 -43.811600
838.131512 -43.159547
838.707611 -42.080397
839.289115 -41.348620
839.596313 -40.380545
840.176253 -39.448062
840.870947 -38.979355
841.273552 -38.005795
841.650205 -37.096818
842.169913 -36.378469
842.570783 -35.674143
843.170230 -34.721885
843.814784 -34.144492
844.166380 -32.901264
844.545342 -32.502329
845.007035 -31.438985
845.456503 -30.773106
846.047884 -30.087116
846.605580 -29.288182
847.101075 -28.477739
847.702658 -27.781763
848.240431 -27.036218
848.610666 -26.214989
848.931699 -25.607856
849.600699 -24.908028
850.179333 -24.140944
850.591963 -23.161364
851.556991 -22.453938
851.806714 -21.730151
852.327896 -21.240029
852.817660 -20.559940
852.991765 -19.950855
853.721077 -19.073654
854.297598 -18.744155
854.891169 -17.765640
855.537934 -17.094899
856.309583 -16.627003
856.678396 -15.712536
856.916709 -15.230142
857.432653 -14.596194
858.012033 -14.017455
858.612982 -13.485645
859.319080 -12.584537
859.584089 -11.979256
860.069998 -11.775088
860.815614 -10.830747
861.199490 -10.245453
862.147813 -9.290585
862.267479 -9.117903
862.760146 -8.173032
863.426391 -7.905998
864.054592 -7.637179
864.559373 -7.131662
865.045697 -6.425199
865.728030 -6.188466
866.238353 -4.933834
866.660643 -4.743327
867.296437 -4.697295
867.768400 -3.864569
868.603854 -3.261712
869.004140 -2.656178
869.618219 -2.288914
870.262022 -1.983912
870.695069 -1.109058
870.970471 -0.941507
871.881690 -0.320650
872.375808 0.171110
872.862546 0.708944
873.595258 1.283484
874.264818 1.536910
874.923262 1.770450
875.241123 2.058982
875.991175 2.994033
876.364506 2.981571
877.184009 3.465630
877.518796 4.213099
878.121044 4.354030
878.998241 4.864343
879.179676 5.389125
879.662099 5.695992
880.582051 5.841832
880.978105 6.122904
881.941896 6.671817
882.176745 7.096608
883.042003 7.409713
883.557007 7.850365
884.053592 8.094160
884.620959 8.231272
885.042861 8.775234
885.722457 9.026080
886.388515 9.490476
887.065770 9.700715
887.580041 9.937989
888.172414 10.294228
888.566296 10.546094
889.482682 10.894505
889.869684 11.053018
890.579067 11.310085
891.059639 11.497261
891.850625 11.981462
892.479652 12.050619
893.124489 12.403534
893.602789 12.540901
894.212177 13.027932
894.873526 13.136978
895.364583 13.803470
895.789679 13.304592
896.666442 13.857001
897.628002 14.116925
898.024953 14.385057
898.612994 14.155603
899.256903 14.677746
900.165105 14.727843
900.650273 14.817370
901.314618 15.221295
901.834302 15.481609
902.435491 15.559947
902.861496 15.685311
903.472154 15.851005
903.973710 16.047111
904.990693 16.349673
905.671219 16.335142
906.082047 16.411664
906.796021 16.690020
907.420852 16.507994
908.210763 16.903657
908.787538 16.956954
909.235615 17.351856
909.751061 16.915019
910.848615 17.306297
911.123630 17.279492
911.526539 17.739386
912.573780 17.622909
913.233034 17.491419
913.820397 17.868809
914.064105 17.867830
915.151005 17.861323
915.551097 17.884140
916.261075 18.021514
916.896736 18.135132
917.546416 17.991171
918.447927 18.089045
919.001727 17.957909
919.800305 17.969449
920.237747 18.183765
920.760620 18.201911
921.713051 18.525014
922.145815 18.227167
922.553970 18.550212
923.330910 18.164190
924.162511 18.414124
925.032046 18.629184
925.574193 18.225616
926.020945 18.261215
926.899260 18.417309
927.531034 17.971761
928.014239 18.452086
928.680630 18.195020
929.831797 18.165336
930.299223 18.417489
930.863106 18.037636
931.071782 17.931190
932.175416 18.101985
932.920613 17.796509
933.441258 17.600139
933.946195 17.928424
934.419255 17.909047
935.689858 17.504815
936.045787 17.907896
936.829749 17.635868
937.441490 17.292920
938.076215 17.610429
938.781822 17.440773
939.387203 17.113282
940.050117 16.993944
940.584426 17.053276
941.429062 16.816059
942.243019 16.714771
942.878295 16.823225
943.740811 16.690342
944.286420 16.537450
944.634564 16.538491
945.775802 16.272098
946.516794 16.306681
947.182285 16.015078
947.429417 15.921638
948.133723 15.810862
948.887510 15.670530
949.591893 15.361418
950.208173 15.556610
950.960777 15.020824
951.351026 15.026350
952.379130 14.747545
952.753487 14.855701
954.185484 14.746555
954.242153 14.439498
955.059586 14.105025
955.553043 14.110315
956.568918 14.002933
957.035095 13.872057
957.903437 13.476298
958.330686 13.545983
959.372352 13.333016
960.067803 13.312783
960.351097 12.982628
961.467600 12.896584
962.174563 12.451775
962.753423 12.467412
963.252525 12.188362
963.833977 11.838997
964.774741 11.928414
965.417738 11.803050
966.333882 11.225639
966.788268 11.095612
967.620313 11.074896
968.071471 10.899849
968.686474 10.730038
969.213080 10.316718
970.167479 10.233344
971.006582 9.589779
971.462236 9.615217
972.537267 9.731027
973.157955 9.481138
973.638932 9.109897
974.467474 8.663538
975.092674 8.548521
975.910721 8.451374
976.457378 8.070820
976.952141 7.998498
977.919561 7.689055
978.715020 7.388446
979.186883 7.140484
979.978440 7.030205
980.637863 6.696988
981.228258 6.466324
981.864798 6.191565
982.907204 6.078510
983.502320 5.780179
984.360510 5.397150
984.991694 5.225525
985.667147 5.068335
986.244136 4.895264
986.929045 4.422903
987.654023 4.172266
988.448883 4.024159
988.938284 3.924146
989.889013 3.595313
990.485885 3.512850
991.190141 3.166845
991.761751 2.963512
992.611831 2.708852
993.293655 2.268958
993.855746 2.101335
994.668627 1.687709
995.626717 1.785818
995.835485 1.060530
996.614375 1.154023
997.945944 0.702237
998.198101 0.828269
998.873106 0.544424
999.789253 0.121306
1000.483176 0.014699
1000.842163 -0.403231
1001.659945 -0.623884
1002.273955 -1.028982
1003.166050 -1.131639
1004.067159 -1.349814
1004.775770 -1.435420
1005.433140 -2.412513
1005.848003 -2.062762
1006.466899 -2.461087
1007.467015 -2.623986
1008.015669 -2.620004
1008.705867 -2.961436
1009.462821 -3.360983
1010.117479 -3.749084
1010.838893 -4.074355
1011.664562 -4.098383
1012.207510 -4.241308
1012.817688 -4.899986
1013.737595 -5.055033
1014.165294 -5.066704
1015.219588 -5.449781
1015.640702 -5.347975
1016.262377 -5.686673
1017.238268 -6.161661
1017.852683 -6.419675
1018.472386 -6.550380
1019.165224 -7.010239
1020.076864 -7.088208
1020.788033 -7.253885
1021.788769 -7.379039
1021.862975 -7.899226
1022.628308 -7.986987
1023.212468 -8.319504
1024.159961 -8.611523
1024.839774 -8.567099
1025.400841 -8.734916
1026.260861 -8.883405
1027.044053 -9.299590
1027.616670 -9.417065
1028.392617 -9.957209
1029.170281 -10.002654
1029.896438 -10.105084
1030.323606 -10.343619
1031.331498 -10.665796
1031.553035 -10.799589
1032.692082 -10.728949
1033.351435 -11.489167
1033.853948 -11.444774
1034.555675 -11.737176
1035.233140 -11.948316
1036.314281 -11.957334
1036.580122 -12.345687
1037.492519 -12.263446
1038.213817 -12.487918
1038.659521 -12.835734
1039.304995 -12.971597
1040.211877 -13.175476
1040.840720 -13.159264
1041.418529 -13.302433
1042.237794 -13.566227
1042.858518 -13.769631
1043.420545 -14.090772
1044.273873 -13.997573
1044.888015 -14.220470
1045.573723 -14.574569
1046.295508 -14.558115
1046.875100 -14.860677
1047.588414 -14.897122
1048.125201 -15.033567
1049.068936 -15.191144
1049.628089 -15.324249
1050.229107 -15.621738
1051.196101 -15.845147
1051.660663 -15.867758
1052.535321 -16.129255
1053.029514 -16.205062
1054.045688 -16.209559
1054.398204 -16.273684
1055.283960 -16.721078
1055.669880 -16.493490
1056.414611 -16.855397
1057.079201 -16.724976
1057.910244 -16.560498
1058.290744 -17.179279
1059.030056 -16.910323
1059.750810 -17.379731
1060.680389 -17.355010
1061.398520 -17.300318
1061.803982 -17.283355
1062.697019 -17.273397
1063.183302 -17.624045
1064.136197 -17.483394
1064.623314 -17.847731
1065.096320 -18.001195
1065.772769 -17.880044
1066.409888 -17.799554
1066.868442 -18.082574
1067.819053 -17.921883
1068.664615 -18.244643
1069.284930 -18.259534
1069.958009 -18.324651
1070.596435 -17.956143
1071.545436 -18.044064
1071.746100 -18.311433
1072.421525 -18.347455
1072.959234 -18.368627
1074.048203 -17.952835
1074.604084 -18.267155
1075.297392 -18.540076
1075.726348 -18.183239
1076.474221 -18.355888
1077.292472 -18.578957
1077.993774 -18.402601
1078.556718 -18.264075
1079.234191 -18.094219
1079.625001 -18.091846
1080.503795 -17.973459
1080.998797 -17.974386
1081.836652 -18.179470
1082.526004 -18.124996
1083.160429 -18.035521
1083.686415 -17.956897
1084.468166 -17.921982
1085.048162 -17.756151
1085.476270 -17.639836
1086.469301 -17.629333
1086.951531 -17.756390
1087.725461 -17.776489
1088.194169 -17.226818
1088.708764 -17.286317
1089.341808 -17.171466
1089.876207 -17.230078
1090.629570 -17.045993
1091.105883 -16.723036
1092.042454 -16.905361
1092.853221 -16.713377
1093.301307 -16.539211
1094.133453 -16.426323
1094.365697 -16.298857
1095.218874 -16.173263
1095.687515 -16.142505
1096.158490 -15.795739
1096.914932 -15.805643
1097.742608 -15.383433
1098.135909 -15.428731
1098.856207 -15.125529
1099.382333 -15.141735
1100.223349 -14.926474
1100.627036 -14.646827
1101.263818 -14.489894
1102.212740 -14.273612
1102.617466 -14.110438
1103.026648 -13.800493
1104.023116 -13.419389
1104.913276 -13.429224
1105.129141 -13.320451
1105.989217 -12.771653
1106.466995 -12.590198
1106.913355 -12.814033
1107.730056 -12.081180
1108.189386 -12.047605
1108.887959 -11.615422
1109.393901 -11.557118
1109.800394 -11.129603
1110.556531 -10.991522
1111.435278 -10.614850
1111.766790 -10.217773
1112.597800 -10.074961
1112.948369 -9.845922
1113.731658 -9.281015
1114.195057 -8.986579
1115.039483 -8.724152
1115.274152 -8.466958
1116.109866 -7.958450
1116.619567 -7.804530
1117.220663 -7.271754
1117.744570 -7.030286
1118.388476 -6.593223
1118.833075 -6.336579
1119.234197 -5.830723
1120.060237 -5.312438
1120.393070 -5.137891
1121.332485 -4.880501
1121.897593 -4.339518
1122.484967 -4.017173
1122.508201 -3.564093
1123.576784 -3.273820
1123.940604 -2.667467
1124.774359 -2.084621
1125.168177 -1.713107
1125.864738 -1.528613
1126.508828 -0.879731
1126.925689 -0.326466
1127.576565 -0.291582
1127.970956 0.515815
1128.625570 0.836265
1129.289888 1.280192
1129.985115 1.705190
1130.234698 1.918963
1130.945043 2.717553
1131.708933 3.150834
1132.235770 3.718691
1132.898192 4.127906
1133.136424 4.893999
1133.930071 5.443375
1134.105444 6.010952
1134.856917 6.140763
1135.325779 6.876360
1135.839694 7.674507
1136.588766 8.205904
1136.923539 8.347244
1137.669404 9.172008
1138.275745 9.841464
1138.712990 10.444559
1139.243121 10.943503
1140.069061 11.700939
1140.153830 11.871364
1141.053194 12.650794
1141.366484 13.257053
1141.970573 13.888639
1142.276875 14.309859
1142.629199 15.052799
1143.702885 15.710035
1144.045479 16.665117
1144.774543 17.065991
1145.211242 17.752316
1145.339484 18.617808
1146.171091 19.014635
1146.708413 19.874696
1147.224043 20.364331
1147.693029 21.246759
1148.351076 21.866364
1148.592895 22.666683
1149.456901 23.224433
1149.861812 24.188199
1150.457854 24.956302
1150.853369 25.695867
1151.524065 26.097155
1151.876664 26.999554
1152.235005 27.664356
1152.542594 28.576200
1153.475810 29.404631
1154.054039 29.910054
1154.329575 31.007572
1155.015928 31.447074
1154.998892 32.311482
1155.690218 33.149743
1156.492229 33.724237
1156.882485 34.566321
1157.706846 35.570221
1157.897542 36.226082
1157.996687 37.065472
1158.661976 38.218202
1159.120787 39.005761
1159.842126 39.710769
1159.890464 40.497221
1160.892114 41.518808
1161.250551 42.087584
1161.727171 43.212442
1162.114035 44.116973
1162.557632 44.634797
1163.043446 45.722706
1163.797067 46.830794
1164.079448 47.543786
1164.642110 48.759160
1164.883183 49.354707
1165.669248 50.444524
1165.897779 51.473786
1166.511721 52.093438
1166.934134 53.174401
1167.603304 54.213452
1167.888915 55.095432
1168.354032 55.826381
1168.515738 57.058678
1169.250380 57.911474
1169.345740 58.786732
1170.179665 59.953008
1170.454835 60.784856
1171.041563 61.897951
1171.426746 62.847430
1171.920745 63.974107
1172.250317 65.195825
1172.700512 65.992176
1172.999154 66.844261
1173.811518 68.136000
1174.145706 68.965134
1174.605103 69.962071
1175.149613 70.767678
1175.366898 72.099431
1176.052916 73.252293
1176.476820 74.567766
1176.790449 75.180094
1177.038668 76.431709
1177.639822 77.650227
1177.806799 78.803553
1178.279014 79.731234
1178.893299 80.869151
1179.511973 82.169652
1179.499233 82.945831
1180.288485 84.253413
1180.627689 85.367686
1181.133919 86.612924
1181.481693 87.534652
1181.867711 88.539319
1182.151839 89.835915
1182.481288 90.946759
1182.704979 92.434729
1183.381011 93.389695
1183.893407 94.748973
1184.422523 95.702949
1184.652455 96.815936
1185.134921 98.144473
1185.560594 99.460500
1185.939194 100.617404
1186.231188 101.556610
1186.662172 103.207001
1186.940887 104.069764
1187.490325 105.644789
1187.631589 106.258897
1188.084136 107.869207
1188.542039 109.053491
1188.873641 110.239075
1189.209033 111.638934
1189.801538 112.601202
1190.333992 114.164499
1190.559328 115.320294
1190.892468 116.463788
1191.468260 118.119294
1191.569811 118.989076
1191.933344 120.560478
1192.292120 121.642378
1192.745780 122.925602
1193.290888 124.498440
1193.557612 125.555323
1193.855005 127.137729
1193.874441 128.316896
1194.762266 129.877346
1194.770168 130.971471
1195.429315 132.440139
1195.355131 133.291828
1196.011135 135.006758
1196.324717 136.226292
1196.889018 137.845240
1196.960900 139.000063
1197.227113 140.594147
1197.539430 141.535311
1197.964521 142.905110
1198.636060 144.781708
1198.828471 145.758623
1199.241082 147.053005
1199.675446 148.568040
1199.878341 149.858660
1200.123584 151.112602
1200.494560 152.886604
1200.550044 154.003399
1201.090893 155.514486
1201.481836 156.964456
1201.869521 158.380356
1201.904780 159.851353
1202.666215 161.265737
1202.546843 162.688681
1203.209855 163.936296
1203.474202 165.711005
1204.028137 166.977342
1204.182936 168.376359
1204.365167 170.055533
1204.889379 171.390851
1204.982936 172.972729
1205.533437 174.017015
1205.854652 175.697886
1206.045678 176.835664
1206.095527 178.755908
1206.509596 180.202238
1206.733770 181.335569
1207.526213 183.173308
1207.525660 184.554015
1207.742502 186.060899
1208.328146 187.435657
1208.525082 188.738025
1209.022042 190.639785
1209.045460 191.939494
1209.558331 193.417785
1209.697440 194.953499
1209.797444 196.666689
1210.166480 198.093934
1210.467257 199.520694
1210.783327 200.962272
1211.207202 202.570156
1211.513430 204.220865
1211.852770 205.563734
1212.052992 207.142834
1212.232689 208.596231
1212.446092 210.335147
1212.745782 211.671216
1213.202759 213.376915
1213.169781 214.884704
1213.797456 216.581390
1213.821932 217.801076
1214.120578 219.722591
1214.558505 220.732748
1214.845920 222.302433
1215.275788 224.322657
1215.194147 225.775037
1215.618558 227.250475
1215.853649 228.872856
1216.009859 230.691103
1216.003676 232.041688
1216.361192 233.581771
1216.723259 235.567613
1217.010322 236.743791
1217.251337 238.478455
1217.522892 239.829497
1218.133957 241.629533
1218.146402 243.460799
1218.262445 244.565457
1218.488391 246.458036
1218.763299 248.048081
1219.009106 249.191043
1219.229366 251.101683
1219.773245 252.850808
1219.892850 254.356793
1219.683421 255.893686
1220.326771 257.409530
1220.460725 259.190863
1220.969836 260.958011
1221.006793 262.149677
1221.554580 263.828081
1221.428217 265.276369
1221.802575 267.184811
1222.098085 268.738083
1222.283896 270.399525
1222.508914 272.105968
1222.787857 273.571353
1222.806388 275.278267
1223.026146 276.751376
1223.229796 278.710033
1223.414832 280.107063
1223.884004 281.757057
1223.997449 283.257073
1224.193481 284.456319
1224.326769 286.688781
1224.536159 288.125154
1225.270223 289.580921
1225.013680 291.310056
1225.003199 292.839766
1225.301076 294.674103
1225.689530 295.895479
1226.058155 297.984281
1226.091244 299.603809
1226.441298 300.948155
1226.601908 302.736649
1226.639819 304.178658
1227.030487 306.302391
1227.166769 307.611634
1227.216109 309.164788
1227.544700 310.770714
1227.676316 312.443252
1227.888752 314.259868
1228.478061 315.582271
1228.312297 317.384003
1228.649447 318.826557
1228.670394 320.650756
1228.703201 322.516226
1229.185997 323.759025
1229.308966 325.263723
1229.791539 327.031603
1229.644462 328.926515
1230.052001 330.251835
1230.149058 331.848428
1230.214632 333.481522
1230.497859 335.294425
1230.933098 336.418892
1231.166990 338.512026
1231.002246 339.906419
1230.899640 341.761548
1231.194716 343.290477
1231.474716 344.557957
1231.776686 346.482638
1231.749534 348.145165
1232.335683 349.695073
1232.303541 351.115222
1232.255887 352.766742
1232.594108 354.430276
1232.724899 356.401576
1233.010395 357.479060
1232.913652 358.960753
1233.110349 360.902666
1233.386070 362.304486
1233.683416 364.081538
1233.815843 365.586046
1233.918834 366.977195
1233.810834 368.639009
1234.131650 370.220095
1234.385373 371.852720
1234.376144 373.487160
1234.781795 375.005300
1235.012904 376.700861
1235.106203 378.169591
1235.266650 379.897745
1235.071191 381.522981
1235.438966 383.025260
1235.323867 384.424991
1235.568270 386.027758
1236.002775 387.668381
1236.130232 388.974130
1236.473254 390.512202
1236.377263 392.146722
1236.486351 393.599211
1236.887756 395.465189
1236.883012 396.872319
1236.874800 398.415206
1237.028301 399.979428
1237.368462 401.461089
1237.513345 403.114291
1237.717489 404.848402
1237.525135 405.889345
1237.698529 407.563726
1237.782768 409.029497
1238.287812 410.730756
1238.547427 412.258312
1238.592083 413.556357
1238.524305 415.269457
1238.843938 416.348536
1238.643258 417.984060
1238.858213 419.819429
1239.393033 421.158684
1239.307469 422.884092
1239.457169 424.156447
1239.578568 425.604663
1239.857124 427.129475
1239.798968 428.429593
1239.955889 429.703187
1240.116030 431.431462
1240.224406 432.694879
1240.375297 434.347526
1240.431979 435.823051
1240.435973 436.992259
1240.755281 438.319328
1240.902528 440.394233
1240.994372 441.642249
1241.307759 443.096456
1241.529389 444.230272
1241.260278 445.849996
1241.192244 447.188472
1241.566918 448.791405
1241.838826 450.114227
1241.904509 451.406306
1241.964501 452.904023
1242.192540 454.070391
1242.227770 455.550192
1242.319159 457.112939
1242.360180 458.174769
1242.379033 459.595328
1242.724486 461.019585
1242.660202 462.518354
1242.890234 463.860325
1243.311013 465.384987
1243.149106 466.495905
1243.379248 467.973689
1243.272807 468.929802
1243.569819 470.473440
1243.645279 471.841755
1243.561892 472.998931
1243.939798 474.360753
1243.773861 475.647610
1244.062285 476.910648
1244.374353 478.401588
1244.000887 479.600963
1244.570010 481.341969
1244.373888 482.126381
1244.350478 483.475360
1244.734779 484.697714
1244.608947 486.029746
1245.154048 487.367656
1245.042020 488.401457
1245.229920 489.627000
1244.822934 490.623415
1245.514292 492.307351
1245.396664 493.208538
1245.476504 494.349525
1245.589192 496.012304
1245.638851 496.832527
1245.636188 498.177542
1245.800066 499.432773
1246.000731 500.769411
1246.239888 501.764209
1246.044047 502.865108
1246.404233 504.075111
1246.515297 505.197563
1246.389881 505.966919
1246.500404 507.622017
1246.890418 508.776450
1246.921878 509.767456
1246.977306 510.598571
1247.103263 511.872126
1247.086773 512.928498
1247.269442 514.314458
1247.500661 515.124944
1247.518011 516.345674
1247.280777 517.576971
1247.586009 518.594933
1247.664805 519.689270
1248.070984 520.669224
1248.065281 521.582092
1248.036190 522.555044
1248.341433 523.936210
1248.211196 524.791888
1248.282674 525.610325
1248.404860 526.640068
1248.290267 527.869466
1248.531149 528.816632
1248.380883 529.826428
1248.774707 530.701877
1249.107979 531.752187
1249.121071 532.745673
1249.247110 533.578266
1249.271845 534.613548
1249.478536 535.505754
1249.583757 536.607281
1249.482118 537.564886
1249.607878 538.279826
1249.646125 539.126586
1249.911350 540.162194
1249.917044 541.215621
1250.193768 541.991706
1249.869647 542.927617
1249.964575 543.592392
1250.332732 544.819715
1250.083087 545.214800
1250.446566 546.394900
1250.407628 547.009621
1250.932990 548.091976
1250.758558 548.933473
1250.961266 549.458663
1250.940285 550.305395
1250.984402 551.264749
1251.396691 551.767762
1251.444234 552.606460
1251.432579 553.579433
1251.694839 554.292468
1251.679497 555.294005
1251.984015 555.952460
1251.953977 556.606895
1252.187114 557.368718
1251.939515 557.992755
1252.202945 558.477835
1252.154931 559.644457
1252.171521 560.156586
1252.489678 560.908251
1252.426975 561.321453
1252.652563 562.009192
1252.978049 562.787393
1252.975202 563.258306
1253.037430 564.419759
1253.042539 564.507720
1253.323688 565.225170
1253.061975 565.738573
1253.180569 566.588380
1253.333210 566.972737
1253.508018 567.750879
1253.800729 568.446652
1253.721048 568.979663
1253.756718 569.640057
1254.072092 569.970269
1253.845382 570.614180
1254.118289 570.904685
1254.170499 571.424434
1254.473158 572.089043
1254.512734 572.806125
1254.423787 573.058820
1254.518350 573.581775
1254.910458 573.989444
1255.007583 574.519121
1255.111843 574.676667
1255.278820 575.589892
1255.424097 575.722289
1255.659166 576.222562
1255.649244 576.702450
1255.799333 576.766148
1255.573938 577.478911
1255.767355 577.731370
1256.139568 578.077681
1256.071597 578.584571
1256.102914 578.537567
1255.969743 579.192626
1256.691692 579.460392
1256.471008 580.207338
1256.593774 580.289499
1256.748756 580.395084
1256.687778 580.743166
1256.930280 580.996446
1256.972754 581.423580
1257.342726 582.006756
1257.172552 581.953729
1257.248883 582.066623
1257.255706 582.656918
1257.567884 582.770391
1257.592188 582.493245
1258.125740 582.811217
1257.834127 583.432558
1258.122865 583.412830
1258.430504 583.576913
1258.471803 583.602332
1258.687744 583.862863
1258.623023 583.986986
1258.597370 584.191134
1258.980769 584.324652
1258.996731 584.408814
1259.291142 584.367897
1258.966708 584.897759
1259.020267 585.031585
1259.469098 584.916342
1259.647404 584.820043
1259.804800 585.281682
1260.038993 584.916448
1260.171506 584.884516
1260.082982 585.109067
1260.433178 584.896081
1260.535803 585.048477
1260.264697 585.256186
1260.580985 584.792057
1260.896635 584.815398
1260.854831 584.864964
1260.925024 585.152604
1261.277727 584.708134
1261.285250 584.879377
1261.659857 584.862803
1261.412954 584.514346
1261.832871 584.726570
1261.782758 584.411861
1262.089664 584.432685
1261.759843 584.221730
1262.419783 583.902720
1262.569563 583.790775
1262.617288 583.693371
1262.484480 583.685416
1262.856506 583.702255
1263.142502 583.047172
1263.213690 583.233721
1263.439345 583.156388
1263.753425 582.551842
1263.667918 582.788219
1263.951477 582.087331
1263.681967 581.704031
1264.160876 581.660600
1264.187629 581.318739
1264.239591 581.216833
1264.518912 580.897346
1264.432735 580.799201
1265.011320 580.379055
1264.682036 580.029474
1264.934496 579.627402
1265.482826 579.380615
1265.577135 579.144324
1265.653691 578.381552
1265.711370 578.131538
1266.078927 577.584906
1266.238908 577.346045
1266.212096 576.804768
1266.375749 576.575532
1266.583620 576.217496
1266.538402 575.448210
1266.792883 575.389158
1267.096817 574.772228
1267.376693 574.398657
1267.379047 573.609511
1267.577579 573.107462
1267.794500 572.724709
1268.021897 572.361826
1268.099402 571.910143
1268.755759 571.010518
1268.871491 570.603496
1268.482595 570.057197
1268.975154 569.675561
1268.952414 568.987888
1269.112862 568.585087
1269.597475 567.869436
1269.490827 567.252554
1269.431135 566.691967
1270.020318 566.025771
1270.073856 565.620283
1270.384324 564.871119
1270.601611 564.185268
1270.913104 563.299090
1270.902391 562.492765
1271.036111 562.456426
1271.099693 561.301121
1271.475476 560.896773
1271.784148 559.976415
1272.133298 559.329998
1272.247094 558.848481
1272.127656 557.646062
1272.555413 557.149133
1272.681211 556.402422
1272.863230 555.827528
1272.630047 555.005175
1273.324986 554.006810
1273.345568 553.412314
1273.524548 552.435411
1274.077237 551.352834
1274.163179 550.819822
1274.390123 549.865790
1274.625448 549.243946
1274.705257 548.543540
1274.793749 547.262392
1275.359687 546.455148
1275.255056 545.534463
1275.840272 544.824665
1275.692832 543.519107
1276.275537 542.921837
1276.209444 541.824170
1276.184337 540.827843
1276.763832 540.008189
1277.190426 539.266765
1277.080826 538.027003
1277.590485 537.137820
1278.022035 536.226486
1277.650540 534.914714
1277.976007 534.437023
1278.281567 532.835195
1278.458438 532.147351
1278.992514 531.227068
1279.000639 530.169620
1279.594157 529.235748
1279.387956 528.122968
1279.908905 527.303975
1280.023378 525.831065
1280.276509 524.723788
1280.489312 523.581300
1280.715304 522.381052
1281.084804 521.607798
1280.958308 520.479439
1281.370904 519.449597
1281.855971 518.262014
1282.045651 516.794785
1281.898405 515.814930
1282.273378 514.657453
1282.496694 513.571652
1283.054291 512.079168
1283.090527 511.142443
1283.627658 509.912289
1283.651791 508.692257
1283.984273 507.369200
1284.070628 506.228278
1284.424152 504.966855
1284.511325 503.866825
1284.996923 502.500006
1285.575321 501.459217
1285.720102 499.802532
1285.879461 498.721701
1286.206336 497.410260
1286.563620 496.191958
1286.899418 494.912185
1286.889747 493.428138
1287.270852 492.216708
1287.479151 490.823658
1287.784703 489.407253
1288.179361 488.277819
1288.667651 486.940411
1288.628703 485.615158
1288.760151 484.116149
1289.179426 482.592380
1289.850429 481.225041
1289.881568 479.981739
1290.133671 478.286022
1290.480926 477.027865
1290.711499 475.656834
1291.092869 474.295126
1291.095177 472.831798
1291.887496 471.070162
1291.785307 469.802520
1291.929143 468.173427
1292.387371 467.154490
1292.781854 465.368759
1293.118880 464.100908
1293.525435 462.545215
1294.158881 461.082252
1294.139115 459.459167
1294.257773 457.852805
1294.507859 456.591334
1295.041461 454.888021
1295.281805 453.607964
1295.622089 451.913371
1296.016763 450.434681
1296.181588 448.435225
1296.325564 447.295175
1296.856229 445.621143
1297.011213 443.975537
1297.614222 442.517627
1297.763502 440.747523
1298.544853 439.285315
1298.571375 437.516628
1298.804006 436.064449
1299.083543 434.500960
1299.419055 432.750216
1299.810626 430.980573
1300.032973 429.608603
1300.455984 427.917070
1300.931057 426.342254
1301.418593 424.536376
1301.469210 422.997238
1302.117220 421.244176
1302.327188 419.588355
1302.663760 418.027743
1302.977614 416.331807
1303.453176 414.866085
1303.637110 413.012117
1304.221525 410.945988
1304.543293 409.504765
1304.725804 407.321309
1305.289310 405.767382
1305.513394 403.960913
1305.991567 402.210994
1306.179247 400.654994
1306.632634 398.764604
1307.070406 397.301126
1307.316358 395.421596
1307.328708 393.934943
1308.079994 392.015376
1308.515315 390.145173
1308.966552 388.253741
1309.392984 386.793205
1309.648641 384.735103
1310.145043 383.016868
1310.323583 381.094429
1310.781535 379.445343
1311.071669 377.629584
1311.827554 375.774724
1311.911232 373.940686
1312.243322 371.851690
1312.586353 369.973339
1313.236361 368.261197
1313.208143 366.558424
1313.935191 364.671356
1314.076169 362.597191
1314.939728 360.808279
1315.143394 359.046728
1315.268302 356.931619
1315.953121 355.225984
1316.240606 353.543814
1316.445185 351.488912
1317.271530 349.730203
1317.463122 347.775378
1318.008403 345.670393
1318.104827 344.023710
1318.747764 342.254828
1319.057935 340.214917
1319.695302 338.218682
1319.992891 336.078023
1320.364093 334.216648
1320.832162 332.200448
1321.287916 330.687364
1321.543190 328.558310
1321.816624 326.608456
1322.566434 324.447352
1323.038167 322.646425
1323.656607 320.690758
1323.875999 318.691119
1324.081365 317.138801
1324.711488 314.826250
1325.132736 312.588597
1325.353431 310.582016
1326.194521 308.929788
1326.386511 306.657566
1326.754100 304.870949
1327.137097 303.028434
1327.646503 300.862948
1328.198471 298.581380
1328.782854 296.916921
1328.778531 294.850382
1329.511729 292.748888
1330.066577 291.076764
1330.520166 288.673490
1330.821914 286.574553
1331.410555 284.704828
1331.880165 282.955203
1332.430450 280.843902
1332.721707 278.544530
1333.550106 277.091462
1333.673231 274.794589
1333.980514 272.638902
1334.624246 270.573355
1335.352691 268.670843
1335.466144 266.522897
1336.067556 264.302961
1336.576543 262.491133
1337.113642 260.503519
1337.357004 258.300722
1338.140504 256.414366
1338.500993 254.385972
1338.878559 252.077483
1339.643964 250.155602
1340.050803 248.112250
1340.508540 245.934866
1340.631371 243.960297
1341.244240 242.037036
1341.857376 239.639929
1342.185345 237.594490
1342.676394 235.721196
1343.189134 233.839465
1343.840053 231.464970
1344.466880 229.655498
1344.801004 227.389401
1345.561503 225.487610
1345.610500 223.314824
1346.149024 221.346279
1346.623279 219.036892
1347.189963 217.123785
1347.631654 214.971172
1347.974342 213.014887
1348.403384 210.830295
1349.354409 208.644465
1349.993970 206.803548
1350.503579 204.718364
1350.906615 202.404689
1351.413341 200.539595
1351.883630 197.926432
1352.158920 196.468606
1352.807722 194.017838
1353.594770 192.154760
1354.060159 189.952376
1354.182723 188.173640
1354.970267 185.914207
1355.575788 183.580193
1356.043263 181.544780
1356.861129 179.285618
1357.204549 177.659985
1357.601488 175.303949
1358.036030 173.454981
1358.577759 171.214755
1358.989780 168.898451
1359.856422 166.770903
1360.324446 164.647380
1360.917098 162.581896
1361.287016 160.710293
1361.704124 158.676780
1362.412332 156.733869
1363.002336 154.274777
1363.645016 152.470071
1363.812449 150.138290
1364.916745 147.993346
1365.096775 145.826226
1365.780732 143.792910
1366.454126 141.673263
1366.870899 139.787992
1367.407912 137.700357
1367.912865 135.522878
1368.801068 133.641345
1369.240845 131.658590
1369.800010 129.378223
1370.389660 127.312218
1371.129089 125.306764
1371.440006 123.437574
1372.123860 121.026737
1372.640209 118.870789
1373.100924 117.021223
1373.729935 114.903752
1374.137658 112.923746
1374.937626 110.699680
1375.425528 108.813529
1376.078530 106.733273
1376.652885 104.713043
1377.268544 102.635189
1377.663182 100.563045
1378.220040 98.373275
1378.953381 96.419980
1379.383691 94.447428
1379.956127 92.386988
1380.455448 90.472731
1381.314879 88.302837
1381.832304 85.995256
1382.168334 84.169007
1382.953335 82.172882
1383.756132 80.154548
1384.049038 78.158162
1384.695337 76.096496
1385.471427 73.934467
1386.196874 71.939825
1386.579507 70.163059
1387.201539 67.831622
1387.720683 65.977942
1388.307145 63.856681
1389.117539 61.896454
1389.839092 59.896883
1390.029287 57.882730
1390.927250 55.834268
1391.561519 53.926771
1392.060492 51.824630
1392.614541 49.943575
1393.376525 47.888793
1393.595522 45.810556
1394.339771 44.092314
1394.920238 41.874090
1395.622636 40.045624
1396.270149 37.887050
1396.852204 36.257092
1397.575248 34.209737
1398.020579 32.151830
1398.566186 30.324798
1399.500464 28.253764
1399.938208 26.216218
1400.599447 24.648015
1401.132852 22.491354
1402.001294 20.508091
1402.293758 18.641666
1403.345581 16.686103
1403.738076 14.731793
1404.052806 12.867196
1404.929228 10.767203
1405.816814 8.849734
1406.277666 6.899632
1406.945737 4.971362
1407.561759 3.301406
1408.273087 1.194682
1408.732108 -0.624196
1409.541938 -2.645797
1410.012088 -4.194397
1410.734930 -6.374315
1411.514648 -8.007230
1412.137279 -9.947031
1412.633537 -11.716985
1413.204065 -13.272860
1413.871529 -15.407477
1414.459328 -17.390362
1415.178092 -19.258316
1415.702967 -20.984550
1416.428973 -22.505298
1417.110931 -24.752701
1417.878685 -26.215602
1418.194259 -28.113428
1418.925610 -30.185482
1419.526127 -31.991524
1420.178003 -33.816421
1420.987580 -35.546228
1421.729188 -37.278408
1422.333046 -38.912179
1423.024565 -40.709202
1423.674443 -42.763892
1424.107227 -44.859589
1424.902976 -46.381251
1425.622103 -47.777546
1425.945267 -49.625189
1426.716266 -51.755115
1427.939451 -53.108878
1427.818460 -54.760935
1428.891994 -56.472398
1429.449480 -58.395227
1430.269189 -60.458404
1430.934689 -61.745297
1431.436487 -63.497354
1432.343950 -65.278566
1433.081471 -66.885469
1433.820295 -68.636494
1434.401567 -70.385060
1435.015250 -71.994243
1435.648781 -73.610483
1436.204521 -75.439944
1436.651889 -77.021696
1437.417264 -78.829539
1438.207144 -80.267631
1439.023126 -81.942346
1439.582634 -83.609170
1440.149522 -85.054147
1441.200593 -87.002224
1441.445808 -88.707154
1442.168314 -90.287667
1443.029111 -91.729081
1443.787330 -93.331256
1444.369024 -94.998939
1445.249199 -96.301607
1445.574852 -98.080710
1446.333688 -99.741833
1446.967677 -101.444733
1447.691255 -102.694383
1448.619308 -104.250499
1449.115609 -105.740752
1449.764126 -107.504599
1450.259052 -108.845053
1451.292960 -110.696065
1451.635846 -111.778113
1452.542235 -113.755233
1453.146460 -115.017319
1454.038813 -116.485797
1454.804325 -117.994587
1455.316838 -119.409695
1455.860261 -121.163809
1456.410317 -122.437313
1457.204203 -123.982877
1458.012664 -125.533837
1458.624816 -126.789676
1459.617481 -128.449329
1459.946176 -129.538240
1460.766287 -131.345310
1461.393198 -132.560511
1462.120134 -134.094694
1462.630495 -135.638353
1463.682065 -136.864479
1464.358004 -138.581226
1464.811345 -139.670886
1465.691621 -140.789439
1466.313832 -142.612483
1466.862738 -144.049507
1467.871904 -145.234079
1468.267789 -146.394279
1469.260136 -147.962078
1469.674735 -149.211369
1470.193550 -150.513393
1471.244396 -151.886672
1471.944466 -153.230469
1472.559595 -154.335990
1473.246531 -155.604233
1474.054698 -157.183860
1474.616269 -158.534774
1475.502010 -159.298369
1475.978401 -160.944164
1476.786913 -162.241301
1477.386798 -163.418742
1477.890230 -164.896617
1478.843137 -165.999478
1479.535947 -167.157982
1480.384275 -168.632164
1480.801435 -169.534551
1481.616040 -170.881092
1482.483334 -172.390281
1483.224767 -173.283769
1483.509467 -174.322073
1484.670138 -175.461115
1485.062651 -176.757715
1485.880998 -178.235249
1486.885095 -179.338706
1487.510960 -180.346390
1487.941447 -181.524490
1488.812046 -182.354568
1489.330315 -183.845921
1489.899231 -184.772470
1490.371018 -186.227678
1491.407683 -187.045966
1492.034875 -188.254568
1492.550311 -189.338396
1493.486701 -190.318204
1494.297531 -191.728602
1495.147655 -192.819649
1495.691930 -193.629128
1496.463622 -194.529558
1496.989321 -195.702351
1497.469538 -196.703949
1498.311498 -197.859068
1498.955256 -198.735456
1499.761263 -199.617753
1500.445029 -200.975484
1501.109517 -201.743664
1501.655013 -202.538150
1502.596040 -203.735700
1503.352326 -204.587760
1504.133012 -205.765028
1504.627979 -206.311882
1505.121356 -207.707319
1506.005927 -208.360316
1506.882480 -209.380458
1507.410834 -210.303990
1508.098289 -211.352505
1508.830000 -212.285407
1509.494885 -213.045651
1510.390475 -214.092637
1510.977585 -214.790182
1511.770021 -215.515428
1512.409278 -216.550707
1513.247983 -217.609767
1513.686284 -218.518851
1514.610762 -219.187206
1515.287400 -219.975383
1515.979970 -220.727846
1516.588320 -221.531194
1517.439754 -222.664450
1518.012034 -223.028996
1519.285389 -224.064518
1519.449654 -225.092815
1520.161401 -225.637976
1520.757854 -226.135287
1521.572918 -227.315121
1522.075479 -227.812742
1522.842169 -228.812621
1523.381668 -229.433644
1524.421291 -230.025071
1525.065033 -230.625393
1525.547394 -231.560817
1526.478788 -232.545379
1527.089683 -233.165286
1527.848082 -233.820138
1528.607734 -234.142592
1529.172034 -235.155788
1529.717643 -235.669091
1530.455701 -236.251037
1531.537729 -236.785348
1532.255972 -237.674551
1532.745611 -238.447670
1533.170393 -238.849346
1533.848767 -239.434567
1534.625681 -240.229362
1535.707743 -240.767027
1536.215666 -241.445360
1536.958962 -242.035533
1537.381821 -242.728352
1537.977406 -243.344644
1539.002896 -243.736511
1539.448651 -244.166609
1540.308552 -244.770268
1540.821293 -245.451272
1541.711085 -245.959600
1542.497600 -246.332222
1543.258881 -246.924026
1543.625148 -247.476971
1544.756972 -247.827264
1545.071031 -248.381936
1545.748975 -249.027845
1546.634546 -249.398919
1547.289753 -249.676485
1547.759397 -250.360080
1548.660077 -250.747849
1549.144334 -251.312199
1550.171704 -251.848847
1550.634777 -252.128680
1551.031744 -252.535513
1551.725996 -253.023403
1552.793137 -253.545174
1553.059849 -253.881845
1553.964117 -254.260313
1554.679775 -254.628456
1555.104284 -254.895143
1555.676272 -255.487316
1556.799133 -255.918996
1557.136833 -256.280252
1557.957229 -256.222186
1558.481187 -256.808038
1559.349701 -257.334456
1559.846315 -257.723850
1560.778239 -257.770676
1561.596543 -258.334255
1561.752865 -258.416232
1562.821367 -258.629341
1563.128869 -258.879853
1564.102410 -259.091745
1564.720571 -259.468685
1565.333545 -259.630443
1566.011257 -260.449097
1566.791110 -260.311844
1567.611846 -260.746593
1568.147264 -260.986576
1568.954330 -261.067983
1569.341108 -261.312459
1570.076998 -261.506446
1570.685998 -261.890075
1571.319503 -262.350797
1571.883830 -262.152879
1572.819553 -262.638722
1573.460130 -262.706627
1574.161025 -262.962775
1574.701910 -263.247001
1575.532735 -263.166729
1576.035051 -263.042925
1576.849891 -263.352769
1577.377920 -263.795046
1578.050747 -263.854377
1578.584667 -263.821200
1579.241313 -264.092264
1579.958872 -264.479420
1580.670942 -264.256127
1581.248686 -264.444344
1581.842051 -264.680947
1582.444066 -264.955235
1583.266152 -264.975932
1583.764747 -265.174791
1584.377840 -264.858916
1585.135892 -265.008104
1585.801979 -265.332131
1586.540071 -265.200898
1587.055826 -265.125678
1587.294052 -265.024558
1588.281528 -265.194952
1588.920235 -265.405454
1589.808129 -265.521699
1590.291782 -265.442754
1590.961707 -265.244216
1591.623987 -265.305232
1592.064566 -265.429507
1592.838077 -265.209589
1593.491503 -265.410360
1594.084459 -265.230306
1594.753701 -265.212312
1595.253042 -265.184862
1595.888483 -265.274827
1596.656315 -265.450531
1597.158642 -265.166317
1597.847481 -265.033273
1598.098896 -265.352028
1599.220323 -264.930651
1599.985836 -264.992378
1600.495302 -264.568748
1600.593587 -265.073400
1601.481367 -264.954327
1602.402016 -264.692078
1602.687290 -264.372278
1603.506737 -264.545036
1604.126850 -264.490358
1604.534075 -264.064492
1605.125383 -264.199978
1605.795155 -264.087717
1606.093762 -264.110369
1607.108330 -263.537940
1607.797449 -263.684818
1608.283465 -263.716029
1608.870938 -263.352653
1609.426431 -263.074506
1610.178494 -262.923117
1611.053643 -262.762583
1611.029934 -262.884178
1611.917769 -262.635433
1612.489018 -262.111794
1613.137847 -262.322662
1613.938299 -261.983874
1614.312482 -261.729030
1614.992840 -261.674009
1615.519306 -261.175083
1616.288160 -261.277682
1616.697826 -260.714745
1617.247192 -260.928974
1617.778798 -260.417237
1618.449023 -260.275756
1619.090856 -260.093590
1619.713150 -259.618697
1620.286688 -259.500369
1620.975068 -259.226508
1621.558857 -259.392058
1621.975557 -258.776734
1622.530168 -258.709051
1623.109414 -258.431511
1623.757585 -257.954845
1624.247348 -257.628305
1624.779897 -257.605116
1625.444490 -257.298507
1626.154171 -256.983566
1626.656660 -256.532087
1626.902606 -256.392202
1627.733861 -256.368432
1628.291674 -255.823754
1628.633692 -255.294962
1629.433994 -255.528217
1629.907677 -254.931040
1630.524773 -254.685229
1630.942393 -254.218145
1631.518186 -253.791929
1632.295009 -253.578544
1632.693983 -253.271321
1633.344449 -252.936075
1633.649262 -252.626528
1634.102456 -252.270692
1635.366729 -252.095170
1635.425655 -251.481702
1635.970498 -251.414538
1636.609722 -250.887172
1637.322480 -250.627125
1637.647553 -250.240674
1638.176162 -249.797164
1639.030412 -249.604516
1639.193509 -249.125054
1639.819943 -248.960875
1640.246356 -248.653590
1640.973832 -248.112366
1641.788480 -247.565015
1641.901850 -247.409535
1642.518699 -247.066138
1643.109147 -246.311585
1643.603537 -246.192897
1643.885377 -245.919134
1644.722215 -245.324646
1645.264440 -245.122895
1645.892364 -244.586144
1646.008972 -244.276308
1646.711647 -243.718199
1647.079417 -243.170009
1647.846759 -242.766290
1648.582839 -242.527702
1648.789149 -241.984502
1649.139504 -241.494614
1649.905298 -241.303649
1650.256857 -241.016781
1650.892061 -240.330695
1651.445827 -240.322668
1651.853994 -239.474770
1652.739601 -239.147345
1653.027172 -238.695486
1653.413856 -238.438106
1653.839698 -238.034155
1654.548320 -237.271076
1654.950482 -237.058309
1655.628887 -236.192703
1655.712494 -236.001956
1656.490978 -235.597029
1657.068528 -234.971920
1657.438568 -234.435959
1657.772019 -234.199395
1658.224586 -234.079701
1658.990319 -233.310821
1659.327718 -232.885515
1659.791218 -232.352102
1660.162277 -232.035836
1660.909959 -231.582289
1661.348494 -231.177659
1661.441852 -230.924413
1662.456010 -230.143709
1662.986927 -229.781281
1663.511702 -229.353144
1663.887185 -228.943280
1664.122376 -228.277185
1664.459037 -227.723241
1665.421855 -227.491237
1665.820289 -227.108207
1666.042849 -226.529049
1666.462106 -225.995285
1667.142675 -225.538898
1667.393851 -225.400005
1667.993930 -224.759112
1668.148005 -224.420764
1668.805362 -223.545141
1669.361473 -223.438886
1669.597057 -222.988751
1670.059157 -222.348387
1670.830688 -221.498772
1671.378801 -221.509265
1671.703669 -220.954096
1672.271006 -220.423524
1672.381251 -219.887881
1672.780940 -219.658535
1673.295451 -219.136183
1673.471303 -218.475850
1674.623820 -218.345632
1674.864406 -217.946423
1675.085792 -217.348557
1675.561506 -216.678038
1675.773118 -216.313802
1676.509666 -215.961546
1677.015680 -215.162986
1677.187771 -214.676814
1677.394969 -214.516000
1678.192940 -213.816607
1678.702474 -213.346900
1678.966229 -212.926422
1679.386398 -212.786384
1679.937580 -212.017922
1680.201592 -211.727753
1680.929603 -211.319481
1681.063902 -210.824388
1681.458909 -210.088887
1681.941064 -209.846533
1682.412571 -209.202628
1682.689968 -208.949840
1682.999189 -208.713244
1683.747036 -208.080540
1683.745442 -207.647752
1684.151956 -206.900992
1684.711668 -206.762343
1685.004082 -206.315494
1685.692481 -205.930479
1685.933434 -205.194947
1686.372173 -204.787803
1686.690369 -204.728846
1687.101506 -204.007231
1687.297166 -203.273330
1688.073650 -203.105574
1688.326890 -202.609711
1688.376527 -202.237041
1689.175795 -201.753061
1689.279262 -201.132313
1689.863466 -201.043176
1690.106352 -200.501565
1690.423301 -199.894942
1690.867204 -199.560970
1691.592250 -199.256315
1691.533788 -198.732086
1692.004667 -198.360648
1692.307190 -198.123146
1692.754981 -197.666934
1693.017366 -196.631276
1693.913123 -196.287133
1693.869063 -196.396909
1694.362484 -195.977165
1694.600380 -195.555536
1695.136955 -195.026777
1695.410904 -194.699272
1695.690700 -194.479871
1696.061872 -193.856937
1696.494518 -193.484992
1696.636430 -193.009661
1697.356647 -192.652320
1697.755481 -192.617905
1697.707221 -191.897445
1697.984803 -191.884791
1698.538040 -191.242913
1698.754874 -190.737252
1699.185780 -190.434180
1699.652953 -190.086450
1700.070646 -189.415402
1700.001374 -189.363531
1700.714317 -189.059350
1700.825033 -188.483642
1701.395977 -187.973068
1701.556993 -187.712786
1701.959181 -187.197456
1702.237493 -187.112654
1702.538072 -186.940396
1702.699314 -186.806599
1703.440296 -185.768931
1703.285292 -185.598883
1703.926239 -185.422748
1704.280064 -185.077292
1704.904055 -184.598715
1704.706191 -184.573708
1705.347770 -184.130007
1705.423515 -183.750491
1705.779611 -183.285501
1705.940135 -183.493423
1706.309092 -182.960540
1706.606282 -182.787220
1706.868238 -182.455937
1707.459755 -182.104224
1707.586576 -181.432447
1707.873553 -181.302445
1708.377574 -180.986538
1708.439794 -180.946978
1709.020122 -180.484039
1709.016583 -180.290402
1709.412860 -180.233231
1709.787992 -179.542704
1709.910745 -179.562140
1710.239350 -179.206246
1710.894439 -178.793240
1710.908061 -178.761078
1711.180569 -178.448810
1711.280926 -178.241429
1711.806729 -178.097955
1711.826757 -177.725000
1712.246633 -177.727760
1712.765733 -177.065409
1713.179638 -177.086575
1713.230491 -176.614598
1713.502915 -176.410405
1713.720912 -176.444778
1714.041200 -176.090883
1714.345530 -175.798203
1714.538445 -175.795419
1714.961200 -175.591334
1714.929782 -175.236698
1714.999884 -175.025159
1715.712553 -175.011823
1716.021409 -174.895144
1716.158147 -174.877806
1716.189663 -174.427507
1716.573425 -174.502264
1717.033314 -174.183643
1717.051746 -174.041158
1717.633714 -173.704682
1717.670874 -173.624349
1717.829537 -173.309891
1718.365425 -173.497139
1718.449984 -173.173161
1718.814445 -173.032972
1719.020845 -173.009780
1718.926147 -172.724243
1719.360316 -172.793759
1719.651246 -172.564178
1719.835068 -172.792946
1720.360533 -172.414759
1720.612654 -172.431822
1720.671362 -172.200235
1720.705429 -172.483261
1720.971390 -172.267187
1721.597769 -171.711118
1721.533314 -172.012489
1721.749737 -171.997807
1722.080672 -171.850005
1722.206891 -171.862395
1722.398275 -171.905322
1722.656806 -171.646413
1723.016416 -171.788510
1723.314645 -171.665351
1723.536686 -171.672566
1723.886343 -171.409121
1723.946829 -171.382186
1723.961560 -171.322252
1724.094054 -171.561143
1724.403803 -171.854089
1724.518233 -171.633492
1725.001474 -171.628975
1725.283581 -171.632947
1725.217314 -171.395455
1725.749331 -171.656904
1725.537319 -171.809420
1725.911420 -171.665595
1726.377293 -171.702489
1726.448560 -171.690110
1726.434127 -171.632687
1727.044238 -171.774817
1727.252360 -171.948229
1727.224094 -171.767745
1727.398991 -172.132930
1727.892544 -172.137294
1727.703924 -172.194210
1727.701249 -172.119450
1728.421943 -172.551863
1728.315023 -172.180965
1728.755548 -172.609055
1728.779315 -172.604260
1729.210091 -172.658673
1729.273328 -172.921311
1729.610518 -172.924586
1729.403635 -173.196836
1730.027028 -173.543016
1729.785096 -173.325664
1730.109420 -173.720876
1729.789612 -173.748602
1730.676174 -174.002614
1730.510051 -173.895425
1731.074406 -174.308009
1730.992725 -174.573797
1731.224478 -174.633760
1731.378036 -175.069730
1731.718755 -175.165538
1731.555593 -175.116635
1731.630878 -175.520015
1731.966859 -175.756360
1732.176216 -175.704501
1732.710389 -175.771994
1732.257691 -176.153415
1732.667805 -176.277946
1732.915634 -176.523898
1733.233372 -176.870585
1733.055518 -177.115510
1733.563829 -177.214575
1733.608295 -177.452084
1733.786651 -178.003728
1733.991220 -177.947608
1734.324839 -178.429342
1734.308844 -178.651468
1734.249113 -178.847450
1734.471534 -179.170096
1734.671012 -179.559981
1734.920302 -179.755148
1735.161340 -180.130191
1735.201361 -180.321146
1735.336379 -180.685550
1735.467954 -181.014625
1735.831737 -181.208738
1735.983871 -181.477695
1736.036045 -181.845408
1736.116546 -182.183175
1736.428662 -182.430285
1736.590069 -182.929143
1736.661310 -183.462811
1736.664754 -183.622113
1736.716772 -183.882149
1737.086244 -184.397455
1737.346291 -184.830390
1737.333189 -185.574138
1737.542769 -185.556528
1737.412449 -186.006870
1737.759247 -186.279677
1737.660499 -186.924582
1738.027492 -187.381797
1738.225013 -187.977181
1737.996092 -188.094171
1738.556838 -188.641433
1738.667669 -188.904203
1738.835771 -189.376100
1738.629354 -189.830885
1739.040144 -190.054361
1738.931063 -190.389625
1739.277173 -191.352272
1739.380659 -191.489491
1739.563497 -192.240059
1739.790884 -192.455504
1739.819765 -192.826919
1740.266219 -193.931742
1740.083947 -193.781659
1740.283325 -194.333366
1740.422818 -195.274342
1740.370104 -195.565740
1740.792580 -196.085752
1740.646877 -196.674581
1740.872979 -197.085016
1741.314488 -197.664422
1740.908921 -198.083629
1741.259606 -198.688082
1741.235109 -199.186796
1741.392307 -199.886446
1741.499112 -200.212051
1741.493975 -200.930630
1741.790472 -201.368795
1741.924138 -201.912379
1741.956091 -202.558055
1742.231555 -203.188756
1742.543699 -203.705402
1742.467422 -204.209061
1742.603091 -205.005003
1742.807672 -205.231022
1742.695386 -206.072902
1742.915654 -206.763737
1742.728071 -207.486724
1743.005657 -207.794341
1743.072998 -208.433394
1743.212820 -209.286763
1743.408352 -209.976923
1743.348209 -210.322496
1743.863425 -210.992886
1743.952167 -211.683939
1744.105213 -212.587303
1744.116103 -212.911307
1744.194269 -213.817453
1744.120404 -214.496489
1744.292213 -215.575649
1744.543072 -215.574190
1744.675403 -216.456392
1744.581415 -217.203317
1745.009233 -218.061948
1745.246623 -218.775878
1745.143837 -219.349229
1745.054748 -220.274559
1745.371404 -220.594434
1745.497019 -221.444966
1745.642936 -222.059094
1745.522110 -222.881921
1745.839671 -223.477868
1745.822527 -224.483686
1745.855196 -225.146257
1745.847768 -226.011507
1746.161887 -226.491867
1746.177863 -227.370063
1746.308856 -228.122405
1746.371640 -228.633351
1746.544109 -229.398562
1746.489446 -230.541929
1746.735266 -231.178147
1746.747944 -231.966333
1746.863343 -232.465403
1746.950892 -233.528634
1747.123759 -234.088386
1747.206637 -234.874144
1747.490625 -235.458499
1747.512848 -236.556176
1747.561199 -237.511228
1747.609365 -237.827094
1747.700423 -238.915320
1747.691008 -239.557272
1747.866205 -240.493558
1747.956504 -241.539920
1748.081881 -242.331491
1748.106842 -243.091777
1748.566358 -243.738551
1748.454825 -244.763302
1748.598225 -245.526046
1748.789435 -246.379212
1748.963281 -247.224715
1748.817871 -248.107364
1748.899342 -249.035499
1748.829943 -249.992073
1748.974759 -250.742261
1749.242789 -251.558251
1749.274920 -252.129324
1749.485844 -253.428204
1749.556247 -253.974389
1749.572545 -255.081217
1749.746733 -255.854766
1749.830858 -256.609795
1749.952230 -257.654596
1749.745571 -258.453132
1750.067558 -259.382220
1750.233380 -260.170253
1750.121475 -261.019703
1750.434049 -262.020663
1750.489773 -262.618599
1750.646266 -263.864403
1750.438881 -264.799635
1750.848421 -265.860089
1750.852335 -266.561310
1751.091041 -267.724257
1751.044414 -268.452375
1751.171598 -269.275556
1751.401599 -270.097466
1751.758357 -271.155408
1751.536901 -272.136201
1751.555742 -273.184801
1751.640416 -274.080224
1751.575123 -274.895684
1751.782244 -275.827483
1751.923498 -276.723641
1752.282388 -277.663647
1752.112875 -278.743796
1752.298406 -279.698880
1752.315245 -280.414952
1752.510807 -281.610226
1752.596944 -282.511055
1752.593884 -283.412875
1752.711014 -284.497868
1752.979763 -285.471483
1753.182760 -286.517761
1753.145848 -287.237394
1753.231957 -288.218817
1753.416524 -289.270041
1753.327278 -290.251510
1753.785115 -291.329464
1753.751537 -292.271464
1753.773653 -292.956125
1753.613459 -294.231457
1754.031409 -294.897150
1753.917091 -295.795063
1754.069072 -296.981613
1754.405691 -298.132806
1754.569681 -299.118296
1754.411151 -300.050095
1754.880273 -300.974421
1754.767975 -301.791486
1754.680497 -302.822340
1754.804084 -304.207186
1754.903041 -304.932728
1754.730770 -306.112020
1755.162626 -306.863502
1755.377675 -307.926218
1755.292810 -308.832419
1755.295989 -309.810463
1755.381936 -310.777721
1755.585200 -311.680178
1755.766908 -313.006564
1755.788354 -313.828390
1755.872259 -314.954740
1756.228961 -316.051031
1756.139926 -316.997027
1756.186126 -318.032276
1756.500356 -319.161456
1756.617543 -319.920755
1756.758459 -320.937968
1756.493083 -322.077397
1757.006433 -322.972834
1756.905389 -323.717153
1757.377577 -325.165932
1757.285255 -325.886007
1757.667822 -327.292333
1757.638690 -328.038029
1757.685272 -329.031700
1758.028737 -329.701530
1757.857716 -331.140709
1758.402155 -331.943691
1757.978158 -332.846217
1758.229954 -334.071367
1758.540461 -335.286445
1758.644682 -336.007163
1758.679779 -337.011578
1758.500858 -338.161737
1758.930300 -338.974393
1758.988668 -340.305172
1759.083715 -341.180826
1759.134115 -341.993023
1759.421448 -343.295063
1759.483197 -343.986181
1759.659039 -345.099461
1759.760542 -346.252425
1760.171294 -347.056440
1759.887355 -348.353055
1759.882416 -349.169197
1760.434179 -350.159498
1760.371420 -351.223129
1760.766610 -351.730997
1760.266324 -353.118402
1760.883786 -353.983707
1760.867937 -355.121912
1761.181022 -355.815183
1760.948306 -357.137977
1761.421810 -358.176856
1761.407709 -358.812821
1761.671096 -360.077658
1761.839269 -361.187918
1761.932339 -361.900145
1762.228486 -362.854556
1762.210166 -363.960811
1762.294210 -364.727399
1762.660223 -365.808082
1762.623735 -366.993849
1762.560183 -367.907678
1763.024588 -368.788083
1763.245777 -369.811186
1762.957183 -370.855237
1763.474114 -371.682021
1763.516029 -372.690809
1763.571223 -373.551288
1763.718189 -374.549074
1763.951343 -375.808184
1764.331028 -376.561870
1764.379007 -377.390049
1764.403446 -378.499546
1764.592028 -379.460430
1764.591628 -380.404629
1764.622570 -381.424592
1765.009524 -382.132658
1764.885414 -383.084491
1765.547228 -383.961800
1765.711856 -385.209870
1765.523893 -386.173150
1766.035904 -386.563873
1765.752874 -387.843182
1765.956648 -389.024508
1766.179359 -389.443253
1766.412727 -390.462575
1766.752929 -391.623689
1767.022204 -392.575218
1766.912522 -393.254200
1767.114603 -394.265294
1767.451999 -394.958473
1767.231023 -396.027063
1767.863994 -396.691603
1767.469956 -397.937676
1768.035062 -398.775720
1768.306016 -399.527585
1768.455937 -400.519831
1768.525145 -401.224403
1768.810326 -402.191194
1768.925983 -403.229468
1768.976927 -403.965214
1769.427660 -405.002822
1769.504037 -405.653578
1769.600041 -406.589805
1769.919631 -407.544574
1770.217949 -408.540094
1770.295216 -409.021611
1770.591914 -410.274932
1770.414258 -410.646489
1770.646656 -411.648265
1771.116217 -412.635463
1770.990821 -413.450827
1771.334537 -414.238109
1771.543648 -414.961980
1771.806142 -415.858848
1772.010553 -416.443283
1772.259258 -417.310605
1772.260382 -418.162661
1772.314978 -418.929923
1772.862316 -419.867155
1773.137841 -420.432192
1773.427290 -421.509228
1773.348878 -422.219821
1773.481186 -422.779774
1773.923597 -423.669023
1773.908413 -424.593433
1774.160806 -425.149738
1774.473218 -425.806474
1774.506816 -426.799226
1775.003112 -427.403768
1774.760719 -427.943934
1775.130717 -428.798969
1775.400527 -429.643259
1775.917875 -430.650696
1775.838494 -431.207079
1776.065627 -431.861125
1776.466934 -432.459920
1776.480177 -433.003635
1776.901202 -434.061795
1776.943765 -434.725738
1777.258393 -435.370945
1777.565832 -436.076434
1777.684621 -436.765128
1777.821611 -437.221089
1777.917798 -437.980082
1778.500212 -438.480708
1778.469874 -439.150494
1778.829685 -439.969637
1779.124092 -440.825776
1779.516708 -441.162127
1779.460357 -441.988490
1780.152736 -442.557392
1780.029825 -443.393213
1780.248922 -443.685537
1780.445939 -444.351549
1780.821747 -445.032259
1781.170493 -445.602948
1781.255301 -446.167239
1781.247441 -446.664121
1781.883447 -447.213483
1782.086785 -447.915687
1782.355114 -448.060405
1782.362767 -448.939060
1782.857536 -449.457493
1782.827425 -449.829355
1783.493649 -450.707409
1783.833911 -451.182704
1784.139281 -451.703409
1783.782328 -452.261669
1784.280117 -452.979136
1784.465131 -453.239642
1784.767858 -453.633609
1784.895715 -454.316279
1785.488397 -454.706995
1785.604371 -455.209245
1785.805590 -455.830540
1786.021349 -455.997346
1786.448842 -456.804187
1786.742493 -456.905564
1787.327237 -457.691633
1787.614168 -458.006260
1787.795817 -458.300290
1787.790076 -458.961958
1787.938067 -459.272996
1788.534788 -459.721623
1788.573380 -460.028673
1789.168249 -460.469812
1789.242101 -460.835266
1789.484984 -461.228774
1789.974399 -461.487582
1790.489689 -461.739202
1790.638267 -462.457630
1790.901692 -462.944093
1791.097906 -463.098337
1791.322439 -463.343909
1791.633401 -463.450113
1791.973752 -463.791471
1792.346412 -464.543039
1792.624643 -464.382119
1792.890792 -464.992230
1793.303960 -465.180964
1793.643054 -465.840867
1793.730704 -465.945860
1794.608129 -466.257290
1794.486189 -465.997670
1794.856221 -466.455333
1795.224113 -467.142757
1795.344437 -467.182515
1795.462544 -467.689710
1796.203455 -467.314045
1796.215729 -467.836253
1796.917691 -467.869494
1796.812248 -468.233634
1797.412231 -468.702522
1797.597287 -468.688590
1797.662228 -468.900795
1798.357660 -468.886248
1798.475882 -469.029143
1798.975086 -469.281841
1799.251115 -469.731724
1799.806406 -469.471752
1800.011244 -469.748396
1800.151743 -469.727547
1800.626239 -469.812836
1801.139601 -470.077165
1801.273166 -470.120916
1801.778011 -470.440721
1802.103908 -470.477790
1802.369674 -469.982195
1802.625679 -470.542828
1803.064735 -470.474966
1803.284152 -470.433885
1803.929700 -470.444229
1804.242479 -470.587778
1804.405971 -470.560079
1804.985785 -470.701709
1805.236212 -470.573965
1805.969556 -470.398860
1806.196556 -470.446280
1806.266642 -470.434981
1806.954205 -470.641801
1807.102828 -470.431501
1807.547516 -470.224819
1807.804886 -470.363545
1808.679686 -470.343448
1808.375652 -470.173171
1808.872954 -470.133257
1809.316694 -470.355256
1809.726255 -469.874679
1810.271361 -469.770479
1810.648871 -469.428533
1810.937519 -469.475079
1811.194089 -469.311591
1811.580329 -469.608837
1811.998792 -468.928500
1812.540047 -468.973384
1812.679268 -468.797767
1813.185120 -468.749194
1813.433217 -468.392545
1814.012149 -468.091653
1814.255975 -468.256176
1814.746117 -467.599572
1814.953884 -467.645469
1815.476047 -467.031622
1816.145950 -467.080644
1816.500959 -466.879909
1816.785222 -466.784190
1817.050943 -466.376345
1817.431655 -465.865634
1817.868402 -465.504574
1818.513104 -465.317455
1819.018772 -465.003565
1819.151561 -464.785303
1819.775137 -464.581542
1820.229710 -464.081174
1820.605750 -463.684483
1820.817126 -463.106066
1821.320364 -462.931667
1821.701236 -462.721284
1822.220945 -462.290213
1822.624787 -461.799714
1822.982999 -461.267904
1823.583113 -461.310090
1823.787777 -460.634924
1824.210828 -460.256339
1824.889569 -459.632178
1824.987050 -459.449225
1825.704714 -458.839500
1826.228963 -458.422286
1826.552253 -457.976321
1826.947063 -457.266958
1827.490597 -457.025796
1828.035154 -456.361577
1828.390743 -455.770852
1828.705245 -455.179048
1829.114514 -454.831020
1829.491818 -454.461426
1830.457079 -453.700452
1830.520177 -452.830673
1830.776285 -452.356116
1831.531801 -451.977592
1831.918729 -451.409899
1832.637259 -450.611788
1832.855539 -450.271754
1833.342376 -449.684893
1833.681623 -448.948964
1834.155581 -448.362224
1834.682855 -447.772589
1835.434303 -447.278083
1835.782044 -446.191554
1836.122215 -445.640004
1836.643456 -444.922912
1837.202355 -444.152660
1837.512941 -443.677389
1838.099176 -442.729184
1838.649255 -442.174116
1839.383850 -441.617774
1839.771222 -440.737052
1839.962652 -439.601213
1840.743000 -438.869114
1841.070062 -438.270757
1841.230360 -437.730100
1841.916947 -436.671046
1842.527492 -435.836143
1843.121285 -434.942006
1843.411873 -434.650753
1844.052625 -433.542985
1844.325701 -432.648384
1844.702302 -431.861698
1845.178869 -431.320863
1845.791056 -429.889359
1846.417475 -429.118072
1846.885826 -428.291144
1847.124789 -427.567838
1847.784189 -426.762505
1848.440676 -425.587097
1848.985839 -424.734071
1849.549166 -423.786302
1849.997695 -422.943778
1850.552452 -421.844781
1850.831667 -421.048735
1851.662884 -420.179826
1851.958704 -418.853973
1852.641517 -417.874900
1853.151969 -417.080809
1853.316866 -415.714787
1854.228897 -415.142636
1854.650582 -414.082554
1855.143191 -412.867568
1855.580155 -411.631841
1856.165272 -410.933659
1856.922912 -409.980784
1857.296961 -408.421413
1857.825286 -407.628226
1858.259375 -406.715385
1858.848382 -405.138482
1859.556906 -404.295208
1860.061455 -403.118339
1860.448360 -402.142032
1861.029591 -400.940650
1861.437118 -400.063163
1862.015264 -398.659426
1862.506331 -397.443799
1863.045955 -396.424255
1863.558604 -395.123572
1864.085441 -394.331664
1864.875296 -392.787257
1865.532883 -391.606543
1866.034467 -390.392944
1866.556389 -388.993467
1867.049613 -388.116405
1867.834939 -386.586641
1868.283280 -385.565844
1868.829170 -383.975204
1869.246683 -382.862457
1869.679430 -381.828850
1870.590966 -380.308706
1870.956313 -379.279319
1871.463423 -377.510038
1872.151417 -376.378748
1872.798300 -375.151205
1873.347714 -373.915383
1874.021423 -372.518903
1874.376927 -371.108894
1874.992611 -369.778941
1875.446285 -368.744295
1875.819592 -367.331715
1876.575680 -365.821040
1877.305848 -364.277169
1877.965983 -363.132154
1878.749911 -361.571267
1878.958094 -360.158292
1879.671445 -358.672395
1880.133391 -357.068022
1880.567937 -355.791843
1881.504064 -354.427606
1881.834530 -352.956519
1882.705553 -351.496949
1883.078441 -350.347119
1883.793880 -348.857142
1884.506304 -347.197063
1885.108759 -345.439832
1885.526482 -344.118421
1886.419844 -342.619174
1886.679882 -341.133084
1887.210975 -339.537395
1887.900279 -338.409760
1888.366788 -336.274982
1889.255097 -334.568064
1889.478851 -333.660328
1890.495599 -331.956405
1891.071113 -330.324142
1891.722839 -328.695441
1892.131500 -326.835802
1892.875863 -325.562880
1892.955702 -323.625804
1893.966889 -322.213395
1894.458253 -320.653598
1895.086117 -319.114900
1895.443729 -317.268675
1896.469694 -315.857711
1897.226542 -314.124324
1897.604520 -312.590155
1898.518656 -310.456382
1898.750674 -309.258956
1899.488127 -307.309571
1900.158717 -305.767211
1900.891386 -304.019116
1901.355246 -302.378763
1901.966487 -300.495898
1902.643858 -298.936687
1903.272052 -297.072566
1903.839272 -295.194024
1904.399206 -293.971333
1905.194745 -291.956055
1905.725108 -289.767006
1906.486420 -288.317089
1907.145685 -286.691680
1907.548580 -284.950336
1908.402119 -283.395777
1908.610543 -281.232375
1909.688267 -279.558686
1910.188724 -277.707642
1910.660329 -276.115923
1911.420871 -274.041301
1912.106870 -272.493887
1912.914006 -270.436533
1913.410361 -268.691055
1913.880334 -267.001816
1914.577110 -265.115648
1915.475656 -263.339221
1916.111108 -261.247894
1916.517353 -259.187868
1917.260988 -257.808193
1917.807514 -255.702300
1918.567174 -253.872809
1918.895525 -252.142770
1919.676153 -249.994853
1920.453662 -248.301729
1921.209629 -246.134388
1921.985320 -244.269819
1922.393846 -242.539206
1923.168160 -240.717668
1923.805268 -238.631552
1924.583148 -236.994274
1925.083651 -234.757247
1926.056016 -232.730338
1926.369431 -230.984885
1927.210183 -228.848813
1927.635074 -226.943618
1928.658361 -224.900847
1928.979109 -223.239625
1929.850185 -221.010301
1930.569481 -218.866982
1930.974834 -217.069672
1931.614204 -215.341473
1932.371066 -212.958135
1933.094994 -211.078486
1933.517042 -209.046896
1934.413469 -207.053751
1935.020282 -205.081878
1935.833053 -202.953719
1936.139738 -200.936225
1937.042293 -198.931482
1937.871116 -196.804583
1938.708945 -194.897129
1939.207864 -192.977011
1939.876809 -190.970133
1940.583510 -188.869098
1940.931665 -186.558264
1941.911287 -184.325309
1942.426040 -182.585022
1943.142734 -180.621063
1943.706610 -178.334026
1944.318903 -176.597593
1944.962253 -174.169521
1945.683372 -171.939799
1946.664050 -169.891837
1947.190239 -167.871482
1947.715975 -165.730735
1948.710223 -163.663869
1949.070220 -161.809946
1949.914124 -159.471874
1950.949951 -157.532339
1951.076357 -155.146721
1951.923952 -152.647350
1952.494440 -150.702798
1953.225001 -148.799154
1954.008396 -146.799831
1954.936760 -144.428149
1955.277696 -142.173226
1955.980483 -140.012836
1956.821622 -138.177775
1957.491446 -136.029165
1957.906729 -133.534623
1958.768315 -131.692064
1959.329797 -129.370374
1959.930491 -127.396449
1960.954327 -125.245426
1961.706523 -122.791216
1962.439066 -120.746241
1962.883812 -118.627398
1963.969567 -116.257204
1964.416132 -114.093278
1965.346557 -111.742013
1965.513518 -109.726911
1966.727808 -107.599249
1967.138112 -105.477243
1967.918597 -103.220035
1968.734054 -101.118148
1969.183764 -98.727004
1969.869848 -96.591455
1970.654489 -94.379421
1971.333502 -92.321260
1972.195321 -90.186822
1972.607180 -87.471975
1973.080395 -85.147571
1974.010563 -83.281990
1974.794273 -80.851079
1975.471133 -78.686757
1976.335260 -76.321388
1976.923734 -74.415896
1977.402352 -72.195755
1978.234583 -69.945100
1979.099106 -67.915442
1979.583114 -65.263692
1980.323830 -63.159328
1981.174164 -60.678382
1981.959552 -58.772662
1982.193080 -56.407513
1983.022338 -54.241428
1983.750971 -51.754912
1984.499180 -49.702953
1985.419897 -47.359143
1985.934544 -45.132998
1986.906800 -42.798098
1987.353787 -40.597070
1988.101550 -38.213002
1988.725464 -36.066860
1989.794012 -34.028093
1990.177191 -31.414177
1991.156829 -29.264868
1991.639353 -27.144437
1992.021115 -25.007956
1993.144596 -22.688043
1993.644032 -20.324477
1994.363237 -18.163218
1994.758874 -15.772849
1995.786843 -13.535495
1996.430212 -11.211593
1997.063885 -8.828981
1998.015824 -6.642018
1998.562080 -4.863666
1999.138801 -2.525711
2000.005268 0.058130
