-0.021614 -0.025936
0.158710 0.670812
0.331676 0.906426
0.576068 1.656440
0.669083 2.279433
0.911877 3.002090
1.150933 3.409634
1.117094 3.806355
1.440197 4.720707
1.584897 5.073580
1.833817 5.436972
1.882609 6.294025
2.235860 6.749833
2.336737 7.388606
2.572992 7.749826
2.716276 8.255054
2.413439 8.956609
2.844450 9.744440
3.256850 9.995558
3.459701 10.593454
3.495045 11.265048
3.700526 11.997260
3.954505 12.492260
4.131612 13.076844
4.115446 13.462738
4.314370 14.210496
4.522716 15.051190
4.612704 15.101204
5.026231 16.044497
5.162173 16.521752
5.475626 16.947410
5.223582 17.446810
5.755308 17.875151
5.792747 18.694742
5.915719 19.330325
6.225511 20.134986
6.406721 20.260329
6.404784 20.791934
6.807218 21.396547
6.829156 22.158834
6.906490 22.567223
6.914126 23.013698
7.280463 23.803196
7.719947 24.302787
7.755422 24.895440
8.054218 25.568898
8.107844 25.847863
8.377576 26.621231
8.601382 27.124117
8.885573 27.639258
9.006828 28.274802
8.865684 28.652667
9.095719 29.599788
9.416073 30.053933
9.112472 30.621509
9.727461 30.996592
9.725199 31.642904
10.253256 32.049105
10.105564 32.975708
10.278015 33.280822
10.534800 33.713234
10.728315 34.281900
11.003285 35.027683
11.388194 35.633140
11.425700 35.959277
11.377685 36.766936
11.833016 37.029967
11.894894 37.934390
12.151469 38.516069
12.104376 38.894429
12.084458 39.565395
12.418041 40.402465
12.530245 40.710765
12.561643 41.166606
13.011251 41.912675
13.364371 42.345549
13.154636 42.983874
13.574830 43.551904
13.567288 44.211054
13.860556 44.708844
14.213514 45.258016
14.240402 46.052229
14.408992 46.247529
14.564233 47.076882
14.740238 47.494843
15.076773 47.902405
14.813400 48.586570
15.281807 49.012703
15.552962 49.757211
15.447991 50.305904
15.742755 50.567735
16.015033 51.345346
16.010207 51.992430
16.370111 52.389137
16.531837 53.189726
16.539760 53.656216
16.821938 54.500518
16.717033 54.826359
17.125283 55.268403
17.631288 55.843427
17.857010 56.339584
17.748251 56.893386
17.766866 57.537405
18.002865 58.119336
17.904267 58.950173
18.369729 59.471988
18.418457 59.815091
19.218998 60.201317
18.694682 60.810273
19.164557 61.556629
19.461933 61.974360
19.202722 62.507845
19.803761 63.203041
19.498841 63.687927
20.176748 64.572063
20.225904 64.859272
20.130234 65.246087
20.497903 66.007648
20.752480 66.419931
20.667233 66.934386
20.841036 67.706852
20.842285 68.119532
21.431138 68.956903
21.548867 69.437766
21.652822 69.734777
21.785999 70.634295
22.210763 71.036952
22.735626 71.517530
22.503579 72.126948
22.551670 72.986552
22.985354 72.987410
22.873782 73.819674
23.225616 74.111135
22.944168 74.585310
23.446184 75.413533
23.682966 75.871193
23.621864 76.240702
24.029178 77.157063
24.303033 77.777451
24.299745 78.418378
24.482148 78.673900
24.598751 79.242219
24.526195 79.910182
25.062740 80.389063
25.092365 81.055719
25.631139 81.562107
25.471613 82.023946
25.711428 82.479116
25.877217 83.234049
26.346806 83.922304
26.399289 84.229624
26.518735 84.721311
26.639085 85.510551
26.651356 86.303037
27.025432 86.272978
27.197245 87.052400
27.288495 87.738366
27.520822 87.917482
27.462429 88.893967
28.005273 89.618128
28.254465 89.578768
28.273291 90.153960
28.573768 91.033571
28.334393 91.851079
28.775984 91.819806
28.897211 92.547550
29.043667 93.141041
29.406759 93.550782
29.422088 94.589715
29.424156 94.902350
29.752203 95.320316
29.992770 95.991202
29.927683 96.793671
30.361633 97.056878
30.321011 97.516716
30.774755 98.164674
30.832610 98.711102
31.029715 99.273346
31.225371 99.815080
31.408748 100.495085
31.440316 100.816771
31.490264 101.385983
31.657063 102.178162
31.971179 102.834849
32.493480 103.153851
32.092767 103.643724
32.487035 104.028241
32.634108 104.844953
32.776092 105.236890
32.904493 106.170237
33.167639 106.327663
33.308908 107.145058
33.435373 107.623772
33.820471 108.213286
34.094431 108.567603
34.227552 109.080337
34.171304 109.927599
34.527261 110.297253
34.398289 110.929770
34.655518 111.255351
34.825903 111.979148
34.777995 112.544357
35.295238 112.950458
35.597670 113.677574
35.524143 114.032902
35.892289 114.453364
35.911029 115.133312
36.144286 115.806655
36.312181 116.492052
36.513705 116.821236
36.470677 117.523242
36.904311 118.178885
36.885730 118.511344
37.161778 119.040175
37.344850 119.341888
37.639723 120.242618
37.858205 121.027457
37.813423 121.229797
38.035343 122.071558
37.946775 122.397919
38.158389 122.482455
38.248420 123.206872
38.884403 123.828141
38.862409 124.327934
39.160623 124.881042
39.439054 125.441054
39.299081 126.151921
39.589885 126.890509
39.776586 127.038732
39.846794 127.676895
40.211893 128.363091
40.257494 128.978475
40.368367 129.369913
40.646966 130.161691
40.777256 130.421759
40.807317 131.119002
41.048175 131.609161
41.023181 132.255397
41.280705 132.523427
41.811329 132.980762
41.812641 133.732772
41.846765 134.463568
42.393326 134.506674
42.123093 135.463733
42.316892 135.824077
42.703654 136.525815
42.822580 136.975776
42.911376 137.694592
43.125378 138.090732
43.294690 138.594543
43.517942 139.092834
43.562801 139.775062
44.098646 140.230253
44.168033 140.857457
44.368993 141.315001
44.433217 141.936632
44.583257 142.198259
44.748033 142.598181
44.915064 143.480327
45.272809 143.977671
45.398066 144.491336
45.276726 144.815925
45.456159 145.358702
45.868017 146.068252
46.029819 146.645954
46.272158 147.329289
46.189999 147.664207
46.378093 147.997026
46.730486 148.953183
46.799395 149.235297
47.135118 149.491715
47.169196 150.398906
47.228007 151.119873
47.630274 151.405455
47.642656 151.919685
47.749808 152.314685
48.204551 153.197908
48.288184 153.412116
48.651454 154.405614
48.538372 154.505043
48.551002 155.235308
48.714785 155.699007
49.185772 156.009488
49.494039 157.001652
49.178289 157.085493
49.491977 157.673521
49.665538 157.971426
49.841363 159.159201
49.878718 159.377737
49.993271 160.044114
50.353386 160.768924
50.588648 160.951178
50.810567 161.460014
50.697500 162.109937
51.042502 162.618041
51.295352 163.044745
51.472537 163.909897
51.413364 164.437555
51.713312 164.589395
52.283979 165.254838
52.295585 165.881167
52.008030 166.303340
52.351380 166.610383
52.334445 167.353175
52.858728 167.922355
52.894270 168.269644
52.962033 168.831557
53.124986 169.409491
53.446358 169.830475
53.584794 170.375457
53.788706 171.089939
53.985835 171.608808
53.881017 172.005028
54.339997 172.681591
54.228416 173.132613
54.818673 173.605000
54.793054 174.222150
55.013856 174.778301
55.157135 175.222237
55.198353 175.695786
55.673099 176.212447
55.629219 176.690798
55.941917 177.157503
56.129713 177.666069
56.003732 178.358145
56.351150 178.892254
56.660190 179.305839
56.736406 179.751060
57.027943 180.501946
57.088618 180.954527
57.059335 181.396233
57.421438 181.961176
57.533691 182.278519
57.711213 182.896862
57.690429 183.495328
57.743297 184.140916
58.318378 184.545434
58.210274 184.928681
58.505398 185.223681
58.723825 186.203377
58.818617 186.545740
59.061305 187.188399
59.366702 187.654180
59.267645 188.097561
59.566891 188.915225
59.660008 189.038673
59.745944 189.396569
60.094299 190.020999
60.028134 190.442684
60.213753 191.337946
60.352998 191.503543
60.744651 192.227828
60.950909 192.902808
61.052935 193.109487
61.203728 193.891322
61.302897 194.112501
61.723744 194.777373
61.664933 195.353299
62.048813 195.901393
62.012141 196.474818
62.552020 197.091015
62.498698 197.224554
63.128335 197.722845
62.677473 198.307107
63.144953 198.984271
62.854484 199.470215
63.318180 199.890843
63.220666 200.338094
63.505674 200.958188
63.660681 201.572684
63.763598 201.710009
63.962561 202.679059
64.154835 203.334548
64.481826 203.315154
64.450212 204.032406
64.565918 204.857859
64.761097 205.109275
65.295874 205.495902
65.094555 205.976159
65.465303 206.653005
65.586472 206.815818
65.751262 207.428742
65.584334 207.928691
65.863814 208.624616
66.537125 209.318346
66.326293 209.472052
66.682322 210.203664
66.682880 210.525066
67.243372 211.032014
67.006132 211.567468
67.332439 211.897263
67.374731 212.376262
67.536716 213.333138
67.856132 213.537778
67.771281 214.004684
68.235187 214.466553
68.461424 214.843845
68.366592 215.810063
68.275116 216.225342
68.464733 216.531671
68.882662 217.166602
68.601417 217.252731
69.155707 218.043052
69.272592 218.501172
69.394567 218.970564
69.611351 219.563478
69.991406 220.237602
69.971510 220.470418
70.242869 220.968998
70.393596 221.273693
70.622799 221.865189
70.589086 222.258361
71.072328 222.969263
71.236102 223.524636
70.973627 223.814334
71.508228 224.354794
71.396346 224.935158
71.698664 225.302362
71.841552 225.874104
71.667192 226.512671
72.099154 227.123988
72.213463 227.182089
72.729199 227.671633
72.620655 228.489009
72.831613 228.640759
73.074194 229.349256
73.403449 229.955679
73.831061 230.109128
73.537237 230.684295
73.878437 231.455500
73.983018 231.703207
73.922778 232.002585
74.455566 232.870150
74.324553 233.420471
74.640811 233.912908
74.449086 234.145364
74.886326 234.791220
75.164940 235.071723
75.204730 236.038578
75.453682 236.322759
75.511211 236.791361
75.948834 237.175899
76.025928 237.511958
76.094892 238.261829
76.057572 238.773523
76.233031 238.970266
76.498035 239.862737
76.708432 240.194830
76.716083 240.547249
76.813114 240.930757
77.278636 241.491098
77.534627 241.946565
77.450834 242.648135
77.546772 242.708007
78.002746 243.477072
77.646214 243.900228
78.073812 244.633512
78.188367 244.762539
78.324440 245.169044
78.519158 245.588893
78.632734 246.040052
78.725951 246.523475
79.035446 247.130887
79.092675 247.780823
79.432407 248.119554
79.532944 248.898177
79.801380 249.205071
79.540319 249.509848
79.765338 250.017746
80.309697 250.453923
80.494150 250.874668
80.665335 251.267675
80.702265 252.035944
80.984406 252.425761
81.357422 252.854185
81.161210 252.973538
81.656540 253.802849
81.377084 254.526687
81.901046 254.814770
81.662663 255.330954
81.946819 255.561694
82.358606 255.886239
82.449194 256.743463
82.833736 257.191382
82.379230 257.484847
82.859552 258.130872
83.158777 258.250470
83.123910 259.156395
83.566692 259.756176
83.438203 260.107379
83.915077 260.587773
83.928403 260.997166
83.862843 261.120451
84.290173 261.749628
84.299891 262.178636
84.406485 262.763718
84.473396 263.202048
84.824783 263.642742
84.837474 264.234514
85.391003 264.488115
85.456310 265.173073
85.034130 265.386489
85.497663 266.078521
85.782178 266.492602
86.010156 266.746392
85.963485 267.157184
86.210624 267.781738
86.422487 268.149092
86.693369 268.853937
86.949897 269.280846
86.906217 269.732389
87.130268 269.990725
87.392571 270.802842
87.656008 271.006509
87.568350 271.519435
87.679515 272.005223
87.821850 272.338203
88.263947 272.846511
88.170167 273.408232
88.342624 273.773388
88.470440 273.999888
88.635172 274.465313
88.831126 274.911114
89.096837 275.652787
89.161065 275.977042
89.341057 276.148559
89.273643 276.871833
89.649450 277.332653
89.606407 277.814583
89.848423 278.083866
90.125223 278.661832
90.414532 279.241915
90.504464 279.638674
90.426631 279.898001
90.491820 280.917700
90.709603 280.901457
90.976429 281.337430
91.101789 281.545587
91.198517 282.063061
91.488019 282.614432
91.562690 283.194422
91.737020 283.746411
91.925123 284.084503
91.942807 284.592969
92.239316 284.999035
92.508027 285.354564
92.649515 285.765219
92.977128 286.405163
93.005838 286.529579
92.926760 287.048172
93.213037 287.655678
93.273378 288.205331
93.566409 288.166719
93.652522 288.520294
93.768950 289.264707
93.947977 289.736862
94.138191 290.134732
94.580388 290.843738
94.341383 291.286864
94.427039 291.413430
95.056546 291.636098
95.071448 292.219982
95.121031 292.816514
95.554551 293.157058
95.446896 293.807368
95.576697 294.024234
95.762738 294.595363
96.061319 294.873232
96.018372 295.496047
96.217635 295.852289
96.397066 296.207741
96.436507 296.809821
96.548977 297.349673
96.902558 297.414097
97.069073 298.060940
97.297537 298.639502
97.284782 298.788894
97.405317 299.176835
97.540654 299.795169
97.811253 300.106840
97.854505 300.660331
98.046220 300.879283
98.254863 301.422344
98.273199 302.012358
98.716634 302.320231
98.765352 302.818561
98.896957 303.298077
99.305834 303.600926
99.279243 304.143888
99.318208 304.267192
99.660459 304.624239
99.948466 305.412783
99.863811 305.712095
100.253814 305.984255
99.972469 306.457774
100.262553 306.817375
100.480162 307.409134
100.490199 308.049141
100.558597 308.036661
100.978892 308.616076
101.140134 308.972925
101.077411 309.387054
101.284744 309.980292
101.470096 310.432955
101.785042 310.891569
101.986614 311.269413
102.121595 311.490075
102.121380 311.708419
102.358905 312.296771
102.529788 312.891394
102.421091 313.074169
102.725786 313.562116
102.957458 313.879490
103.093633 314.212114
102.917375 314.985005
103.198863 315.205172
103.336009 315.489017
103.642671 316.049551
104.003708 316.588752
103.970906 317.044767
104.331245 317.402130
104.256435 317.902078
104.736215 318.256752
104.890025 318.704576
104.905173 318.809504
104.764166 319.372584
104.834066 319.697567
105.367805 320.092769
105.470835 320.395416
105.469896 321.156708
105.728237 321.451350
106.105619 322.006470
105.871264 322.413302
106.063322 322.616173
106.310638 323.182486
106.291646 323.491552
106.692250 323.947268
106.734634 324.377343
106.811936 324.799704
107.123912 324.817969
107.284603 325.454736
107.322338 325.716782
107.491861 326.009797
107.933633 326.455300
107.732899 327.194218
108.071843 327.527980
108.363524 327.770101
108.130904 328.340061
108.559111 328.560403
108.401555 329.190843
108.829422 329.194000
109.011623 329.578441
108.973750 330.020174
109.101916 330.457272
109.256971 331.084021
109.544464 331.462319
109.815364 331.704246
109.814665 332.232529
110.209790 332.677836
110.312041 333.086500
110.414357 333.056148
110.538786 333.745491
110.565608 334.023680
110.644434 334.553921
110.984901 334.655062
111.042229 335.183373
111.017431 335.713624
111.261212 335.942639
111.345543 336.469961
111.609739 336.649799
111.635352 337.171456
111.972459 337.426168
112.135018 337.844325
112.621008 338.210580
112.243301 338.764142
112.376365 339.242001
112.931766 339.442034
112.837229 339.804337
112.960998 340.478088
113.244757 340.508525
113.492052 341.198801
113.482596 341.305444
113.568900 341.664343
113.778516 342.115030
113.522391 342.679770
114.035541 343.080450
114.135513 343.324286
114.472283 343.731023
114.497156 344.531349
114.577506 344.450403
115.011788 344.679607
114.744290 344.960378
115.129172 345.643360
115.308957 345.720305
115.497151 346.476249
115.480142 346.674360
115.744471 347.096858
115.887748 347.250679
115.913507 347.603021
116.182566 348.235218
116.221155 348.570493
116.150528 349.024442
116.461871 349.284384
116.847150 349.520316
117.007239 350.020659
116.979619 350.453203
116.935999 350.826151
117.279869 351.259205
117.385637 351.415485
117.621046 351.826786
117.536873 352.171796
118.050408 352.551610
117.876915 353.037141
117.876614 352.975372
118.301081 353.683701
118.481762 353.885281
118.573052 354.171512
118.775412 354.500633
118.866868 355.143263
118.772462 355.386230
119.300805 356.057016
119.103542 356.235208
119.290222 356.341464
119.861429 357.001997
119.647718 357.292624
120.010893 357.644446
120.397872 358.065084
119.757937 358.287134
120.242428 358.655971
120.500888 358.944331
120.482010 359.601403
120.880152 359.650652
121.038227 360.206390
121.272029 360.300145
121.344492 360.720083
121.546269 361.134671
121.177672 361.520607
121.396165 361.833975
121.800336 362.157072
121.731226 362.400106
121.972699 362.879924
122.437710 363.372654
122.318577 363.805999
122.329092 364.065773
122.652835 364.346045
122.919633 364.555712
123.088704 365.002777
123.474890 365.304535
123.448010 365.792711
123.225952 366.244687
123.387370 366.050213
123.818713 366.889247
123.842727 367.033114
124.216606 367.521883
124.024727 367.867138
124.080590 368.015340
124.253314 368.110430
124.378212 368.964499
124.533878 369.038832
124.668073 369.590834
124.985990 369.873730
125.113471 369.963058
125.126668 370.602364
125.407507 370.930464
125.085010 371.317817
125.628508 371.813694
125.769115 371.827936
126.087833 372.027724
126.262657 372.397174
126.468004 372.947266
126.491798 373.053449
126.528603 373.540324
126.397846 373.745298
126.986138 373.970021
127.179775 374.397652
127.178841 374.650864
127.345354 375.223000
127.585419 375.686742
127.745180 375.844472
127.515336 376.340664
127.645671 376.404719
128.093810 376.864946
128.364077 377.125153
128.013401 377.411282
128.434736 377.726249
128.762132 378.067427
128.476444 378.499777
128.661147 379.009390
129.015213 378.868021
129.277928 379.757466
128.956651 379.860563
129.471025 380.073936
129.591003 380.443306
129.576555 380.902568
129.619000 381.305557
130.191425 381.154162
130.102226 381.864827
130.170070 381.946708
130.323967 382.464867
130.433695 382.606405
130.746324 382.894326
130.675691 383.041275
130.718202 383.382033
130.828062 383.765922
131.271300 384.198471
131.242316 384.352510
131.357266 384.611338
131.460776 385.240439
131.575268 385.449096
131.832973 386.123357
131.795784 386.100278
132.154821 386.267183
132.391645 386.717211
132.323427 387.068285
132.681456 387.510686
132.670823 387.844203
132.871952 387.636056
133.119015 388.228490
133.047192 388.688434
133.247714 389.008150
133.444885 389.274782
133.697962 389.539275
133.579904 389.911770
133.876563 390.379113
134.083605 390.495851
134.035496 390.626117
134.303081 390.814768
134.251294 391.276801
134.553335 391.625594
134.870680 391.836873
134.943262 392.176315
134.949964 392.537101
134.806760 392.808471
135.158951 392.958463
135.109330 393.330371
135.248370 393.825632
135.631614 393.740557
135.703924 394.403307
135.853080 394.544522
136.024213 394.863546
135.961821 395.171495
136.270185 395.916349
136.458978 395.699349
136.776149 396.038140
136.802744 396.223722
137.134809 396.553423
137.094527 397.109604
137.129166 397.231346
137.399352 397.624828
137.284312 397.840146
137.442389 397.991056
137.623221 398.574636
138.096169 399.071874
137.984318 398.843101
137.983414 399.498129
138.034032 399.496596
138.315748 400.093212
138.384442 400.281973
138.869149 400.377156
138.877589 400.456250
138.930069 400.939126
138.691814 401.317447
139.267394 401.284331
139.137562 401.708578
139.405227 402.057086
139.476002 402.233369
139.800730 402.594202
139.873682 402.911415
140.093147 403.202538
140.288579 403.520377
140.427400 403.970672
140.209586 404.200027
140.830609 404.193400
140.692849 404.562685
140.898114 404.970684
140.865870 405.365422
140.971953 405.423078
141.388100 406.011561
141.291685 406.110043
141.535527 406.028918
141.493095 406.358587
141.694644 406.749235
141.908017 407.275290
142.100794 407.752910
142.134422 407.744084
142.366526 408.121859
142.380901 408.292271
142.815328 408.326400
142.692910 408.778638
142.772012 408.839606
143.245142 409.203776
143.363264 409.428720
143.204919 409.890745
143.337827 409.901964
143.393405 410.342745
143.534051 410.579533
143.427867 410.746512
143.871818 411.016671
143.882147 411.223806
144.173998 411.841584
144.085804 411.838708
144.574188 412.191365
144.545544 412.334066
144.693488 412.646418
144.495335 412.813542
144.662586 413.373327
145.210055 413.319619
145.338936 414.062764
145.256204 414.147397
145.535417 414.173467
145.446443 414.381474
145.684296 414.372814
145.954218 414.926664
146.074566 415.166208
146.586364 415.234094
146.127521 415.841486
146.752021 415.839287
146.803317 416.102464
146.853538 416.502622
147.124543 417.009328
146.823310 417.432528
146.882182 417.194696
147.452242 417.380512
147.215018 417.758738
147.509170 418.045058
147.459433 418.263776
147.796805 418.706524
147.880231 418.539086
147.964999 418.879473
148.288233 418.966202
148.303893 419.302081
148.540209 419.821362
148.511681 420.024648
148.557542 420.292915
148.729836 420.543292
148.875185 420.302918
148.918381 421.143627
149.342254 421.172013
149.234324 421.345792
149.476582 421.722105
149.363815 421.973088
149.824206 421.968622
149.739751 422.418819
150.004608 422.523056
149.945223 422.752826
150.210552 423.122470
150.278008 423.088581
150.245489 423.623271
150.353802 423.795653
150.610736 423.904737
150.796663 424.479315
150.963694 424.415723
150.826992 424.768538
151.346041 425.013857
151.477878 425.224707
151.234855 425.376361
151.636349 425.720559
151.610842 425.831625
151.866780 426.259965
152.089693 426.393778
152.125260 426.370015
152.027513 426.736424
152.475637 427.035317
152.530217 426.976011
152.353370 427.593875
152.693898 427.452904
152.957806 427.912145
153.394499 428.283839
153.129994 428.295988
153.238954 428.524990
153.114322 428.900666
153.497314 428.568898
153.486610 429.077776
153.854837 429.414878
154.056491 429.401574
153.797599 430.018597
153.986181 429.917386
154.130872 430.179271
154.416091 430.677449
154.222384 430.682003
154.587699 430.953259
154.835601 431.173633
154.748604 431.203014
154.686741 431.527688
155.087392 431.934586
155.153258 432.357270
155.323055 432.148015
155.516131 432.286150
155.614802 432.332751
155.809215 432.862414
155.863632 433.085094
155.765138 433.135955
156.315231 433.553228
156.114654 433.749905
156.389286 434.187034
156.618478 434.162070
156.508254 434.573895
156.684015 434.381125
156.639737 434.587117
156.891597 435.035475
157.206534 435.296928
157.215759 435.452007
157.654875 435.666256
157.679486 435.504959
157.450769 435.820144
157.283379 436.144533
158.016606 436.253266
157.959769 436.404952
157.979318 436.774765
157.996244 437.106396
158.010240 437.176361
158.346684 437.548546
158.656946 437.209111
158.301481 437.567505
158.711588 437.884744
158.913449 438.208933
158.825913 438.032023
159.190490 438.441582
159.258833 438.592491
159.369985 439.104191
159.274013 438.889246
159.735190 439.499461
159.729457 439.265628
159.581401 439.684215
159.815339 440.160980
160.475065 440.057511
160.317635 440.194213
160.536985 440.399185
160.496029 440.790864
160.701171 441.093021
160.482346 440.876018
160.712820 441.271016
160.894812 441.419904
160.913856 441.499620
161.554016 441.943155
161.047858 441.935128
161.573670 441.988881
161.404348 442.344054
161.704726 442.508912
161.785700 442.956392
161.792045 442.712416
162.125976 443.076086
161.961468 443.339843
162.068996 443.324538
162.361008 443.395178
162.696306 443.326418
162.535865 443.719628
162.895790 444.263583
162.999857 444.415701
162.668743 444.405749
162.913769 444.499175
163.276631 444.743236
163.564908 444.605280
163.351706 444.852426
163.349679 445.397243
163.741199 445.651135
164.009863 445.598544
163.804795 445.907179
163.964559 445.747997
164.013709 446.115101
164.493979 446.273036
164.605600 446.446579
164.475663 447.008199
164.930389 446.796114
164.649914 446.691191
164.952364 447.059596
165.079537 447.311168
165.192162 447.598246
165.290994 447.482007
165.245328 447.841014
165.317093 448.023730
165.701861 448.071240
165.594290 447.972628
165.659588 448.155855
165.948771 448.493480
165.923166 448.850202
166.197066 448.885349
166.377694 449.191990
166.169770 449.300247
166.254978 449.232221
166.794173 449.611607
166.858001 449.691192
167.086084 449.588126
166.944118 449.981127
167.410845 450.282197
167.376886 450.167614
167.674047 450.505599
167.301092 450.939056
167.353235 450.608782
167.647369 450.743271
167.876656 451.082506
167.929612 451.475133
167.782410 451.545501
168.018634 451.708760
168.542847 451.982973
168.343128 451.610967
168.535442 451.924578
168.336280 452.189454
168.576667 452.441375
168.974111 452.328236
168.948937 452.478826
168.988986 453.124145
169.031154 452.811297
169.434200 452.888356
169.305001 452.889064
169.691798 453.337064
169.697099 453.145191
169.815670 453.554965
169.802853 453.445730
169.958397 453.661098
170.092148 453.940121
170.142569 454.201231
170.296442 454.286012
170.482074 454.495008
170.387575 454.428531
170.783260 454.639315
170.926515 454.863443
170.803532 455.018517
170.944108 455.164127
171.373199 455.317985
171.550869 455.054531
171.237403 455.379752
171.371739 455.607420
171.488595 455.848730
171.803461 455.875510
171.615757 456.025683
171.980481 456.126162
171.995493 456.412044
172.020296 456.275318
172.314079 456.537684
172.453284 456.542619
172.239469 456.526153
172.482961 456.956638
172.777794 456.690785
172.850038 457.074900
172.724543 457.540826
173.031264 457.459961
173.487516 457.371736
173.153493 457.804724
173.127391 457.714350
173.440910 457.970080
173.605129 457.808288
173.800406 458.192165
173.607073 458.081764
173.795913 458.131490
174.144451 458.373687
174.052949 458.384387
174.145222 458.879996
174.426331 458.531261
174.275223 458.985244
174.458457 458.922367
174.513505 458.920557
174.766181 459.177457
175.032159 459.338187
174.825448 459.565376
175.281172 459.463473
174.932796 459.613933
175.094535 460.043382
175.197604 459.858762
175.735444 460.148792
175.545923 460.010261
175.704210 460.200725
176.064262 460.321992
175.745581 460.600919
176.211735 460.526312
176.280160 460.674714
176.091312 460.760979
176.208527 460.783548
176.347197 461.033546
176.623712 460.890034
176.565376 461.191366
176.880529 461.305808
176.587280 461.590628
177.291477 461.737199
177.214483 461.701885
177.141881 461.730250
177.177464 461.820521
177.239558 461.989751
177.507688 462.116163
177.695023 462.030720
177.900806 462.021614
177.841156 462.214383
178.098962 462.380497
178.134256 462.566874
177.848129 462.444755
178.323635 462.830643
178.498238 462.969876
178.485116 462.882272
178.549305 462.895150
178.605530 462.971759
178.807252 463.047689
178.945440 462.964220
179.111182 463.354647
179.219369 463.348938
179.181550 463.655673
179.339861 463.895579
179.257278 463.649191
179.404155 463.656405
179.559732 463.789850
179.900533 463.777341
179.979390 463.819179
179.931746 464.319094
180.166473 464.247198
180.296180 464.377408
180.400268 464.585640
180.254607 464.447981
180.610179 464.653964
180.702416 464.819847
180.647583 464.503181
181.017520 464.786715
180.848194 464.872820
180.969396 465.098432
181.271408 465.073730
181.322565 465.110756
181.498867 464.829685
181.273023 465.255937
181.489498 465.196518
181.747688 465.268933
181.790374 465.510353
181.869408 465.442778
181.934667 465.826067
182.147964 465.860750
182.157122 465.534706
182.201769 465.840597
182.569475 466.106169
182.540391 465.879300
182.598251 466.039951
182.644683 465.965041
182.852926 466.215878
183.006034 466.070824
182.818271 466.906150
182.957157 466.470916
183.256580 466.348449
183.551715 466.553360
183.416558 466.902816
183.376951 466.623195
183.545150 466.556157
183.739631 466.898155
183.826937 466.990143
184.030376 467.006575
183.965305 467.202264
183.997921 467.291517
184.174282 467.259075
184.577918 466.866358
184.375711 467.206639
184.761178 467.266792
185.014849 467.158646
184.758252 467.389333
184.881826 467.421386
184.838549 467.291044
185.022476 467.397523
184.909751 467.692417
185.187856 467.890058
185.102852 467.855187
185.453863 467.802154
185.384516 467.890553
185.737137 467.900694
185.831016 467.969461
186.061930 468.067761
185.876073 467.874759
185.787430 468.225654
186.066390 468.262164
186.096720 468.248353
186.204677 468.365581
186.364227 468.650816
186.392365 468.588193
186.435933 468.399261
186.566311 468.706131
186.856432 468.585323
186.924298 468.449090
187.197718 468.866610
187.080193 468.706042
187.280670 468.723074
187.251141 468.720189
187.327056 468.766886
187.586096 468.832674
187.509946 468.830956
187.446765 469.201507
187.845373 469.139395
187.786898 469.269378
187.985367 469.309511
188.058690 469.125174
188.078518 469.183194
188.288379 469.434614
188.582414 469.262779
188.631044 468.879659
188.474281 469.362223
188.774434 469.425133
188.729405 469.328786
188.714201 469.719090
189.098757 469.665189
189.028177 469.423521
189.205859 469.534110
189.199417 469.567630
189.219565 469.473644
189.373932 469.428985
189.595720 469.794466
189.486147 469.425898
189.756115 469.766551
189.795561 469.560840
189.600135 470.047401
189.950552 469.895435
190.067523 469.910360
189.981424 469.809472
190.064792 469.740701
190.256583 469.659683
190.388500 469.850370
190.374398 469.962863
190.645184 469.882475
191.043142 470.140432
191.003961 470.007570
191.064024 470.195240
190.871385 470.001096
191.555527 470.064217
191.285262 470.115631
191.430836 470.020004
191.249132 470.360164
191.523411 469.838639
191.590754 470.202708
191.787358 470.297332
191.825509 470.280915
191.911077 470.112974
191.838505 470.175545
191.852705 470.438605
192.308561 470.428894
192.149688 470.272105
192.266747 470.534942
192.504484 470.643629
192.372720 470.363186
192.421628 470.198137
192.679919 470.373513
192.718669 470.206261
192.917397 470.405944
193.117307 470.542609
192.875418 470.530352
193.074356 470.711294
193.251661 470.415768
193.286936 470.275492
193.630811 470.827318
193.271803 470.479891
193.606248 470.436221
193.896881 470.719638
193.768797 470.849832
193.901768 470.508930
194.029982 470.438844
194.297047 470.648238
194.116807 470.532366
194.124761 470.603481
194.157664 470.567951
194.364818 470.655365
194.689380 470.690639
194.605110 470.467907
194.668954 470.573069
194.877404 470.491012
194.749344 470.602389
195.188381 470.856822
195.193572 470.426495
195.375819 470.446710
195.138788 470.635687
195.137074 470.689248
195.425735 470.625779
195.399827 470.689253
195.689778 470.503633
195.843976 470.154398
195.845811 470.532083
195.761401 470.569034
196.044714 470.425613
196.040814 470.523116
196.206583 470.705983
196.166868 470.711609
196.129546 470.550761
196.155862 470.507451
196.610672 470.790638
196.598175 470.364922
196.833089 470.472788
196.782115 470.593082
197.019433 470.184095
196.951316 470.429309
196.871117 470.175508
197.109402 470.336328
197.098506 470.371549
197.242246 470.380532
197.619013 470.358583
197.752052 470.534399
197.702542 470.222662
197.600704 470.177607
197.794322 470.288607
197.885324 470.326619
197.931281 470.209752
197.847096 470.178558
198.187385 470.201226
198.157644 470.336453
198.326446 469.965008
198.327816 470.034960
198.418225 470.203095
198.589147 470.372499
198.523901 470.056545
198.771323 470.222416
198.616607 470.157935
198.957152 470.008662
198.901081 470.116880
199.093145 470.042334
199.005030 469.698608
199.186336 469.890494
199.354702 469.790167
199.466635 469.939452
199.345770 469.992412
199.490616 469.718316
199.664856 469.792190
199.576547 469.858510
199.795918 469.622332
199.619090 469.770085
199.981839 469.693572
200.258217 469.271098
200.326690 469.817770
200.073820 469.733396
200.183467 469.392298
200.374388 469.789787
200.528092 469.489568
200.690845 469.354653
200.866680 469.649044
200.790400 469.260122
200.970695 469.386965
200.990224 469.477133
201.042828 469.134642
201.284507 469.274777
201.193086 469.287503
201.274634 469.269274
201.340812 469.091776
201.311892 469.002539
201.434328 469.187967
201.510061 468.982695
201.628385 469.038734
201.823749 469.213609
201.600207 468.841532
201.977793 468.580731
202.235621 468.773351
201.937808 468.893142
201.809603 468.735621
202.072883 468.657300
202.359929 468.733662
202.447639 468.882482
202.477264 468.472473
202.733821 468.467700
202.694480 467.840136
202.781486 468.372240
202.729924 468.237229
203.012200 467.981156
203.430578 468.411747
203.095058 468.474407
203.162079 468.005327
203.356143 467.843888
203.373200 468.218231
203.444452 467.769558
203.475901 467.916999
203.414635 467.536392
203.428884 467.755306
203.856193 468.190120
203.896437 467.605142
203.785231 467.831446
204.020831 467.672997
204.044761 467.738999
204.424632 467.504796
204.193159 467.522774
204.180029 467.061479
204.403331 467.223104
204.606590 467.302780
204.713449 467.088564
204.738160 466.913742
204.788685 467.063698
204.868112 466.985874
204.909239 467.054801
204.943623 466.985132
205.217405 466.773370
205.254949 466.742792
205.304487 467.084723
205.082613 466.347728
205.305745 466.504258
205.280949 466.495013
205.358496 466.694957
205.685926 466.589589
205.942399 466.235039
205.299433 466.588632
205.789801 466.210706
205.559983 465.949779
206.012304 466.064052
205.663597 465.876958
206.221814 466.141854
206.174395 466.306692
206.374017 466.084190
206.497648 465.867911
206.174329 465.433265
206.341472 465.641685
206.530212 465.588269
206.604334 465.532379
206.832660 465.390080
206.718434 464.923386
206.969477 465.127794
206.779196 465.300684
207.130167 465.198785
207.212095 464.858462
207.111417 464.865374
207.481836 465.002275
207.262240 464.923275
207.431420 464.703319
207.521539 464.771925
207.506386 464.379692
207.657009 464.450111
207.508042 464.296468
207.718359 464.337285
207.915875 464.222375
207.974861 464.118806
208.064888 464.155366
208.143989 464.230100
208.091672 463.694691
208.197812 463.973777
208.288539 463.818293
208.101615 463.563199
208.515948 463.722265
208.397613 463.577457
208.478474 463.265880
208.670635 463.387177
208.794211 463.379537
209.060999 463.327285
208.829895 463.240404
208.738396 463.028567
209.190958 463.028886
209.231495 463.126603
209.070381 462.871935
209.241637 462.832078
209.347337 462.693887
209.635676 462.582448
209.446066 462.343433
209.447222 462.464616
209.821876 462.182105
209.427235 462.033119
209.837261 461.895064
209.551822 461.878894
209.612914 461.902394
209.932038 461.770179
210.259866 461.532053
209.816262 461.570637
210.281783 461.266652
210.229072 461.334740
210.361329 461.199777
210.829401 461.157562
210.530498 461.028591
210.178603 461.212360
210.174010 461.112215
210.521689 460.607870
210.775853 461.043657
210.912325 460.587696
210.821334 460.615656
210.953001 460.526331
210.785926 460.399289
211.199991 460.016303
211.069154 460.098096
211.222742 460.063124
211.152098 459.785906
211.755894 459.690758
211.446283 459.688630
211.539744 459.793858
211.566922 459.638249
211.595573 459.522713
211.762835 459.276835
211.852622 459.281440
211.757776 458.948747
212.313172 459.065257
212.024162 458.980123
212.139892 458.440184
212.243644 458.653259
212.342259 458.448535
212.327178 458.628828
212.407889 458.285490
212.555457 458.182596
212.730973 458.106994
212.695309 457.918562
212.523556 458.022652
212.819860 457.900510
212.960811 457.474207
212.937938 457.282990
213.067449 457.309851
213.129129 457.469986
213.047515 457.245601
213.381097 456.888504
213.363523 457.041445
213.478342 456.662571
213.405706 456.962220
213.678020 456.567008
213.501097 456.843982
213.398852 456.445853
213.707148 456.363471
213.609022 456.365989
213.950977 456.377399
213.767203 455.915956
214.119004 456.143315
214.021298 455.524191
214.058576 455.780055
214.260812 455.683818
214.515857 455.333282
214.159389 455.098253
214.344488 455.311777
214.689748 455.071565
214.500560 454.898228
214.749902 454.682849
214.617713 454.664110
214.696801 454.825099
214.634416 454.799886
214.737168 454.185830
214.803500 454.283103
214.967600 454.230449
214.913158 453.687337
215.047979 453.855923
214.949982 453.673201
215.317523 453.442984
215.180244 453.274096
215.348894 453.380796
215.849032 453.360689
215.314043 452.828535
215.553074 453.167587
215.734418 452.725013
215.852240 452.882624
215.987317 452.387558
215.899647 452.226432
215.779107 452.097497
215.926442 451.944155
216.147698 452.027568
215.967430 451.971685
216.392267 451.819721
216.140577 451.593973
216.277895 451.399552
216.102056 451.315832
216.610443 451.115941
216.199619 451.093725
216.719641 450.715290
216.647692 450.901579
216.764598 450.789231
216.840089 450.333479
216.905993 450.642698
216.844967 450.356384
216.790601 450.360318
216.914471 450.276093
217.014617 449.993736
217.055893 450.036736
216.904300 449.673075
216.952333 449.299168
217.612096 449.477897
217.090680 449.202203
217.363192 449.149595
217.797501 449.022833
217.648852 448.861184
217.483409 448.749983
217.848998 448.412401
217.677927 448.580801
217.869051 448.051364
217.837369 448.011600
217.954522 447.927196
217.989942 448.046679
218.215228 447.875132
217.899157 447.526062
218.392458 447.474522
218.177144 447.108246
218.485771 447.045308
218.501653 446.955835
218.449319 446.805187
218.405000 446.896679
218.674060 446.705405
218.574764 446.268042
218.668486 446.073119
218.880242 446.162086
218.763614 445.859731
218.959058 445.646882
218.903069 445.845551
218.914302 445.385283
219.463735 444.994799
218.972026 445.433920
219.149825 445.089491
219.590699 444.756774
219.245436 444.775385
219.384119 444.484088
219.436743 444.212293
219.587768 444.384995
219.554778 444.074184
219.722319 443.874582
219.654706 443.792255
219.982571 443.641937
219.805472 443.471142
219.825644 443.197098
219.805947 443.316590
219.918968 443.046721
219.993333 442.678643
220.055419 442.931964
220.123222 442.465191
220.181426 442.360309
220.340001 442.192248
220.351122 442.023482
220.479343 441.986567
220.517346 441.877240
220.530502 441.806243
220.675035 441.689141
220.652785 441.348087
220.621970 441.150553
220.906477 440.933962
221.066995 440.832855
221.139962 440.511541
220.920192 440.433904
221.172473 440.443811
221.068493 440.117905
221.134928 440.133384
221.323232 439.853818
221.189648 439.715778
221.334860 439.575701
221.306125 439.635887
221.338431 439.438328
221.700321 439.189812
221.830824 438.967055
221.560575 438.640801
221.565701 438.680093
221.502478 438.176016
222.012566 438.375829
221.902893 438.196577
222.014856 437.863872
221.736308 437.917845
222.081345 437.352080
222.093493 437.320988
222.112500 437.174538
222.270062 437.024562
222.071637 436.988521
222.375170 436.505103
222.421012 436.683170
222.394031 436.408891
222.359443 435.948599
222.609475 436.027954
222.652671 435.835607
222.606129 435.724513
222.692559 435.659116
222.695271 435.141180
222.837190 434.990686
222.492119 434.849638
222.862991 434.722415
222.754766 434.635424
223.224146 434.620511
223.099243 434.460909
223.088204 434.016749
223.312210 433.812485
223.316643 433.796811
223.268153 433.557260
223.549095 433.212539
223.474732 433.232302
223.378962 433.105741
223.593262 432.914890
223.638287 432.959760
223.566960 432.633550
223.451792 432.462397
223.487951 432.311226
223.752049 432.063482
223.660261 431.864481
224.057367 431.775545
223.986282 431.502962
224.215714 431.435372
224.005138 431.058716
224.051749 430.960737
224.034430 430.462401
224.230510 430.643840
224.345869 430.588087
224.178604 430.167475
224.210614 430.100113
224.465713 429.809587
224.541965 429.593832
224.436716 429.754778
224.765769 429.307597
224.467122 429.120281
224.838523 428.994796
224.957728 428.969919
224.847571 428.531935
224.839915 428.356073
225.103503 428.170106
224.769376 428.118796
225.060250 427.793983
224.834086 427.854270
225.286512 427.322621
225.258199 427.144675
225.084641 426.806202
225.458857 427.066460
225.348631 426.738655
225.711423 426.447173
225.323472 426.392160
225.636537 426.140737
225.393053 425.882124
225.762497 425.916052
225.461849 425.436778
225.617312 425.427380
226.148666 425.199050
225.879444 424.932776
226.310337 424.772185
225.898116 424.695732
225.828488 424.603140
226.078085 424.164646
226.042081 423.815880
226.100164 423.567426
226.167899 423.642622
226.199021 423.437574
226.212897 423.517854
226.606832 423.114770
226.614178 422.901390
226.448870 422.629917
226.650390 422.653520
226.403662 422.391093
226.571069 422.037803
226.696086 421.690971
226.686094 422.067641
226.867709 421.419005
226.936465 421.407474
226.856366 421.110870
226.955548 420.914142
226.980350 420.917908
227.179500 420.416210
227.037625 420.655128
227.428035 420.272686
227.450588 420.201295
227.239879 419.523187
227.300957 419.432586
227.380972 419.688845
227.448134 419.110863
227.285669 418.735638
227.225336 419.075260
227.689732 418.612476
227.588421 418.424946
227.659563 418.441892
227.769727 417.735766
227.920124 417.543441
227.749839 417.424512
227.866496 417.243085
227.703378 417.073638
228.081651 417.001448
228.109120 417.031769
228.094186 416.711387
227.962333 416.411064
227.984682 416.304429
228.342123 416.163570
228.251068 415.950084
228.282545 415.528348
228.428625 415.518001
228.732769 415.314748
228.285912 414.854668
228.304560 414.808733
228.383558 414.796955
228.553409 414.484084
228.668444 414.234347
228.538700 413.972443
228.678488 413.756704
228.809645 413.668289
228.769386 413.483520
228.936815 413.399447
228.438682 412.850625
229.172430 412.361978
229.254343 412.545377
228.773248 412.434510
228.969563 411.981120
229.394944 411.852123
229.079074 412.003214
229.410000 411.443444
229.199810 411.254392
229.602352 410.928716
229.222134 411.058129
229.418287 410.672620
229.586659 410.389396
229.191569 410.206189
229.788524 410.353740
229.631805 409.813184
229.901357 409.696206
229.787833 409.099100
229.727985 409.217057
229.610180 408.918568
230.140346 408.723289
229.715629 408.266940
229.975738 408.251249
229.893735 408.159694
230.113248 407.939175
230.169548 407.515818
230.067280 407.438184
230.201596 407.422246
230.146688 406.943639
230.525206 406.870269
230.138507 406.585846
230.208834 406.247703
230.240106 406.084371
230.795119 406.140626
230.739263 405.937249
230.557565 405.619443
230.638939 405.183304
230.494804 405.262924
230.531998 404.942137
230.858094 404.808805
230.861125 404.299453
230.932186 404.242262
230.749820 403.747900
231.009394 403.596331
230.730809 403.874143
230.851833 403.331492
231.087874 403.187330
230.969209 402.852632
231.287890 402.698925
231.208441 402.197991
231.170665 402.432410
231.192081 401.942264
231.402375 401.955768
231.440814 401.561770
231.547746 401.671607
231.655282 400.973080
231.963632 400.788841
231.384678 400.813226
231.598704 400.601438
231.853833 400.466266
231.567231 400.116738
231.897036 400.042890
231.958061 399.786383
231.939553 399.365338
231.679553 399.284113
231.853023 399.185609
231.834029 398.719721
231.944420 398.699704
232.165010 398.335631
232.139692 398.351764
231.875023 397.998889
232.344890 397.845753
232.346676 397.324248
232.188790 397.316179
232.224534 396.963415
232.130362 396.590409
232.451306 396.481283
232.328591 396.292717
232.530646 396.057205
232.554295 395.884968
232.533593 395.645097
232.481076 395.346465
232.381392 395.021446
232.521619 394.911087
232.911888 394.743876
232.807511 394.377980
232.870548 394.547634
232.856874 393.943283
232.737496 393.879961
232.813538 393.720872
232.845182 393.138593
233.111257 392.965910
233.172358 393.088343
233.034628 392.736548
233.374426 392.407962
233.447362 392.200598
233.108869 392.036521
233.325165 391.963864
233.466168 391.620772
233.473384 391.363923
233.535462 391.030248
233.296087 390.910416
233.903220 390.771179
233.436354 390.629826
233.303134 390.153485
233.683812 389.860633
233.576402 389.706287
233.625426 389.384153
233.585381 389.037576
233.644205 389.025983
233.981217 388.711159
233.689542 388.820762
233.740783 388.363234
233.812732 388.010132
234.052032 387.955894
234.225498 387.755611
234.098692 387.517386
233.961733 387.373509
234.236793 387.033459
234.287235 386.505921
234.067876 386.515439
234.300156 386.349400
234.334793 386.002847
234.547807 385.850172
234.511413 385.744062
234.629226 385.379312
234.588658 385.138272
234.680772 385.207012
234.403204 384.518391
234.837477 384.425440
234.575369 384.059459
234.820342 384.013527
235.020705 383.681526
234.894538 383.708862
234.583915 383.068183
234.879361 382.905561
234.815013 382.657403
234.895578 382.385876
234.765280 382.344037
235.015383 382.197717
235.114314 381.878949
235.188261 381.442443
235.039809 381.385062
235.294002 381.204824
235.161111 380.843754
235.269469 380.461944
235.398299 380.514799
235.449342 380.311374
235.498583 379.643004
235.421550 379.474238
235.283658 379.431754
235.642768 379.264159
235.538719 379.244993
235.578795 378.597210
235.372143 378.371102
235.636538 378.033173
235.723962 378.072690
235.588642 377.803919
235.812481 377.455310
235.883239 377.204253
235.899701 377.291926
235.898081 376.643640
235.901227 376.608059
235.796831 376.168080
235.906807 376.248222
236.124718 376.058781
236.033238 375.934182
235.950919 375.466169
236.079425 375.384181
236.158273 374.765947
236.227427 374.512616
236.097976 374.579894
236.263376 374.329170
236.172932 374.155111
236.315184 373.426620
236.244576 373.270109
236.196758 373.315675
236.508524 373.086969
236.380374 372.837223
236.307996 372.444026
236.541580 372.189779
236.617597 372.030658
236.710278 371.838215
236.819933 371.479146
236.811346 371.351177
236.787009 371.087863
236.463948 371.113558
236.686945 370.464478
236.812668 370.145334
237.159615 370.006651
236.831828 369.732807
237.036573 369.824170
237.048495 369.256085
237.242513 369.172051
236.972196 368.875902
237.136672 368.679340
237.153575 368.404326
237.469064 368.582642
237.251855 367.776739
237.104577 367.792914
237.054661 367.400187
237.393621 367.211112
237.309738 367.215821
237.525883 366.625714
237.559892 366.424827
237.400872 366.147253
237.691547 365.880398
237.539281 365.873022
237.631352 365.511731
237.521649 365.580849
237.779849 364.631386
237.888343 364.549104
237.522471 364.392568
237.952467 364.211538
237.830844 363.756942
237.995990 363.722301
237.676637 363.565954
237.978827 363.284731
238.134328 363.114171
238.201166 362.772961
238.027438 362.665263
238.219924 362.240033
238.364077 362.061570
238.116953 361.864717
238.022848 361.305622
238.494500 361.466151
238.082425 361.080975
238.349381 360.741024
238.505608 360.493759
238.474239 360.227000
238.436147 360.307584
238.465880 359.755346
238.462563 359.690653
238.399656 359.275966
238.762669 359.297943
238.433335 358.643763
238.374721 358.427318
238.559004 358.336122
238.428350 358.123530
238.234703 357.874094
238.945582 357.423552
238.306634 357.383419
238.877818 357.049713
238.841112 357.057096
239.094247 356.705520
238.689435 356.393536
238.758740 356.118018
238.906476 355.786862
239.206215 355.590433
238.788210 355.433519
239.147035 355.136175
238.961610 354.815516
239.023193 354.556459
239.039878 354.350720
238.975361 354.172536
239.094918 354.018658
239.302955 353.864465
239.074577 353.601717
239.295141 353.234241
239.479452 353.036886
239.388546 352.712131
239.398828 352.504262
239.312045 352.206905
239.709907 352.198233
239.672354 351.867448
239.623780 351.557234
239.870049 351.141880
239.373143 350.875266
239.672170 350.527958
239.497519 350.328275
239.525577 350.289739
239.998619 350.004705
239.566524 349.684960
239.679722 349.446305
239.717703 349.302161
239.979190 348.856978
239.982136 348.664827
240.198162 348.120338
240.033521 348.342199
239.949065 347.831006
240.063134 347.517979
239.988464 347.252331
240.074694 346.842133
240.043236 346.989618
240.109158 346.593938
240.333030 346.642216
240.119806 346.336067
239.999979 345.778183
240.375044 345.693394
240.344621 345.534113
240.328386 345.268358
240.317446 344.809413
240.141515 344.754502
240.324494 344.553648
240.637996 344.118619
240.531466 343.931008
240.519417 343.431895
240.798790 343.314822
240.693063 343.192972
240.688766 342.931343
240.813764 342.517091
240.857357 342.421743
240.745985 342.083726
240.764805 341.981957
240.627299 341.386055
240.793311 341.498482
240.821067 341.347839
241.091685 341.101501
241.146443 340.679588
241.044920 340.286642
240.588293 340.198638
240.906560 339.856497
240.680672 339.770119
241.054345 339.295664
240.942454 339.011147
241.019705 338.736119
240.965794 338.599015
241.157999 338.508080
240.976927 338.060964
241.136844 337.927614
241.293547 337.752449
241.607950 337.373853
241.442504 337.009826
241.374724 336.874555
241.745285 336.448431
241.435017 336.370802
241.372608 336.169252
241.518478 335.882800
241.438584 335.723527
241.437864 335.305970
241.735020 335.319912
241.525830 334.952080
241.655975 334.763662
241.715870 334.610020
241.959381 333.957862
241.710774 333.739648
241.777936 333.327999
241.569236 333.501912
241.901594 333.210310
241.744940 332.687960
241.881730 332.801381
241.952164 332.369726
242.147571 332.147546
242.028217 331.903015
242.002301 331.823220
242.045196 331.227437
242.193002 331.225815
242.049875 330.940708
242.311961 330.077647
241.921587 330.388776
242.070477 330.329958
242.288408 329.810046
242.278768 329.516601
242.202890 329.340154
242.479247 328.838117
242.394528 328.751038
242.400891 328.454018
242.439089 328.154272
242.443969 328.024368
242.226691 327.874476
242.084135 327.503712
242.311726 327.346952
242.514273 327.179290
242.563699 326.773154
242.791405 326.483740
242.648130 326.515775
242.781105 326.347654
242.779881 325.719171
242.901299 325.685377
242.728361 325.376464
242.786072 325.118595
242.832400 324.772849
243.109865 324.609234
242.685980 324.320545
242.869661 324.084734
242.979470 323.841235
242.717634 323.299645
243.211366 323.279389
243.230843 323.111099
242.978983 322.527272
243.164529 322.606759
243.379171 322.247423
243.156640 321.755248
243.082886 321.812031
243.149961 321.392751
243.443878 321.512976
243.099596 321.036168
243.224118 320.992832
243.352553 320.608509
243.205193 320.466876
243.329088 320.296053
243.566252 319.667862
243.509844 319.550940
243.426005 319.375859
243.483743 319.016579
243.421166 318.649712
243.555694 318.537221
243.733859 318.056312
243.617597 318.247692
243.527236 317.601239
243.518143 317.625659
243.495365 317.259081
243.613042 316.919089
243.695579 316.698518
243.714462 316.495936
243.837985 316.185371
243.896250 315.930864
243.785534 315.758530
243.624175 315.378594
243.809344 315.097847
243.902713 314.890853
243.828644 314.902853
244.305545 314.649199
244.065715 314.418407
244.095921 313.960452
244.093289 313.698967
243.773580 313.372979
244.007666 313.321608
244.087550 312.729038
244.183077 312.791984
244.330393 312.553656
244.601194 312.118980
244.467762 312.137372
244.202434 311.730185
244.213349 311.481044
244.286312 311.183184
244.379461 310.844883
244.576378 310.882362
244.330831 310.630493
244.304811 309.983989
244.537129 310.084130
244.406341 309.831690
244.838638 309.955289
244.440922 309.303158
244.414850 309.429670
244.561008 308.884793
244.667775 308.348141
244.649779 308.054623
244.611986 307.968478
244.768869 307.419026
244.752410 307.893888
244.646592 307.311033
244.752955 306.590103
244.694168 306.662259
244.997557 306.510929
244.864468 306.368652
244.943866 305.994471
245.051685 305.564386
244.947450 305.710500
244.684278 305.155651
245.055632 305.060436
245.008600 304.842442
244.952908 304.676830
245.141913 304.554220
245.266494 304.116783
245.378693 303.665734
245.149044 303.275939
245.350330 303.538915
245.173640 302.860616
245.441872 302.685065
245.224145 302.779136
245.272637 302.272869
245.594844 302.142172
245.220058 302.032117
245.145034 301.710306
245.506318 301.233614
245.342488 300.898283
245.745183 300.836911
245.417729 300.657516
245.719483 300.372521
245.669786 300.221144
245.600478 299.878963
245.600765 299.436139
245.454405 299.406185
245.564562 299.089120
245.660010 298.991594
245.765487 298.645882
245.706820 298.333158
245.725096 298.145335
245.543732 297.859057
245.883725 297.675223
245.693194 297.307372
245.823907 297.043937
245.724680 296.716455
245.934742 296.691821
245.981725 296.257948
246.043402 296.113617
245.937436 295.759503
245.961453 295.760796
246.036334 295.389829
245.939830 295.582009
245.776277 294.614501
246.063311 294.703941
246.434067 294.506534
246.239141 294.322951
246.234243 293.647376
246.284153 293.728972
246.597303 293.344070
246.486371 293.004126
246.553574 292.984082
246.475080 292.825909
246.477061 292.491215
246.302833 292.208980
246.312239 291.972485
246.211532 291.771786
246.625243 291.682903
246.701496 291.282261
246.507058 290.977983
246.614775 290.880824
246.632366 290.328542
246.814060 290.359182
246.781647 290.052664
246.619570 290.092933
246.523904 289.306617
247.009393 289.353546
246.671396 288.987492
246.460352 289.113212
246.892706 288.667608
246.936145 288.212011
246.906770 288.270285
246.532824 287.955155
247.001161 287.639431
246.781787 287.357940
246.871401 287.195883
246.885808 287.014921
246.913350 286.581201
247.191845 286.394106
247.121757 285.982764
247.295582 285.718829
247.107412 285.662374
247.003822 285.414420
247.328943 285.476066
247.133559 284.921373
246.912732 284.992152
247.059865 284.358414
247.260838 284.365152
247.498933 284.341502
247.408833 283.703681
247.222538 283.509450
247.467014 283.440107
247.464162 282.773482
247.311961 283.037058
247.342174 282.567539
247.856395 282.329664
247.686116 282.377856
247.611542 281.798240
247.181014 281.496194
247.644705 281.475520
247.749227 280.982671
247.628470 280.602992
247.491287 280.751997
247.321516 280.557334
247.948582 279.981779
247.660276 280.217462
247.799313 279.781928
247.765443 279.279331
247.753880 279.441013
247.812530 279.119318
247.770290 278.643538
247.784926 278.379629
247.670309 278.298069
247.865375 277.923607
248.029129 277.688681
248.013573 277.667072
248.224635 277.407662
248.118177 277.131743
247.813648 277.013222
248.301612 276.630693
248.388739 276.552531
248.399778 276.151536
247.991881 275.952021
248.040587 275.738450
248.138209 275.498563
248.185871 275.093101
248.144882 275.195110
248.239673 274.569269
247.971576 274.487832
248.340806 274.125116
248.055768 274.152376
248.827857 273.965309
248.224114 273.583271
248.380636 273.176716
248.212690 273.112783
248.566679 272.939001
248.370494 272.744508
248.576005 272.287875
248.339962 272.299391
248.717882 272.030921
248.749139 271.957811
248.367801 271.577365
248.819240 271.443577
248.860714 270.953532
248.773670 270.926399
248.606457 270.607007
248.521192 270.219688
248.794845 270.273497
248.770344 270.114833
249.018610 269.506389
248.804747 269.347555
248.968178 269.300218
248.750365 269.100695
248.696047 268.908512
248.552991 268.474885
248.837394 268.373227
249.006174 267.713359
248.791186 267.724435
249.195264 267.827783
249.144693 267.567292
248.954117 267.187264
249.110816 266.733896
249.063892 266.613605
249.209541 266.512876
249.083536 266.130392
248.905377 266.057750
249.199625 265.749555
249.321669 265.451722
249.119881 265.208020
249.237561 265.103445
249.222885 264.777332
249.138970 264.555131
249.100995 264.290153
249.468689 264.188154
249.388904 263.902112
249.572011 263.532562
249.527938 263.375566
249.527968 263.234110
249.429375 263.077837
249.438552 262.623297
249.487655 262.391460
249.606504 262.263089
249.419766 262.183707
249.694236 261.876357
249.614739 261.816187
249.642519 261.493241
249.537557 261.313692
249.710976 261.083497
249.716058 260.668708
249.601333 260.526786
249.737332 260.139416
250.018482 260.264291
249.550259 259.566237
249.652117 259.687391
250.306618 259.263649
249.881680 259.418065
249.879570 259.162902
250.118592 258.768721
250.135385 258.691263
249.817246 258.302651
249.957913 258.111444
249.894828 257.735875
250.109855 257.662789
250.333931 257.474183
250.365550 257.418101
250.345981 256.470446
250.083961 256.849505
250.026040 256.480317
250.349413 256.346340
250.221405 256.378985
250.235030 256.065917
250.315507 255.694391
250.293793 255.333925
250.338947 255.035861
250.488477 255.038570
250.355413 254.921869
250.289713 254.288859
250.533886 254.158882
250.286002 254.171642
250.664871 253.812313
250.410726 253.937140
250.357316 253.620697
250.658304 253.167155
250.598005 252.929736
250.543191 252.818730
250.561715 252.377635
250.799255 252.317452
250.836544 252.168540
251.163626 252.059090
250.564415 251.553502
250.656573 251.479196
250.567808 251.158945
250.842635 250.877962
250.850047 250.932153
250.738987 250.772790
250.927162 250.631399
251.038796 250.220919
250.940152 250.107710
251.045142 249.570355
251.152160 249.526179
251.207990 249.423457
250.965158 249.183029
251.303384 248.857316
250.855596 248.718303
251.325669 248.782000
251.316404 248.013072
251.150662 248.046950
251.184507 247.742186
251.194470 247.516796
251.608495 247.491601
251.207615 247.085105
251.453693 247.147193
251.509081 246.900521
251.289291 246.528417
251.269697 246.366138
251.511941 246.133675
251.476586 246.119096
251.390643 245.942888
251.546610 245.643769
251.504498 245.402714
251.404158 245.041556
251.595594 245.092335
251.548328 244.824574
251.573119 244.423129
251.634485 244.389716
251.554163 244.034727
251.608077 243.943257
251.485984 243.749150
251.771366 243.531236
251.672700 243.335082
251.616442 242.971791
251.926708 242.679792
251.735099 242.585764
251.954151 242.249985
251.793308 242.096994
252.155023 242.012374
251.853666 241.865150
252.086142 241.331643
251.819381 241.470067
251.912038 241.015908
251.925167 241.050953
252.105371 241.116895
251.835659 240.396381
251.925395 240.560372
251.997215 239.982728
252.278508 239.895909
252.349010 239.835720
252.107507 239.734427
252.354248 239.622715
252.194913 239.146951
252.502873 239.159005
252.345747 238.662553
252.175208 238.373423
252.208817 238.355321
252.203808 238.292937
252.020952 237.863389
252.330879 237.873862
252.536489 237.397162
252.517591 237.224575
252.552203 236.997970
252.552916 237.201167
252.864963 236.944079
252.429438 236.503653
252.469449 236.290652
252.372522 236.088546
252.827641 236.319415
252.750467 235.816154
252.811518 235.350238
252.609024 235.509997
252.726260 235.136155
252.914693 234.707746
252.987004 234.674584
252.921789 234.599383
252.971943 234.551271
252.736278 234.331405
252.989450 234.223253
252.859689 233.991454
253.073645 233.551136
253.139970 233.365986
253.152247 233.211414
253.056967 233.041542
253.218344 232.823479
253.178863 232.731824
252.988397 232.586115
253.363763 232.330028
253.229244 231.931786
253.387347 231.635878
253.241157 231.905090
253.141787 231.560453
253.161807 231.385459
253.084130 231.032270
253.226368 230.917016
253.092516 230.935847
253.419887 230.444581
253.622425 230.322784
253.463259 230.178303
253.689136 229.967650
253.316100 229.766658
253.564993 229.558849
253.430350 229.251235
253.299048 229.254636
253.454226 228.896347
253.681656 228.965128
253.475736 228.561335
253.597844 228.500950
253.526815 228.116040
253.771718 227.957459
253.580339 227.858101
253.623108 227.630843
253.979078 227.457726
253.791914 227.226270
253.610277 227.136332
254.017003 227.112277
254.318501 226.691986
253.946791 226.384983
254.220385 226.512666
254.112778 226.267644
253.974857 225.611949
254.208385 225.907539
254.085657 225.498429
254.203291 225.482483
254.129418 225.087195
253.957228 225.055636
254.135817 224.729139
254.438156 224.635715
254.194407 224.557154
254.451306 224.218770
254.228921 223.961036
254.440418 224.033577
254.333191 223.830032
254.608163 223.588851
254.274555 223.336788
254.543173 223.330377
254.486966 222.963696
254.523345 222.970174
254.483732 222.679632
254.565320 222.578955
254.448807 222.292115
254.290029 222.248727
254.557385 222.211994
254.332755 221.825732
254.715933 221.516510
254.726034 221.485062
254.759637 221.229145
254.230340 221.098117
254.747635 220.798422
254.561418 220.808935
254.846389 220.790056
254.692682 220.553947
254.842979 220.124909
254.942075 220.154337
254.815212 220.082215
254.923640 219.485766
254.776865 219.655874
254.891596 219.333069
255.017322 219.127764
255.175250 218.897541
254.888831 218.450096
255.064477 218.581461
255.294974 218.341501
255.289728 218.230090
255.421383 217.954003
255.130166 218.028751
255.395686 217.880730
255.044259 217.744851
255.270263 217.165140
255.214991 217.185139
255.206111 217.261608
255.433729 217.065238
255.248396 216.472717
255.475505 216.557519
255.564444 216.480906
255.485645 216.331819
255.501093 216.072465
255.813716 216.065479
255.386536 215.465355
255.775325 215.468103
255.579416 215.291545
255.675685 215.134174
255.475550 214.760295
255.322825 214.701987
255.892852 214.551827
255.733180 214.693361
255.961375 214.274532
255.898606 214.134997
255.528784 214.168471
255.863735 213.727120
255.905809 213.742843
255.927606 213.381978
255.904176 213.407743
256.071226 213.164523
255.823471 213.095853
256.199329 212.778454
256.117521 212.860908
256.228278 212.741539
256.139941 212.587472
256.328224 212.088971
256.199851 212.085426
256.078663 211.838128
255.908170 211.831722
256.364753 211.735754
256.467802 211.310632
256.269612 211.471464
256.483697 210.968140
255.995854 210.883589
256.217836 210.766760
256.551967 210.380038
256.475811 210.254786
256.835232 210.285234
256.562459 209.961532
256.199611 209.815255
256.404386 209.976220
256.404162 209.765922
256.667949 209.466987
256.260219 209.243418
256.807289 209.248913
256.712635 208.795534
256.737654 208.892180
256.674411 208.762452
256.669397 208.239979
256.708099 208.281560
257.016106 208.337299
256.854374 207.991931
256.974428 208.142942
256.774399 207.668135
257.120868 207.681614
256.911313 207.628569
257.088680 207.159953
257.076030 207.146698
257.311653 207.085594
257.165232 206.861494
257.199836 206.480448
256.932547 206.594849
257.239716 206.323860
256.909125 206.069457
257.318624 206.100210
257.170894 205.790685
257.336248 205.756573
257.301586 205.553023
257.377269 205.520865
257.290056 205.577956
257.324999 205.203903
257.209923 204.879823
257.610103 204.989650
257.533643 204.631143
257.583929 204.434726
257.720866 204.041281
257.532118 204.168301
257.813641 204.110767
257.834594 204.210198
257.746811 203.600855
257.595164 203.625190
257.797994 203.610835
257.568193 203.525714
257.645174 203.209394
257.865772 203.097774
258.092305 203.143222
257.688972 202.658851
258.089180 202.700407
258.040888 202.543196
258.161171 202.511515
258.124549 202.150909
258.127719 201.867848
258.030552 201.871344
257.980256 201.683736
257.825754 201.867926
258.125144 201.513804
258.262451 201.558711
258.418029 201.193054
258.275977 200.981168
258.388011 200.979619
258.444805 200.960368
258.456078 200.776825
258.382299 200.370443
258.449063 200.670125
258.365110 200.177086
258.553434 200.391239
258.335135 199.639431
258.429673 199.878806
258.531120 199.687163
258.507817 199.491854
258.489856 199.505879
258.730560 199.077399
258.912764 199.245061
258.789402 199.000362
258.775394 198.738529
259.005587 198.983904
258.763090 198.438778
258.784123 198.590523
258.801948 198.248046
258.916205 198.102203
259.123458 198.241310
259.053873 197.859829
259.016503 197.999268
258.702720 197.730893
259.258871 197.839258
258.936643 197.476784
259.267203 197.484369
258.865973 196.870523
259.196472 197.115496
259.186088 196.860684
259.427963 197.000927
259.178956 196.672718
259.125817 196.779474
259.120317 196.229048
259.229126 196.103026
259.585916 196.479606
259.465109 195.952339
259.566034 195.738407
259.690240 195.741030
259.584506 195.515174
259.522645 195.248610
259.588043 195.498108
259.339472 195.086439
259.577789 195.065135
259.667720 194.978822
259.755912 194.854581
259.493196 194.781614
259.958171 194.648249
259.543852 194.519694
259.913430 194.212094
259.885855 194.427911
260.149374 194.131713
260.015265 193.964590
259.910093 194.074057
260.148405 193.836135
259.957562 193.841280
260.225164 193.305376
260.264975 193.402640
260.176093 192.953429
259.947527 193.283342
260.084671 193.136037
260.033409 192.672468
260.551902 192.910080
260.278884 192.687473
260.224740 192.587894
260.540880 192.353080
260.469789 192.042807
260.700196 192.328897
260.458532 192.009947
260.707792 191.866628
260.584758 191.777825
260.424082 191.863630
260.533901 191.660662
260.576920 191.454423
260.636690 191.260257
260.805718 191.229694
260.858551 191.239293
260.945945 190.938432
260.895666 190.871224
260.826305 190.675777
260.792091 190.763355
260.845601 190.445635
261.057832 190.495136
260.781540 190.344362
261.167329 190.380160
260.951345 189.936681
261.010952 190.192794
261.211260 189.535356
261.262472 189.435297
261.457549 189.783673
261.142527 189.562143
261.334964 189.361655
261.339484 189.306138
261.266522 189.444559
261.032564 189.113434
261.163699 188.969971
261.300773 189.270472
261.364230 188.759562
261.383022 188.805434
261.433732 188.466027
261.825328 188.574004
261.619677 188.711644
261.518991 188.121157
261.529574 188.317116
261.590478 188.209114
261.623641 187.652648
261.632609 187.862526
261.966545 187.909599
261.877555 187.712292
261.460871 187.544698
261.898306 187.354908
261.827678 187.429507
262.133538 187.488868
261.968570 186.971740
262.315754 186.940393
261.990107 186.678020
262.166496 186.874939
262.265345 186.715873
262.255802 186.664209
262.286768 186.656829
262.372956 186.407721
262.200026 186.399519
262.229611 186.156940
262.244373 186.399383
262.241802 186.079724
262.524642 186.012601
262.453028 185.795122
262.465267 185.276544
262.416026 185.790902
262.444144 185.508939
262.998191 185.246189
262.562878 185.256674
262.374874 185.067652
262.496466 185.183224
262.709872 184.685851
262.904678 185.055970
262.765176 184.956931
262.943859 184.582876
262.934314 184.653186
262.803282 184.377277
263.026214 184.783407
262.995962 184.375415
262.879965 184.211749
263.044412 184.101325
263.013070 184.058028
263.063731 184.159379
263.492442 183.767135
263.167253 183.854890
263.346144 183.584186
263.209995 183.695899
263.086863 183.849705
263.414872 183.381713
263.384200 183.176542
263.714274 183.235530
263.415835 183.422574
263.673143 183.041104
263.621093 182.932034
263.538683 182.860645
263.675039 182.970295
263.964519 182.392791
264.053754 182.785287
263.745454 182.480426
263.500384 182.637738
263.654086 182.470336
263.793793 182.043025
263.956548 182.274504
263.791252 182.245471
264.240324 182.105513
264.072165 181.837540
263.889549 181.802734
264.093856 181.781791
264.091777 182.070514
264.245442 181.467372
264.017898 181.270442
264.084822 181.535787
264.231791 181.263144
264.401398 181.367891
264.407096 181.202305
264.384361 180.925621
264.151632 180.921916
264.348711 180.839846
264.479683 180.811733
264.348681 180.787902
264.633533 180.650292
264.744811 180.692674
264.719241 180.510849
264.761773 180.591122
264.449350 180.571204
264.701104 180.431108
264.470920 180.191292
264.601171 180.157394
264.922449 180.164286
264.937597 179.839289
265.169223 179.749649
264.962743 179.759546
264.962242 179.590550
265.254951 179.838234
265.142400 179.630313
265.027263 179.561441
265.074713 179.517248
265.309692 179.393892
265.350256 179.445522
265.450937 179.581561
265.155969 179.027980
265.227592 179.111438
265.210898 178.989938
265.615839 179.107629
265.776175 179.055370
265.722369 178.777404
265.556940 178.918350
265.779727 178.429181
265.482998 178.500413
265.602696 178.775498
266.043043 178.558527
265.863784 178.731817
265.920561 178.456214
265.949802 178.360682
266.136957 178.346006
265.988153 178.110947
266.055169 177.853722
266.126144 178.055590
266.146085 177.797060
266.209266 177.932271
266.178956 177.894919
266.096668 177.555862
266.330398 177.379324
266.392766 177.955331
266.400420 177.709210
266.630301 177.674086
266.769103 177.323430
266.417833 177.463587
266.268303 177.327454
266.562137 177.460781
266.753855 177.319052
266.739989 177.151681
266.721069 177.195100
266.870824 176.912371
266.828390 176.948321
266.842730 177.072515
266.807310 176.701137
266.750323 176.693881
267.020527 176.695764
266.881583 176.777647
267.037532 176.708270
267.384801 176.827168
267.149949 176.537953
267.307703 176.621284
267.129425 176.188670
267.355145 176.349356
267.359848 176.340538
267.206234 176.126450
267.514435 176.122921
267.279308 176.050388
267.499050 175.960044
267.742937 176.103655
267.301783 175.961801
267.803704 176.367724
267.540859 175.823245
267.451198 175.849570
267.769712 175.755552
267.578550 175.777541
268.058771 175.811783
267.882306 175.548333
268.006203 175.483090
267.535643 175.195226
268.163849 175.601438
267.983480 175.231497
268.000986 175.107998
268.051739 175.512978
268.039853 175.082131
267.976030 175.182851
268.079125 175.200603
268.219375 175.306624
268.398481 175.077709
268.142941 174.961842
268.443776 174.962070
268.495829 174.881778
268.311734 174.455468
268.363903 174.922016
268.695880 174.895059
268.669612 174.711878
268.667616 174.376049
268.736444 174.489946
268.663112 174.393987
268.789220 174.634984
268.964149 174.307916
268.925475 174.398543
268.632476 174.507227
268.882192 174.410107
268.905715 174.396933
269.256856 174.276989
269.196343 174.097609
269.112662 173.986004
269.363529 174.290344
269.179120 174.076965
269.196625 173.834154
269.265027 173.810496
269.096833 173.994379
269.284290 173.903955
269.080767 173.884122
269.421493 173.737944
269.701821 173.774665
269.662113 173.762636
269.735489 173.597828
269.707693 173.643859
269.861974 173.555000
269.914901 173.683687
269.761075 173.676709
269.834749 173.435364
269.821001 173.334170
270.034316 173.430192
269.988178 173.552435
270.213140 173.405773
269.837318 173.427411
269.880601 173.186422
270.197160 173.516521
269.895956 173.022960
270.207908 173.323023
270.117469 173.066352
270.591346 173.285992
270.365438 173.273486
270.516673 172.953416
270.444212 172.963664
270.436837 173.095345
270.797613 172.779525
270.793614 172.808265
270.730383 172.980184
270.941022 172.901102
270.874010 173.119489
271.126799 173.003794
271.044966 172.893108
271.226235 172.898871
270.926688 172.775937
271.138080 172.523168
271.037933 172.961090
271.002287 172.753698
271.268097 172.795050
271.152928 172.507177
271.325925 172.503107
271.598687 172.598794
271.542974 172.396514
271.552189 172.894125
271.504129 172.327621
271.731947 172.400011
271.416731 172.277785
271.481644 172.501423
271.580419 172.269095
271.701169 172.440063
271.939621 172.538200
271.805473 172.483137
271.786461 172.565045
272.046931 172.326383
271.765087 172.411057
271.982622 172.151989
271.979215 172.131849
272.226006 172.266280
272.209455 172.462917
272.064113 172.204924
272.102007 172.226971
272.437165 172.143534
272.477051 172.191931
272.523776 171.878042
272.632914 172.329703
272.720042 172.010425
272.896644 172.068936
272.827929 172.116993
272.918893 171.758814
272.634033 172.059673
272.767637 171.910222
273.079684 171.864635
272.951184 171.989662
272.921605 171.570846
272.727160 171.864164
273.387452 171.780277
273.104721 172.185679
273.165043 171.936421
273.257176 171.720730
273.132937 171.757696
273.311758 171.710039
273.290126 171.846428
273.595558 172.149071
273.360404 171.825736
273.371307 171.678566
273.312248 172.019054
273.558082 171.892993
273.515573 171.386602
273.981837 171.485630
273.622453 171.898344
273.842929 171.680320
274.081810 171.656450
274.053847 171.504274
274.200016 171.597581
274.065005 171.564862
273.968537 171.622564
274.280590 171.620044
274.224667 171.578585
274.446648 171.422479
274.049232 171.847594
274.029249 171.887124
274.403972 171.688048
274.507598 171.518389
274.589735 171.917150
274.748081 171.499530
274.804154 171.425714
274.638591 171.618890
274.911141 171.385048
274.935507 171.527115
274.585521 171.735029
274.822302 171.281648
275.057813 171.326285
274.935229 171.407704
274.923995 171.737759
275.194617 171.346274
275.119400 171.581077
275.410600 171.638642
275.079616 171.374911
275.414774 171.682451
275.279215 171.473653
275.499981 171.610988
275.083322 171.527148
275.655719 171.345860
275.717242 171.382247
275.675993 171.443788
275.453485 171.605395
275.735079 171.802413
275.929906 171.338132
275.909181 171.726103
276.042171 171.860817
276.262831 171.478941
276.083140 171.948614
276.271746 171.491646
275.906507 171.362893
276.288906 171.584634
276.218359 171.518571
276.172229 171.703085
276.352657 171.680640
276.166780 171.890159
276.644853 171.788295
276.214237 171.767614
276.364541 171.705054
276.809884 171.808391
276.800369 171.932833
276.772258 171.541396
276.724421 171.673318
276.985608 171.519220
277.038358 171.683482
276.903448 171.555917
276.958130 171.750973
277.056152 171.827805
276.900201 171.503957
277.043059 171.900907
277.234474 171.750537
277.400928 171.854075
277.288955 171.552583
277.372245 171.548723
277.473005 171.674687
277.583318 171.831041
277.542809 171.909106
278.080214 171.549732
278.076055 171.693453
277.566320 171.708382
277.937088 171.898448
277.791599 171.792941
277.828335 171.982760
278.188266 171.870171
277.955963 171.866783
277.769635 171.930111
278.231198 171.898237
278.156124 172.137469
278.336986 172.043409
278.423665 172.023034
278.603544 171.812690
278.460205 171.692544
278.460282 172.352715
278.389200 171.904239
278.629291 172.217022
278.801239 172.024084
279.012627 172.115361
278.987619 172.381796
278.728330 171.937572
279.015183 172.209066
278.999019 172.240987
279.038014 172.454920
278.660739 172.431572
279.210514 172.242372
279.084855 172.467184
279.116511 172.319714
279.520789 172.076677
279.457229 172.393294
279.533575 172.298960
279.617200 172.546866
279.544203 172.726240
279.478778 172.334885
279.889685 172.427425
279.628902 172.416497
280.056842 172.626407
279.750998 172.250486
280.174165 172.592763
279.947395 172.444531
279.760469 172.407504
280.176998 172.556994
280.439475 172.794535
280.164603 172.543537
280.507829 172.652893
280.771781 172.749851
280.231521 172.456099
280.387050 173.006133
280.521495 172.441711
280.526069 172.800929
280.886663 172.937339
280.720116 172.946190
281.137769 173.088198
280.754506 173.060853
281.097191 173.336825
281.032194 172.968383
281.104645 172.975049
281.135556 172.955954
281.178438 172.888521
281.363605 173.257478
281.051554 173.280696
281.277364 173.411771
281.574412 173.394416
281.574839 173.106697
281.237098 173.315606
281.420333 173.356116
281.450664 173.477498
281.814025 173.201362
281.654770 173.490120
281.995152 173.494554
281.821274 173.518185
281.954481 173.447835
281.840294 173.568632
281.992002 173.577909
281.876085 173.757528
282.157313 173.679277
282.530061 173.935941
282.467907 173.585561
282.419042 173.819857
282.536402 173.832329
282.682877 173.946694
282.806568 174.008309
282.583489 173.874338
282.749883 174.021636
282.742164 173.995932
282.830387 173.955457
283.006404 174.210503
283.274738 174.266088
283.014516 174.342306
282.923368 174.253213
283.118723 174.147765
283.564479 174.207120
283.369041 174.398846
283.393236 174.146456
283.511248 174.339886
283.511239 174.428668
283.660688 174.534959
283.429732 174.547779
283.987442 174.270404
283.649297 174.495095
283.555825 174.366371
283.775395 174.855799
283.929864 174.586391
284.025518 174.842782
284.189342 174.819210
284.578695 174.896208
284.313473 174.820885
284.185308 174.770046
284.187204 175.071817
284.471244 174.939427
284.460654 175.237931
284.548629 175.129499
284.689618 175.244525
284.599380 174.846303
284.486912 175.314960
284.759751 175.257069
284.655524 175.234993
284.997937 175.407962
284.885232 175.276044
285.403210 175.459285
285.164966 175.343268
285.131439 175.550937
285.143424 175.654430
285.209987 175.577759
285.331212 175.489236
285.281813 175.805390
285.431678 175.808941
285.632202 175.936123
285.843787 175.839114
285.617047 176.015672
285.986294 175.985087
285.916091 176.058480
285.971083 176.233771
286.001947 176.280385
286.193109 176.563812
286.091230 176.465549
286.388418 176.161632
286.421545 176.489083
286.313999 176.080717
286.586032 176.308249
286.517225 176.289561
286.701089 176.333700
286.593040 176.577986
286.749278 176.494062
286.888481 176.843186
286.834441 176.782342
286.545378 177.120415
286.993827 177.031565
287.124886 176.998021
287.270438 176.949142
287.389760 177.337005
287.336881 177.133100
287.523321 177.274810
287.390473 177.218017
287.535609 177.440227
287.511501 177.501365
287.951716 177.528955
287.718295 177.582868
287.731858 177.387278
287.754934 177.407735
288.083558 177.599756
287.732528 177.806448
288.135335 177.834099
287.950642 177.679855
288.487102 177.816018
288.362239 177.984642
288.157189 177.804759
288.510622 178.039350
288.465291 178.302356
288.335626 178.197527
288.826298 178.393738
288.680789 178.398628
288.887541 178.258102
288.644008 178.580571
288.945561 178.785480
288.912920 178.723949
289.206049 178.710631
289.157975 178.557373
289.182087 178.687831
289.301641 178.667844
289.407455 179.155301
289.311366 179.031062
289.232014 179.090247
289.627614 178.942351
289.743717 179.158749
290.005104 179.224470
289.866023 179.250230
289.711497 179.727269
289.980309 179.447980
290.038829 179.247440
289.895378 179.281770
290.370907 179.674197
290.195921 179.450321
290.195120 179.715688
290.208315 179.928740
290.346507 179.822350
290.525851 179.603355
290.736201 180.004891
290.356436 180.007715
290.712786 179.978896
290.889382 180.382709
290.963314 180.058576
290.884003 180.041932
291.090184 180.257596
291.175934 180.596404
291.340961 180.576522
291.245564 180.371503
291.685914 181.015668
291.419596 180.818851
291.336045 180.765991
291.587554 180.805985
291.922386 181.011673
291.640841 180.974534
291.845870 180.867955
291.957091 181.171980
292.095043 181.302658
291.937880 181.220540
292.319477 181.457193
292.276689 181.554083
292.249604 181.373099
292.608989 181.580889
292.608437 181.669317
292.657418 181.625769
292.370127 181.787035
292.571514 182.001555
292.771807 181.744119
292.685574 181.840184
292.761067 182.110172
292.856898 182.373448
293.089558 182.145628
293.296776 182.484445
293.209948 182.368195
293.548150 182.617753
293.173510 182.597763
293.287058 182.783406
293.335003 182.629545
293.474044 182.873244
293.486761 182.878665
293.399148 183.081582
293.396565 183.057310
293.914643 183.032859
294.119938 183.354327
294.193965 183.432478
294.160105 183.283032
294.228626 183.583007
294.259402 183.135697
294.093875 183.844453
294.300558 183.560941
294.644190 183.865739
294.664868 183.831794
294.341428 184.222005
294.681680 184.131974
294.838624 183.967760
294.856239 184.102492
295.222966 184.013763
295.113972 184.558797
295.057225 184.373608
295.036811 184.695612
295.122319 184.626426
295.076857 184.481179
295.484758 184.524648
295.492785 184.572048
295.624190 184.677339
295.531612 184.976308
295.484980 185.113109
295.728208 185.340200
295.851994 185.050745
296.027225 185.415255
295.725978 185.252216
296.360369 185.275486
296.069272 185.275997
296.280884 185.409676
296.480719 185.456333
296.422724 185.736623
296.483762 185.813751
296.511538 185.800183
296.921366 186.081658
296.881574 186.260951
296.959980 186.141621
297.067685 186.235588
297.323989 186.388988
297.150602 186.677480
297.348979 186.423100
297.378682 186.422334
297.351586 186.726618
297.491627 186.761615
297.409223 186.932642
297.717911 186.858120
297.713387 187.119974
297.872821 187.186130
297.952469 187.310666
298.072286 187.375883
297.969954 187.445059
298.028717 187.394810
298.262843 187.579183
298.192822 187.742394
298.263816 187.815762
298.260589 188.033306
298.616371 187.993154
298.629049 187.813206
298.459242 188.112429
298.737317 188.239566
299.032106 188.342231
298.815928 188.464530
298.952069 188.519187
299.216934 188.471068
299.430093 188.587872
299.299380 188.920037
299.407013 188.694967
299.410711 188.945041
299.480684 188.924870
299.773552 189.063020
299.976547 189.159065
299.647155 189.237716
300.024511 189.279197
300.137155 189.458735
300.113492 189.440669
300.143897 189.640683
300.381238 189.663915
300.074595 189.660588
300.292214 190.014105
300.345066 189.864441
300.518869 190.101286
300.636814 190.004729
300.688331 190.433445
300.879875 190.441375
300.792747 190.435316
300.804943 190.656647
301.204864 190.630447
301.107308 190.634157
301.232313 191.103587
301.228555 190.980888
301.558908 191.027873
301.312367 191.187933
301.824270 191.255049
301.675939 191.319564
301.448942 191.469893
301.782740 191.380883
302.126813 191.470410
302.043269 191.523271
302.166066 191.593885
302.235942 191.918691
302.400257 191.802565
302.311405 191.970073
302.572508 191.930605
302.493083 192.359840
302.665507 192.153418
302.893972 192.489614
302.964518 192.514497
302.907869 192.704758
302.924671 193.104586
303.037597 192.921117
303.070053 192.884784
303.232673 192.958743
303.200612 193.169744
303.368894 193.581507
303.492348 193.261855
303.700823 193.721899
303.456350 193.742174
303.626891 193.583336
303.665843 193.685584
303.755405 193.764013
304.001924 193.932525
304.179737 194.093620
304.219071 194.348039
304.345342 194.434081
304.429254 194.257295
304.295361 194.034299
304.523730 194.380099
304.674777 194.845986
304.429171 194.855209
304.630715 194.576796
305.283767 195.069153
304.591971 195.257787
305.094035 195.381548
305.079394 195.288442
305.326323 195.049446
305.418397 195.581159
305.346132 195.642096
305.678900 195.668229
305.841101 195.862988
306.003986 195.907905
306.008708 195.949527
306.045235 196.124743
306.101014 196.287079
306.078410 196.230336
305.946850 196.415408
306.132720 196.368464
306.342524 196.685312
306.577865 196.759544
306.556176 196.835640
306.541318 197.127525
307.010098 196.910219
306.672488 196.929935
306.811638 197.067914
307.088558 197.338804
307.262385 197.442713
307.259179 197.474865
307.553952 197.865751
307.293709 197.773889
307.466163 197.793666
307.513288 197.765294
307.649531 198.183768
307.989782 198.289345
307.897823 198.454325
307.957628 198.339220
307.863398 198.640989
308.307712 198.425652
308.060574 198.972705
308.376516 198.618080
308.389878 198.971860
308.690960 199.112589
308.864799 199.206319
308.785245 199.387019
308.736214 199.221975
308.693436 199.530775
308.894116 199.560724
309.109005 199.578460
309.127228 199.884474
309.525613 199.779806
309.259685 200.238990
309.484836 199.973097
309.516460 200.292131
309.647787 200.285219
309.562224 200.261842
310.017565 200.548987
310.096974 200.338475
309.953494 200.747992
310.236665 201.121536
310.261494 200.783487
310.212747 200.824332
310.623998 201.110485
310.421714 201.413841
310.815643 201.302410
310.631585 201.502278
310.551511 201.642184
311.003242 201.703585
311.103980 201.787199
311.119567 202.101799
311.206757 202.246370
311.414983 202.072228
311.376427 202.119455
311.661859 202.746637
311.537769 202.484237
311.745635 202.563095
311.744716 202.754230
311.647195 202.637499
311.999005 202.888330
312.090583 203.076050
312.337551 202.940608
312.153232 203.369463
312.366246 203.346647
312.631843 203.153653
312.771482 203.568815
312.454298 203.831601
313.013005 203.986073
312.803477 203.975399
313.019717 203.776190
313.421647 203.943441
313.445294 204.198836
313.273518 204.276173
313.541817 204.693879
313.457758 204.442643
313.424325 204.748532
313.293748 204.518072
313.728043 204.916832
313.752866 204.917565
313.665943 205.035349
313.999991 205.249420
314.208502 205.025158
314.456339 205.112494
314.398368 205.473637
314.567860 205.736055
314.491413 205.718331
314.369547 205.864014
314.609494 205.848379
314.651316 206.103670
314.855474 206.345238
314.937482 206.103555
315.000313 206.443596
314.944261 206.749497
315.283855 206.644495
315.438831 206.877138
315.618338 206.776722
315.512266 207.298864
315.404749 206.964561
315.688580 207.364832
315.964554 207.390088
315.892498 207.504078
315.979720 207.485207
316.111383 207.574067
316.176412 207.827701
316.472344 207.786703
316.460004 208.087257
316.653205 208.352216
316.693449 208.299248
316.933370 208.214602
316.773125 208.272034
317.099303 208.562298
317.177893 208.724839
317.272675 208.915194
317.283506 209.046764
317.537695 208.840527
317.513013 209.395101
318.189697 209.270800
317.757589 209.145826
317.873268 209.496094
317.873967 209.886318
318.093598 209.586126
318.001053 209.960258
318.172973 209.824246
318.118046 210.059205
318.563593 210.315880
318.613618 210.555783
318.502627 210.452711
318.841043 210.292633
318.859341 210.489346
319.025530 210.643253
319.193369 211.121705
319.166258 210.901566
319.120867 211.173477
319.268343 211.368908
319.760215 211.604143
319.888735 211.476663
319.789091 211.457449
319.625038 211.801868
319.715032 211.954941
319.904028 211.890645
320.398643 212.075692
320.319596 212.112294
320.476406 212.229287
320.313272 212.235873
320.323363 212.311236
320.763866 212.603284
320.625148 212.849369
320.901097 212.914171
320.830415 212.893919
321.137320 213.038644
321.341491 213.311386
321.520979 213.357269
321.306010 213.434345
321.857163 213.706420
321.591125 213.766475
321.689549 213.727665
321.996188 213.956074
322.073057 214.270388
321.964964 214.171085
322.288515 214.360031
322.196259 214.364836
322.647737 214.389795
322.535549 214.664037
322.357892 214.803762
322.478163 214.854926
322.971974 214.864723
322.666014 215.052148
322.998275 215.190321
323.142599 215.331379
322.996453 215.566471
322.998471 215.468671
323.552056 215.523975
323.321181 215.642332
323.573708 216.172657
323.530512 216.051728
323.832592 215.982915
323.763501 216.043828
324.130454 216.440027
324.384530 216.312212
323.977371 216.658757
324.483148 216.866948
324.228689 217.030533
324.641036 217.225554
324.698780 217.248365
324.752119 217.479216
324.870986 217.046051
325.092791 217.561692
325.356280 217.498253
325.335263 217.622523
325.586709 217.898333
325.418690 218.004062
325.600613 218.153290
325.656484 218.105908
325.737701 217.974487
325.750591 218.494786
326.135732 218.324426
326.226590 218.565127
326.378636 218.610736
326.371548 218.621441
326.655282 218.989842
326.611395 219.394996
326.880929 219.359751
326.864552 219.185345
326.993882 219.387184
326.985219 219.674854
327.100205 219.651633
327.277029 219.505695
327.449299 219.963609
327.488182 220.003441
327.543634 219.988344
327.608687 219.929043
327.894770 220.116843
327.858328 220.120019
327.937354 220.631494
328.162318 220.671499
328.296300 220.530286
328.503276 220.837983
328.488911 221.083347
328.198020 221.348316
328.657387 221.335508
328.768999 221.276358
329.130818 221.305261
329.089421 221.523179
329.235330 221.854544
329.374631 221.920241
329.293275 221.916594
329.545901 222.251087
329.679498 222.158868
329.753687 222.441481
329.905229 222.556074
329.887945 222.674194
330.007838 222.669002
330.261207 222.572204
330.250163 222.929490
330.426727 223.129807
330.166968 222.872554
330.778329 223.349697
331.034889 223.338034
331.036522 223.806056
330.628098 223.340159
331.010298 223.492384
331.426504 223.782215
331.208475 224.124060
331.525767 223.967845
331.644876 224.033598
331.552254 224.465104
331.644879 224.329860
331.817135 224.436999
331.619401 224.403894
332.138805 224.960576
332.333945 224.792692
332.327172 224.735251
332.423049 225.067209
332.488148 225.308784
332.751019 225.418486
333.138189 225.532252
332.627715 225.358844
333.030005 225.550769
333.116935 226.012617
333.282675 225.735023
333.601274 226.002188
333.494844 226.180548
333.695834 226.154262
333.744183 226.567095
334.036175 226.373655
333.970239 226.841040
334.045267 226.526586
334.103806 226.933464
334.302237 226.965488
334.473556 227.033640
334.626619 227.389999
334.732215 227.385310
334.953946 227.531712
335.072384 227.234299
335.025035 227.713395
335.116904 227.640524
335.234720 227.773223
335.422776 228.100801
335.453745 228.274046
335.528825 228.139770
335.737278 228.284786
335.992152 228.434045
336.041173 228.715794
335.834992 228.681941
336.215467 228.528003
336.323851 228.891045
336.217794 229.234315
336.571381 228.811689
336.599712 229.215690
336.772823 229.264558
336.747830 229.530975
336.882385 229.752840
337.219350 229.758231
337.179849 229.853859
337.393228 229.973949
337.262345 230.064821
337.281238 230.198505
338.112609 230.148439
337.740036 230.532925
337.854787 230.367755
338.065329 230.659475
338.350819 230.680608
338.250042 230.824918
338.354223 231.023103
338.785470 230.967283
338.526992 231.195177
338.733283 231.104730
338.740990 231.154373
339.051199 231.434983
339.450022 231.718788
339.149013 231.607836
339.352932 231.681955
339.531904 232.164427
339.616273 232.008275
339.489553 232.004481
339.919292 232.318738
340.055884 232.237627
340.279644 232.488929
339.993560 232.510770
340.295019 232.778383
340.263051 233.033619
340.632136 233.141969
340.971443 233.082815
340.782468 233.325945
340.739028 233.513478
341.112520 233.399847
341.073272 233.379919
341.319168 233.757056
341.485128 233.454023
341.506993 233.988791
342.007805 234.001064
341.912090 234.135789
341.917001 234.074099
341.962585 234.157087
342.292466 234.597354
342.317407 234.485503
342.620114 235.024728
342.329548 234.887376
342.735385 234.962530
342.941819 235.256236
342.942274 235.459206
342.907674 235.361237
342.993728 235.144898
343.394486 235.576290
343.368452 235.662695
343.470061 235.855840
343.480774 235.830515
343.869658 235.941191
343.950945 236.001712
343.688607 235.909658
344.348621 236.343912
344.526950 236.358786
344.700694 236.438308
344.726705 236.498539
344.613986 236.814028
344.604299 237.016436
345.222333 236.896018
345.277551 236.925784
345.158462 237.150879
345.237638 237.329825
345.579699 237.430682
345.493940 237.213377
345.758657 237.497449
345.578946 237.478395
345.904095 237.996077
346.129576 237.743899
346.036110 237.835150
346.170742 238.116223
346.616387 238.606184
346.840198 238.235716
346.842350 238.430634
347.088556 238.600720
346.879258 238.775687
346.960992 238.644209
347.159138 238.805633
347.020216 239.104976
347.859551 238.874185
347.788547 238.912410
347.699937 239.149359
347.867249 239.459071
347.772054 239.462653
348.203392 239.454449
348.405792 239.892788
348.275868 240.019018
348.182647 239.820214
348.681800 240.160353
348.894114 240.271214
348.862251 240.333296
348.988401 240.115428
349.247166 240.526519
349.220363 240.459891
349.659160 240.511984
349.505848 240.651558
349.614847 241.032240
349.812596 240.920518
350.001301 241.211131
349.997500 241.111452
350.027126 240.996448
350.496983 241.278460
350.219002 241.361505
350.350734 241.759512
350.637268 241.550438
350.658108 241.650637
351.076536 241.690114
351.049124 242.081261
351.221101 242.145213
351.274139 241.862213
351.421721 242.243145
351.355430 242.637677
351.871566 242.467418
351.866061 242.626660
351.658554 242.664144
352.202282 242.814411
352.051810 243.102960
352.383675 242.861450
352.375825 243.074005
352.443637 243.353204
352.640002 243.361421
353.119109 243.342031
352.816306 243.543963
353.044442 243.594889
353.105820 243.513705
353.314061 243.653094
353.338491 244.373830
353.997888 244.404991
353.719062 243.984209
353.979308 244.094962
353.985622 244.209654
354.292206 244.433565
354.337753 244.458350
354.390736 244.377196
354.536682 244.701776
354.745689 244.777606
354.665546 244.959097
355.165293 245.024909
355.345238 244.770144
355.079672 245.203807
355.141528 244.932085
355.480617 245.292043
355.484880 245.518277
355.704791 245.544449
355.962543 245.617841
356.172388 246.017150
355.896839 245.799914
356.405075 245.837657
356.312652 246.149629
356.682023 246.399204
356.643031 246.401258
356.846773 246.661166
356.928200 246.493386
357.033453 246.415935
357.000926 246.302929
357.549696 247.096735
357.204032 247.025894
357.655870 246.964147
357.822137 247.074759
358.260116 247.321566
357.877786 247.117906
358.336442 247.336076
358.230806 247.493231
358.407058 247.739059
358.389275 247.315209
358.581460 247.635426
358.703409 247.599375
358.791656 247.724613
359.210988 247.873639
359.167151 248.346115
359.284991 248.280233
359.621396 248.403705
359.517516 248.254307
359.933260 248.531796
359.766649 248.543521
360.001364 248.422345
360.216439 248.938122
360.180641 248.747561
360.352195 248.935982
360.851732 249.185198
360.711299 249.057279
360.831243 249.213205
360.780527 249.268009
361.156744 249.262701
361.028670 249.490694
361.301925 249.346820
361.675883 249.871931
361.946120 249.717427
361.854778 250.059995
361.986474 250.138732
362.065210 249.982885
362.247699 250.219310
362.415689 250.398552
362.473721 250.291955
362.763044 250.390740
362.599644 250.644182
362.539210 250.758660
363.122785 250.679089
363.303986 250.707041
363.314504 250.639854
363.221233 251.009856
363.481636 250.859052
363.819590 251.105898
363.717510 251.180905
364.180382 251.454222
364.099859 251.475736
364.142251 251.735739
364.563273 251.498420
364.534369 251.776734
364.786766 251.875686
364.882497 251.862090
364.678520 252.115309
365.004798 252.017965
365.189220 252.224229
365.267912 251.976673
365.689623 252.340623
365.839360 252.313893
365.797052 252.540402
365.731466 252.256906
365.899131 252.477137
366.428570 253.042008
366.268525 252.754102
366.390703 252.786931
366.628735 252.957579
366.663389 252.972750
366.764541 252.962119
366.934168 253.258074
367.206198 253.157789
367.418168 253.327545
367.555264 253.371725
367.821287 253.691381
367.799445 253.779357
367.733151 253.905178
367.785915 253.737035
368.017228 253.519712
368.054510 253.820823
368.461886 253.910757
368.669405 253.997119
368.529824 254.329877
368.989797 254.168640
368.707004 254.121292
369.011583 254.375256
369.409189 254.453485
369.413438 254.585981
369.333232 254.768528
369.878808 254.756540
370.023630 254.718301
369.933295 255.038998
370.047346 254.819078
370.481273 254.965041
370.234240 255.063524
370.174362 255.298766
370.839057 255.031926
370.677336 255.573500
371.064255 255.321194
371.035603 255.506893
371.415143 255.638511
371.428322 255.567039
371.716626 255.760075
371.462024 255.689286
372.038860 255.549726
371.751528 255.978863
372.031600 255.800608
371.668688 255.995018
372.513284 255.968327
372.306330 256.308027
372.830983 256.133151
372.710721 256.110271
372.905012 256.298423
373.022220 256.115779
373.327695 256.278513
373.130390 256.591177
373.172626 256.456781
373.476647 256.494647
373.655127 256.825948
374.159501 257.043129
373.678075 256.951619
374.060528 257.122236
374.281756 257.176672
374.573946 257.135614
374.371592 257.201562
374.856446 257.418615
374.878490 257.502468
375.035455 257.277433
375.219658 257.665408
375.533928 257.520774
375.499598 257.640995
375.422536 257.792604
375.628627 257.822793
375.812769 257.790986
376.047709 257.959140
376.275381 257.952655
376.303010 258.135498
376.426605 258.150126
376.547720 258.205315
376.901999 258.400696
377.045579 258.526459
377.090144 258.558689
377.163973 258.626083
377.470349 258.789349
377.626941 258.706076
377.694284 258.593200
377.694743 258.859889
377.744681 259.031040
378.112973 258.952109
378.372732 258.960732
378.360228 258.663720
378.571287 259.133236
378.443318 259.139963
378.793333 259.329383
378.698663 259.151852
379.070587 259.167154
379.273886 259.049420
379.051581 259.415205
379.619779 259.355834
379.738887 259.586063
379.916087 259.612263
379.719580 259.660664
380.141088 259.945453
380.043525 260.123524
380.401944 259.679269
380.518527 260.065490
380.715241 259.843401
380.957275 260.161460
381.001570 260.328563
381.464197 259.767261
381.298850 260.465855
381.515897 260.467636
381.673797 260.085115
381.640223 260.357124
382.082562 260.405458
381.957438 260.389900
382.204832 260.557648
382.668334 260.561322
382.285457 260.730080
382.659521 260.718460
382.659085 260.817432
382.841020 260.720306
382.973229 261.002049
382.994157 260.895625
383.317373 261.074404
383.478405 261.152541
383.538363 261.133342
383.842465 261.133860
384.183872 261.253155
384.137475 261.390144
384.303636 261.239538
384.539312 261.663526
384.458717 261.476304
384.711266 261.444761
384.556545 261.385680
384.867568 261.746565
384.968913 261.780589
385.143300 261.604853
385.373949 261.596862
385.349468 261.937974
385.900886 261.958764
386.026359 261.963365
386.216660 261.760109
386.265320 262.140645
386.381766 261.943448
386.346682 261.977750
386.557765 261.616294
386.848385 262.339802
387.020957 262.183970
386.967681 262.167711
387.436675 262.044023
387.715698 262.069287
387.654994 262.239358
387.608429 262.061652
387.968043 262.493582
388.137043 262.399009
388.326765 262.544971
388.250155 262.486339
388.612337 262.658665
388.640211 262.425175
388.718287 262.538961
388.756648 262.454070
389.116929 262.758045
389.179434 262.668132
389.357316 262.707996
389.467340 262.993153
389.687394 263.027912
389.680652 262.688355
389.974721 262.859761
390.035969 262.882983
390.200252 263.199077
390.336991 262.954738
390.559346 263.217576
390.692003 263.258079
391.026054 263.503625
391.098614 263.239461
391.197571 263.121502
391.296603 263.646282
391.438779 263.402222
391.480728 263.607926
391.707525 263.522757
391.849654 263.330941
392.027083 263.397314
392.104311 263.498338
392.616299 263.716209
392.557437 263.559405
392.753700 263.667880
392.997957 263.689171
393.225025 263.721332
393.133005 263.719519
393.268027 263.675360
393.252333 263.605871
393.450997 263.745840
393.773013 263.823049
393.859260 264.148180
394.124421 263.748476
394.249176 264.104405
394.319933 263.902595
394.548679 264.036933
394.687453 264.192624
394.863556 264.061341
394.711705 264.179088
395.088567 264.169010
395.309325 264.302679
395.252410 264.377588
395.620017 264.303607
395.730812 264.635233
395.942405 264.321539
395.790143 264.320926
396.254819 264.197566
396.313875 264.435874
396.607721 264.214856
396.616227 264.431030
396.798526 264.554463
397.083618 264.681454
397.495434 264.574661
397.328998 264.547226
397.402811 264.454156
397.542400 264.516395
397.531961 264.660691
397.793865 264.690703
397.989823 264.758372
398.403332 264.784169
398.288344 264.671761
398.528298 264.686313
398.599452 264.941736
398.849212 264.719774
398.989424 264.794035
399.040306 264.869040
399.211239 264.762569
399.533643 264.769132
399.790141 264.704646
399.806566 264.968380
399.945844 264.971854
400.183401 264.907021
400.146960 264.913391
400.657410 264.824684
400.676244 264.873298
400.750563 265.180575
400.642357 264.898464
401.112072 265.227232
401.049288 265.324977
401.252565 265.135240
401.640233 264.981973
401.855019 264.995478
401.747025 265.063701
402.266413 265.140380
402.204106 265.325262
402.166335 265.297251
402.339337 264.916101
402.487412 265.195066
402.363952 265.021047
402.844306 265.275560
403.107531 265.219518
403.070514 265.320624
403.121205 265.350478
403.254320 265.391663
403.504402 265.498150
403.732570 265.181165
403.800110 265.369152
403.929736 265.252982
404.331778 265.167193
404.287696 265.231975
404.378453 265.207737
404.736838 265.089754
404.897770 265.341793
405.082014 265.336015
404.859540 265.208070
405.415362 265.324122
405.356350 265.591250
405.870124 265.153832
405.818934 265.444985
406.242172 265.049707
406.253243 265.314834
406.339553 265.331715
406.722263 265.672119
406.589997 265.242811
407.172694 265.449287
406.786450 265.555764
407.075489 265.339113
407.422720 265.131984
407.563139 265.418616
407.633901 265.420909
407.490106 265.276765
407.954126 265.469388
408.046518 265.143101
408.175029 265.271109
408.258325 265.461693
408.577978 265.161508
408.671465 265.471271
408.878456 265.357851
409.010512 265.203678
409.451213 265.397338
409.196613 265.097234
409.220397 265.276393
409.800259 265.280133
409.764968 265.209237
410.186988 265.692750
409.712888 265.295323
410.355885 265.418547
410.364912 265.267373
410.702208 265.559588
410.493032 265.220686
410.989396 265.164059
410.997471 265.508655
411.282342 265.222643
411.471300 265.089422
411.584450 265.352401
411.899964 265.371315
411.900293 265.236455
412.002260 265.439283
412.385464 265.325992
412.365429 265.105542
412.317585 265.154909
412.796946 265.235529
413.032332 265.171233
412.757171 265.083722
413.286764 265.211163
413.340563 265.154238
413.406856 265.243210
413.564132 265.192417
413.806797 264.877791
414.195191 265.066033
414.251068 265.177179
414.282590 265.004355
414.477432 264.977443
414.482464 264.964468
414.518002 264.872932
414.908711 265.090449
414.787509 265.061305
415.451377 265.103745
415.617199 264.772435
415.429564 264.722878
415.941030 265.242793
415.656578 264.870989
415.858044 264.593986
416.077558 265.076337
416.306832 264.954833
416.642037 264.688212
416.905407 264.627804
416.788905 264.836523
416.983246 264.709662
417.311975 264.897200
417.081400 264.705764
417.703833 264.914767
417.298314 264.538578
417.850988 264.566713
418.108556 264.677273
418.244128 264.543652
418.298020 264.693855
418.566913 264.577945
418.665303 264.386609
418.697995 264.493811
419.129487 264.295114
419.185627 264.479185
419.260393 264.373654
419.557738 264.245403
419.832799 264.072176
419.885791 264.408681
420.157191 263.969065
419.953208 264.406847
420.158245 264.209999
420.599405 264.023272
420.444564 264.003875
420.757783 264.008010
420.935343 264.070959
421.165225 263.956269
421.335957 264.149324
421.549912 264.054756
421.515210 263.970675
421.532898 263.966562
422.042240 263.787607
422.278677 263.975931
422.527942 263.647294
422.408243 263.680091
422.498158 263.858475
422.897062 263.702466
422.837254 263.506152
423.043902 263.672756
423.309441 263.733696
423.295033 263.453343
423.742188 263.555878
423.449512 263.717424
423.768080 263.558689
423.985309 263.405246
424.448919 263.083156
424.314640 263.206578
424.485710 263.226750
424.829784 263.296544
424.784619 263.415745
425.146056 263.014783
425.127848 263.002278
425.380517 263.002706
425.624804 262.937005
425.679243 262.882212
425.750682 263.054219
425.780112 262.917219
426.294558 263.032571
426.195037 262.972703
426.484447 262.757377
426.707229 262.498912
427.026992 262.754051
426.896556 262.512951
427.513615 262.523044
427.314144 262.259909
427.455436 262.533920
427.573399 262.427852
427.868901 262.300654
428.136086 262.277004
428.138072 262.253238
428.046124 262.290328
428.596776 262.268343
428.713487 262.086884
428.893913 262.456235
428.812383 262.084936
429.216686 262.067107
429.094822 262.189056
429.668001 261.797982
429.913924 261.802797
430.123656 261.755292
429.669764 261.663285
430.069309 261.405085
430.154768 261.596821
430.356629 261.648035
430.382303 261.403446
430.871484 261.443673
430.882632 261.365191
430.977701 261.160451
431.085979 261.402951
431.404658 260.998130
431.588159 261.291450
432.061414 260.892719
432.235513 260.958035
432.302985 261.036516
432.181717 260.739892
432.212830 260.786395
432.691318 260.687771
432.610318 260.723150
433.084235 260.616832
433.035771 260.578556
433.154971 260.504548
433.519333 260.557527
433.908197 260.609950
433.928973 260.187783
434.063219 259.989769
434.128873 260.116126
434.221462 260.143275
434.399094 260.301878
434.604726 260.217381
434.841276 259.714695
434.982003 260.116487
435.109251 259.739206
435.382118 259.775225
435.579511 259.331970
435.524054 259.435486
436.256967 259.324398
435.989107 259.776158
436.211807 259.502406
436.430954 258.990631
436.401118 259.118233
436.367647 258.770075
436.955561 259.296428
436.813415 258.916527
437.359534 259.017183
437.096821 258.778503
437.538107 258.426608
437.563035 258.549038
437.466417 258.436807
437.998855 258.542777
437.952649 258.482725
438.285987 258.304264
438.394710 257.919985
438.781254 258.236900
438.815903 258.008512
438.784768 258.068903
439.086184 258.014416
439.425018 257.772124
439.382607 257.741620
439.710025 257.426244
439.857042 257.384764
439.942475 257.867080
440.016691 257.284279
440.272504 257.321056
440.307217 257.322114
440.766604 257.262785
440.891761 257.061263
440.866170 257.021981
441.255438 256.804338
441.313856 256.847014
441.853725 256.927973
441.885785 256.777309
441.759463 256.676243
442.249150 256.347915
442.198429 256.427543
442.442302 256.494370
442.497387 256.206582
443.168430 256.068393
442.659166 256.071137
442.949766 255.934253
443.185329 255.526171
443.385239 255.811361
443.719220 255.710852
443.884128 255.838746
443.958697 255.568788
443.999712 255.499486
444.168919 254.960055
444.368871 255.388793
444.690137 255.082879
444.607891 254.988019
444.890795 254.756651
444.914466 254.823880
445.267493 254.825854
445.283933 254.352903
445.545210 254.691550
445.522631 254.318155
445.812969 254.594946
446.249565 254.199296
446.369787 254.043818
446.417784 253.773724
446.445757 253.806142
446.587241 253.931801
446.783280 253.898168
447.185795 253.680943
447.447795 253.580823
447.335436 253.375399
447.712386 253.145785
447.918853 253.203079
448.045310 253.146985
448.005624 253.262894
448.256321 252.965055
448.383175 252.693455
448.647390 252.632791
448.794261 252.621794
448.894026 252.642336
449.234219 252.079102
449.177486 252.223431
449.337667 252.061382
449.752066 252.135103
449.583730 251.757804
450.034108 251.797455
450.289599 251.634769
450.342662 251.490999
450.465776 251.600787
450.736145 251.232527
451.006072 251.277471
451.085563 251.239063
451.122503 251.191871
451.252748 250.891035
451.349563 250.601891
452.032875 250.694251
451.812563 250.885535
451.783803 250.671713
452.252992 250.351969
452.352139 250.211504
452.781431 250.291564
452.709020 249.903650
452.903714 249.752667
452.949368 249.740852
453.128283 249.569947
453.359067 249.392035
453.812580 249.109093
453.860940 249.408269
453.900289 249.162566
454.119267 249.072500
454.374463 249.025693
454.379909 248.674004
454.659569 248.785348
454.901638 248.493657
455.326792 248.193344
455.403293 248.207515
455.282425 248.466913
455.749048 248.312681
455.760961 248.014822
455.604689 247.649380
455.973287 247.792456
456.264423 247.701507
456.537394 247.659922
456.505746 247.005588
456.822851 247.157908
456.770872 247.087207
456.821012 246.898741
456.969713 246.454581
457.252634 246.891254
457.548387 246.657880
457.684676 246.470325
457.590182 246.169330
457.914735 245.940556
458.234985 246.072057
458.442525 245.871383
458.666846 245.755671
458.774987 245.524938
458.987979 245.540914
458.924053 245.244184
459.410757 245.010572
459.360693 245.224169
459.696256 245.081261
459.858094 244.743658
459.673015 244.968283
460.233713 244.389346
460.302709 244.288661
460.441278 244.333213
460.522852 244.388852
460.751233 243.897304
461.150796 243.650820
461.165427 244.001217
461.332998 243.575829
461.404999 243.260508
461.630590 243.599675
461.974371 243.195656
462.112853 243.115688
462.132372 242.825630
462.344901 242.751134
462.382412 242.343248
462.589233 242.452131
462.707671 242.363440
462.873362 242.069220
463.010779 242.046709
463.161089 241.506012
463.573127 241.708419
463.851608 241.537757
463.972803 241.390623
464.113055 241.420027
464.223333 240.917698
464.624440 241.058770
464.687293 240.681594
464.846431 240.865000
464.875931 240.561273
464.919407 240.169186
465.440420 240.254438
465.413995 239.839754
465.528088 240.155808
465.821823 239.824737
466.073211 239.580807
466.225898 239.336066
466.501650 239.242916
466.457974 239.154250
466.673258 238.976508
466.725316 238.494462
466.695797 238.381377
467.047850 238.357438
467.372781 238.357770
467.626480 237.950347
468.002779 237.949922
467.802144 237.792734
468.105491 237.699646
468.156253 237.716236
468.178439 237.395862
468.701035 237.154800
468.616803 237.011871
469.071966 236.848734
469.027836 236.367194
469.325105 236.217166
469.618212 236.228632
469.800206 236.328671
469.796329 235.984341
470.266958 235.809324
470.103134 235.612659
470.209241 235.517129
470.472440 234.945111
470.511731 235.371834
470.971712 235.362323
470.766034 234.545289
471.352251 234.516129
471.496140 234.407029
471.715152 234.286118
471.690015 234.387927
471.999502 233.894835
471.643390 234.057743
472.217559 233.687863
472.270841 233.457283
472.459566 233.197548
472.376986 233.237320
472.961711 232.833841
473.276278 232.744832
473.210937 232.448685
473.680724 232.744255
473.467366 232.095627
473.758424 232.191141
473.981602 231.871849
474.265851 231.750546
474.280286 231.513791
474.441104 231.511872
474.667059 231.178663
474.842849 231.142761
474.956683 231.113714
475.062256 230.421289
475.402464 230.513959
475.476530 230.772947
475.780586 230.285385
475.981642 229.965939
475.925380 229.755087
476.318821 229.350148
476.066210 229.546789
476.681969 229.246493
476.719538 229.116366
476.727335 228.719770
477.023157 228.798969
477.243529 228.343894
477.584137 228.391734
477.613070 228.120711
477.614733 227.786504
477.842315 227.642320
478.270790 227.381532
478.435302 227.428821
478.369742 227.438029
478.640713 226.760145
478.713722 226.801782
478.999020 226.560362
478.852169 226.212875
479.156761 226.276697
479.457408 225.879197
479.735689 225.949430
480.032880 225.710448
479.962098 225.331111
480.256301 225.036346
480.412502 224.999847
480.708685 224.508242
480.726707 224.610165
481.215814 224.495790
481.045201 224.093826
481.401160 224.076392
481.340501 223.822036
481.877486 223.699259
481.711188 223.188979
482.094479 223.240893
482.325258 223.200940
482.241369 222.809162
482.390778 222.342504
482.656966 222.525262
482.889515 222.198653
482.819486 222.018356
483.223143 221.794030
483.336500 221.542897
483.655136 221.442562
483.467013 221.226119
483.874095 220.991533
484.206786 220.873757
484.547830 220.531237
484.549319 220.196133
484.720196 219.942588
484.928196 219.778047
484.777026 219.818201
485.256703 219.775420
485.270901 219.234966
485.486434 218.913227
485.548552 218.909658
485.658496 218.350627
485.798912 218.478428
486.016521 218.403118
486.493119 218.141341
486.514663 217.847298
486.535199 217.669038
487.023698 217.412339
486.877402 216.938190
487.214479 216.943734
487.742951 216.546335
487.361479 216.590663
487.700683 216.744441
487.762271 216.339148
487.983433 215.888745
488.256936 215.529872
488.674921 215.539259
488.505000 215.427842
488.696458 215.217897
489.025802 214.678681
489.183374 214.449125
489.085955 214.561661
489.434395 214.018431
489.482295 213.950597
489.568979 213.531319
490.078381 213.285511
490.315730 213.339316
490.533018 212.980364
490.462110 212.691811
491.031817 212.651194
490.961949 212.400946
491.375561 212.334730
491.025339 211.929095
491.722082 211.632818
491.614482 211.327736
491.876714 211.154764
492.173576 210.823431
492.104356 210.778367
492.271183 210.474777
492.536246 210.244793
492.695370 209.858113
493.036993 209.544941
492.928359 209.809462
492.880788 209.680879
493.289889 209.090869
493.552256 209.063637
493.707503 208.767318
494.049756 208.669606
494.116103 208.109629
494.072347 207.861969
494.381965 207.642546
494.723643 207.199904
494.684582 207.377188
494.902013 207.004973
495.228852 207.007284
495.490543 206.432369
495.200179 206.314936
495.505359 205.996550
495.709734 205.996759
495.933512 205.560632
496.329635 205.414632
496.319530 205.149299
496.766884 204.991109
496.688826 204.697489
496.911411 204.585409
497.010019 204.233958
497.553140 203.773741
497.410780 203.887340
497.864775 203.535054
497.821558 203.152668
497.677490 202.785166
498.275058 202.599987
498.248505 202.457405
498.441654 202.111519
498.311175 201.993801
498.812977 201.722181
498.930132 201.536280
499.037555 201.408314
499.463215 201.083982
499.483168 200.350377
499.533571 200.175768
499.873712 200.246496
500.351629 199.832848
500.145040 199.440962
500.806752 199.526333
500.762669 199.117837
500.698703 198.887433
500.576565 198.558371
501.090660 198.462929
501.445798 198.204428
501.353664 197.780487
501.526291 197.929803
501.828632 197.392288
502.216368 197.229344
502.218429 196.712283
502.469142 196.451791
502.485073 196.178675
502.916831 196.191964
502.796842 195.700913
502.952475 195.627285
502.905140 195.452551
503.519204 195.054659
503.607535 194.960021
503.829066 194.586563
503.811177 194.228813
504.072982 193.709128
504.305424 193.572898
504.454655 193.495146
504.552342 192.963016
504.848651 193.004262
504.973746 192.743771
505.001863 192.614995
505.310023 192.296340
505.346321 191.799306
505.699307 191.679943
505.831318 191.558690
505.762479 191.110659
505.974819 191.095149
506.401557 190.798469
506.776511 190.202196
506.650326 190.236872
506.766839 189.736000
507.001632 189.316984
507.537972 189.320875
507.351718 188.740731
507.565919 188.768908
508.026734 188.707451
507.965445 188.368381
508.145938 187.989958
508.319511 187.499376
508.691155 187.268365
508.539386 186.891838
508.944510 186.865469
509.105286 186.498744
508.952320 186.383500
509.442074 185.980774
509.377313 185.530033
509.784085 185.251223
509.960982 185.112843
510.102125 184.951630
510.334692 184.567287
510.254752 184.210093
510.766690 183.998691
511.004899 183.473087
511.142827 183.252390
510.877178 182.984019
511.112111 183.075216
511.294756 182.618730
511.583108 182.028922
511.857630 182.012782
511.782297 181.857980
512.010625 181.151207
512.470307 181.068939
512.316028 180.760950
512.576958 180.549586
512.658462 180.441707
513.086850 179.949520
513.458647 179.723637
513.426436 179.390431
513.541125 179.308499
513.637546 178.959634
513.784838 178.447355
513.924713 178.030919
514.317060 177.769928
514.554292 177.806336
514.540463 177.483782
514.838521 177.236239
514.784867 176.854795
515.283794 176.463145
515.349820 176.118780
515.796876 176.039467
515.606911 175.820362
515.794534 175.372390
516.099952 175.257786
516.116262 175.028949
516.488153 174.585743
516.641067 174.302957
516.760773 173.862209
517.086429 173.596157
517.166557 173.091376
517.445146 173.006353
517.610147 172.733386
517.557990 172.460495
517.610593 171.777966
517.769800 171.933956
517.976657 171.360251
518.407315 171.216685
518.328409 170.830772
518.546956 170.664129
518.856547 170.092846
518.770159 169.690391
519.220373 169.729009
519.344229 169.188361
519.304095 169.133782
519.264027 168.783300
519.772140 168.341732
520.343386 168.192444
520.214325 167.771712
520.148887 167.309724
520.273743 167.156489
520.511375 166.855596
520.825535 166.643503
521.076979 166.213725
521.210924 165.792321
521.467912 165.626471
521.892397 165.480485
521.784524 165.180476
521.761992 164.608236
521.893048 164.501287
522.385441 163.918322
522.614966 163.809293
522.468679 163.417050
522.768668 163.410869
522.947364 162.921256
523.162881 162.754131
523.219048 162.308779
523.499590 161.792330
523.688466 161.793479
523.952860 161.136068
523.916928 161.058596
524.385332 160.486438
524.242656 160.179141
524.376225 160.055930
524.756401 159.572891
524.642182 159.261121
524.902506 159.110788
525.318273 158.769940
525.387245 158.486650
525.727994 158.115195
525.960834 157.695647
525.765931 157.202670
526.361632 156.890289
526.363451 156.754731
526.445745 156.613502
526.859569 155.993938
526.837505 155.802347
526.775226 155.544756
527.237588 155.118031
527.556935 154.547456
527.621412 154.390733
527.523193 154.253208
527.835701 153.741972
528.283872 153.294550
528.027000 153.045780
528.420800 152.828004
528.539103 152.360098
528.576892 152.218816
528.626052 151.928255
529.028673 151.674647
529.307504 151.249172
529.451352 150.513457
529.649470 150.489340
529.924831 150.058209
529.790461 150.006250
529.995601 149.624995
530.086815 149.169251
530.523600 148.822558
530.593346 148.641601
530.512689 148.049657
530.727081 147.700205
531.035537 147.561752
531.288408 147.251505
531.672249 147.044242
531.631108 146.041724
531.892485 146.328868
531.836823 145.719910
532.294529 145.546977
532.456533 145.216915
532.252195 144.912460
532.634754 144.780579
533.138734 144.096542
533.259369 143.671302
533.299497 143.510084
533.541311 142.875325
533.900303 142.801341
533.935562 142.356170
533.933026 142.042647
534.117916 141.685318
534.377879 141.712909
534.227662 140.920309
534.339839 140.643112
534.773198 140.403673
534.887922 139.709236
534.989434 139.695760
535.287823 139.592802
535.728438 138.935638
535.762596 138.691734
536.065404 138.376454
535.985217 137.768305
536.056558 137.545656
536.227241 137.069461
536.562438 136.619125
536.560380 136.813174
536.550182 136.290158
537.076979 135.670837
537.333675 135.259528
537.415497 135.064073
537.546548 134.724944
537.826874 134.496094
538.114650 133.953282
538.068780 133.762913
538.344894 133.097952
538.401849 133.064992
538.856432 132.352637
538.922791 132.060320
538.995608 131.899964
539.016175 131.505406
539.352645 131.324798
539.444861 130.972679
539.444535 130.360552
539.583267 130.130996
540.027827 129.864743
540.160360 129.514277
540.051878 129.055389
540.380815 128.758105
540.595795 128.316828
541.070540 128.148104
541.011075 127.462093
541.309983 127.197723
541.312524 126.797015
541.395261 126.526175
541.870819 126.285360
541.795136 125.521414
541.769847 125.432818
542.057268 125.050764
542.395235 124.798734
542.240626 124.294320
542.738067 123.890920
542.914976 123.460552
543.009221 123.345397
543.101281 122.895659
543.515415 122.411719
543.567417 121.969961
543.811565 121.619492
543.764465 121.472321
544.152131 121.085917
544.015343 120.369304
544.342691 120.169411
544.592035 119.867668
544.740435 119.248693
545.156440 119.268767
545.348297 118.636556
545.094856 118.326615
545.331834 118.008285
545.672364 117.734497
545.525941 117.211320
546.022010 117.170461
546.272325 116.456611
546.381888 116.391267
546.538625 115.762440
547.025368 115.446039
546.963967 115.115580
546.927003 114.656222
547.150881 114.373406
547.372265 113.780861
547.516578 113.590924
547.744890 112.922088
548.036678 112.937857
548.032367 112.440228
548.425821 112.105148
548.394123 111.462419
548.834153 111.262787
548.655596 110.802818
548.870839 110.208954
549.135339 110.284239
549.185318 109.832297
549.373948 109.324288
549.561948 109.043404
549.728120 108.778234
549.795849 108.198156
550.415378 108.007595
550.099452 107.342095
550.584660 106.919762
550.601172 106.663480
550.620604 106.252211
550.809491 105.998160
551.194356 105.543144
551.430733 105.065116
551.468027 104.844013
551.423571 104.229398
551.656996 104.161375
552.028824 103.524800
552.278349 103.407834
552.189099 102.762986
552.603719 102.526578
552.405662 102.014626
552.713003 101.539390
552.995105 101.078651
553.101238 100.926583
553.399644 100.515286
553.351738 99.954294
553.891606 99.630368
553.840263 98.962037
553.876860 98.798190
554.094890 98.332677
554.294816 97.871565
554.807593 97.285404
554.741722 97.289833
554.804011 96.721039
555.023022 96.373844
555.187586 95.975802
554.987544 95.822301
555.680356 95.309853
555.826052 95.111201
555.617570 94.495329
555.890569 94.032383
556.158265 93.830940
556.280991 93.603664
556.462025 92.714565
556.603835 92.381906
556.832726 92.009761
556.950028 91.660970
557.040296 91.118278
557.275153 90.858434
557.214979 90.551312
557.940967 89.961384
557.943672 89.599439
557.785178 89.217618
558.388124 88.866365
558.434275 88.497762
558.698572 88.029104
558.827030 87.856107
558.776816 87.205675
559.232571 86.894602
559.321982 86.541123
559.313190 85.979531
559.344393 85.362502
559.707371 85.478906
560.052894 84.649752
560.014869 84.585292
560.160808 84.045203
560.210645 83.514441
560.668002 83.201551
560.745218 82.630774
560.922458 82.410798
561.154179 81.739849
561.277836 81.386326
561.460006 80.909661
561.553989 80.965218
561.922248 80.123738
561.846479 79.887646
562.197922 79.018682
562.499109 79.193380
562.494220 78.704583
562.700977 78.125008
562.814152 77.774777
562.781816 77.378068
563.042376 76.859984
563.203106 76.559190
563.309874 76.089646
563.485066 75.839388
563.711564 75.479385
563.642796 74.834133
564.320062 74.163320
564.550218 73.963211
564.380877 73.361826
564.455490 73.157446
564.839652 72.581862
564.801625 72.326869
565.098985 71.992039
565.174027 71.669937
565.336086 70.911738
565.663059 70.890506
566.141805 70.277533
565.883875 69.924186
566.120063 69.416963
566.115913 69.081978
566.583200 68.598734
566.740159 68.251463
566.779360 68.086292
566.923302 67.299919
567.093839 67.069362
567.509683 66.538863
567.449600 66.261202
567.894779 65.575578
568.010814 64.940058
568.164969 64.770903
567.949575 64.358720
568.462115 63.744958
568.466432 63.455678
568.930601 63.124835
568.923903 62.840825
569.004951 62.154056
568.862310 61.923867
569.482674 61.428410
569.510851 60.951528
569.200876 60.378697
569.850935 60.260685
570.229917 59.666026
570.187142 59.098887
570.194693 58.459314
570.134674 58.156368
570.253925 57.875332
570.539290 57.643395
570.912964 56.999477
571.185449 56.457245
571.262206 56.119639
571.322986 55.790479
571.657635 55.483661
571.882223 55.100828
571.938105 54.436073
572.076251 54.149418
572.156492 53.739621
572.363070 52.958054
572.519745 52.722344
572.961688 52.399704
573.001209 52.016939
573.337243 51.341008
573.277403 50.856466
573.373361 50.564686
573.563507 49.971548
573.858566 49.461225
573.990638 49.149495
574.078636 48.687256
574.461906 48.405172
574.440878 47.962603
574.526317 47.546821
574.851417 47.296103
574.953545 46.680001
575.024384 46.015292
575.029887 45.697773
575.265853 45.418402
575.353816 44.867490
575.739423 44.323559
575.958502 43.789064
575.947124 43.449288
576.170390 42.898067
576.475214 42.338456
576.600645 42.367061
576.420778 41.691668
576.884770 41.190770
577.047516 40.694007
577.157065 40.371012
577.522461 40.063397
577.553431 39.547568
577.561194 38.950299
577.704533 38.717479
578.239769 38.181008
577.967331 37.464573
578.495262 37.244639
578.391827 36.975643
578.933050 36.535876
578.769947 36.049831
579.003599 35.472033
579.214599 34.839520
579.175028 34.470603
579.251039 34.262407
579.640916 33.789070
579.687580 33.385958
579.845304 33.121728
580.314429 32.114234
580.439257 31.735908
580.229524 31.511380
580.765107 30.892712
580.958995 30.515600
581.221100 29.884033
581.457415 29.499869
581.397358 29.505310
581.432696 28.591359
581.404204 28.546143
581.883071 27.738145
581.945211 27.038976
581.993385 26.875527
582.327348 26.397538
582.498804 25.856257
582.662932 25.538816
582.747316 25.091728
582.897849 24.800538
583.134241 23.996107
583.077311 23.678293
583.150788 23.242948
583.432329 22.429122
583.559937 22.038721
583.791088 21.581994
584.086524 21.412832
584.189667 20.829227
584.391121 20.132848
584.608857 19.770453
584.533420 19.598901
584.984504 19.145760
584.977317 18.410703
585.186715 18.351036
585.327498 17.544645
585.322942 17.462215
585.440913 16.604287
585.979787 16.192082
586.017504 15.914055
586.154330 15.533252
586.159704 15.099518
586.327242 14.506758
586.386639 14.169654
587.127444 13.606309
586.839477 13.102390
586.961612 12.336605
587.178449 12.144609
587.372410 11.602170
587.735466 10.994934
587.851040 10.745278
587.748355 10.202568
587.873983 9.851814
588.347352 9.298891
588.377106 8.743766
588.508387 8.615450
588.464911 7.772034
588.701664 7.512730
588.865611 7.022747
589.019436 6.500982
589.411748 5.652616
589.333437 5.565834
589.598513 5.049801
589.614844 4.955542
589.872324 4.133779
590.208669 3.494039
590.229425 3.260433
590.418938 2.851681
590.450014 2.315492
590.927501 1.688653
590.909278 1.500038
590.990911 1.158265
591.138359 0.395658
591.370401 -0.029351
591.450350 -0.333542
591.589186 -1.076228
592.103367 -1.413242
592.023235 -1.879588
592.381446 -2.280593
592.232796 -3.007701
592.436177 -2.967546
592.614512 -3.941882
592.944945 -4.565536
592.953188 -4.968688
593.073367 -5.246704
593.230388 -5.676909
593.658888 -6.244071
593.713905 -6.788275
593.823592 -7.172566
594.145191 -7.751286
594.050776 -8.103156
594.346743 -8.630467
594.216419 -9.326801
594.635053 -9.686286
594.782444 -9.961949
594.858353 -10.378072
594.731347 -11.009425
595.192516 -11.193493
595.219835 -11.820094
595.507377 -12.580107
595.648638 -13.159271
595.773315 -13.157840
595.707548 -14.059247
596.072809 -14.445972
596.257602 -14.802463
596.370931 -15.258502
596.573973 -15.578189
596.882201 -16.280668
596.914266 -16.713964
597.041180 -17.175124
597.166619 -17.475438
597.471747 -18.364331
597.446607 -18.770128
597.426595 -18.930291
597.984502 -19.624305
597.911746 -19.984419
597.920420 -20.542881
598.373446 -20.859949
598.419088 -21.670724
598.916086 -21.993620
598.992254 -22.579622
598.812622 -23.073323
599.210840 -23.087246
599.167299 -23.899871
599.318139 -24.270290
599.769896 -24.923016
599.788792 -25.326547
599.423235 -25.726352
600.429503 -26.360414
600.021916 -26.966522
600.373059 -27.056093
600.634645 -27.728575
600.690776 -28.421540
600.898552 -28.396296
600.876275 -29.382033
601.256779 -29.610580
601.256329 -30.468593
601.215975 -30.669656
601.404150 -31.194454
601.675315 -31.653773
602.135783 -32.079798
602.290940 -32.823907
602.122541 -33.081315
602.122393 -33.554024
602.340740 -34.224593
602.737927 -34.865613
602.900040 -35.253608
602.926732 -35.521336
603.040664 -36.047061
603.432645 -36.393861
603.270928 -37.027932
603.739239 -37.690233
603.604576 -38.314554
604.029196 -38.489361
604.251437 -39.142404
604.161672 -39.992880
604.304117 -40.024493
604.355628 -40.690096
604.784122 -41.033512
604.802446 -41.915466
604.861801 -42.254748
605.313963 -42.812889
605.352081 -42.963315
605.494824 -43.645534
605.894454 -44.203959
605.680095 -44.456150
605.968643 -45.125797
605.931862 -45.530605
605.832168 -46.327036
606.463152 -46.933630
606.426376 -47.043715
606.544955 -47.621120
606.881785 -48.077704
606.583212 -48.440922
607.147583 -49.025969
607.127853 -49.794230
607.712253 -50.029239
607.706790 -50.451100
607.703060 -50.777375
608.058311 -51.333273
607.910371 -52.157717
608.343831 -52.481949
608.307094 -53.128853
608.253687 -53.337319
608.646077 -54.143348
608.743567 -54.675923
608.838938 -55.127159
609.143952 -55.438650
609.213462 -55.717668
609.388443 -56.569267
609.613559 -56.860557
609.511994 -57.215332
609.869546 -58.094061
610.167744 -58.372060
610.429714 -58.851303
610.181268 -59.489984
610.436489 -59.871289
610.347009 -60.407408
610.685318 -61.183034
610.686050 -61.641435
611.121127 -61.901622
611.223823 -62.360338
611.267165 -62.909547
611.581323 -63.535906
611.535273 -64.135045
611.682510 -64.464045
611.940122 -65.243751
612.174826 -65.416069
612.089905 -65.876208
612.501157 -66.503022
612.484276 -66.836452
612.684818 -67.288305
612.834478 -68.530714
612.825573 -68.418659
613.214083 -68.917717
613.461190 -69.298978
613.389894 -69.913273
613.711035 -70.680593
613.834787 -70.895800
614.039483 -71.275063
614.406170 -72.032871
614.122449 -72.462462
614.361704 -72.956014
614.537542 -73.841592
614.557280 -74.200456
614.468386 -74.508473
615.176433 -75.257551
615.234700 -75.820332
615.128102 -76.126634
615.448519 -76.404863
615.476863 -77.082465
615.653414 -77.580786
615.653261 -78.197710
615.960033 -78.947789
616.174944 -79.160303
616.169548 -79.704302
616.411618 -79.919861
616.488456 -80.875481
616.723886 -80.951759
616.823235 -81.677330
616.865198 -82.317505
617.241731 -82.652503
617.333947 -83.261346
617.604671 -83.826614
617.702461 -84.190800
617.579868 -84.841351
617.715614 -85.207438
618.070054 -85.886916
618.125293 -86.341268
618.385046 -86.734940
618.546308 -87.108930
618.670173 -87.626868
618.599629 -88.389501
618.972835 -88.871822
619.269288 -89.496190
619.311537 -89.581026
619.241155 -90.455892
619.763640 -90.856649
619.518126 -91.472055
619.884409 -91.719217
619.583677 -92.422882
620.004814 -92.614234
620.244139 -93.292042
620.269925 -93.972224
620.151719 -94.283589
620.844664 -95.005070
620.655947 -95.090601
620.884712 -95.954279
621.264534 -96.418966
621.148881 -96.673311
621.209048 -97.432679
621.462301 -98.042707
621.745901 -98.782744
621.885931 -98.872777
621.912009 -99.391107
622.236781 -99.994601
622.129948 -100.707981
622.474991 -101.025022
622.597595 -101.872519
622.838780 -102.288802
623.067131 -102.323945
623.221543 -103.177139
623.212158 -103.918402
623.251398 -103.833076
623.147300 -104.641430
623.554758 -105.128115
623.656374 -105.600397
623.866033 -106.399937
623.881280 -106.682736
623.938564 -107.138747
623.977831 -107.556207
624.282489 -108.078984
624.843643 -108.849922
624.966891 -109.296349
624.939383 -109.609926
624.981405 -110.216110
625.049419 -110.632081
625.220613 -111.215533
625.484538 -111.802900
625.299735 -112.423255
625.826063 -112.864001
625.803192 -113.297057
625.994179 -114.131899
626.212755 -114.490118
626.187005 -115.190877
626.598831 -115.608335
626.557282 -115.829651
626.689436 -116.498426
626.803991 -117.156861
626.791522 -117.332109
627.227680 -118.046020
627.308126 -118.747604
627.475003 -119.284858
627.642254 -119.579082
627.704497 -120.070651
627.972537 -120.624414
627.790379 -121.313216
628.148150 -121.534285
628.294234 -122.205601
628.451836 -122.809527
628.638552 -123.502053
628.612216 -123.518905
629.003517 -124.398935
629.081655 -124.888939
628.987908 -125.310647
629.180094 -125.666129
629.400910 -126.490566
629.574282 -126.930990
629.828746 -127.311974
629.718966 -127.830576
630.173069 -128.399549
630.291757 -129.066384
630.438880 -129.475387
630.593550 -129.975032
630.639143 -130.782527
630.504460 -131.038753
630.678480 -131.750296
630.608934 -132.248751
631.156478 -132.787533
631.348546 -133.402358
631.690304 -133.467218
631.177486 -134.465423
631.684184 -134.939973
631.711311 -135.152762
631.665753 -135.630055
632.085115 -136.459940
632.434060 -136.666824
632.280957 -137.127452
632.420516 -138.062655
632.629414 -138.309801
632.782012 -138.850437
632.950070 -139.388740
633.099850 -139.726717
633.208358 -140.297058
633.292268 -141.042440
633.277797 -141.385929
633.655202 -142.159158
633.580474 -142.240495
633.965925 -143.069651
634.061092 -143.627206
634.199235 -144.015599
634.091012 -144.740755
634.495800 -145.272337
634.727772 -145.646981
634.694334 -146.030873
634.908238 -146.528109
634.907500 -147.117675
635.248056 -147.734271
635.239012 -148.150167
635.556725 -148.831445
635.637755 -149.382436
635.469473 -149.692693
635.830004 -150.445873
635.833604 -150.771079
636.154291 -151.201006
636.277180 -151.924424
636.538576 -152.089398
636.512991 -152.982003
636.665253 -153.504023
636.595018 -153.935746
636.935446 -154.602317
637.230116 -154.587375
637.252587 -155.649563
637.343069 -155.963446
637.464482 -156.553469
637.668231 -157.223360
637.842314 -157.711563
638.159769 -158.219355
637.760315 -158.528791
637.973369 -158.593206
638.484599 -159.580723
638.304326 -160.103567
638.685018 -160.770043
638.626374 -161.361847
638.913608 -161.690221
638.905053 -162.331135
639.241633 -162.630490
639.252059 -163.397641
639.480476 -164.151492
639.441634 -164.511506
639.577937 -164.866439
639.953367 -165.122473
640.164482 -166.009181
640.093408 -166.566324
640.245376 -167.050165
640.419779 -167.372809
640.389780 -167.847895
640.695821 -168.631290
640.617941 -168.853376
640.711371 -169.338399
641.296982 -170.069927
641.173620 -170.681199
641.122960 -171.038297
641.315154 -171.716102
641.854534 -172.194720
642.043955 -172.502709
641.933248 -173.159081
642.231004 -173.823036
641.992352 -174.333181
642.034190 -174.966293
642.274124 -175.203341
642.535424 -175.927377
642.524860 -176.523940
642.557445 -177.083340
642.623606 -177.415316
643.062743 -178.052042
643.151524 -178.417464
643.369452 -179.055693
643.460117 -179.507148
643.276808 -179.884831
643.751891 -180.519333
643.887472 -180.906012
643.739836 -181.273661
643.975069 -182.311244
643.921232 -182.820438
644.333544 -183.277534
644.265903 -183.616626
644.284911 -184.410549
645.043147 -184.695876
644.820938 -185.256857
645.018530 -185.720368
645.144174 -186.301994
645.275826 -186.941000
645.296500 -187.202300
645.376867 -187.886262
645.454279 -188.622604
645.630756 -189.021737
645.953225 -189.263432
645.966415 -190.011097
646.122364 -190.259816
646.420973 -191.097014
646.520823 -191.628689
646.622364 -192.241374
646.481222 -192.668159
646.755000 -193.242966
646.899284 -193.652138
646.940710 -194.006885
647.289626 -194.707118
647.367507 -195.047965
647.619088 -195.612286
647.517393 -195.963892
647.677337 -196.627979
647.925575 -197.306515
648.112387 -197.954275
647.837096 -198.129980
648.351068 -198.867135
648.438690 -199.477822
648.753679 -199.884399
648.516845 -200.270312
648.941692 -200.711040
648.632764 -201.517517
648.957086 -201.914551
649.331070 -202.578854
649.236867 -202.991452
649.521750 -203.378362
649.330091 -204.278741
649.672004 -204.691139
649.992218 -205.199557
650.004523 -205.742071
650.410380 -206.262333
650.091912 -206.381693
650.625671 -207.267454
650.361479 -207.716917
650.572638 -208.255825
650.695219 -208.584382
650.696356 -208.981968
650.664649 -210.065199
651.223521 -210.282534
651.380009 -210.640469
651.359745 -211.651354
651.568682 -211.935190
651.638324 -212.632631
651.640424 -212.880556
651.872656 -213.512934
652.088074 -214.011565
652.157685 -214.552691
652.200933 -215.384860
652.444980 -215.413065
652.358651 -216.289855
652.679002 -216.581145
652.704531 -217.041753
652.740045 -217.749003
652.915899 -218.253668
653.284498 -218.492159
653.180650 -219.170615
653.688332 -219.750124
653.422629 -220.126230
653.760008 -220.757514
653.796015 -221.312512
653.670236 -221.744241
654.154267 -222.466734
654.185536 -223.067913
654.252313 -223.275230
654.570464 -223.866733
654.376055 -224.465931
654.768025 -225.064470
654.941680 -225.751045
654.678329 -225.839319
655.072187 -226.550505
655.096850 -227.097175
655.239208 -227.318479
655.115899 -227.877789
655.552284 -228.541115
655.833187 -228.891841
655.746861 -229.396418
655.676442 -230.210230
656.194802 -230.449454
656.061705 -231.312455
656.311248 -231.768937
656.019884 -232.203409
656.332255 -232.543889
656.381863 -233.341941
656.918412 -233.772371
657.042214 -234.062664
656.833412 -234.579733
657.229571 -235.358593
657.029070 -235.633415
657.195072 -236.087746
657.587096 -236.978144
657.240385 -237.389290
657.797191 -238.050181
657.876959 -238.592280
658.152663 -238.858290
658.441915 -239.351422
658.480912 -239.726413
658.406300 -240.669046
658.518069 -241.048907
658.630591 -241.597462
658.807246 -242.007227
658.773156 -242.489010
658.494901 -242.901191
659.039240 -243.271042
659.248060 -243.803315
659.178335 -244.606875
659.313340 -245.003105
659.663633 -245.864656
659.753253 -246.220653
659.607425 -246.794394
659.967461 -247.237514
660.065916 -247.721247
660.116502 -248.386105
660.207304 -248.527676
660.453426 -249.069069
660.495053 -249.485159
660.476942 -250.014670
660.957487 -250.901344
661.006651 -251.295916
661.150390 -251.648878
661.314947 -252.416764
661.005287 -252.898015
661.212897 -253.354187
661.446286 -253.925909
661.770291 -254.236290
661.828885 -254.965468
661.819377 -255.134911
661.811419 -255.916065
662.140385 -256.431507
662.463093 -256.986117
662.412694 -257.505139
662.380683 -257.962956
662.718278 -258.449532
662.858120 -258.913428
662.734877 -259.577789
662.629526 -259.975837
663.144063 -260.509439
663.183693 -260.795218
663.274624 -261.497977
663.389404 -262.001997
663.288759 -262.729593
663.461939 -262.958267
663.602680 -263.630720
663.975790 -264.239117
663.760716 -264.813763
664.344282 -265.131648
664.101678 -266.019062
664.372255 -266.230937
664.230654 -266.396083
664.690601 -267.191460
664.451176 -267.355092
665.001502 -267.937973
665.034039 -268.679889
664.962312 -269.198462
665.416839 -269.720378
665.102851 -270.206347
665.284442 -270.456651
665.317114 -271.362059
665.580243 -271.936628
665.330554 -272.378836
665.665956 -272.699949
666.170698 -273.182355
665.929819 -273.755993
666.294765 -274.293584
666.144559 -274.845388
666.568905 -275.233443
666.612478 -275.852770
666.648483 -276.347636
666.749397 -276.995747
667.131933 -277.390303
666.979317 -277.988353
667.032669 -278.669375
667.354034 -278.840963
667.187318 -279.283054
667.419556 -279.964176
667.318659 -280.480888
667.790248 -280.884284
667.606476 -281.418170
667.934433 -281.851782
667.873445 -282.523677
668.123354 -282.819626
668.490570 -283.412878
668.161723 -283.933581
668.502464 -284.505903
668.426074 -285.048306
668.784389 -285.316346
668.754304 -286.047651
669.019422 -286.365977
669.270947 -286.979063
669.341027 -287.464413
669.120297 -287.794056
669.516393 -288.319243
669.657190 -288.847905
669.573198 -289.727708
669.672678 -289.932981
669.794338 -290.373297
670.206742 -290.957238
669.974628 -291.228605
670.191452 -291.946825
670.000521 -292.707142
670.582616 -292.893062
670.749557 -293.110526
670.658883 -293.951018
670.759190 -294.425898
671.058179 -295.058686
671.248405 -295.740492
671.201975 -295.757932
671.279266 -296.355942
671.176318 -296.700461
671.632945 -297.557620
671.289248 -298.093087
671.600145 -298.748037
671.833005 -298.873697
671.922901 -299.483062
672.199692 -299.903228
672.474663 -300.539803
672.287473 -301.066717
672.317448 -301.309342
672.541265 -301.777454
672.718191 -302.542882
672.275574 -303.250075
673.107504 -303.605111
673.078896 -304.014033
672.894134 -304.323982
673.272027 -304.798593
673.165224 -305.300975
673.369486 -305.642947
673.519253 -306.273909
673.361497 -306.651425
673.922946 -307.537268
673.990606 -308.029128
673.938601 -308.456013
673.792556 -308.920724
674.043312 -309.222248
674.067197 -309.966856
674.193060 -310.261004
674.491061 -310.746050
674.466170 -311.333681
674.818443 -311.913840
674.722092 -312.328546
674.958014 -312.836102
674.806788 -313.417038
674.945520 -313.393427
675.248862 -314.580797
675.266249 -314.992308
675.783895 -315.216333
675.471452 -315.615457
675.802110 -316.404226
675.602876 -316.976210
675.821309 -317.287139
675.943494 -317.676748
676.131276 -318.270212
676.330552 -319.021450
676.286166 -319.422656
676.470070 -319.600595
676.411482 -320.533585
676.921476 -320.497055
676.914924 -321.348063
676.928504 -321.644315
677.002743 -321.971488
677.389714 -322.633803
677.222230 -322.934835
677.279779 -323.650534
677.390402 -323.857465
677.692289 -324.997221
677.867432 -325.130125
677.496145 -325.388380
677.880616 -326.058826
677.912873 -326.345857
678.129923 -327.161578
677.849782 -327.670141
678.155323 -328.100192
678.510003 -328.682927
678.406337 -328.772005
678.411003 -329.406584
678.594095 -329.652231
678.827211 -330.613335
678.692019 -331.063267
678.784525 -331.282424
678.863342 -331.838371
679.214897 -332.181112
679.526360 -332.661039
679.294110 -333.351858
679.326447 -333.523902
679.590257 -334.098144
679.841492 -334.871094
679.689693 -335.317321
679.849043 -335.802307
680.222897 -336.063177
680.397413 -336.979663
680.061997 -337.275675
680.676591 -337.343586
680.365620 -338.164067
680.578598 -338.377259
680.746506 -338.905662
680.787453 -339.723387
680.732032 -340.205171
681.082627 -340.419807
681.397961 -340.967874
681.174003 -341.632418
681.299595 -341.887305
681.038906 -342.645935
681.274449 -342.662140
681.700124 -343.514366
681.746265 -343.720872
681.716444 -344.348892
681.872359 -344.827899
682.029101 -345.266885
682.004024 -345.968605
682.234082 -346.350827
682.302257 -346.601665
682.321682 -347.290314
682.552217 -347.747878
682.543150 -348.352768
682.503297 -348.730704
682.976948 -348.855290
682.853579 -349.574108
683.099765 -350.042307
682.972968 -350.451334
683.316358 -351.292031
683.396114 -351.455631
683.285764 -352.140815
683.714981 -352.376669
683.921254 -353.133639
683.648525 -353.514403
683.702465 -353.998741
683.923027 -354.588135
683.921863 -354.921531
684.292424 -355.315005
684.304049 -355.814888
684.191052 -356.275259
684.561215 -356.544638
684.709772 -356.833491
684.940654 -357.653346
684.710044 -358.097862
684.859662 -358.667865
684.702428 -358.998740
684.927249 -359.553378
684.896453 -359.827810
685.015372 -360.175259
685.193506 -360.853770
685.413522 -361.556396
685.420961 -361.769338
685.559832 -362.193123
685.711750 -362.893876
685.848145 -363.163502
686.031249 -363.437575
685.913881 -364.364799
686.278465 -364.764850
686.237605 -365.271481
686.258686 -365.664241
686.467009 -365.990440
686.447153 -366.613299
686.747557 -367.197428
686.682556 -367.469631
686.854361 -367.712181
686.995388 -368.237279
686.917784 -368.832609
686.893662 -369.202847
687.040023 -369.598946
687.269364 -369.960294
687.322880 -370.700413
687.287456 -370.975496
687.648313 -371.440632
687.400028 -371.987247
688.030140 -372.251928
687.749734 -372.645748
687.801725 -373.582090
688.245156 -374.040173
688.196569 -374.401650
688.577074 -374.781282
688.653198 -375.159398
688.347199 -375.414021
688.593908 -376.086691
688.731703 -376.345306
688.547807 -376.831858
688.614499 -377.677831
688.723404 -377.955806
689.033463 -378.380096
688.848263 -379.024336
689.332333 -379.229637
689.134556 -379.852519
689.537852 -380.104829
689.108568 -380.636128
689.505942 -381.472419
689.939949 -381.656577
689.914736 -381.946238
689.914495 -382.608836
689.899403 -382.879963
690.116334 -383.404555
690.091952 -384.138222
690.472292 -384.416327
690.518616 -384.493964
690.838159 -385.300423
690.290722 -385.809958
690.982505 -386.155949
690.838264 -386.547105
690.812831 -386.886941
691.232104 -387.097056
691.104467 -388.141481
691.269837 -388.404919
691.147916 -389.175571
691.506282 -389.165856
691.431565 -389.739635
691.637898 -390.258837
691.753213 -390.350244
691.747462 -390.937819
691.466467 -391.539335
691.565462 -391.920090
692.088979 -392.350199
692.020098 -392.676327
692.130830 -393.255887
692.263092 -393.970183
692.296690 -394.143861
692.373374 -394.627584
692.749204 -395.073303
692.631011 -395.516020
692.488372 -395.706590
692.789068 -396.341532
692.801729 -397.014550
692.864519 -397.018364
693.254374 -397.899597
693.072585 -398.054816
693.502889 -398.653682
693.206411 -399.064914
693.427867 -399.117423
693.609264 -399.916470
693.579666 -400.437114
693.663570 -400.765094
693.929656 -401.450365
693.965793 -401.598200
693.950068 -402.009396
694.184621 -402.754477
694.206459 -402.958829
694.554735 -403.355376
694.516892 -403.964692
694.581961 -404.072840
694.670775 -404.802500
694.830516 -405.303882
694.796699 -405.501928
694.798346 -406.078115
694.915450 -406.476513
695.316406 -406.646105
695.362662 -407.272568
695.192099 -407.662717
695.392585 -408.078530
695.198889 -408.603617
695.601121 -408.581113
695.469833 -409.491916
695.581803 -409.643459
695.759789 -410.331516
695.820482 -410.704840
695.947660 -411.059813
696.107923 -411.429500
696.310321 -412.044172
696.152482 -412.488708
696.309544 -412.736741
696.436538 -413.289623
696.303344 -413.862200
696.381226 -414.243148
696.577969 -414.407969
696.811510 -415.205502
696.574641 -415.453450
696.989483 -415.858558
696.967065 -416.314409
697.180741 -416.629974
697.119030 -417.313300
697.254412 -417.584209
697.338365 -418.187644
697.651391 -418.353680
697.661729 -418.688518
697.702139 -419.285945
697.571749 -419.840231
697.860887 -420.008279
697.928588 -420.613907
697.919430 -421.065899
697.760081 -421.312905
697.883479 -421.214352
698.261447 -421.964401
698.409904 -422.530696
698.198609 -422.948645
698.705398 -423.536386
698.699207 -423.847555
698.753160 -424.332123
698.863553 -424.455654
698.763607 -425.049441
698.962625 -425.379899
699.176425 -425.908567
699.030223 -426.294121
699.192990 -426.936051
699.315624 -426.957926
699.334367 -427.487357
699.326470 -427.907066
699.461735 -428.346198
699.463921 -428.704616
699.830432 -429.248308
699.757706 -429.434919
699.792274 -430.174310
699.987114 -430.455377
700.039841 -430.846241
700.127049 -431.258522
700.081593 -431.500824
700.215086 -431.955462
700.580024 -432.564075
700.389703 -432.864944
700.463466 -433.201677
700.423623 -433.856989
700.594071 -434.063646
700.830879 -434.413615
700.787865 -435.176253
701.009276 -435.420962
701.051507 -435.726730
700.934557 -436.069812
701.198914 -436.395207
701.280298 -436.624859
701.204254 -437.021733
701.675016 -437.777483
701.313131 -438.200655
701.533255 -438.449250
701.756484 -438.841568
701.478628 -439.632517
701.856391 -439.537536
701.935114 -439.859780
701.826522 -440.523581
702.255598 -440.912634
702.366008 -441.191585
702.198108 -441.773952
702.120908 -442.116507
702.699148 -442.764437
702.472004 -442.758613
702.615915 -443.579397
702.638528 -443.631261
702.764081 -444.151493
702.820116 -444.291183
702.766536 -444.650225
702.894753 -445.282593
703.041145 -445.554888
703.344701 -446.097188
702.949949 -446.534151
703.073778 -447.162385
703.322319 -447.298440
703.439911 -447.889273
703.637249 -447.784036
703.573153 -448.167307
703.462170 -448.688068
703.904432 -449.198451
703.889454 -449.568739
703.801491 -450.191239
704.176760 -450.292452
704.180799 -450.805226
704.055088 -451.282674
704.059189 -451.674230
704.442713 -451.844782
704.390928 -452.074037
704.423122 -452.665240
704.847628 -452.804972
704.882705 -453.248569
704.611228 -453.891127
704.731207 -454.008338
704.705142 -454.676490
704.893869 -455.113375
704.932126 -455.122992
705.262645 -455.731200
705.043886 -456.216703
705.338658 -456.553593
705.363301 -456.977945
705.509990 -457.257727
705.642525 -457.510424
705.717298 -458.078343
705.705289 -458.818050
705.690388 -458.662838
705.850887 -459.346654
705.752383 -459.600180
705.911336 -460.042749
706.240797 -460.070917
706.226105 -460.827813
706.486822 -460.833750
706.309561 -461.316575
706.276926 -461.952703
706.745073 -462.081807
706.556143 -462.504922
706.647769 -462.814271
706.877994 -463.045453
706.648416 -463.666083
706.866254 -464.260280
707.188398 -464.377087
706.788610 -464.767472
707.026488 -465.327545
707.358828 -465.467889
707.292209 -465.695130
707.551052 -466.244913
707.269042 -466.693948
707.542769 -467.044490
707.589838 -467.177256
707.836210 -467.850589
707.661335 -467.903400
707.686418 -468.462609
707.912024 -468.625978
707.858710 -469.071295
707.997034 -469.475235
708.069495 -469.878983
707.979524 -470.409306
708.075725 -470.651701
708.321032 -470.962488
708.462008 -471.597190
708.524452 -471.796934
708.303951 -472.192738
708.715679 -472.641672
708.888225 -472.987572
708.721233 -473.127552
708.691851 -473.663024
708.988169 -473.959204
708.848254 -474.250092
709.071370 -474.505802
709.036997 -474.802825
709.155106 -475.546819
709.130029 -475.628588
709.356383 -476.360766
709.221547 -476.352842
709.558061 -476.945992
709.625537 -477.109261
709.646167 -477.437535
709.764166 -477.783278
709.910330 -478.136612
710.026731 -478.496986
709.886355 -479.227422
710.128214 -479.116921
709.840607 -479.866270
710.149284 -480.044422
710.188772 -480.034586
710.290788 -480.559810
710.435798 -480.889682
710.112674 -481.201383
710.851548 -481.676732
710.748499 -481.842325
710.919960 -482.413550
710.991989 -482.918741
710.843701 -482.961250
710.856361 -483.534644
711.129259 -483.867047
711.021864 -484.027947
711.048402 -484.424012
711.132872 -484.843484
711.125174 -485.000597
711.468952 -485.393154
711.294285 -485.751536
711.775642 -486.085603
711.317773 -486.768804
711.767636 -486.957798
711.650920 -487.230709
711.717412 -487.248029
711.906945 -487.830912
711.782432 -488.400581
711.999549 -488.484885
711.752463 -488.934863
711.878088 -489.241230
712.228545 -489.721967
712.231278 -489.950622
712.429426 -490.086467
712.458689 -490.666170
712.222050 -490.598928
712.490349 -491.348071
712.496231 -491.302191
712.493446 -491.718651
712.429843 -491.849832
712.807211 -492.574525
712.720708 -493.099093
712.868273 -493.287849
713.068843 -493.495506
713.074751 -493.727501
713.338069 -494.235936
713.037201 -494.408572
713.150759 -495.078077
713.167394 -494.840124
713.505908 -495.455031
713.375767 -495.593653
713.550661 -496.389564
713.259888 -496.605979
713.771184 -497.016008
713.544129 -496.900251
714.169943 -497.704585
713.728517 -497.764925
713.869262 -498.089959
713.699433 -498.470671
714.093314 -498.907242
714.216935 -499.169527
714.113739 -499.066547
714.065312 -499.387952
714.105278 -499.998995
714.474540 -500.140303
714.305598 -500.458240
714.751173 -500.779305
714.377854 -501.147422
714.794371 -501.604591
715.051501 -501.860007
714.780648 -502.178192
714.955188 -502.445038
715.092647 -502.839280
714.820621 -502.962564
715.055062 -503.449034
715.200036 -503.773947
715.328615 -504.041012
715.422481 -504.128581
715.490396 -504.628344
715.603167 -505.035927
715.424615 -505.179220
715.545367 -505.727333
715.574299 -505.849533
715.538151 -506.137234
715.579261 -506.503773
716.018921 -506.793447
716.045459 -507.119415
716.210724 -507.406130
716.142796 -507.869724
716.047403 -508.078103
716.100476 -508.559280
716.007311 -508.347746
716.274601 -508.970757
716.543458 -509.233865
716.581661 -509.672646
716.445353 -509.896256
716.532193 -510.415127
716.781312 -510.558315
716.699613 -510.892278
716.804510 -511.084153
716.734349 -511.137231
716.958405 -511.760249
716.940624 -511.963542
717.230162 -512.056398
717.155317 -512.913525
716.985516 -512.804324
716.990495 -513.107290
717.019729 -513.234808
717.317331 -513.788823
717.208877 -514.162715
717.149115 -514.318914
717.511803 -514.543641
717.565862 -514.791627
717.730324 -515.158255
717.778870 -515.589920
717.774185 -515.793784
717.897313 -516.353576
718.130644 -516.519059
718.071669 -516.637441
717.921182 -516.759727
718.167204 -517.328591
717.950011 -517.447156
718.290942 -517.849730
718.452699 -517.910173
718.539652 -518.448116
718.287394 -518.615218
718.472952 -518.982938
718.317146 -519.274084
718.560326 -519.574260
718.550065 -519.783637
718.584860 -520.141059
718.901486 -520.320620
718.989938 -520.692962
718.644153 -520.733097
719.234930 -521.378000
719.106350 -521.426274
718.903069 -521.861375
718.689033 -521.876898
719.144655 -522.238404
719.530103 -522.491119
719.410562 -522.733217
719.309331 -523.191364
719.520245 -523.362615
719.526432 -523.722912
719.839939 -523.878332
719.823909 -524.104654
719.698958 -524.532431
719.836474 -524.850231
720.099299 -525.208734
719.929054 -525.429794
719.789877 -525.581457
720.140202 -525.792013
719.954597 -526.287457
720.168203 -526.496740
720.325567 -526.557425
720.296848 -526.996591
719.878804 -527.258013
720.277376 -527.533089
720.446851 -528.040568
720.431334 -527.937273
720.556208 -528.231631
720.344012 -528.422539
720.686434 -528.847165
720.575340 -529.381022
720.640156 -529.208374
721.025110 -529.785212
721.061672 -529.713096
721.055588 -530.426910
720.882668 -530.582919
721.206270 -530.473426
721.093178 -530.650767
721.178304 -531.145109
721.329164 -531.392967
721.395528 -531.728922
721.297951 -532.044628
721.316047 -532.084888
721.622862 -532.758411
721.503061 -532.524543
721.562705 -532.840424
721.851138 -533.265384
721.509949 -533.262388
721.710002 -533.928556
722.036548 -534.061175
721.809246 -534.384263
721.906757 -534.456602
721.891803 -534.710661
721.875863 -534.991979
722.143019 -535.100093
722.185271 -535.344504
722.129721 -535.726367
722.588105 -536.145284
722.246879 -536.265657
722.333998 -536.192985
722.334858 -536.718814
722.531715 -536.789895
722.463814 -537.407160
722.722890 -537.487419
722.731912 -537.803057
722.718342 -538.052497
722.702457 -538.198583
722.945230 -538.594194
723.054401 -538.432531
723.151787 -539.036680
723.128521 -538.871433
723.158238 -539.448909
723.062719 -539.744628
723.229209 -539.669462
723.255293 -539.886700
723.254499 -540.335914
723.302491 -540.623187
723.717009 -540.845487
723.516184 -541.024366
723.690787 -540.933159
723.763931 -541.563803
723.869198 -541.736049
723.693544 -541.765894
723.797064 -542.143250
723.455872 -542.234604
723.751428 -542.747768
723.890208 -542.832511
724.062221 -542.982574
724.073552 -543.388199
724.181896 -543.668075
724.054305 -543.832441
724.294469 -544.358468
724.237597 -544.344414
724.482019 -544.599208
724.521994 -544.693828
724.354789 -545.012211
724.396805 -545.104985
724.405732 -545.506981
724.583608 -545.408814
724.704210 -545.892873
724.588329 -546.085622
724.816979 -545.996824
724.865798 -546.574159
724.596046 -546.952991
725.134551 -546.790010
725.099114 -547.158254
724.967875 -547.354765
725.148271 -547.665695
725.054614 -547.772435
725.244318 -547.917688
725.335287 -548.158104
725.231088 -548.258199
725.235097 -548.744027
725.424113 -548.803842
725.667516 -548.967681
725.284369 -549.210221
725.412313 -549.371660
725.483528 -549.592712
725.630750 -549.624572
725.461152 -550.127882
725.647464 -550.371499
725.623344 -550.559510
725.991077 -550.943453
725.772385 -550.809631
725.800742 -551.322108
725.850257 -551.207332
726.127040 -551.471467
726.050594 -551.738764
726.169018 -551.902124
726.112037 -552.311165
726.647235 -552.361742
726.360776 -552.386218
726.146739 -552.740849
726.349807 -552.933413
726.379331 -553.104737
726.505570 -553.748054
726.707456 -553.562381
726.680714 -553.680954
726.883901 -554.024801
726.908011 -553.963356
726.690845 -554.577451
726.973257 -554.883656
727.058859 -554.828890
726.972553 -555.070828
727.076064 -555.234139
727.053639 -555.440458
727.426135 -555.422808
727.051646 -555.745788
727.298163 -556.068706
727.365766 -556.221010
727.254090 -556.189359
727.380626 -556.482866
727.630484 -556.668095
727.553091 -557.291349
727.610857 -557.150248
727.231999 -557.411108
727.710846 -557.560018
727.708895 -557.771900
727.710599 -557.920241
727.995667 -557.886787
727.856633 -558.166943
727.626111 -558.361853
727.907967 -558.690014
728.074499 -558.834680
728.315947 -558.954509
728.089230 -559.331748
728.296334 -559.310986
728.244981 -559.486562
728.301811 -559.668800
728.468662 -559.654004
728.415562 -560.222380
728.344941 -560.120779
728.447232 -560.344659
728.465656 -560.371736
728.513581 -560.818433
728.557026 -560.934780
728.348765 -561.047909
728.591681 -561.423019
728.558858 -561.501153
728.375657 -561.695262
728.934418 -561.856653
728.663076 -562.126719
728.898439 -562.401489
728.795747 -562.344452
728.819144 -562.495526
729.078136 -562.757665
728.975295 -562.914661
729.078184 -562.803782
729.063029 -563.090123
729.143517 -563.240326
729.291089 -563.474089
729.133466 -563.581111
729.558430 -563.590776
729.487910 -564.236479
729.397082 -564.261360
729.520690 -564.294892
729.590139 -564.325127
729.446624 -564.632771
729.358296 -564.740763
729.556881 -564.933248
730.100881 -565.013346
730.073022 -565.492953
729.835037 -565.399630
729.751016 -565.573122
729.851285 -565.894310
729.874576 -566.001180
729.865366 -566.089691
730.358733 -566.353714
729.989891 -566.368961
730.292746 -566.223719
730.456432 -566.292036
730.411244 -566.660706
730.309512 -566.967582
730.395305 -566.974253
730.556473 -567.280993
730.501726 -567.613575
730.409020 -567.689752
730.715247 -567.697124
730.704382 -567.790060
730.380948 -568.030915
730.934630 -568.139621
730.700227 -568.537352
731.130768 -568.329820
730.950464 -568.696739
730.776459 -568.918598
730.887474 -569.042713
731.161731 -568.810338
731.121236 -569.131340
731.008739 -569.328304
730.967068 -569.145791
731.199878 -569.455267
730.934550 -569.639908
731.332499 -569.764737
731.257112 -569.724097
731.368166 -570.196238
731.431748 -570.425739
731.346756 -570.465695
731.031916 -570.524763
731.646694 -570.824074
731.681153 -570.799747
731.747267 -571.137421
731.913976 -571.186471
731.779570 -571.314205
731.418723 -571.528399
731.809264 -571.671000
731.706940 -571.836943
731.703577 -572.057735
731.696207 -572.061851
732.022102 -572.314347
731.983991 -571.923689
731.910158 -572.279253
732.181109 -572.502032
732.562159 -572.661147
732.340731 -572.645363
732.230687 -572.944551
732.322807 -573.130627
732.339465 -573.172043
732.485033 -573.254158
732.405977 -573.275800
732.272611 -573.491920
732.445824 -573.732837
732.466048 -573.644176
732.628977 -573.672295
732.632078 -573.963065
732.501776 -573.768744
732.414292 -574.068774
732.806643 -574.155553
733.099807 -574.345498
732.876585 -574.455542
732.964669 -574.766410
733.073613 -574.813665
732.681220 -574.713280
732.918523 -574.790616
733.052609 -575.028964
732.981837 -575.088969
733.145828 -575.299611
733.139675 -575.461076
733.006955 -575.597325
733.550442 -575.446234
733.337377 -575.976358
733.311538 -575.883629
733.378941 -575.919613
733.528025 -576.114360
733.316585 -576.465255
733.346730 -576.161004
733.817106 -576.340070
733.531324 -576.488115
733.205470 -576.852214
733.424946 -576.917315
733.708349 -576.751909
733.348776 -576.638972
733.915323 -576.916668
733.662274 -577.265675
733.900862 -577.351851
734.069507 -577.263993
733.909004 -577.229871
733.942547 -577.607987
733.824414 -577.784402
734.332411 -577.681265
733.968119 -578.035907
734.178709 -578.064757
734.042158 -578.036115
734.165819 -578.270302
734.286560 -578.321628
734.416965 -578.325075
734.277360 -578.307147
734.420988 -578.428298
734.584776 -578.494695
734.502568 -578.633300
734.408868 -578.745279
734.760305 -578.747614
734.494664 -579.133989
734.578518 -579.197495
734.804600 -578.978081
734.867566 -579.282819
734.428569 -579.487326
734.811704 -579.224168
734.894473 -579.455628
734.868481 -579.507190
735.176201 -579.585593
734.926319 -579.630311
734.747295 -579.806318
734.818000 -579.750327
735.010124 -579.901809
734.903344 -579.708017
735.009172 -580.073689
735.330816 -580.312742
735.197003 -580.311005
735.318933 -580.736523
735.131168 -580.362294
735.404442 -580.533075
735.441622 -580.677253
735.098512 -580.907848
735.636357 -580.886163
735.251024 -580.701861
735.353469 -581.076754
735.597263 -581.113868
735.763085 -581.045731
735.709011 -581.278610
735.700506 -581.061132
735.573234 -581.468423
735.560130 -581.338485
736.149635 -581.707114
735.664097 -581.604911
735.522614 -581.393101
735.948791 -581.763502
735.899109 -581.858498
735.729134 -581.800198
736.141176 -581.767707
735.873477 -581.753986
736.131521 -582.098389
736.374007 -582.236650
736.339159 -582.166225
736.216161 -581.993343
736.100383 -582.273164
736.208096 -582.038448
736.418480 -582.279914
736.445604 -582.430667
736.370500 -582.241161
736.783407 -582.390110
736.319740 -582.493770
736.157699 -582.437044
736.576283 -582.768240
736.648978 -582.884009
736.458418 -582.677386
736.904016 -582.898732
736.604146 -582.973184
736.683557 -582.956284
736.863449 -582.987552
736.731291 -583.137118
736.915365 -583.010627
737.062171 -583.147325
736.817677 -583.018673
737.013672 -583.016896
737.170025 -583.178783
737.045677 -583.340904
737.224188 -583.196513
737.078369 -583.205873
737.052723 -583.608445
737.246581 -583.573395
737.233719 -583.503577
737.352360 -583.659816
737.088594 -583.699489
737.695828 -583.514122
737.548776 -583.945130
737.490429 -583.774493
737.463234 -584.080371
737.816522 -583.991403
737.611661 -583.790656
737.707900 -583.760516
737.589893 -584.140653
737.755022 -583.858926
737.619301 -583.989176
737.699985 -584.223150
737.627564 -584.060278
737.964007 -584.240252
737.949566 -584.303956
738.059239 -584.275954
737.932670 -584.264864
737.779172 -584.140551
737.877614 -584.416742
738.201457 -584.370711
737.903271 -584.277437
737.826180 -584.255876
738.197944 -584.338105
738.129209 -584.571789
738.203460 -584.305316
738.196511 -584.777880
738.626392 -584.365657
738.261672 -584.367720
738.414139 -584.701632
738.318713 -584.782650
738.271572 -584.737825
738.527789 -584.640575
738.543909 -584.703293
738.786563 -584.756084
738.380107 -584.875818
738.714173 -585.109940
738.582400 -584.840704
738.687054 -584.980413
738.541014 -584.859610
738.759693 -584.718131
738.920008 -584.873884
738.599611 -584.708449
739.026068 -584.844244
738.728175 -584.799598
738.870083 -585.045752
738.881150 -584.987206
738.763295 -584.594378
738.992890 -584.887737
738.888287 -584.929097
738.902213 -584.870058
739.183573 -584.928972
739.167285 -584.964474
739.076357 -585.002680
739.252682 -585.058604
739.081584 -585.345906
739.372345 -585.145359
739.305448 -585.182212
739.351250 -585.008798
739.129736 -584.809747
739.363546 -584.992641
739.388203 -585.195708
739.339889 -584.812847
739.242860 -585.158711
739.627810 -585.315807
739.299655 -585.165984
739.474397 -585.225616
739.434202 -585.150379
739.784876 -585.263494
739.944767 -585.025222
739.459868 -585.004083
739.679566 -585.059771
740.050609 -584.953384
739.690514 -585.141613
739.616838 -585.076549
739.696142 -584.953505
739.831373 -584.892914
739.634790 -585.187593
739.993876 -585.036971
739.831300 -585.231859
740.121437 -585.225867
740.116919 -585.049771
740.020899 -585.140879
740.365864 -585.123158
739.656739 -585.061786
740.324133 -585.017977
740.135046 -584.749186
740.222121 -585.097158
740.188279 -585.005169
740.324534 -584.761236
740.367680 -584.791783
740.249502 -584.822960
740.089242 -585.113091
740.372171 -584.809448
740.478609 -584.964738
740.272456 -584.783194
740.080573 -584.864202
740.445330 -584.797810
740.556667 -584.755472
740.675905 -584.618316
740.784638 -584.642188
740.682161 -584.743179
740.932771 -584.756884
740.689678 -584.958531
740.818578 -584.632140
740.969254 -584.736805
740.673072 -584.858327
740.854405 -584.661586
740.953571 -584.551460
741.053435 -584.399865
741.003479 -584.858325
740.897514 -584.399390
740.876962 -584.700503
740.935768 -584.446648
740.993772 -584.529744
740.909440 -584.182450
741.262317 -584.566107
740.789112 -584.340518
741.079877 -584.288847
741.135932 -584.265056
741.303060 -584.547212
741.276340 -584.418470
741.329864 -584.132514
741.311549 -584.048685
741.484311 -583.902662
741.150623 -584.054907
741.583549 -583.995518
741.427714 -583.923642
741.584319 -583.701851
741.729723 -584.275856
741.533419 -583.740323
741.510751 -583.840960
741.657338 -584.043371
741.316598 -583.499081
741.472668 -583.818535
741.779489 -583.614688
741.657876 -583.582261
742.010160 -583.448991
741.669037 -583.592410
741.783343 -583.504007
741.926859 -583.508868
741.980153 -583.512265
741.931812 -583.021203
742.216574 -583.474822
741.674089 -583.457676
742.194308 -583.355428
742.050597 -583.209086
742.197429 -583.192410
742.027673 -583.285206
742.120720 -583.060999
742.182954 -582.939107
742.099354 -582.715559
742.215510 -582.631272
742.066258 -582.958161
742.092760 -583.129831
742.177311 -582.797535
742.183214 -582.542677
742.468359 -582.715542
742.483692 -582.684675
742.435260 -582.702769
742.295281 -582.453856
742.271788 -582.490440
742.767603 -582.151386
742.577941 -581.985863
742.615208 -582.076453
742.659564 -582.165968
742.458514 -582.474966
742.584330 -582.012439
742.681205 -582.084332
742.813062 -581.850326
742.881476 -581.928405
742.991587 -581.800294
743.049860 -581.926222
743.117923 -581.469776
742.813066 -581.635160
742.892402 -581.322949
742.913807 -581.812170
742.960126 -581.220054
742.964261 -581.232419
743.019642 -581.494668
743.192937 -581.260657
743.333175 -581.125499
743.147305 -581.086248
743.015438 -580.972398
743.150579 -580.898584
743.065260 -581.155478
743.213740 -580.942517
743.364439 -580.466226
743.460870 -580.626189
743.246817 -580.612410
743.372161 -580.549800
743.443116 -580.348366
743.427504 -580.385687
743.394610 -580.168659
743.240037 -580.076481
743.702866 -580.015087
743.471389 -580.124376
743.533482 -580.156304
743.632246 -579.959288
743.471514 -580.003181
743.686837 -579.535407
743.655013 -579.540401
743.795041 -579.235222
743.636911 -579.378262
743.752552 -579.275175
743.610633 -579.157468
743.748496 -579.239207
743.751002 -579.298030
743.970191 -579.103057
744.023739 -579.009527
744.082022 -578.851525
743.837092 -578.571169
744.040121 -578.803475
743.916567 -578.624644
743.912617 -578.416612
744.112302 -578.493667
743.973539 -578.075050
744.323577 -578.290262
744.162043 -578.162374
744.066090 -577.735957
744.102678 -577.875039
743.960828 -577.925593
744.256778 -577.663467
744.234393 -577.787725
744.396959 -577.656718
744.133293 -577.275632
744.267556 -577.580021
744.448927 -577.182133
744.578047 -577.302882
744.417449 -576.965867
744.560192 -577.059981
744.636131 -576.729192
744.655124 -576.619851
744.621196 -576.544838
744.283082 -576.592024
744.746262 -576.356040
744.649124 -576.369796
744.691019 -576.420328
744.732218 -576.045018
744.540703 -575.928863
744.673887 -575.923965
744.752526 -575.937801
744.572135 -576.091655
744.775748 -575.522702
744.858408 -575.444649
744.833315 -575.366515
744.890884 -575.262746
744.793174 -574.890864
745.002189 -575.192683
745.042838 -574.846559
745.050397 -574.802512
745.051197 -574.852377
744.856338 -574.365739
745.063798 -574.646795
745.006539 -574.767267
745.033231 -574.005763
745.195426 -574.267419
745.142063 -573.859534
745.301412 -573.704687
745.359708 -573.567208
745.133590 -573.658266
745.025905 -573.544471
745.470090 -573.162489
745.282398 -573.066564
745.501065 -573.110280
745.541388 -572.987553
745.612965 -572.872733
745.556146 -572.781667
745.469758 -572.522784
745.415209 -572.418064
745.335525 -572.431592
745.385647 -572.180238
745.579446 -572.078321
745.585147 -571.930354
745.528634 -571.712237
745.465292 -571.576454
745.709278 -571.798318
745.933014 -571.466388
745.695058 -571.434371
745.796653 -571.121201
745.901147 -571.290770
745.614596 -571.187614
746.043871 -570.855979
745.629122 -571.014266
745.972902 -570.658065
746.022592 -570.434762
746.013255 -570.325703
745.744796 -570.034809
746.127929 -569.944841
746.003567 -569.946870
745.962613 -569.890700
746.128810 -569.745345
746.263546 -569.591108
746.286389 -569.473468
745.964871 -569.082702
746.120768 -569.130358
746.190799 -568.894949
746.438792 -568.748849
746.160457 -568.786494
746.371464 -568.388518
746.186535 -568.631063
746.256407 -568.228069
746.363158 -567.977313
746.352249 -568.131034
746.379182 -568.028133
746.462563 -567.576199
746.470295 -567.618102
746.680236 -567.610345
746.400766 -566.853845
746.428510 -567.028834
746.562818 -567.223623
746.617508 -566.856017
746.524948 -566.612900
746.577968 -566.647744
746.614136 -566.490263
747.010281 -566.309516
746.778831 -566.065857
746.631343 -565.816109
746.744537 -565.649671
746.548402 -565.745461
746.483495 -565.477271
746.877939 -565.553337
746.740516 -565.017788
746.801432 -565.004298
747.054800 -564.863348
747.111941 -564.721418
746.998261 -564.582624
746.981771 -564.417458
747.002968 -564.269079
747.115169 -564.151730
747.162689 -563.956043
747.112488 -563.885173
747.179478 -563.687460
747.056333 -563.208832
747.091558 -563.198815
747.244675 -563.048496
747.394330 -562.826787
747.014933 -562.817100
747.320534 -562.797489
747.223775 -562.512687
747.150980 -562.403620
747.386327 -562.022231
747.268358 -561.881600
747.450366 -561.483314
747.575612 -561.813655
747.776647 -561.547504
747.343209 -561.403612
747.511164 -561.253795
747.401123 -560.844616
747.401109 -560.782853
747.296224 -560.709416
747.621933 -560.455597
747.740655 -560.015783
747.691775 -560.099787
747.884333 -559.765103
747.765215 -559.703524
747.451277 -559.776497
747.760739 -559.261340
747.550533 -559.192382
747.795075 -558.935920
747.905903 -558.892475
747.831338 -558.860001
748.089842 -558.525893
747.938434 -558.212860
747.951995 -558.252790
748.077027 -557.950807
748.050393 -557.785022
747.751529 -557.680733
747.988137 -557.277241
748.078758 -557.129445
747.797581 -557.057027
747.890112 -557.046591
748.054205 -556.683601
748.095293 -556.903854
748.041038 -556.478889
748.352734 -556.111434
748.150878 -555.866136
748.547886 -555.624274
748.180788 -555.909098
748.255680 -555.269716
748.122403 -555.121196
748.456438 -555.256893
748.403659 -555.017677
748.254347 -554.688434
748.185794 -554.402280
748.675386 -554.251710
748.537782 -554.075682
748.509428 -553.966196
748.623628 -553.721714
748.735114 -553.567289
748.621740 -553.221497
748.651532 -553.214852
748.652387 -553.004694
748.746674 -552.649536
748.571463 -552.367648
748.777786 -552.342598
748.789888 -551.888387
748.581264 -551.789069
748.681321 -551.816158
748.645908 -551.689724
748.916746 -551.546003
748.551034 -551.341000
748.563530 -551.318517
748.961134 -550.930696
748.997487 -550.640165
748.886265 -550.243399
749.092771 -550.641801
749.025123 -550.157014
749.047469 -549.522654
749.257675 -549.746537
748.922267 -549.443796
749.149056 -549.003612
749.064532 -549.060795
749.262731 -548.719240
749.161614 -548.628033
749.274922 -548.556687
749.418929 -548.199136
749.359795 -547.935435
748.957256 -547.935329
749.258974 -547.731504
749.310956 -547.090998
749.178665 -547.038816
749.047472 -547.104477
749.209415 -546.636601
749.526525 -546.809950
749.286942 -546.552243
749.308499 -546.302902
749.486757 -546.119799
749.537500 -545.976501
749.695781 -545.373140
749.726866 -545.050078
749.403347 -545.146215
749.538708 -544.865717
749.525259 -544.665877
749.708508 -544.711320
749.448349 -544.297933
749.944903 -544.260264
749.794078 -543.798638
749.907808 -543.766535
749.831846 -543.061039
749.838520 -543.257367
749.485828 -543.031116
750.058628 -542.592329
750.075871 -542.415841
750.031371 -542.045936
749.785032 -541.961301
750.127042 -541.917043
750.032754 -541.467214
749.559686 -541.521443
750.061926 -540.912418
749.957094 -540.695802
750.265017 -540.787650
750.253714 -540.552799
750.026305 -540.380709
750.432412 -539.964419
750.178910 -539.757724
750.120056 -539.415984
750.011587 -539.679481
750.413726 -539.201049
750.246025 -538.846811
750.392820 -538.880884
750.117462 -538.263452
750.272542 -538.199084
750.343055 -538.002460
750.217108 -537.777188
750.308943 -537.310136
750.545133 -537.302735
750.224305 -537.125912
750.731947 -536.626876
750.715079 -536.730324
750.596515 -536.446603
750.398679 -535.800222
750.810282 -535.659127
750.650373 -535.771558
750.767681 -535.226649
750.716237 -535.440794
750.654503 -534.597589
750.896508 -534.903648
750.876464 -534.227034
750.995193 -534.203228
750.594802 -533.984287
750.946287 -533.809960
750.921286 -533.489774
751.018444 -533.268477
750.914207 -532.950610
750.992511 -532.575669
751.069803 -532.778137
751.326992 -532.229044
750.958605 -532.008826
750.982793 -531.851579
751.003999 -531.602080
751.064914 -531.366103
751.015098 -531.020971
751.050200 -530.899933
751.001899 -530.663513
751.096828 -530.293551
751.179131 -530.197071
751.212019 -529.818627
751.079784 -529.594213
751.249115 -529.264288
751.255019 -529.263805
751.413552 -528.738688
751.486867 -528.777008
751.252370 -528.436625
751.328585 -528.131107
751.583020 -528.031663
751.596198 -527.909517
751.841410 -527.554497
751.170512 -527.244629
751.752167 -526.747503
751.888125 -526.550917
751.510847 -526.452407
751.687148 -526.113298
751.551833 -525.822408
751.872247 -525.329561
751.446407 -525.061940
751.786461 -524.757554
751.576473 -524.723060
751.888692 -524.638726
751.902924 -523.828217
751.977021 -524.174736
751.891975 -523.750863
751.761232 -523.463030
751.615868 -523.144757
752.017984 -523.034614
751.728174 -522.720397
752.081891 -522.519959
752.022564 -522.086042
752.133899 -522.096030
751.942183 -521.527801
752.024055 -521.544416
752.021469 -521.214377
752.170051 -521.023762
752.379440 -520.592462
752.026371 -520.351256
752.318372 -520.085046
752.070659 -520.132112
752.064182 -519.498763
752.530603 -519.486754
752.253162 -519.254287
751.956318 -518.839753
752.566576 -518.415670
752.140993 -518.513795
752.521205 -518.133470
752.421414 -517.803675
752.477270 -517.303263
752.529993 -517.219634
752.230270 -517.004843
752.246788 -516.651850
752.428911 -516.462694
752.289116 -515.998166
752.697084 -515.985026
752.798510 -515.784827
752.715935 -515.105325
752.625800 -515.003178
752.699311 -514.515654
752.722864 -514.497943
752.761255 -514.410901
752.711677 -514.097366
752.563696 -514.105360
752.569935 -513.324646
752.528485 -512.912703
752.857112 -512.687542
752.884785 -512.646233
752.932066 -512.424221
753.106913 -512.006222
753.193325 -511.585668
753.060129 -511.261289
752.954637 -511.096018
753.247412 -510.905969
753.033166 -510.637083
752.843470 -509.948005
753.309044 -510.142779
753.052869 -509.725681
753.344527 -509.396275
753.228574 -509.233211
753.079690 -508.985915
753.093159 -508.546818
753.216224 -508.386635
753.059749 -508.218617
753.284335 -507.637566
753.232515 -507.589512
753.328193 -507.234281
753.552219 -506.675749
753.536192 -506.624032
753.631086 -506.326388
753.428745 -506.302400
753.089539 -505.903280
753.320875 -505.642120
753.409754 -505.227048
753.772549 -504.706881
753.457759 -504.436201
753.400927 -504.371802
753.563845 -504.164064
753.483531 -503.720268
753.425321 -503.414632
753.912678 -503.315816
753.609598 -502.853711
753.904429 -502.325503
753.671336 -502.234584
753.904465 -501.786567
753.825837 -501.764830
753.781045 -501.522752
753.969916 -501.528389
754.117382 -500.773468
754.121967 -500.590212
753.830425 -500.295911
754.124635 -499.801440
754.180881 -499.765777
754.036515 -499.464453
754.146128 -499.196801
753.950811 -498.867418
754.131685 -498.754171
753.935980 -498.236831
754.399980 -497.892390
754.101081 -497.837141
754.080112 -497.126055
754.427599 -497.145211
754.459459 -496.883009
754.129432 -496.242994
754.260835 -495.952348
754.586546 -495.742253
754.553796 -495.214590
754.533099 -494.970769
754.519163 -494.985603
754.549551 -494.421824
754.355329 -494.248775
754.705886 -493.765542
754.480398 -493.740545
754.588313 -493.005473
754.507269 -493.295006
754.784874 -492.982738
754.711649 -492.553232
754.862445 -492.223293
754.872836 -491.962004
754.862058 -491.449958
754.751541 -491.008097
754.876891 -490.976807
754.837679 -490.860235
754.932594 -490.351592
755.014008 -490.054875
754.991031 -489.713787
755.027678 -489.421956
754.907453 -489.206497
754.803361 -488.910644
755.246528 -488.278753
755.101100 -488.172790
755.026751 -487.975056
755.302310 -487.489358
754.743370 -487.256822
755.325312 -486.959903
755.301255 -486.574673
754.971304 -486.257307
755.272637 -486.056687
755.323823 -485.449618
755.442502 -485.179694
755.109437 -485.034501
755.398577 -484.737345
755.188588 -484.369023
755.561526 -484.020924
755.358850 -483.948043
755.436796 -483.400343
755.523519 -483.212469
755.449334 -482.683508
755.395966 -482.452265
755.517640 -482.109714
755.559683 -481.996641
755.814828 -481.717706
755.346734 -481.173465
755.551652 -480.915054
755.426403 -480.447518
756.080697 -480.150600
755.714897 -479.649159
755.700950 -479.821109
756.083399 -479.063706
755.837046 -479.013769
755.753533 -478.521628
755.609347 -478.573555
756.054176 -477.869348
755.885252 -477.676822
755.956356 -477.441780
755.874608 -477.022548
756.219217 -476.504314
755.757235 -476.440287
756.024711 -475.993254
756.192167 -475.639261
756.231465 -475.670303
756.113531 -475.067410
756.071875 -474.533517
755.950655 -474.448403
756.090361 -474.060592
756.245183 -473.697141
756.164569 -473.450091
756.200279 -472.918180
756.266029 -472.964097
756.278573 -472.302820
756.674483 -472.202179
756.344403 -471.597808
756.399021 -471.545751
756.758723 -470.880867
756.859003 -471.033691
756.615602 -470.640139
756.543287 -470.092152
756.795890 -470.081397
756.900374 -469.428034
756.593411 -469.090107
756.631792 -468.922738
756.802728 -468.523537
756.977483 -468.386518
756.908259 -468.074692
756.850251 -467.544940
756.977068 -467.164403
756.968215 -466.813534
756.769767 -466.641956
756.955183 -466.102480
756.859302 -465.553480
756.838651 -465.517242
756.594327 -465.411226
756.865858 -464.811732
757.340733 -464.855097
757.128526 -463.987289
757.023728 -463.934182
757.362535 -463.540904
757.197014 -463.122036
757.095629 -462.663030
757.238815 -462.549551
757.204597 -462.044560
757.480682 -461.827776
757.364310 -461.528070
757.096075 -461.175632
757.383404 -460.858291
757.513174 -460.381985
757.628900 -459.854387
757.607179 -459.732901
757.630745 -459.316897
757.603254 -459.052001
757.571594 -458.596241
757.724864 -458.169267
757.594466 -458.020413
757.742585 -457.539090
757.622411 -457.349092
757.461891 -456.925952
757.884047 -456.754875
757.668007 -456.085195
757.667180 -455.805213
757.688968 -455.605189
758.097410 -455.546744
757.799236 -454.743925
757.665517 -454.601166
757.874476 -454.381615
758.138006 -454.003082
757.994898 -453.692479
757.953671 -453.225863
758.003458 -452.821237
758.051077 -452.491208
758.096256 -452.245928
758.220713 -452.041055
758.390406 -451.555319
758.592697 -451.186244
758.374446 -450.818450
758.377656 -450.235455
758.126858 -450.144017
758.328903 -450.018744
758.611025 -449.426497
758.474369 -449.217339
758.253299 -448.766744
758.484709 -448.117035
758.506638 -447.864272
758.396241 -447.794406
758.566983 -447.053659
758.670591 -446.960230
758.500759 -446.589612
758.501173 -446.106486
758.532420 -446.032316
758.792002 -445.556292
758.789304 -445.247335
758.958110 -444.846943
758.798805 -444.308275
758.934271 -444.308458
758.684233 -443.868072
758.968917 -443.209805
759.065921 -443.267533
758.872678 -442.610027
759.019411 -442.239286
759.130571 -441.895085
759.192863 -441.675087
758.913556 -441.249593
759.250811 -440.749476
759.255422 -440.586576
759.012901 -440.239129
759.308981 -439.846070
759.406474 -439.209484
759.276852 -439.140349
759.347737 -438.858464
759.414302 -438.643280
759.282155 -438.021875
759.489761 -437.713442
759.240826 -437.343070
759.755485 -437.029632
759.320631 -436.574564
759.403166 -436.251292
759.621636 -435.593149
759.552802 -435.609451
759.529743 -435.117464
759.559610 -434.861128
759.954724 -434.277987
759.723364 -434.542403
759.765253 -433.759757
759.763338 -433.171486
760.008852 -433.034536
759.966753 -432.840913
759.817911 -432.238645
760.175256 -431.726896
760.000791 -431.390082
759.935385 -431.431383
760.033875 -430.772651
760.161148 -430.225140
760.121539 -430.257101
759.991217 -429.725057
760.268435 -429.268057
759.958799 -428.891041
760.198618 -428.652651
760.165097 -428.252576
760.428894 -427.816783
760.205063 -427.435287
760.284113 -427.123976
760.454470 -426.736811
760.487062 -426.326248
760.497385 -425.900550
760.639794 -425.461216
760.453342 -425.405717
760.322051 -424.832402
760.764023 -424.441854
760.602429 -424.204963
760.753012 -423.671589
760.735733 -423.332078
760.877962 -422.865671
760.510608 -422.581442
760.590913 -422.580908
760.826252 -422.267117
760.905358 -421.350277
760.866418 -421.218394
760.761897 -420.875707
760.842055 -420.275864
760.884454 -420.202446
761.202503 -419.881950
761.052075 -419.387408
761.085263 -419.067280
761.207265 -418.500456
761.198479 -418.420160
761.117909 -417.885131
761.199885 -417.436166
761.027755 -417.445264
761.350894 -416.605690
761.510839 -416.123493
761.151353 -416.083523
761.118168 -415.290417
761.364592 -415.489964
761.675975 -414.732959
761.332080 -414.681812
761.567921 -413.864756
761.488754 -413.750654
761.527995 -413.495246
761.690032 -412.946643
761.731222 -412.592185
761.666892 -412.045441
761.642351 -411.720835
761.675596 -411.351684
761.888389 -411.117469
762.183602 -410.632004
762.064964 -410.483178
762.351101 -409.863789
762.078624 -409.625575
761.913809 -409.112473
762.027665 -408.627984
762.230184 -408.348276
762.298335 -407.954293
762.267594 -407.700983
762.168292 -407.310239
762.193687 -406.829078
762.175866 -406.313441
762.365635 -406.226590
762.268687 -405.467551
762.432029 -405.587294
762.294055 -405.088286
762.366067 -404.743984
762.432284 -404.166419
762.223696 -404.081104
762.358108 -403.383046
762.723607 -403.209785
762.360552 -402.484840
762.591887 -402.284726
762.436458 -401.874572
762.828339 -401.573314
762.637516 -401.147175
762.760190 -400.634875
763.016312 -400.246272
762.827400 -399.880134
763.011477 -399.534726
762.933406 -399.539446
762.895673 -398.893471
763.299836 -398.450803
763.061016 -398.305590
763.169461 -397.648319
763.089423 -397.417997
763.215683 -396.814701
762.983426 -396.633454
763.279449 -396.405173
763.150607 -395.786118
763.502806 -395.382597
763.535950 -395.080398
763.245529 -394.634372
763.537858 -394.227567
763.419702 -393.717953
763.461165 -393.438049
763.779971 -393.022558
763.409065 -392.584295
763.544732 -392.213724
763.631682 -392.040182
763.630219 -391.596975
763.590106 -391.215252
763.534586 -390.826339
763.655256 -390.277660
763.686324 -389.965304
763.902395 -389.612421
763.965301 -389.234926
763.758430 -389.117606
763.987806 -388.316626
764.127274 -388.375142
763.910268 -387.641401
763.916353 -387.237615
764.120025 -386.960405
763.973777 -386.609840
764.282260 -386.330427
764.169711 -385.731455
764.396960 -385.366904
764.168688 -384.899349
764.225785 -384.392385
764.369554 -384.444214
764.589393 -383.724358
764.399359 -383.463125
764.476235 -382.975583
764.403536 -382.779288
764.210166 -382.320769
764.809142 -381.733867
764.645227 -381.736909
764.589752 -381.136577
764.823064 -380.655525
764.803818 -380.266732
764.797018 -379.916949
764.690609 -379.595105
764.910634 -379.207332
765.039439 -378.941047
765.080086 -378.369143
764.627062 -378.192370
764.883698 -377.684957
765.126011 -376.935846
764.993034 -376.985219
765.000293 -376.210476
765.140341 -375.797222
765.170171 -375.506062
765.286495 -375.038210
765.463774 -374.712809
765.329110 -374.262127
765.440770 -373.859177
765.520219 -373.358751
765.678585 -373.234010
765.336179 -372.905181
765.961370 -372.658868
765.556156 -371.995514
765.541640 -371.929524
765.741957 -371.076936
765.921190 -370.835412
765.907847 -370.395839
765.505905 -370.055201
765.733767 -369.655675
765.906146 -369.210009
766.024917 -368.654754
766.211253 -368.398555
765.938966 -368.097072
766.345909 -367.800805
766.319407 -367.349355
766.129346 -366.632987
766.150350 -366.658501
765.932801 -366.242593
766.262110 -365.830411
766.316801 -365.214488
766.693886 -364.933341
766.332893 -364.663372
766.123992 -364.356919
766.598547 -363.761999
766.596255 -363.554719
766.859200 -362.951888
766.663047 -362.569522
766.767358 -361.899963
766.351274 -361.601719
766.576448 -361.155228
766.904588 -360.984782
766.605453 -360.434856
766.792276 -360.092981
766.983602 -359.460773
766.894727 -359.258119
766.772002 -358.878422
767.221733 -358.346676
767.104375 -358.230700
767.240108 -357.605887
767.290724 -357.191734
767.227218 -356.866012
767.367795 -356.653056
767.012483 -356.254339
767.151566 -355.804277
767.392158 -355.360799
767.342141 -355.060326
767.616650 -354.590410
767.578108 -354.293498
767.535431 -353.698592
767.391154 -353.124481
767.564728 -352.647096
767.661529 -352.663995
767.637953 -352.075434
767.882392 -351.837389
767.806299 -351.199883
767.975924 -351.051412
767.712690 -350.556576
767.831122 -350.057666
768.105460 -349.789464
768.108637 -349.475597
767.953206 -348.977722
767.858204 -348.743072
768.309572 -348.205812
768.102252 -347.498634
768.104132 -347.222803
768.213417 -346.691425
768.439342 -346.468780
768.299851 -346.042698
768.556938 -345.677541
768.475845 -345.239854
768.593244 -344.904181
768.515681 -344.765285
768.386199 -343.979518
768.712259 -343.555753
768.394811 -343.397335
768.708660 -342.693764
768.547554 -342.510093
768.532646 -342.274486
768.885886 -341.580609
768.400955 -341.207334
768.903348 -341.026164
768.805173 -340.532843
768.951703 -340.095620
769.003538 -339.555553
769.176612 -339.426534
769.136325 -339.089302
769.013845 -338.249166
768.993786 -338.203673
769.567269 -337.641602
769.292271 -337.305471
769.408265 -336.599177
769.507427 -336.513075
769.489657 -336.030422
769.485484 -335.430328
769.648613 -335.142436
769.597966 -334.841766
769.793946 -334.128675
769.652241 -333.881275
769.768543 -333.541547
769.874610 -333.123278
769.909854 -332.775255
769.851081 -332.355733
769.767483 -332.048811
770.184942 -331.484937
769.670523 -331.145412
770.041866 -331.031859
770.173712 -330.286510
769.895666 -330.024817
770.057383 -329.698652
770.466536 -329.221826
770.391387 -328.876061
770.262725 -328.368573
770.478684 -327.885389
769.933105 -327.590181
770.535054 -327.412446
770.274219 -326.962688
770.308426 -326.583533
770.411421 -325.978004
770.394723 -325.578855
770.708181 -324.701180
770.587969 -324.577453
770.478698 -324.172513
770.753367 -323.806082
770.947411 -323.530000
770.881658 -322.985683
770.906691 -322.476034
771.199254 -322.141334
771.049419 -322.091560
771.350108 -321.381125
771.044255 -321.038414
771.185152 -320.791877
771.234145 -320.378835
771.384915 -319.816294
771.356600 -319.485797
771.519528 -319.193371
771.512148 -318.895945
771.559229 -318.095002
771.373633 -317.689794
771.749147 -317.281509
771.662155 -316.859629
771.882577 -316.539178
771.961150 -316.131792
771.744616 -315.890772
771.988794 -315.242804
771.834462 -315.021748
771.927069 -314.430138
771.803286 -313.952589
772.119711 -313.999474
771.964565 -313.409421
772.116347 -312.947004
772.242596 -312.655457
772.528008 -312.112387
772.255080 -311.584387
772.197935 -311.134830
772.244042 -310.651401
772.227477 -310.626515
772.466577 -309.984664
772.611864 -309.444414
772.626679 -309.329854
772.866034 -308.673107
772.531747 -308.287627
772.952094 -308.262627
772.874486 -307.748240
772.663530 -307.152612
773.059570 -306.810253
772.864832 -306.277322
773.025691 -305.999460
772.993541 -305.854564
773.172560 -305.155600
773.228983 -304.719728
773.484473 -304.486742
772.995715 -303.884439
773.267064 -303.773215
773.169742 -303.059585
773.315526 -302.899338
773.554421 -302.339311
773.514084 -302.056765
773.303462 -301.295711
773.259343 -301.186440
773.509700 -300.810390
773.698299 -300.332781
773.818050 -300.378191
774.011938 -299.539205
773.744738 -299.164815
773.834098 -299.193755
774.211218 -298.117905
774.145284 -297.753538
774.255445 -297.584544
774.161614 -297.144884
774.260874 -296.869402
774.414851 -296.314836
774.306495 -295.814061
774.389302 -295.553134
774.378186 -295.426460
774.646059 -294.625976
774.558938 -294.029963
774.471405 -293.861068
774.518319 -293.305016
774.495697 -292.899594
774.919915 -292.602096
775.001467 -292.288395
774.764942 -291.761362
774.769483 -291.453822
775.088490 -290.902936
775.006648 -290.809114
775.161886 -290.324493
775.118413 -290.188078
775.382024 -289.349898
775.104988 -288.955261
775.127981 -288.443798
775.284270 -288.128427
775.484204 -287.502890
775.712969 -287.157232
775.625648 -286.789161
775.302614 -286.496037
775.416276 -286.336090
775.879576 -285.801832
775.509283 -285.554179
775.902857 -284.877533
775.856456 -284.806723
775.879279 -284.024788
775.772988 -283.936693
775.946229 -283.337589
776.167252 -283.076490
776.027321 -282.467859
776.301764 -282.050897
776.155540 -281.934790
776.529324 -281.208611
776.198890 -281.004615
776.371520 -280.464140
776.324867 -279.916116
776.683033 -279.656562
776.566510 -279.399234
776.559414 -279.064606
776.778245 -278.320644
776.742935 -277.793521
776.778467 -277.693734
777.005210 -277.507061
776.931867 -277.109323
776.693441 -276.487904
776.851263 -275.958964
776.968769 -275.341326
777.175341 -275.369795
777.210001 -274.749261
777.537032 -274.633878
777.257946 -273.885381
777.373652 -273.731399
777.244603 -273.267387
777.626848 -272.750798
777.544929 -272.200129
777.529349 -272.034773
777.513511 -271.854793
777.738600 -271.431812
777.737908 -270.615034
777.883661 -270.281328
777.620767 -270.013774
778.071013 -269.781483
778.021272 -269.388014
777.836572 -268.712114
777.985636 -268.407130
778.304246 -268.146624
778.627931 -267.416947
778.168589 -267.010185
778.419588 -266.662006
778.337907 -266.224662
778.515819 -265.873390
778.542774 -265.567376
778.511202 -265.380757
778.594415 -264.924879
778.653221 -264.257481
778.947647 -264.133782
778.653251 -263.733745
778.888872 -263.076568
778.826820 -262.797705
779.380416 -262.433144
778.913622 -262.114392
778.852827 -261.390482
779.309118 -261.229949
779.366522 -260.780319
779.198423 -260.364687
779.004997 -260.119664
779.402715 -259.491880
779.435247 -259.180997
779.523876 -258.444353
779.773231 -258.332115
779.483587 -257.849813
779.911717 -257.337236
779.512668 -257.164396
779.693685 -256.922285
779.899882 -256.515786
779.888032 -255.938147
780.074047 -255.489817
779.839335 -254.960617
780.005716 -254.427796
780.164756 -254.163407
780.403625 -254.047504
780.228683 -253.602562
780.282897 -253.157012
780.234581 -252.737393
780.453533 -252.650571
780.450418 -252.032609
780.464268 -251.276455
780.394694 -251.307532
780.706498 -250.797403
780.840047 -250.114870
781.102808 -249.930886
780.802650 -249.508569
780.753950 -248.962889
781.351777 -248.894236
780.929706 -248.451888
781.155009 -247.955413
781.130442 -247.719620
781.472097 -247.211121
781.256562 -246.743820
781.592831 -246.359290
781.548660 -246.042918
781.557633 -245.547986
781.819743 -245.582773
781.646165 -244.666308
781.756101 -244.564845
781.919376 -243.870283
781.992510 -243.689579
781.901837 -243.365854
781.915279 -242.805589
782.040738 -242.656046
781.896354 -241.928022
782.107999 -241.532736
782.004288 -241.257427
782.193706 -240.880937
782.115118 -240.587323
782.200480 -240.060346
782.278393 -239.696663
782.462268 -239.292697
782.352483 -238.881906
782.473991 -238.647580
782.737303 -238.033267
782.819553 -237.804612
782.643507 -237.040249
782.606423 -236.999431
783.159997 -236.440168
783.276672 -235.818482
783.297580 -235.451128
783.166508 -235.426736
783.342485 -235.063562
783.033377 -234.629502
783.358347 -234.079582
783.601863 -233.735960
783.837767 -233.302461
783.658312 -233.008499
783.645976 -232.483726
783.542233 -232.102182
783.590944 -231.395472
783.643912 -231.308091
783.809155 -231.170944
784.017178 -230.466957
783.791000 -230.327403
784.251394 -229.649766
784.229474 -229.548843
784.160030 -228.791224
783.967261 -228.795611
784.244963 -228.172018
784.624547 -227.538969
784.362690 -227.252913
784.269803 -226.947851
784.840542 -226.866870
784.640987 -226.008725
784.721269 -225.780469
784.857686 -225.592804
784.816081 -224.911383
784.996759 -224.800472
785.011153 -224.373416
785.110364 -223.974936
785.211271 -223.635029
785.312558 -223.332589
785.508099 -222.708441
785.472421 -222.287592
785.686470 -222.101719
785.157162 -221.370053
785.435486 -221.151762
785.794229 -220.569217
785.578861 -220.382101
785.838861 -219.846649
785.693916 -219.410685
785.878477 -219.248255
786.097215 -218.748784
786.271552 -218.550048
786.173628 -217.859827
786.125221 -217.789835
786.319124 -217.175040
786.016418 -216.681873
786.591076 -216.640631
786.302430 -216.007993
786.621534 -215.693368
786.345850 -215.445713
786.691670 -214.990949
786.335217 -214.766811
786.545381 -214.381982
786.891280 -213.858269
786.932015 -213.483011
786.999834 -212.982167
787.225824 -212.822432
787.153947 -211.993852
787.198081 -211.929810
787.163645 -211.539164
787.380523 -211.099965
787.276311 -210.671540
787.838902 -210.307390
787.524978 -209.724763
787.668280 -209.577986
787.411928 -209.195866
787.621706 -208.855469
787.742703 -208.157324
788.009378 -207.887092
787.759864 -207.614118
787.758607 -207.403668
788.030817 -206.845643
788.152827 -206.129162
788.256111 -206.275828
788.270493 -206.116448
788.431031 -205.530463
788.561501 -204.842527
788.617866 -204.850083
788.877444 -204.050157
788.659619 -203.885562
788.737860 -203.401623
788.696859 -202.911447
788.802103 -202.752955
789.024233 -202.149957
788.911971 -201.541443
789.150404 -201.779358
789.002686 -201.092629
789.325958 -200.857771
789.375638 -200.464162
789.238381 -200.050820
789.434050 -199.456135
789.687926 -199.224704
789.671887 -198.706593
790.182087 -198.537398
790.020703 -198.345442
789.636277 -197.751409
790.026599 -197.395414
790.018103 -196.655869
790.107040 -196.814851
790.207545 -196.358706
790.221390 -195.821458
790.182553 -195.338885
790.224730 -195.060982
790.546581 -194.681383
790.383543 -194.444061
790.460159 -193.858078
790.659331 -193.503599
790.798374 -193.398685
790.650776 -192.877239
790.862628 -192.538165
790.697382 -192.081775
790.977273 -191.936520
790.824118 -191.525946
791.203948 -190.929022
791.438615 -190.437553
791.365067 -190.240352
791.406781 -189.844384
791.392939 -189.357198
791.739691 -189.173995
791.822735 -188.642121
791.693768 -188.317614
791.723188 -188.114263
791.856296 -187.324488
792.115174 -187.322862
792.060330 -186.807344
792.117104 -186.481316
792.236763 -185.988370
792.102343 -185.491693
792.003762 -185.487645
792.440020 -184.961527
792.195680 -184.486512
792.563497 -184.280643
792.666546 -183.813031
792.644781 -183.602851
793.021990 -183.409044
792.687127 -182.956964
792.879664 -182.185961
792.940947 -182.054026
792.969970 -181.291644
792.867906 -181.276787
793.117685 -181.197372
793.092069 -180.507946
793.567578 -180.281312
793.310300 -179.890163
793.615556 -179.426110
793.586393 -179.132363
793.813080 -178.700000
793.942949 -178.396832
794.072485 -178.022702
794.125537 -177.589249
793.964270 -177.245397
793.847963 -176.584870
794.244995 -176.616428
793.976502 -176.149757
794.290444 -175.828858
794.162160 -175.464320
794.759337 -175.243559
794.657851 -174.685575
794.363896 -174.522125
794.816464 -173.982755
794.765229 -173.694644
794.700876 -173.080064
795.002042 -172.741095
795.042475 -172.467668
795.263935 -172.170449
794.962989 -171.864034
795.105753 -171.304727
795.552092 -171.180652
795.567702 -170.605875
795.436281 -170.478761
795.773507 -169.885940
795.639801 -169.416110
795.686449 -169.000152
795.712550 -169.231076
795.768533 -168.668530
795.902872 -167.949455
796.172632 -167.813933
796.113163 -167.408953
796.046160 -167.051217
796.323044 -166.771165
796.303390 -166.246957
796.244598 -166.188906
796.607444 -165.574943
796.511655 -165.182598
796.753185 -164.959547
796.903936 -164.429377
796.860048 -164.137120
797.060438 -163.492468
796.975975 -163.551465
797.113949 -163.237038
797.199290 -162.799785
797.242595 -162.435941
797.635928 -161.962109
797.210425 -161.577977
797.481201 -161.315549
797.589838 -161.158416
797.808568 -160.708831
797.741067 -160.174682
797.872410 -159.942241
797.819338 -159.484131
798.209832 -158.936071
798.022310 -158.619355
798.477666 -158.575921
797.990214 -158.064754
798.506230 -157.783541
798.561178 -157.443774
798.666705 -157.304780
798.735440 -156.613627
798.516198 -156.453635
798.753374 -155.973661
798.920258 -155.693832
798.749565 -155.582585
799.072213 -155.256151
799.155362 -154.494671
799.088367 -154.263294
799.069433 -153.864968
799.515442 -153.522832
799.562715 -153.202532
799.600031 -152.779132
799.692729 -152.301803
799.562562 -152.183930
799.394467 -151.647596
800.038557 -151.300325
799.891938 -151.197986
799.792709 -150.495383
800.115930 -150.588334
800.363012 -150.191583
800.169829 -149.893436
800.094046 -149.263198
800.311979 -149.022572
800.369526 -148.536652
800.760109 -148.229147
800.575105 -147.750519
800.694781 -147.792240
800.823344 -147.353102
800.885590 -146.959292
801.459270 -146.452727
801.040872 -146.160501
800.919583 -145.968445
801.188593 -145.628209
801.218759 -145.263389
801.611397 -144.939909
801.250698 -144.691453
801.656795 -144.303880
801.829085 -143.878214
801.853632 -143.482301
801.786054 -143.170064
801.965760 -142.909329
802.229476 -142.415043
801.997870 -142.259759
802.022226 -141.998385
802.341242 -141.235382
802.462881 -141.019070
802.456560 -140.602595
802.555162 -140.331601
802.830169 -139.909804
802.677504 -139.765222
802.509436 -139.238703
802.794728 -138.918693
803.019535 -138.716813
803.248015 -138.248261
803.229094 -138.057291
803.289413 -137.676119
803.578648 -137.474415
803.468825 -136.970047
803.505600 -136.883496
803.676680 -136.437698
803.798847 -136.117069
803.799179 -135.744898
803.910117 -135.444642
804.098601 -134.955745
804.184510 -134.662365
804.238117 -134.146237
804.315651 -134.149190
804.371526 -133.796758
804.510093 -133.504207
804.321416 -132.769368
804.764425 -132.585388
804.739623 -132.315414
804.878764 -132.012300
804.753605 -131.782584
805.140153 -131.512993
805.052316 -131.197253
805.002662 -130.554602
805.297477 -130.433447
805.330215 -130.219174
805.614264 -129.524655
805.487565 -129.086375
805.588730 -129.321406
805.829181 -128.653113
805.886283 -128.218785
805.907532 -128.150824
806.093854 -127.608704
805.914136 -127.398545
806.014107 -127.119875
806.396201 -126.983198
806.470690 -126.505264
806.429183 -126.402054
806.341617 -125.603289
806.663080 -125.459407
806.548356 -125.117603
806.707547 -124.682669
806.823253 -124.206517
806.967340 -123.909707
806.917433 -123.745795
807.384353 -123.507697
807.173841 -123.213401
807.367660 -122.676062
807.651766 -122.494334
807.410142 -122.067118
807.683567 -121.792683
807.919246 -121.303751
807.899467 -121.128828
807.962829 -120.807409
807.923552 -120.525573
808.151213 -120.368244
808.048592 -120.116629
808.263598 -119.519129
808.240186 -119.547586
808.214723 -119.245385
808.382308 -118.679995
809.013225 -118.354836
808.558938 -118.169675
808.911501 -117.720495
808.936834 -117.236411
809.050012 -117.104062
808.933929 -116.863339
809.202839 -116.310789
809.247097 -115.999167
809.659875 -115.485453
809.858013 -115.483427
809.684829 -115.158008
809.650148 -114.787444
809.674390 -114.531202
809.867537 -114.093760
810.078170 -114.129326
810.068059 -113.503367
810.307287 -113.500558
810.104723 -112.962635
810.182926 -112.450698
810.331193 -112.184320
810.495343 -112.324426
810.528337 -111.726865
810.653230 -111.223787
810.557157 -111.220671
810.960218 -110.856668
811.066160 -110.751421
810.878516 -110.393953
811.142910 -109.723641
811.193759 -109.375161
811.500424 -109.304926
811.686516 -108.962134
811.216187 -108.574614
811.791475 -108.218510
811.782274 -107.889509
811.811055 -107.520367
811.668098 -107.404527
811.778351 -107.174568
812.490966 -106.845454
812.257341 -106.348403
812.238906 -105.888851
812.365422 -105.869828
812.754814 -105.560593
812.439078 -105.007803
812.890032 -104.608977
812.876505 -104.406386
813.044423 -104.275495
812.900799 -103.785007
813.277494 -103.665889
812.996853 -103.121338
813.239692 -102.539084
813.663538 -102.807625
813.455756 -102.498789
813.937427 -102.353992
813.802732 -101.952892
813.797525 -101.417032
813.938952 -101.282924
813.951409 -100.974627
814.160852 -100.737115
814.466315 -100.384814
814.529971 -100.008516
814.415358 -99.799946
814.803908 -99.532144
814.717044 -99.170569
814.848711 -98.732850
814.780918 -98.552785
815.054784 -98.284561
815.122747 -97.818003
815.263046 -97.662009
815.371064 -97.438492
815.566848 -97.194134
815.426977 -96.459358
815.412875 -96.635057
815.813509 -96.102985
815.690487 -95.930408
815.682323 -95.786408
816.129769 -95.241095
816.137369 -95.268775
816.195539 -94.777776
816.096223 -94.331658
816.218226 -94.165099
816.410300 -93.714533
816.483655 -93.493841
816.839824 -93.330577
817.001991 -92.850351
816.775194 -92.894517
817.097368 -92.661534
817.380865 -91.917502
817.019545 -91.598557
817.242733 -91.507253
817.454934 -91.165207
817.530381 -90.963007
817.664010 -90.507039
817.583118 -90.110893
817.850944 -90.048049
818.007426 -89.713314
818.210512 -89.492968
818.327634 -88.923884
818.205820 -89.055342
818.249274 -88.631026
818.724600 -88.312161
818.531820 -87.918114
818.503201 -87.823936
818.853685 -87.227843
818.917759 -86.942360
818.836294 -86.929018
818.973729 -86.879634
819.150687 -86.438294
819.150002 -86.403518
819.139157 -85.482903
819.377280 -85.541547
819.546306 -85.080766
819.477555 -85.087816
819.528493 -84.525777
819.917574 -84.156751
819.948881 -84.050277
819.948500 -83.636094
820.053921 -83.782467
820.397717 -83.432380
820.390731 -82.818402
820.319326 -82.566234
820.750674 -82.396124
820.729442 -82.062160
820.840174 -81.816731
820.978816 -81.342690
821.023725 -81.328631
821.023315 -80.980742
821.306026 -80.817841
821.464766 -80.323233
821.466981 -80.091488
821.307597 -80.164961
821.746247 -79.610772
821.966434 -79.375251
821.788758 -79.118743
822.210489 -78.615709
821.921134 -78.749532
821.956705 -78.133309
822.256372 -77.657691
822.417120 -77.849604
822.379507 -77.184798
822.669438 -77.061611
822.809415 -76.885268
822.782184 -76.674812
823.242548 -76.422985
822.815428 -76.064218
823.138833 -75.907567
823.381114 -75.515712
823.646308 -75.261761
823.239904 -75.071065
823.449750 -74.902617
823.733798 -74.510457
823.929307 -74.209708
823.690439 -73.708426
823.648899 -73.954771
824.159133 -73.156146
824.304848 -73.167945
824.534411 -72.996137
824.165084 -72.535057
824.737851 -72.217344
824.531530 -72.064123
824.686744 -71.935656
824.953498 -71.444669
824.845243 -71.236333
825.312409 -71.272137
825.223804 -70.937923
825.291650 -70.436937
825.355485 -70.286034
825.407362 -69.834705
825.877058 -69.580756
825.685040 -69.505064
825.930615 -69.301307
825.924344 -68.850496
826.037791 -68.894395
826.306353 -68.334763
826.046165 -68.224600
826.603636 -67.938480
826.403535 -67.478015
826.610497 -67.393640
826.424626 -67.214600
826.755438 -66.688795
827.300091 -66.527509
827.264984 -66.177822
827.088123 -66.108405
827.204032 -65.625508
827.336497 -65.465580
827.502895 -65.284536
827.693692 -64.943465
827.649551 -64.740998
828.050230 -64.502626
827.914282 -64.323690
828.056248 -64.079947
828.050494 -63.428974
828.062770 -63.619065
828.071626 -63.103511
828.360277 -62.901169
828.532166 -62.877473
828.569525 -62.578246
828.868006 -62.165769
828.788840 -61.993369
829.251980 -61.655874
829.196291 -61.583579
829.168842 -61.439086
829.784764 -60.939733
829.394352 -61.122672
829.470883 -60.547716
829.615813 -60.302106
830.052939 -60.312426
830.188806 -59.852576
830.277714 -59.659650
830.176345 -59.208131
830.532260 -58.891743
830.384132 -58.701420
830.758491 -58.606029
830.705021 -58.505749
830.803673 -57.983173
830.958481 -57.788391
831.260811 -57.445247
831.140213 -57.494984
830.886210 -56.753099
831.189376 -56.903286
831.607672 -56.678809
831.569232 -56.363570
831.516374 -56.023733
831.698030 -55.796407
831.833776 -55.773167
831.871102 -55.281205
831.861439 -55.343582
832.308506 -54.959822
832.434959 -54.813801
832.358174 -54.252252
832.895372 -54.139992
832.871115 -53.933430
832.696495 -53.542556
832.911441 -53.483666
833.040122 -53.661749
832.993215 -53.101849
833.457159 -52.821280
833.579820 -52.413164
833.483835 -52.380141
833.612428 -52.180279
833.827393 -51.623740
833.681639 -51.745054
834.056823 -51.253753
834.160437 -51.071169
834.142846 -50.861643
834.210483 -50.260064
834.588828 -50.615789
834.761167 -50.324775
834.516244 -50.060280
834.738018 -49.629736
835.068974 -49.601161
834.933354 -49.248677
835.109980 -48.967682
835.560451 -49.039028
835.397784 -48.741263
835.516492 -48.326418
835.801369 -48.281919
835.482201 -47.719932
835.660141 -47.836311
836.001833 -47.242349
836.184303 -47.344596
836.124624 -46.992383
836.570417 -47.008731
836.447844 -46.392379
836.483768 -46.546735
836.622633 -46.158125
836.947227 -45.863223
836.758817 -45.581083
836.709763 -45.406147
837.398400 -45.250486
837.043169 -45.065325
837.120571 -44.831930
837.519342 -44.456381
837.667701 -44.336684
837.925603 -44.248057
838.049865 -43.740847
838.139391 -43.574533
838.259253 -43.432670
838.396703 -43.356967
838.444864 -42.833095
838.521203 -42.953999
838.414148 -42.561215
838.779665 -42.438139
838.852207 -42.116650
838.942865 -41.787259
838.975776 -41.403415
839.334687 -41.347145
839.077370 -41.410694
839.607729 -40.891993
839.523776 -40.803894
839.877997 -40.492519
839.527693 -40.368831
840.057799 -40.365136
839.977187 -40.068380
839.995717 -39.905436
840.506611 -39.915828
840.272191 -39.431437
840.660559 -39.484330
840.386262 -39.183815
840.776632 -38.602827
840.873504 -38.423244
840.960785 -38.192953
841.243869 -38.061034
841.134680 -37.943795
841.490632 -37.780729
841.632701 -37.231737
841.763430 -37.094671
841.958118 -36.851041
841.941936 -36.711225
842.070748 -36.520813
842.114659 -36.478780
842.272194 -36.085637
842.220448 -36.128522
842.405193 -36.090997
842.401095 -35.464955
842.764473 -35.463495
842.984375 -35.659458
842.854586 -35.214760
843.270912 -34.936851
843.191057 -34.370796
843.446173 -34.436853
843.508127 -34.274430
843.519520 -34.159789
843.775817 -33.845991
843.817385 -33.135681
843.889189 -33.137600
844.206677 -33.171677
844.307646 -33.284943
844.439071 -32.841317
844.560510 -32.802372
844.574914 -32.268829
844.832682 -31.990434
844.820669 -32.269557
844.982657 -31.923223
845.422799 -31.269968
845.148818 -31.507510
845.404714 -31.174162
845.100072 -30.770452
845.668284 -30.544414
845.740874 -30.545536
845.848965 -30.287557
846.188026 -30.167370
846.027747 -30.208154
845.893921 -29.781664
846.649757 -29.663831
846.588402 -29.358347
846.414137 -29.459225
846.605048 -28.814146
846.972415 -28.875446
846.950183 -28.690048
847.197662 -28.570240
847.261498 -28.150739
847.398011 -28.432000
847.508073 -27.937184
847.573443 -27.448156
847.756171 -27.637333
847.709883 -27.446414
848.251529 -27.306266
848.222436 -27.280190
848.275302 -26.857829
848.292960 -26.632826
848.644680 -26.243334
848.551316 -25.988800
849.017610 -26.003527
848.830187 -26.246982
848.998349 -25.423617
848.891076 -25.489784
849.540228 -25.167441
849.255000 -25.363301
849.476663 -24.896648
849.862484 -24.656952
849.542306 -24.814708
849.954261 -24.478470
849.920420 -24.131457
849.839449 -24.172975
850.424401 -23.729605
850.330825 -23.834884
850.591573 -23.595995
850.795743 -23.209843
850.875816 -23.387630
850.883970 -23.158417
851.075397 -22.965765
851.192856 -22.488344
851.303325 -22.852867
851.246721 -22.294300
851.340852 -22.060231
851.800782 -21.917510
851.888370 -21.740407
852.150957 -21.558109
852.147041 -21.446922
852.094115 -21.666836
852.106365 -21.178739
852.491508 -20.964905
852.978085 -20.949739
853.017420 -20.439718
852.996616 -20.530874
852.921244 -20.479877
853.329381 -20.140475
853.155281 -19.726732
853.322183 -19.793980
853.412289 -19.386048
853.637438 -19.695312
853.851725 -19.163314
854.075781 -18.748082
854.294480 -18.954321
854.191171 -18.510938
854.335044 -18.506559
854.506562 -18.434639
854.655455 -18.140295
854.617834 -18.240640
854.826897 -17.561311
854.699673 -17.449140
855.317692 -17.671877
855.429401 -17.371879
855.512118 -16.823112
855.461669 -16.889516
855.662363 -16.898307
855.589145 -16.721408
855.705365 -16.566857
855.977124 -16.289650
856.256997 -16.220271
856.431857 -16.229879
856.304089 -15.785302
856.444264 -15.581362
856.766363 -15.657355
856.757444 -15.588668
856.732230 -15.497201
856.926226 -14.982143
857.321671 -14.599145
857.255478 -14.868705
857.505778 -14.540044
857.778643 -14.558731
857.786941 -14.406053
857.841140 -14.097109
857.757094 -13.854714
858.126366 -13.801321
858.326106 -13.771638
858.319701 -13.702928
858.641475 -13.424893
858.685532 -13.176636
859.164381 -13.250644
858.978910 -13.030203
859.176869 -12.665695
859.246090 -12.852848
859.238423 -12.375229
859.271007 -12.261168
859.725718 -12.037799
859.884605 -12.226398
859.716730 -12.182113
860.183545 -11.673924
860.118472 -11.462896
860.097371 -11.432914
860.383513 -11.285841
860.602994 -11.047292
860.575334 -11.176981
860.969390 -10.789663
860.703095 -10.735169
861.099664 -10.609425
861.286355 -10.435645
861.435121 -10.286407
861.655908 -10.317074
861.580015 -9.850802
861.641092 -10.061685
861.894188 -9.832642
862.203597 -9.644584
861.760244 -9.466817
862.341858 -9.201571
862.490141 -9.149263
862.531745 -8.765159
862.877310 -8.746013
862.865967 -8.575089
863.033526 -8.514764
863.192812 -8.458285
863.603706 -8.373163
863.226691 -8.084371
863.296435 -7.912746
863.457409 -7.841828
864.058783 -7.722498
863.928932 -7.233294
864.124622 -7.651280
864.381522 -7.145484
864.487707 -7.025647
864.626171 -6.793338
864.641291 -6.999917
864.850564 -6.660217
865.004337 -6.454235
865.202808 -6.387741
865.086754 -6.420043
865.386767 -6.236399
865.465813 -6.383105
865.810900 -5.994770
865.974944 -5.993875
866.171309 -5.471185
865.792879 -5.406352
866.024968 -5.252233
866.454316 -5.252234
866.448702 -5.166106
866.735455 -4.775328
866.896276 -4.719832
867.176525 -4.603831
867.001730 -4.566750
867.133632 -4.535965
867.322873 -4.322433
867.675899 -4.291056
867.490558 -4.089636
867.483394 -3.752524
868.076867 -3.805078
867.960794 -3.599468
868.150797 -3.372291
868.306220 -3.195133
868.598657 -3.379352
868.645786 -3.045826
868.737679 -3.138716
868.889176 -3.180731
869.135757 -2.741453
868.968226 -2.714124
869.375595 -2.782987
869.675743 -2.553663
869.629679 -2.139255
869.924341 -2.386743
869.509527 -2.069558
869.823172 -2.219852
870.186878 -1.559674
870.041163 -1.566195
870.177156 -1.589854
870.817729 -1.720589
870.885574 -1.472370
870.823897 -1.316382
870.845944 -1.072808
870.728043 -1.111077
871.550458 -0.613371
871.460647 -0.544366
871.546217 -0.730121
871.693592 -0.312929
871.955912 -0.290352
871.547532 -0.303669
872.031348 -0.089353
872.210218 -0.293666
872.529209 0.128802
872.447800 -0.069043
872.684109 0.280542
872.963027 0.354763
872.777089 0.661802
872.896598 0.730481
873.090017 0.888456
873.689320 0.869118
873.444130 0.951889
873.587082 0.982449
873.823415 0.983536
873.780521 1.334911
873.942145 1.501335
874.153190 1.520262
874.522526 1.601874
874.642329 1.568725
874.533313 1.816879
874.748964 1.877876
874.735622 1.656018
875.123404 2.095884
875.118309 2.371352
875.518282 2.343256
875.448430 2.554385
875.795127 2.456385
875.914988 2.779150
876.007946 3.009584
875.829723 2.740741
876.306804 3.133433
876.202383 2.989756
876.511748 3.213055
876.551627 3.374205
877.009789 3.659589
877.076502 3.553202
876.851674 3.678357
877.077975 3.845755
877.447352 3.840943
877.345500 4.022267
877.491135 4.062501
877.637508 4.077699
877.893830 4.455836
878.114017 4.483008
878.119482 4.310882
878.359666 4.574408
878.284439 4.624244
878.792979 4.462332
878.972249 4.943732
878.950613 5.093594
879.265643 4.981657
879.123141 5.243478
879.453773 5.155305
879.383925 5.494310
879.604958 5.388137
879.758946 5.751228
880.119511 5.788101
880.264481 5.409113
880.262261 5.871799
880.677043 5.505700
880.639910 6.047433
880.598384 6.108296
880.840247 6.359094
881.303520 6.361519
881.264025 6.512801
881.327897 6.618258
881.478452 6.522404
881.765136 6.481314
881.853629 6.914215
882.085376 6.841455
881.972631 6.724589
882.229879 7.176641
882.080579 7.110844
882.505219 7.081394
882.406786 7.593513
882.810339 7.412562
883.206843 7.349057
883.138667 7.477541
883.298588 7.807733
883.346937 7.424550
883.377064 7.873696
883.827809 7.696381
883.820902 7.906834
884.124482 7.985436
884.083510 8.282239
884.293284 8.083886
884.257676 8.335281
884.836079 7.968142
884.550755 8.510666
884.705081 8.509301
885.019817 8.564709
885.298750 8.790200
885.137858 8.866734
885.543281 8.853241
885.620641 8.759121
885.828266 8.948087
885.958810 9.411028
885.938524 9.529951
886.353684 9.383706
886.532484 9.360144
886.326234 9.070450
886.343118 9.345452
886.875197 9.415135
886.950948 9.664130
887.277518 9.903220
887.508050 9.997733
887.290451 9.749724
887.433914 9.946896
887.629283 10.046279
887.951013 10.043237
887.908922 10.067978
888.209272 10.435308
888.227043 10.164787
888.637243 10.406802
888.466555 10.465718
888.544379 10.461769
888.822593 10.772248
888.958321 10.585428
889.446333 10.895076
889.379395 10.913543
889.800301 10.888770
889.790010 10.924851
889.805631 10.914241
890.112308 11.332001
890.162995 11.127523
890.264425 11.076741
890.226545 10.990874
890.626380 11.339925
890.691934 11.265685
891.068040 11.399698
890.917606 11.442180
891.323454 11.848718
891.149196 11.657598
891.487607 11.904424
891.539191 12.034829
891.701453 11.866708
891.829519 11.897659
892.034013 11.901583
892.213853 11.965219
892.052713 12.385527
892.480781 12.346233
892.748532 12.310629
892.827475 12.387671
893.032923 12.370713
893.133775 12.532152
893.188283 12.573358
893.211535 12.639096
893.524566 12.547251
893.869816 12.840738
893.677475 12.731625
894.065497 12.763765
894.267508 12.734521
894.300965 13.055143
894.599600 12.831441
894.724441 13.191256
894.921169 13.073093
894.905292 13.340230
895.041582 13.224787
895.373284 13.379113
895.681104 13.493570
895.563909 13.315644
895.552430 13.210263
896.070207 13.511217
896.232250 13.625893
896.129751 13.621202
896.422754 13.667209
896.575591 13.586005
896.661712 13.808323
896.911114 13.717182
896.968791 13.961793
897.212591 14.113564
897.253175 14.143713
897.271201 13.780375
897.584920 13.952267
897.823766 14.006017
898.071980 14.341353
898.194382 14.375808
898.102182 14.344910
898.500313 14.249808
898.520265 14.266957
898.625431 14.539791
898.917584 14.341176
899.118602 14.628166
899.192605 14.771156
899.142806 14.570843
899.626953 14.585603
899.258177 14.939788
899.664012 14.989327
899.695045 14.743093
900.059457 14.842340
900.055354 14.918214
900.202357 15.027633
900.445853 15.026823
900.922855 14.994693
900.985473 15.339063
900.871399 15.144534
900.854296 15.182465
901.392537 15.381303
901.428713 15.663547
901.665210 15.233947
901.802649 15.078674
901.840645 15.232872
901.973173 15.406038
901.984513 15.413202
902.566637 15.287983
902.470146 15.818792
902.633068 15.799918
903.127592 15.609577
903.078462 15.692148
903.308795 15.899681
903.154954 15.690235
903.274406 15.649009
903.840938 15.654481
903.889628 15.814864
903.785435 15.913773
904.287192 15.915133
904.329178 16.055834
904.370876 16.254948
904.502858 16.488303
905.022954 16.030634
905.002304 15.931964
905.141328 16.395638
905.379118 16.132284
905.266952 16.412963
905.775474 16.452949
905.657301 16.288804
905.631125 16.397411
906.082358 16.375825
906.295291 16.525044
906.528977 16.487751
906.396358 16.507074
906.841300 16.470313
906.853695 16.580459
907.048530 16.422785
907.338765 16.450239
907.043699 16.568520
907.543758 16.586905
907.492988 16.691557
907.957748 17.028110
908.114750 16.728709
908.144202 17.109724
908.493479 17.029158
908.344958 17.072194
908.573707 16.685718
908.487881 17.020642
908.916338 16.772565
909.124784 17.233223
909.453805 17.080716
909.447374 17.154278
909.507421 17.093093
909.864097 17.083149
910.105808 16.810788
909.927571 17.385690
910.132849 17.279077
910.315309 17.191107
910.654125 17.326696
910.765352 17.046730
910.947992 17.121289
911.089720 17.368793
911.212385 17.270253
911.257793 17.281323
911.564675 17.462469
911.513984 17.177736
911.613491 17.453319
911.647917 17.664455
912.281945 17.603430
912.037461 17.503683
912.306805 17.494667
912.570879 17.766600
912.661065 17.377463
912.488523 17.487096
913.326214 17.577917
913.072027 17.700947
913.520112 17.614509
913.527938 17.896470
913.861734 17.484667
913.855707 17.889698
914.059124 17.862434
914.215375 17.704853
914.289092 17.916077
914.468282 17.748558
914.767340 17.938948
914.820255 17.995299
914.686242 17.917964
914.980682 17.811902
915.307128 17.725905
915.786160 17.896897
915.564451 18.077341
915.693828 17.997571
916.150788 18.030422
916.065323 17.967882
916.707920 18.307151
916.067240 18.061902
916.516744 17.912652
916.475620 17.940851
917.041959 17.940002
917.029298 18.433894
917.271432 18.030701
917.301282 17.887339
917.831859 18.379797
917.800012 18.080054
917.741392 18.162951
918.204632 18.025499
918.373241 18.236264
918.291878 17.971523
918.333576 18.093579
918.466544 17.993279
919.028122 18.061119
918.974256 18.137087
919.060840 18.170158
919.352740 17.840611
919.636828 18.021739
919.660431 18.179963
919.909777 18.357647
920.000672 18.086497
920.028419 18.106278
920.299822 18.352087
920.549794 18.210278
920.566198 17.961809
920.824630 18.055266
921.031238 18.195782
920.966385 18.261246
921.317921 18.237052
921.723520 18.207583
922.042006 18.158210
921.844954 18.026184
922.095071 18.039722
922.151739 18.026993
922.399056 18.310791
922.483739 18.457611
922.546827 18.281278
922.575912 18.299664
922.695399 18.381262
923.195623 18.271206
923.271336 18.450424
923.431157 18.136545
923.615668 18.242794
923.706136 18.102305
923.858998 18.252208
924.169348 18.274400
924.379689 18.033229
924.498364 18.285684
924.623747 18.361540
924.723972 18.393573
925.009823 18.331231
925.009378 18.225515
925.442768 18.068029
925.205278 18.143566
925.450817 18.427763
925.970980 18.305996
925.929974 18.312659
925.963503 18.075879
926.275763 18.184890
926.295973 18.247916
926.361533 18.468674
926.822320 18.094097
927.031898 18.334668
926.985471 18.221877
927.145736 18.200329
927.367196 18.070138
927.336527 18.295820
927.680959 18.078213
927.846683 17.814270
928.157068 18.089620
928.218488 18.320090
928.512301 18.306499
928.497641 18.296909
928.659164 18.324258
929.020146 18.065356
929.054150 18.347979
929.403974 18.364545
929.443115 18.211236
929.397798 18.279053
929.641516 18.066886
929.762909 18.168052
929.826589 18.282220
930.347636 18.442999
930.367854 18.159697
930.294345 17.971311
930.703393 18.423490
930.772938 18.138717
930.918954 18.043684
931.366273 18.024665
931.508031 18.075449
931.477521 18.031032
931.765364 18.105667
931.704846 18.262667
932.039214 18.011185
931.970657 18.056131
932.550461 18.127505
932.665287 18.016612
932.709806 18.029142
932.695689 17.917987
933.177374 17.987412
933.334789 17.782687
933.241554 17.916544
933.780359 17.943341
933.534163 18.195241
933.874266 17.625867
934.149342 17.325143
934.241189 17.898809
934.476059 17.462942
934.488903 17.812271
934.667715 17.905975
935.231452 17.915270
935.121754 17.535571
935.103272 17.998586
935.419181 17.672772
935.641943 17.881323
935.812217 17.706672
935.886813 17.870652
936.012993 17.575156
936.139115 17.289974
936.320710 17.424865
936.417794 17.866091
936.730449 17.422150
936.935784 17.753935
937.039966 17.638558
937.094727 17.418409
937.632260 17.697308
937.458587 17.498924
937.415523 17.526938
937.847781 17.414671
938.100892 17.411937
938.455914 17.315721
938.239322 17.529607
938.557084 17.390309
938.848134 17.463196
939.149002 17.559479
938.700004 17.220434
939.426312 17.423189
939.218352 17.215631
939.540173 17.108621
939.557027 17.093253
939.724329 17.274108
939.762217 17.297166
940.430812 17.111680
940.493133 17.235009
940.872199 17.089503
940.594345 17.067013
940.850128 17.051723
941.049481 16.857120
940.993136 16.650426
941.459067 16.957895
941.678246 16.968477
941.770212 16.852497
941.852470 16.909319
941.861050 17.005711
942.262369 16.492451
942.442047 16.457881
942.630810 16.983157
942.728666 16.682715
942.950595 16.859672
943.099293 16.892095
943.126599 16.671742
943.454418 16.637084
943.642307 16.713125
943.903513 16.562575
943.907513 16.663092
944.086856 16.518693
944.343698 16.546957
944.423032 16.307351
944.678379 16.420773
945.091423 16.452973
945.040937 16.394940
945.118656 16.416447
945.457804 16.355155
945.448126 16.428992
945.582804 16.125541
945.791249 16.316375
946.136693 16.218515
945.891443 16.068769
946.371794 16.150750
946.661991 16.302481
947.004676 16.142484
946.892150 15.937362
946.978826 15.813991
947.179938 15.918648
946.965452 15.972656
947.475056 15.730189
947.401589 15.843906
947.789093 15.618975
947.885227 15.729259
947.929745 15.733030
948.195621 16.191094
948.847501 15.620405
948.802189 15.554970
948.731140 15.675923
949.017968 15.675567
949.429748 15.461954
949.534936 15.527164
949.482046 15.419501
949.747749 15.534472
950.057483 15.134047
950.097639 15.451463
950.306676 15.294086
950.280071 15.184232
950.471626 15.395942
950.468355 15.272881
951.017651 15.208774
951.158597 15.185630
951.215779 15.456076
951.546487 15.139487
951.525557 15.190881
951.714506 15.073814
951.760535 15.340912
951.998899 14.908621
952.055168 14.826605
952.533994 14.783221
952.630568 14.905963
952.848151 14.857123
953.118955 14.626583
953.200673 14.532422
953.221435 14.695927
953.119035 14.658113
953.524183 14.486455
953.588376 14.448647
954.053681 14.538073
954.205264 14.462989
954.139209 14.441462
954.589870 14.485366
954.618745 14.467690
954.873749 14.682997
954.934430 14.240046
955.030782 14.615068
955.427231 14.721178
955.637426 14.205665
955.720450 14.207184
955.905730 13.745160
955.899923 14.024967
955.981510 13.957079
956.566347 13.904590
956.634601 13.546476
956.698276 13.923706
956.725992 13.584777
957.086673 13.840459
957.139699 13.793079
957.550402 13.783827
957.636235 13.696235
957.576641 13.574977
957.881938 13.609987
958.048163 13.312244
958.454830 13.897554
958.603986 13.644770
958.746736 13.353962
958.731709 13.444049
958.883570 13.240119
958.979624 13.263579
959.135176 13.250579
959.467211 13.096699
959.763765 12.868717
960.025675 12.983774
959.891337 13.291635
960.281213 12.999759
960.364393 13.053031
960.087040 13.096238
960.748199 12.784921
960.860216 12.810309
960.920047 12.700740
961.365958 12.755751
961.353640 12.491625
961.602681 12.888994
961.622196 12.613011
961.898023 12.752733
961.898657 12.597100
962.148014 12.516795
962.632356 12.327995
962.570096 12.295265
962.384812 12.420420
962.568186 12.550295
962.798227 12.213064
963.218609 12.040030
963.296235 12.321249
963.537012 12.136632
964.074056 12.351089
964.153898 11.932551
963.635502 12.127662
964.395569 11.762029
964.544999 11.749455
964.523157 11.674777
964.923680 11.550811
964.801526 11.594283
965.137008 11.677117
965.407585 11.585013
965.333148 11.535203
965.556316 11.510003
965.922811 11.533850
966.209037 11.190056
966.156610 11.466671
966.160434 11.415529
966.486262 11.305309
966.770941 11.235942
966.935390 10.989731
967.064055 11.338999
967.154371 11.153128
967.332811 10.949583
967.804725 10.898688
967.741508 11.009441
968.041651 10.604699
968.298613 10.925736
968.183124 10.738262
968.280008 10.624571
968.618557 10.632554
968.748959 10.482629
969.010774 10.748711
969.192348 10.302071
969.501539 10.216100
969.466799 10.187110
969.624383 10.581616
969.383521 10.154554
969.768602 10.379028
970.479860 10.190458
970.556746 9.672441
970.575617 10.131605
970.805744 9.907705
970.818909 9.842967
971.090931 9.799125
971.282876 9.779615
971.302095 9.858020
971.574393 9.545324
972.117452 9.684496
971.860053 9.622272
972.064778 9.264679
971.943813 9.805692
972.466588 9.509326
972.602418 9.336211
972.532841 9.441083
972.735528 9.062882
973.208503 9.258858
973.263054 9.533399
973.578654 9.454600
973.594961 9.085550
974.022489 9.161392
974.013846 8.762949
973.977809 8.953048
974.140317 8.985203
974.706557 8.926109
974.451661 8.963003
974.911232 8.329890
974.977822 8.438843
975.236434 8.524319
975.342031 8.513528
975.411240 8.228084
975.576126 8.193922
975.865287 8.473446
976.183222 8.295653
976.325548 8.389364
976.486584 8.359641
976.621593 8.090166
976.974171 7.974600
976.850909 7.751776
977.141068 7.948380
977.437202 8.021215
977.517858 7.598594
977.322170 7.850831
977.879018 7.742895
977.998920 7.595842
977.893839 7.334045
978.553725 7.810625
978.412291 7.214245
978.344626 7.198634
978.896705 7.549039
979.145062 7.385372
979.190288 7.350049
979.273926 7.251416
979.806551 6.898903
980.039179 7.095913
979.730887 6.960399
980.090198 6.827234
980.114904 7.150480
980.443763 6.850103
980.514663 6.609923
980.747056 6.991387
981.196554 6.903909
981.255370 6.594999
981.410260 6.422674
981.979054 6.609408
981.488895 6.284998
981.591826 6.286304
982.028766 6.541283
982.484291 6.293745
982.333557 6.072431
982.354731 6.229866
982.748872 6.373647
983.038898 5.948918
983.088281 5.655103
983.348865 6.005664
983.415244 5.557530
983.836011 5.611382
983.779773 5.732268
984.059889 5.617104
983.866267 5.918105
984.523665 5.482494
984.523715 5.167666
984.826644 5.665273
984.772617 5.141353
984.795992 5.096277
985.080828 5.183458
985.474087 5.041147
985.544038 5.141807
985.924875 4.932222
985.669795 4.837986
986.116351 4.818438
986.251484 4.962026
986.376158 4.859775
986.448945 4.777699
986.832366 4.518273
986.845504 4.715034
987.089492 4.464231
987.116908 4.207100
987.536552 4.368534
987.577552 4.369898
987.688400 4.576139
988.079144 4.185713
988.049841 4.207704
988.515348 4.138436
988.601442 3.904133
988.354123 4.195954
988.818616 4.063353
988.913158 4.111403
989.279625 3.800849
989.334964 3.759535
989.401595 3.769962
989.770952 3.577980
989.704284 3.451733
990.024794 3.530830
990.211903 3.534310
990.573879 3.236216
990.640159 3.070975
990.689418 3.308094
990.904887 3.278556
991.181211 3.002601
991.285590 2.638745
991.516403 2.878835
991.589763 2.991884
991.743857 3.036480
992.120571 2.865667
992.273958 2.637927
992.196241 2.931392
992.551795 2.490200
992.972620 2.591581
992.658782 2.565714
993.108827 2.644448
993.210178 2.513876
993.518952 2.359989
993.338314 2.386730
993.869522 2.076105
993.874423 2.311654
994.144736 2.144260
994.175430 1.986578
994.494671 1.826798
994.234154 1.839023
994.901470 1.791057
994.875260 1.775314
995.326074 1.769717
995.351993 1.684600
995.443660 1.480878
995.748617 1.702655
996.137569 1.592465
996.090339 1.543757
996.171647 0.962431
996.277642 1.378115
996.711418 1.380361
996.791984 1.342070
996.880634 0.818222
996.986235 0.940569
997.263741 0.940762
997.428734 1.245509
997.483682 0.826102
997.767360 0.700814
997.892744 0.477376
998.178193 0.545032
998.314199 0.624753
998.228119 0.489847
998.707897 0.302740
998.641737 0.292537
999.164004 0.309914
999.307023 0.156502
999.385151 0.239879
999.639801 0.361823
999.665475 0.241974
999.897601 -0.144631
1000.217798 -0.150791
1000.202094 0.003242
1000.383220 -0.133705
1000.603904 -0.253977
1000.878934 -0.442928
1001.021797 -0.269909
1001.177942 -0.260946
1001.401771 -0.612336
1001.505228 -0.483402
1001.827553 -0.275160
1001.883902 -0.603698
1002.037876 -1.006865
1002.297596 -0.975921
1002.163407 -0.835250
1002.613193 -0.924676
1002.852368 -0.749552
1003.064549 -0.776420
1002.983617 -1.009751
1003.324372 -1.292057
1003.383952 -1.237133
1003.627232 -1.224506
1003.595445 -1.260121
1004.024726 -1.127501
1004.137633 -1.441978
1004.362965 -1.397582
1004.661278 -1.647518
1004.583891 -1.683653
1004.940286 -1.740925
1004.947184 -1.895102
1005.199194 -1.897386
1005.060014 -2.000033
1005.228517 -1.880731
1005.720181 -2.376140
1005.896633 -2.158354
1006.195365 -2.238199
1006.282049 -2.534554
1006.260021 -2.616103
1006.551184 -2.253970
1006.865560 -2.151511
1007.063018 -2.169264
1007.026331 -2.462647
1007.484596 -2.421703
1007.518292 -2.559516
1007.237799 -2.579472
1007.817253 -2.794051
1008.012572 -2.658338
1008.140870 -3.162167
1008.305543 -2.925241
1008.657084 -3.175741
1008.345590 -3.383392
1008.749924 -2.951622
1009.070326 -3.020118
1009.368433 -3.115505
1009.555871 -3.353974
1009.494571 -3.422549
1009.791001 -3.514205
1009.801345 -3.439831
1010.471228 -3.471209
1010.110847 -3.714748
1010.544766 -3.602110
1010.476023 -3.703937
1010.737997 -3.757805
1011.082176 -4.044033
1010.996635 -3.571910
1011.208353 -4.084497
1011.482228 -4.283360
1011.896417 -4.110220
1011.645449 -4.213442
1012.005447 -4.257373
1012.178675 -4.806850
1012.365695 -4.680736
1012.579237 -4.445388
1012.946582 -4.497368
1013.187563 -4.343810
1013.172396 -4.801859
1013.364657 -4.472952
1013.623746 -4.903643
1013.876318 -4.923301
1013.762713 -4.839592
1013.923779 -4.743602
1014.214539 -4.976386
1014.396626 -5.142610
1014.496023 -5.025314
1014.725766 -5.177443
1014.782870 -5.207884
1015.104157 -5.605545
1015.206822 -5.491880
1015.407437 -5.434898
1015.590241 -5.554064
1015.614648 -5.428953
1015.795526 -5.916801
1016.057467 -5.512109
1016.018801 -5.728312
1016.169513 -5.868551
1016.584804 -5.747908
1016.749915 -5.999606
1017.062032 -5.713703
1017.013353 -5.966842
1017.242432 -6.073681
1017.298826 -6.173479
1017.604313 -6.387169
1017.736125 -6.320712
1018.087670 -6.549845
1018.133729 -6.443998
1018.344978 -6.473291
1018.529163 -6.742792
1018.400944 -6.351833
1018.673419 -6.748807
1019.077989 -6.696514
1019.189059 -6.557230
1019.410777 -6.628736
1019.478014 -6.715391
1019.879910 -6.633063
1019.729262 -6.832883
1020.198288 -7.185050
1019.933555 -7.214991
1020.164360 -6.775280
1020.643494 -7.154585
1020.705491 -7.222421
1020.949842 -7.146420
1021.118876 -7.224019
1021.553198 -7.534094
1021.431125 -7.360732
1021.537093 -7.703828
1021.899288 -7.662414
1022.234599 -7.467208
1022.053699 -8.021745
1022.177147 -7.704815
1022.501326 -7.870317
1022.592725 -7.931044
1022.837061 -8.135021
1022.985351 -7.703643
1023.182787 -7.967304
1023.354656 -8.172945
1023.436395 -8.455173
1023.638184 -8.130701
1023.861313 -8.053945
1024.193620 -8.195379
1024.328529 -8.336316
1024.513765 -8.612510
1024.277077 -8.396545
1024.684133 -8.552855
1024.542403 -8.543372
1024.938646 -8.509719
1025.341679 -8.807376
1025.617474 -8.692146
1025.604985 -8.963098
1025.848099 -9.033815
1026.224533 -9.073511
1025.951041 -9.150590
1026.456157 -9.098328
1026.336792 -9.175306
1026.486059 -9.095184
1026.901099 -9.326517
1027.055280 -9.187817
1027.297574 -9.173087
1027.244244 -9.453421
1027.418709 -9.295896
1027.851222 -9.464170
1027.850540 -9.783666
1028.187440 -9.650715
1028.345271 -9.765319
1028.155953 -9.734677
1028.575402 -9.966519
1028.856062 -10.001091
1029.070041 -9.912917
1028.867782 -9.841558
1029.462501 -9.799103
1029.638834 -10.030628
1029.572861 -10.057567
1029.730224 -10.203258
1029.946818 -10.111560
1030.213644 -10.563443
1030.324745 -10.376975
1030.424988 -10.415257
1030.728589 -10.340744
1030.702142 -10.270339
1030.887180 -10.554893
1031.296796 -10.913235
1031.161747 -10.489296
1031.707475 -10.693528
1031.626229 -10.765353
1031.911811 -11.094383
1032.025165 -10.889221
1032.489164 -10.977720
1032.414907 -10.820239
1032.539337 -10.800952
1032.538901 -11.189626
1032.759124 -11.228115
1032.881913 -10.969987
1033.202678 -11.166969
1033.357461 -11.175984
1033.691672 -11.416100
1034.002411 -11.672622
1033.907608 -11.321263
1034.404702 -11.330646
1034.299747 -11.520049
1034.497282 -11.487807
1034.658529 -11.659085
1034.864006 -11.504113
1035.073062 -11.496751
1035.266395 -11.650260
1035.293363 -11.779316
1035.405234 -11.923182
1035.747953 -11.890032
1036.213729 -12.016118
1036.154639 -11.853367
1036.367707 -12.002432
1036.117661 -11.886480
1036.562993 -12.417000
1037.123432 -12.044048
1037.013933 -12.338895
1037.120370 -12.098393
1037.277001 -12.333699
1037.332648 -12.420657
1037.657520 -12.314738
1038.011744 -12.317249
1037.787432 -12.763880
1038.073000 -12.652009
1038.359773 -12.682447
1038.445221 -12.642625
1038.829531 -12.782130
1038.796589 -12.683264
1038.907908 -12.762148
1039.176357 -12.775260
1039.140129 -12.624776
1039.421752 -12.608089
1039.703328 -12.888902
1039.532071 -12.963345
1039.848142 -13.093532
1039.894642 -12.952305
1040.652401 -13.100149
1040.563201 -13.093451
1040.650843 -13.046000
1040.994242 -13.259161
1040.998980 -13.312608
1041.158146 -13.260786
1041.233019 -13.437434
1041.851677 -13.473161
1041.531290 -13.506090
1041.958071 -13.439608
1042.209751 -13.317503
1042.230149 -13.541085
1042.335063 -13.445894
1042.753379 -13.647440
1042.796852 -13.637251
1042.993601 -14.077866
1042.964962 -13.858803
1043.278788 -13.705386
1043.547525 -13.943854
1043.810616 -14.167965
1043.727456 -13.947982
1044.016852 -14.136071
1044.103346 -14.125378
1044.280599 -14.236372
1044.244254 -14.216059
1044.636499 -14.015948
1044.842138 -14.275421
1044.907965 -14.164583
1045.010393 -14.088413
1044.987211 -14.354135
1045.584255 -14.302753
1045.663750 -14.345607
1045.835867 -14.529810
1046.088828 -14.744064
1046.235467 -14.412442
1046.360630 -14.475872
1046.445730 -14.399582
1046.552756 -14.895906
1046.841173 -14.591438
1047.232561 -14.838877
1047.201345 -14.664122
1047.283549 -14.777668
1047.411556 -14.947154
1047.570278 -15.182890
1047.995502 -15.059507
1047.938588 -14.930671
1048.190162 -15.188762
1048.444056 -14.902238
1048.736392 -15.490125
1048.967130 -15.075421
1048.984419 -15.245335
1048.981583 -15.108764
1049.248154 -15.299645
1049.602402 -15.250487
1049.700446 -15.388245
1049.802760 -15.401217
1049.826341 -15.432510
1050.061084 -15.658973
1050.379342 -15.614594
1050.444986 -15.416847
1050.378873 -15.395127
1051.127712 -15.526125
1050.999247 -15.515067
1051.137060 -15.504563
1051.220999 -15.701393
1051.322812 -15.598455
1051.648588 -15.790341
1051.642449 -15.664762
1052.062751 -15.878776
1052.262132 -15.901534
1052.407790 -15.754544
1052.721791 -16.185535
1052.522783 -16.162918
1052.661215 -16.162280
1052.818349 -15.960692
1053.099565 -16.012452
1053.378915 -16.313207
1053.551326 -16.163137
1053.604535 -16.132504
1053.764302 -16.116871
1054.133550 -16.426606
1054.108819 -16.527048
1054.211412 -16.278172
1054.353371 -16.159066
1054.531367 -15.892143
1054.878116 -16.335992
1055.000698 -16.505882
1055.413175 -16.208627
1055.382595 -16.501688
1055.454649 -16.635923
1055.763185 -16.764614
1055.762566 -16.581606
1056.071616 -16.603898
1056.172395 -16.534623
1056.469088 -16.602365
1056.601469 -16.847890
1057.064887 -16.754338
1057.021035 -16.697379
1057.165051 -16.917873
1057.280458 -16.938494
1057.263106 -16.936356
1057.429648 -16.889470
1057.809239 -16.776159
1058.069939 -16.673953
1058.357225 -16.946927
1058.290450 -17.026011
1058.650499 -16.811168
1058.775968 -17.055609
1058.837602 -17.109068
1058.937796 -16.865787
1059.108623 -17.006936
1059.246726 -17.263787
1059.369789 -17.295929
1059.686910 -17.126237
1059.842078 -17.512799
1059.813909 -16.733681
1060.105222 -17.203268
1060.245121 -16.954872
1060.345534 -17.331434
1060.778501 -17.229495
1060.890911 -17.088627
1061.038405 -17.444758
1061.254251 -17.319043
1061.236547 -17.397914
1061.583341 -17.364100
1061.852987 -17.514037
1061.764263 -17.146402
1062.065893 -17.641372
1062.193286 -17.673101
1062.339833 -17.520950
1062.470089 -17.559717
1062.356690 -17.454489
1063.029636 -17.519696
1063.099045 -17.580663
1063.165359 -17.493117
1063.456227 -17.707870
1063.653147 -17.794449
1063.716453 -17.655099
1063.755390 -17.732903
1064.037194 -17.992736
1063.981071 -17.946393
1064.286849 -17.748049
1064.846990 -17.707422
1064.670401 -17.800836
1065.017225 -17.676624
1065.111135 -17.585251
1065.458228 -17.696002
1065.379204 -17.621271
1065.318886 -17.853930
1065.968002 -18.053067
1065.909349 -17.805155
1066.048209 -17.782609
1066.340864 -17.933877
1066.179327 -18.094672
1066.639189 -18.149822
1066.495011 -17.591743
1066.813255 -17.952851
1067.103025 -17.798868
1067.042405 -18.020312
1067.131508 -18.053461
1067.377367 -17.956297
1067.828050 -17.908741
1067.650194 -17.912839
1068.148930 -17.886862
1068.394401 -18.213320
1068.407291 -17.892871
1068.472533 -18.037033
1068.737933 -18.048367
1069.034396 -18.053859
1068.786426 -18.028837
1069.319331 -18.551098
1069.126329 -18.000942
1069.579512 -18.199315
1069.708869 -17.861945
1069.661252 -17.988989
1069.902146 -18.250938
1069.877099 -18.192871
1070.302357 -18.161773
1070.590308 -17.951251
1070.587893 -17.967937
1070.746262 -18.293546
1070.901332 -18.316992
1071.122106 -18.187119
1071.600847 -18.026703
1071.637298 -18.261600
1071.643371 -18.128459
1071.972016 -18.335054
1071.744612 -18.081101
1072.106006 -18.351177
1072.122028 -18.070181
1072.804239 -18.251413
1072.594163 -18.118014
1072.969803 -18.073665
1072.947273 -18.308323
1072.986251 -18.088135
1073.135695 -18.195391
1073.620732 -18.191268
1073.489565 -18.229905
1073.998859 -18.367444
1074.252291 -18.344735
1074.172491 -18.397720
1074.409836 -18.419320
1074.530313 -18.185076
1074.576393 -18.459338
1074.593665 -18.298249
1074.900026 -18.067897
1074.628471 -18.005673
1075.373158 -18.329856
1075.579989 -18.267403
1075.343660 -18.245341
1075.911131 -18.332756
1075.856483 -18.344185
1075.919197 -18.398387
1075.923671 -18.270607
1076.663752 -18.512878
1076.612102 -18.263853
1076.735524 -18.094187
1076.839257 -18.237608
1076.894786 -18.183328
1077.390551 -18.281006
1077.546782 -18.216376
1077.742658 -18.368999
1077.866235 -17.998775
1077.577465 -17.974963
1078.359015 -18.473332
1078.168283 -18.343750
1078.554789 -18.370831
1078.722932 -18.319015
1078.759916 -18.012747
1078.840358 -18.550792
1078.886271 -18.140149
1079.154406 -18.399653
1079.486418 -17.925879
1079.404932 -18.176760
1079.687363 -18.038326
1080.193990 -18.104374
1080.122195 -18.505242
1080.198324 -18.261708
1080.391670 -18.017025
1080.592162 -17.946844
1081.057269 -17.941804
1080.792836 -18.145662
1081.084116 -18.232673
1081.544204 -18.020587
1081.199842 -18.466847
1081.597852 -17.963554
1081.633552 -18.175064
1081.861760 -18.346590
1081.803692 -18.347256
1082.288285 -18.263468
1082.186389 -18.116884
1082.519774 -17.995617
1082.673222 -18.214879
1082.891693 -17.865946
1082.853793 -18.049337
1082.935581 -18.116599
1083.079563 -18.225516
1083.349997 -17.929593
1083.657083 -18.321645
1083.955408 -17.714408
1083.710647 -17.598844
1084.031950 -17.973263
1084.279263 -17.793646
1084.406618 -17.708793
1084.388598 -17.871708
1084.498325 -18.041277
1084.784612 -17.936558
1085.155504 -17.923862
1085.358232 -17.921133
1085.608648 -17.843443
1085.879478 -17.986525
1086.108421 -17.676742
1085.707415 -17.618078
1086.041058 -17.778598
1086.094756 -17.811433
1086.466794 -17.762754
1086.419167 -17.641437
1086.444918 -17.691684
1086.883773 -17.651880
1086.988893 -17.952111
1086.957215 -17.800447
1087.289528 -17.593530
1087.444261 -17.203443
1087.523919 -17.533019
1087.815505 -17.424245
1088.008572 -17.450853
1088.010429 -17.582716
1088.220266 -17.436278
1088.224521 -17.422947
1088.523276 -17.449792
1088.858608 -17.389091
1088.889136 -17.294319
1088.842365 -17.434556
1089.281359 -17.327027
1089.253558 -17.103506
1089.621853 -17.433416
1089.767355 -17.191563
1089.734314 -17.198953
1090.118367 -17.151686
1090.205967 -17.042738
1090.434949 -17.133610
1090.294113 -17.043885
1090.752204 -17.076990
1090.644433 -16.981667
1091.101390 -17.061884
1091.184005 -16.916493
1091.607275 -16.994640
1091.600148 -17.089486
1091.456603 -16.883800
1091.780282 -17.081276
1091.951735 -17.055341
1092.289000 -16.851804
1092.467169 -17.113787
1092.574646 -16.635085
1092.625534 -16.749855
1092.561523 -16.729676
1092.837708 -16.518652
1093.053125 -16.640760
1093.245719 -16.777816
1093.323908 -16.562440
1093.346404 -16.333039
1093.608877 -16.773023
1093.679944 -16.212602
1093.944782 -16.197598
1093.955003 -16.553624
1094.277736 -16.145134
1094.474836 -16.354610
1094.421951 -16.289008
1094.770503 -16.255215
1094.913890 -15.944839
1095.193126 -16.180331
1095.279853 -16.200970
1095.373866 -16.089079
1095.550146 -16.284307
1095.738158 -16.226269
1095.968271 -15.761786
1096.108773 -15.952113
1095.974191 -15.756656
1096.347637 -16.134907
1096.652541 -15.807026
1096.796863 -15.907766
1096.496912 -15.556813
1096.788670 -15.899315
1097.266232 -15.671098
1097.178257 -15.673570
1097.328597 -15.426151
1097.365093 -15.230234
1097.560875 -15.372745
1097.861291 -15.584868
1098.074968 -15.338213
1098.184991 -15.479750
1098.447152 -15.325014
1098.637883 -15.326548
1098.772005 -15.414890
1098.774000 -15.229663
1098.998147 -15.341565
1099.366101 -15.075240
1099.155010 -15.199219
1099.644993 -15.087558
1099.821164 -14.944890
1099.929912 -14.800117
1100.152886 -14.752629
1100.161559 -15.053479
1100.522125 -14.856027
1100.467540 -14.721702
1100.586680 -14.787664
1100.636779 -14.629605
1100.783438 -14.521688
1100.975402 -14.537030
1101.233672 -14.398161
1101.339242 -14.408507
1101.338090 -14.513340
1101.573104 -14.219815
1101.594130 -14.735216
1102.007438 -14.173582
1101.946964 -14.326110
1102.408633 -14.167216
1102.358847 -13.888952
1102.477518 -13.839475
1102.750582 -14.031576
1102.545325 -14.028399
1103.056978 -14.244971
1103.212079 -13.896334
1103.318216 -13.929044
1103.464452 -14.029890
1103.407693 -13.802744
1103.640361 -13.714074
1104.004935 -13.847331
1104.166821 -13.531766
1104.145902 -13.412497
1104.337108 -13.606552
1104.673800 -13.428255
1104.781937 -13.317024
1104.670531 -13.084019
1104.982844 -13.114847
1104.970805 -13.115257
1105.215069 -13.040144
1105.351406 -12.916629
1105.487243 -12.715659
1105.739198 -12.869117
1105.799413 -12.739028
1106.124154 -12.773974
1106.194548 -13.026909
1106.565703 -12.543743
1106.535442 -12.574898
1106.616876 -12.553522
1106.969127 -12.624357
1106.620238 -12.653783
1107.377160 -12.256675
1107.246044 -12.346525
1107.587365 -12.064996
1107.482458 -11.961353
1107.774229 -12.257113
1107.792034 -11.905182
1107.971037 -12.024983
1108.377409 -11.756741
1108.421804 -11.693864
1108.742298 -11.693145
1108.594619 -11.665979
1108.954808 -11.662003
1109.039555 -11.727096
1109.084785 -11.372437
1109.432518 -11.824307
1109.356010 -11.407599
1109.471374 -11.069686
1109.845735 -11.255096
1109.848731 -11.026889
1109.952290 -11.094984
1110.371780 -10.998865
1110.291385 -11.146185
1110.401703 -10.764121
1110.708055 -10.503458
1110.926805 -10.945877
1110.811391 -10.572859
1111.220404 -10.742447
1111.201812 -10.598582
1111.210532 -10.440080
1111.475240 -10.233549
1112.081553 -10.271000
1111.606968 -10.078271
1112.056183 -10.262035
1111.992130 -10.002726
1112.200890 -9.716992
1112.525605 -9.799238
1112.610404 -9.865845
1112.824798 -9.523036
1113.050104 -9.632461
1113.179005 -9.599478
1113.189819 -9.533806
1113.123919 -9.388050
1113.441169 -9.440816
1113.567121 -9.312581
1113.660354 -9.171099
1113.882402 -9.136717
1114.160850 -8.993690
1114.330724 -8.946459
1114.304617 -8.773812
1114.505701 -8.602445
1114.915962 -8.804201
1114.781125 -8.624702
1115.062038 -8.807844
1115.291327 -8.525359
1115.498350 -8.349415
1115.670441 -8.103338
1115.757634 -8.160793
1115.523281 -8.211511
1115.555216 -7.865520
1116.282070 -8.126048
1116.075798 -7.870130
1116.159486 -7.570786
1116.364822 -7.791707
1116.515956 -7.489156
1116.734340 -7.364854
1116.718706 -7.454312
1117.277536 -7.404654
1117.288460 -7.298300
1117.355505 -6.992010
1117.323428 -7.129193
1117.617009 -7.250319
1117.787207 -6.959221
1117.812991 -7.037408
1118.186087 -6.622520
1118.126437 -6.661825
1118.477600 -6.360765
1118.447287 -6.717168
1118.407885 -6.401958
1118.945538 -6.201480
1119.041966 -6.348982
1119.402016 -6.086883
1119.372406 -6.132171
1119.425034 -6.251744
1119.841394 -6.010954
1119.493758 -5.738950
1119.761267 -5.750192
1120.073865 -5.456004
1120.162833 -5.160230
1120.409015 -5.210987
1120.572487 -5.478726
1120.677755 -5.189819
1120.798591 -4.946936
1120.859457 -4.565690
1121.199665 -4.849622
1121.191798 -4.569349
1121.175927 -4.750362
1121.475191 -4.517205
1121.481457 -4.713679
1121.425585 -4.492272
1122.105484 -4.330560
1121.962224 -4.128727
1122.421085 -3.998478
1122.288190 -4.116312
1122.206667 -3.729182
1122.456428 -3.785237
1122.674108 -3.935025
1123.009588 -3.276332
1123.050105 -3.527330
1123.316174 -3.663780
1123.433324 -3.340969
1123.619922 -3.014093
1123.427001 -3.037395
1123.823152 -3.346226
1123.738789 -2.907636
1124.121237 -2.462395
1123.988002 -2.581189
1124.326856 -2.636863
1124.206118 -2.288132
1124.622210 -2.422664
1124.774445 -2.291998
1124.868117 -2.190690
1125.028845 -2.037914
1125.132242 -2.017631
1125.216715 -1.851847
1125.444588 -1.786440
1125.727303 -1.822906
1125.806357 -1.643590
1126.219609 -1.305849
1126.031720 -1.078315
1126.318327 -1.315700
1126.355693 -1.257733
1126.347948 -0.899868
1126.395255 -0.608787
1126.860888 -0.877451
1127.071443 -0.388088
1127.063844 -0.365859
1127.276214 -0.613244
1127.163083 -0.063833
1127.541822 -0.319165
1127.740633 -0.095172
1127.721377 0.082636
1127.806433 0.114813
1127.875483 0.161907
1128.242653 0.575885
1128.378127 0.711405
1128.507917 0.408479
1128.618463 0.463736
1128.687511 0.589658
1128.854897 0.951183
1128.854384 0.968011
1129.007087 1.311659
1129.232860 1.253146
1129.351827 1.739705
1129.389410 1.427830
1129.824639 1.972226
1129.917071 1.664867
1130.049336 2.022741
1130.207933 2.263803
1130.368360 2.145228
1130.647098 2.452192
1130.294390 2.253874
1130.522711 2.511040
1130.700265 2.401638
1130.956762 2.912859
1131.254640 2.884410
1131.527783 3.077160
1131.503889 3.328109
1131.551952 2.859828
1131.773998 3.372587
1131.926068 3.744406
1131.668443 3.618443
1132.252666 3.762847
1132.434619 3.631905
1132.493708 4.193979
1132.381077 4.236931
1132.402328 4.337808
1132.859855 4.270501
1133.037253 4.538611
1132.905209 4.777323
1133.218304 4.799731
1133.166572 4.636253
1133.489601 5.247093
1133.886236 5.305589
1133.903890 5.358610
1133.909817 5.305145
1133.993225 5.724837
1134.216445 5.568295
1134.062727 5.829118
1134.491536 6.064915
1134.556643 6.002962
1134.690921 6.107387
1134.665963 6.325740
1135.127458 6.782643
1135.186509 6.719923
1135.080091 6.612041
1135.546365 7.103809
1135.808710 7.312418
1136.023930 7.366901
1135.745488 7.465613
1136.057077 7.581022
1136.006041 7.958508
1136.260290 7.581626
1136.321762 8.014637
1136.216418 8.088880
1136.821413 8.184260
1136.834572 8.226799
1136.901130 8.511940
1137.218971 8.626217
1137.228539 8.799129
1137.552546 8.993559
1137.378096 9.302027
1137.493522 9.314247
1137.941368 9.532150
1137.827744 9.628663
1137.980696 9.757824
1138.376416 10.056661
1138.407818 9.852323
1138.493423 9.888285
1138.480502 10.254261
1138.920273 10.607345
1138.930553 10.701057
1139.463399 10.393757
1139.404259 10.847377
1139.425556 10.729579
1139.580154 10.935955
1139.190629 11.375284
1139.648840 11.438396
1139.625611 11.372974
1139.919896 12.044669
1139.938070 11.850563
1140.350833 12.251006
1140.337850 12.205553
1140.354063 12.196348
1140.832167 12.506757
1140.937982 12.441623
1140.951011 12.989219
1141.289853 12.945191
1140.986658 12.866025
1141.130852 13.259237
1141.591494 13.156535
1141.415467 13.462247
1141.776591 13.582367
1141.905014 13.949475
1142.007909 14.152284
1142.101081 14.188549
1142.219457 14.361088
1142.441623 14.718913
1142.339049 14.795352
1142.583148 14.963852
1142.965364 14.931508
1142.689583 15.112542
1143.056126 15.381699
1143.304565 15.444778
1143.422417 15.364876
1143.645979 15.810353
1143.484689 15.947187
1143.611899 15.990734
1143.673243 16.010662
1144.070158 16.423974
1144.376090 16.733190
1144.024110 16.568751
1144.301574 16.987816
1144.508989 17.021772
1144.672417 17.330373
1144.822726 17.390799
1144.880956 17.316660
1144.838880 17.736777
1144.953066 17.919766
1145.354797 18.014586
1145.350383 18.369082
1145.441164 18.421337
1145.831389 18.436315
1145.816087 18.713347
1145.701809 18.837283
1146.141120 18.927112
1146.009584 18.970625
1146.243001 19.120250
1146.431336 19.738471
1146.711134 19.898156
1146.800154 20.278524
1146.633915 20.162392
1146.864503 20.373624
1147.063138 20.153215
1147.325213 20.706929
1147.034658 20.786076
1147.579256 21.199474
1147.418087 21.171024
1147.695251 21.326950
1147.710820 21.319588
1147.883433 21.435162
1147.861694 22.093318
1147.972687 21.903177
1148.429299 21.969504
1148.418045 22.313000
1148.761575 22.607031
1148.713512 22.771038
1148.850872 23.037474
1149.032766 23.003365
1149.113019 23.240916
1149.478681 23.557196
1149.478131 23.723691
1149.406285 23.790385
1149.333275 23.714201
1149.912448 24.023655
1149.876259 24.099246
1150.356182 24.518235
1150.229710 24.479927
1150.481447 24.547285
1150.426302 24.796105
1150.389050 25.255936
1150.469994 25.278981
1151.053410 25.530941
1150.967582 25.678970
1151.151770 25.766412
1151.199799 26.195299
1150.922400 26.217401
1151.629952 26.342488
1151.590867 26.628120
1151.649901 26.874621
1151.736058 27.018302
1152.163176 27.286980
1152.314084 27.475523
1151.952701 27.917273
1152.398749 27.570574
1152.648282 28.213275
1152.664977 28.271724
1152.608374 28.335989
1152.594226 28.490181
1153.235621 28.669710
1153.072089 28.968694
1153.078478 28.982616
1153.541915 29.618162
1153.565165 29.293070
1153.553563 29.583961
1154.032421 30.038289
1153.812960 30.043892
1153.780233 30.154169
1154.000334 30.434783
1154.130475 30.439339
1154.317598 30.839374
1154.600886 30.837168
1154.315589 31.259219
1154.579745 31.594835
1154.938065 31.618162
1155.144383 31.935337
1155.263650 32.147071
1155.387552 32.369792
1155.240870 32.548441
1155.535613 32.733030
1155.585867 32.599233
1155.899163 32.832151
1155.765308 33.107284
1156.245598 33.478152
1156.309858 33.658178
1156.065603 33.862087
1156.560004 33.812228
1156.847837 33.834462
1156.688272 34.545744
1156.507050 34.706598
1156.654409 34.907025
1157.036605 34.736976
1156.962795 34.967158
1157.362790 35.508658
1157.224455 35.466485
1157.518415 35.677942
1157.740223 35.964184
1157.633029 36.105133
1157.703005 36.302715
1157.979457 36.480284
1158.084781 36.749307
1158.374823 37.114059
1158.256628 37.275729
1158.609093 37.466574
1158.541745 37.858382
1159.045390 38.013026
1158.916936 38.166791
1159.001337 38.538922
1159.070706 38.576933
1158.842236 39.011933
1159.494372 39.093172
1159.182072 39.382945
1159.520481 39.364727
1159.907818 39.638885
1159.939397 39.687515
1159.895246 40.030068
1160.143921 40.153210
1160.451519 40.395076
1160.207187 40.552384
1160.309195 40.858717
1160.740824 41.053312
1160.577782 41.618025
1161.065085 41.494660
1160.646895 41.865379
1161.292807 41.865687
1161.245501 42.203662
1161.356744 42.476505
1161.424205 42.768146
1161.350858 42.555942
1161.408184 43.316426
1161.593050 43.424789
1162.045371 43.746698
1161.881650 43.494561
1162.127013 44.085551
1162.479271 44.066082
1162.358158 44.388383
1162.407347 44.543426
1162.270458 44.667282
1162.591908 44.829041
1162.931600 45.231390
1162.972631 45.514832
1163.211400 45.485511
1163.306262 45.960909
1163.286227 45.940588
1163.185585 46.216898
1163.702553 46.600161
1163.687695 46.919889
1163.646498 47.137516
1163.888464 47.344157
1164.187033 47.648583
1163.958200 47.620539
1164.046800 47.655741
1164.117406 48.177172
1164.663165 48.289438
1164.454227 48.686587
1164.526854 49.153451
1164.881471 49.033921
1164.872600 49.167952
1164.863427 49.459598
1165.481080 49.647510
1165.517141 50.142740
1165.382456 50.333829
1165.305777 50.480748
1165.840225 50.754586
1165.811366 50.822121
1165.723090 51.160216
1166.497500 51.460361
1165.918898 51.482556
1166.343673 51.954341
1166.090868 51.641702
1166.721450 52.267655
1166.668955 52.564227
1166.907009 52.733214
1167.061025 52.971417
1166.739549 53.156876
1166.840253 53.675533
1167.398016 53.939052
1167.136849 54.048259
1167.572031 54.375972
1167.664374 54.430403
1167.632727 54.675953
1167.988548 54.912839
1167.959380 55.094443
1168.097279 55.081454
1168.278611 55.853051
1168.356784 56.038191
1168.432008 56.099851
1168.392749 56.333981
1168.626401 56.537228
1168.512396 56.899453
1168.800912 57.235632
1168.731712 57.515600
1169.249773 57.733346
1169.013986 57.722078
1169.149184 57.962789
1169.243633 58.365945
1169.544711 58.557044
1169.578544 59.083121
1169.801324 59.080837
1169.684538 59.363985
1169.970916 59.467507
1170.123137 59.513345
1170.250425 60.110388
1170.171413 60.268474
1170.401413 60.701180
1170.504154 60.620642
1170.709965 60.923931
1170.598223 61.167612
1170.737590 61.460824
1171.020087 61.961858
1170.819320 62.221502
1171.199204 62.136840
1171.364144 62.533482
1171.543203 62.548323
1171.539970 62.884575
1171.843439 63.216094
1171.684151 63.557061
1171.805536 63.661690
1172.299008 63.862837
1172.109737 63.932760
1172.151377 64.711473
1172.175720 64.787384
1172.472536 64.972940
1172.661007 65.286075
1172.609464 65.649536
1172.712064 65.937802
1172.648372 66.222226
1173.133915 66.422609
1172.972748 66.836692
1173.197020 66.874785
1173.250685 67.339983
1173.204060 67.383865
1173.378451 67.524862
1173.881227 67.972134
1173.734781 68.113445
1173.770595 68.472233
1173.769444 68.635559
1174.121338 68.946389
1174.063148 68.894650
1174.206596 69.411574
1174.337614 69.490183
1174.540437 69.921073
1174.605023 70.257395
1174.743257 70.489147
1174.829293 70.892110
1174.734965 71.095415
1175.049121 71.239430
1175.151795 71.454400
1175.198647 71.788514
1175.251007 71.854133
1175.405972 72.420361
1175.488584 72.715051
1175.880544 72.906544
1175.779736 73.094100
1176.076562 73.158274
1175.939963 73.542051
1176.131209 73.848529
1176.306441 74.136603
1176.325264 74.414519
1176.527914 74.726152
1176.899144 75.101557
1176.526283 75.300247
1176.541114 75.227281
1176.889313 75.767255
1176.841302 76.303866
1177.200461 76.538179
1177.404269 76.744047
1177.445094 76.891798
1177.527589 77.166904
1177.498047 77.654557
1177.587338 77.669415
1177.872187 77.937908
1177.907213 78.163561
1177.929049 78.418036
1178.094079 78.835463
1178.595834 79.155737
1178.299464 79.733046
1178.510636 79.759910
1178.605109 79.915696
1178.533536 80.092984
1178.569902 80.247605
1178.839913 80.717979
1178.894565 80.862394
1178.956982 81.354682
1179.186576 81.596058
1179.248591 81.894293
1179.018777 82.365964
1179.441051 82.282233
1179.508448 82.531217
1179.702232 82.790410
1179.714491 83.280503
1179.776386 83.650823
1179.859132 84.023006
1179.922308 83.944612
1180.266740 84.329971
1180.095433 84.595742
1180.330814 85.136085
1180.437224 84.974734
1180.466794 85.580187
1180.456703 85.800851
1180.561805 85.806969
1180.888992 86.524362
1180.782609 86.522522
1181.160789 87.024061
1181.206863 87.308377
1181.313848 87.307740
1181.461453 87.859450
1181.639741 87.976532
1181.459071 88.551159
1181.678252 88.838472
1181.741529 88.927854
1181.983321 88.863084
1181.806990 89.432225
1182.008092 89.797774
1182.193158 90.283218
1182.245535 90.394127
1182.560712 90.411345
1182.693967 91.148328
1182.692917 90.818368
1182.865496 91.399673
1182.792252 91.540728
1182.835184 92.213591
1182.964608 92.120104
1182.927464 92.771400
1183.385700 92.789909
1183.533463 93.055108
1183.502081 93.591538
1183.759372 93.667411
1183.387778 94.314086
1183.789760 94.444598
1183.763527 94.695365
1183.742789 95.032472
1184.389055 95.121895
1184.146842 95.376425
1184.272559 95.978186
1184.468932 96.110630
1184.286306 96.398745
1184.354036 96.844028
1184.915056 97.087606
1184.609813 97.457454
1184.807906 97.800951
1184.822882 97.777501
1185.059498 97.981463
1185.170112 98.474311
1185.500915 99.000590
1185.274302 98.973669
1185.712203 99.620199
1185.455980 99.719979
1185.618749 100.038186
1186.022540 100.369251
1185.708218 100.654467
1185.863014 100.947760
1186.057548 101.221213
1186.303508 101.639749
1186.096234 101.916333
1186.124496 102.060744
1186.368946 102.413720
1186.522640 102.550519
1186.951555 103.330215
1186.891594 103.332533
1186.924685 103.898605
1186.971571 103.802378
1187.123068 104.462591
1187.265687 104.358978
1187.444280 104.864965
1187.151404 105.332568
1187.342231 105.615029
1187.610214 105.746090
1187.686479 106.153298
1187.990411 106.283115
1187.544913 106.546224
1188.065094 107.034615
1187.852339 107.253539
1187.866834 107.230979
1188.371991 108.086174
1188.259706 108.117460
1188.356256 108.728640
1188.376979 108.764822
1188.520581 109.051369
1188.771528 109.429609
1188.689694 109.987827
1189.249167 110.196987
1189.087193 110.518580
1189.079816 110.708287
1188.976268 111.194174
1189.157679 111.318554
1189.143915 111.551224
1189.551910 112.046261
1189.537196 112.425453
1189.429703 112.653886
1189.854356 112.744854
1189.903655 113.468477
1189.867939 113.549588
1190.215819 113.933589
1190.160042 114.081728
1190.170028 114.139927
1190.431230 114.694786
1190.422598 115.199877
1190.503781 115.647121
1190.616881 115.789178
1190.649210 116.307309
1190.603325 116.292854
1190.889213 116.682448
1190.855950 117.344545
1191.245630 117.646509
1191.278000 117.840821
1191.475532 117.804917
1191.489413 118.254704
1191.409437 118.632472
1191.839578 118.896081
1191.543656 119.216195
1191.957402 119.898625
1191.835162 119.810755
1192.191323 120.033009
1191.969615 120.679315
1192.129793 120.934719
1192.168497 121.266904
1192.444799 121.600346
1192.446250 121.852385
1192.651383 121.888629
1192.838116 122.703953
1192.611811 122.871160
1192.765267 123.087545
1192.822764 123.417816
1192.832907 123.806420
1193.180975 124.304896
1193.006261 124.389966
1193.225768 124.757864
1193.517285 125.351446
1193.387001 125.420412
1193.664317 125.725952
1193.598133 126.025409
1193.735525 126.457404
1193.473702 126.679970
1193.826553 127.146803
1193.711668 127.419996
1194.062601 127.523034
1194.292147 128.022771
1194.041560 128.373157
1194.262465 128.866207
1194.309585 128.975420
1194.502396 129.314197
1194.731774 129.616965
1194.613977 129.986570
1194.835325 130.358829
1194.740500 130.639200
1194.939778 131.114565
1194.851680 131.610685
1195.217628 131.743444
1195.301621 131.974491
1195.490986 132.422052
1195.187155 132.780816
1195.361411 133.123122
1195.565254 133.495863
1195.723376 133.807049
1195.755294 133.850715
1195.813605 134.415725
1196.016796 134.804976
1195.742405 135.053948
1196.257214 135.298873
1195.966177 135.639891
1196.251128 136.218989
1196.502839 136.289712
1196.316845 136.602316
1196.747741 137.025216
1196.672105 137.380898
1197.082869 138.005288
1196.769762 137.930200
1196.561118 138.505355
1197.076456 138.686035
1196.958675 139.209856
1197.385005 139.222993
1197.336955 139.949829
1197.413521 140.138636
1197.217244 140.576875
1197.421156 140.882990
1197.583837 141.418604
1197.469431 141.487159
1198.032964 141.943361
1197.794381 142.037766
1197.957614 142.465350
1198.111064 142.657330
1198.274060 143.119052
1198.228353 143.543539
1198.246721 143.692193
1198.492612 143.903226
1198.683389 144.537929
1198.614986 144.734736
1198.460448 145.089465
1198.998437 145.544729
1198.879756 145.956720
1199.007724 146.384681
1199.072894 146.752815
1199.178708 147.033522
1199.181240 147.203358
1199.267799 147.823425
1199.409043 148.154348
1199.374814 148.508855
1199.203474 148.728161
1199.445336 148.997566
1199.511089 149.242949
1199.872164 149.738892
1200.082508 150.123387
1199.901543 150.613816
1200.117578 150.855179
1200.140438 150.877644
1200.306031 151.401767
1200.551688 151.859458
1200.362436 152.056795
1200.783903 152.430105
1200.596789 152.814057
1200.475064 153.046397
1200.700539 153.545402
1200.879956 153.851462
1200.626848 153.985105
1200.825193 154.741053
1201.220385 154.933310
1200.994299 155.334394
1201.316244 155.796065
1201.289116 155.987421
1201.288028 156.565264
1201.635939 156.592193
1201.458296 157.183530
1201.371935 157.226770
1201.863317 157.959912
1201.772419 158.065441
1201.781540 158.383978
1201.680371 158.748636
1201.942383 159.497850
1202.126291 159.579779
1202.334669 159.996450
1202.069190 160.190253
1202.450112 160.631168
1202.190477 161.323018
1202.288981 161.242172
1203.076793 161.761170
1202.478532 162.084815
1202.817391 162.453713
1202.874663 162.972044
1202.880674 162.876231
1202.997683 163.805139
1203.095959 164.066742
1203.140966 164.171670
1203.317452 164.369307
1203.645118 164.815592
1203.447590 165.065360
1203.397079 165.861502
1203.449967 165.946533
1203.429384 166.227250
1203.830427 166.523567
1203.614821 167.150760
1203.836045 167.288583
1204.086147 167.949020
1204.024225 168.134475
1204.172498 168.521723
1204.127749 169.008864
1204.315358 169.476009
1204.149979 169.816945
1204.562847 170.014618
1204.466349 170.334291
1204.646118 170.892248
1204.868932 171.120779
1204.689139 171.373406
1204.852250 171.792992
1204.893291 172.294648
1204.838686 172.613424
1204.898283 172.629294
1205.126895 173.340148
1205.268134 173.408418
1205.432184 173.876000
1205.413765 174.298073
1205.458747 174.771237
1205.544094 174.720484
1205.693096 175.521302
1205.751286 175.775381
1205.997987 176.253931
1205.784421 176.730354
1205.751761 177.173161
1205.967923 177.282623
1205.975876 177.578694
1206.106578 178.342431
1206.391753 178.277058
1206.433761 178.542437
1206.349364 179.138595
1206.575550 179.586559
1206.586020 180.067396
1206.660799 180.264508
1206.785657 180.334631
1206.775911 181.011597
1206.887924 181.350440
1206.738289 181.397710
1207.125860 182.142162
1207.136563 182.406830
1207.280495 182.587968
1207.006952 183.342351
1207.262461 183.320306
1207.349211 183.904178
1207.464904 184.335096
1207.616897 184.683096
1207.592575 185.138942
1207.469710 185.298983
1207.910838 185.657768
1207.874939 186.202472
1207.775521 186.595159
1207.568698 186.926167
1208.202406 187.230118
1208.270374 187.699826
1208.349410 187.994435
1208.428156 188.177327
1208.270373 188.719767
1208.525238 188.820267
1208.633461 189.471736
1208.427831 189.952134
1208.884847 190.275550
1208.707671 190.509955
1208.719207 190.847462
1208.717855 191.357132
1209.211933 191.718798
1209.150127 192.272620
1209.107021 192.524697
1209.393336 193.071872
1209.122266 193.386093
1209.333132 193.766664
1209.297364 193.959004
1209.641127 194.324108
1209.559876 194.529919
1209.430233 194.880296
1209.753204 195.601366
1209.853637 195.619578
1209.962799 196.223257
1209.993340 196.994954
1209.930397 196.853650
1210.262196 197.275578
1210.294719 197.808868
1210.187756 198.362609
1210.405990 198.366528
1210.408732 198.810224
1210.394748 199.505120
1210.607946 199.837752
1210.898692 199.845944
1210.488635 200.046720
1210.615120 200.850610
1210.781488 201.184948
1210.975586 201.694249
1211.096648 201.828513
1211.230087 202.489551
1211.150537 202.738761
1211.147614 202.940339
1211.113362 203.402277
1211.545739 203.936560
1211.477304 204.239813
1211.541394 204.623446
1211.358801 204.999885
1211.646848 205.342066
1211.570652 205.615013
1211.637656 206.181256
1211.896189 206.579491
1211.715347 206.903480
1211.922574 207.240888
1212.222250 207.865319
1211.991564 208.024445
1212.029577 208.408774
1212.307999 208.771840
1212.305710 209.272957
1212.383572 209.602178
1212.710023 210.002452
1212.405597 210.381207
1212.769203 210.620726
1212.357437 211.034527
1212.812338 211.586812
1212.782211 211.785415
1212.876793 212.405121
1212.858621 212.504268
1212.873624 213.180162
1213.213436 213.547219
1213.394415 213.758316
1213.407707 214.330134
1213.369502 214.800561
1213.204317 215.071770
1213.540895 215.264698
1213.553693 215.920935
1213.643417 216.148457
1213.599113 216.818009
1213.821635 216.656864
1213.865282 217.429015
1213.809569 217.834556
1214.124505 217.839639
1214.088156 218.352995
1214.116176 218.682094
1214.255654 219.228169
1213.976442 219.939115
1214.407616 219.917300
1214.442401 220.206314
1214.298831 221.018983
1214.152301 220.907468
1214.521815 221.728712
1214.557050 222.108826
1214.807720 222.582895
1214.526682 222.625606
1214.817058 223.098561
1214.800909 223.561328
1215.090979 223.912029
1215.136507 224.438012
1214.983981 224.851366
1215.100675 225.140562
1215.224705 225.423304
1215.201799 225.896656
1215.189568 226.301680
1215.201603 226.652162
1215.485445 227.164398
1215.696696 227.447303
1215.622728 227.702962
1215.884876 227.999106
1215.911136 228.687691
1215.705560 229.279710
1215.688584 229.116424
1216.036081 230.020594
1215.952226 230.338893
1215.782974 230.471307
1216.343233 230.863303
1216.193287 231.332068
1216.601258 231.527926
1216.297948 231.970068
1216.495444 232.427343
1216.538354 232.828133
1216.428634 233.177902
1216.649148 233.917566
1216.586290 234.091042
1216.499744 234.563690
1217.192076 234.749037
1216.915058 235.373957
1216.681900 235.763162
1217.003375 236.117310
1216.826287 236.373615
1217.006738 237.082472
1217.048355 237.352637
1217.229282 237.631669
1217.365277 238.249756
1217.221300 238.188846
1217.481692 238.574175
1217.475527 239.242394
1217.626433 239.665471
1217.638836 239.944920
1217.804335 240.164676
1217.928281 240.668699
1217.629661 241.195882
1217.852184 241.759793
1217.924980 242.396464
1217.897990 242.378023
1218.061576 242.644611
1217.934423 243.257788
1218.447062 243.633609
1218.454664 244.349650
1218.162316 244.351404
1218.338025 244.575948
1218.387928 245.045298
1218.626240 245.409709
1218.553924 246.314213
1218.860277 246.182355
1218.658431 246.755472
1219.080893 247.141990
1218.765115 247.804283
1219.156996 248.065580
1219.061111 248.532801
1219.001063 248.699185
1218.961065 249.123062
1219.326483 249.629772
1219.185423 249.956994
1219.346719 250.444573
1219.171203 250.866029
1219.407433 250.978168
1219.340698 251.337247
1219.773275 252.069132
1219.586379 252.533929
1219.395793 252.741651
1219.664962 253.113898
1219.729488 253.609861
1219.768407 254.070317
1219.993740 254.412724
1220.020828 254.668067
1219.864711 254.890539
1220.111727 255.751054
1220.238916 256.061738
1220.181706 256.479695
1220.139988 256.914694
1220.344196 257.352290
1220.673752 257.579927
1220.265263 257.941505
1220.441279 258.426576
1220.604187 258.618155
1220.570207 259.222630
1220.671985 259.539903
1220.897299 259.788359
1220.669799 260.232810
1220.632272 260.618519
1220.811121 261.082324
1220.884170 261.410928
1221.132895 262.077832
1220.726382 262.637698
1220.953239 262.751581
1221.336345 263.269949
1221.295815 263.440951
1221.134576 264.166190
1221.125267 264.346316
1221.433134 264.824545
1221.625491 265.005419
1221.609646 265.480796
1221.680287 265.970913
1221.689418 266.517469
1221.501705 266.740401
1221.611193 267.267472
1221.896463 267.710522
1221.796483 268.079916
1221.931158 268.618361
1222.008465 268.624461
1222.013347 269.350310
1222.065029 269.551364
1222.351569 269.880137
1222.193381 270.451930
1222.195475 270.646933
1222.313473 271.376632
1222.193149 271.562140
1222.517333 272.292108
1222.505472 272.412646
1222.592701 272.699916
1222.770527 273.470759
1222.782338 273.866274
1222.556509 274.125242
1222.718024 274.355020
1222.974734 274.911879
1222.896708 275.201235
1222.826952 275.934944
1222.926429 276.154053
1223.156714 276.534670
1223.181951 276.711157
1223.304184 277.584161
1223.049847 277.635637
1222.986820 278.137042
1223.467947 278.307270
1223.416855 278.784278
1223.653746 279.077719
1223.771447 279.617021
1223.243026 280.168428
1223.700168 280.484957
1223.812925 280.790306
1223.790316 281.377515
1223.771720 281.504679
1223.938848 282.078834
1223.916273 282.478218
1223.902923 282.957412
1224.268307 283.464864
1224.045926 283.626346
1224.204535 284.360585
1223.867748 284.576519
1224.371356 284.928546
1224.132282 285.119542
1224.286757 285.616875
1224.151859 286.222192
1224.586705 286.352797
1224.796259 286.784409
1224.476063 287.211322
1224.473233 287.817754
1224.631239 288.044822
1224.746239 288.454278
1224.658641 289.045217
1224.645394 289.265546
1224.675434 290.025790
1225.029594 290.471356
1225.200859 290.652525
1224.988741 291.103178
1225.156637 291.333438
1225.300315 292.019588
1225.149691 292.123287
1225.301842 292.452788
1225.407097 293.039058
1225.472004 293.301739
1225.428865 293.763524
1225.457212 294.263823
1225.756217 294.717341
1225.469601 295.107528
1225.703551 295.520747
1225.471752 295.913218
1225.985461 296.524782
1225.673579 296.933249
1225.890655 297.152949
1225.812248 297.208503
1225.915984 297.950381
1226.149767 298.368885
1225.831701 298.655096
1225.965021 298.896262
1226.328255 299.446461
1226.429270 299.707017
1226.299426 300.492637
1226.076312 300.761352
1226.165177 301.425929
1226.358868 301.542193
1226.315255 301.917576
1226.616057 302.458097
1226.586620 303.120856
1226.468151 303.202554
1226.478047 303.395028
1226.677478 303.919299
1226.948029 304.679984
1227.236854 305.096636
1226.797053 305.239766
1226.843488 305.511505
1227.090908 306.193015
1226.962642 306.628062
1227.055150 307.173900
1227.498586 307.006727
1227.105184 307.673279
1227.508126 308.082669
1227.193836 308.257297
1227.318505 308.864131
1227.348590 309.325947
1227.352989 309.935696
1227.518830 309.979818
1227.373630 310.411025
1227.532537 311.006265
1227.827390 311.565480
1227.509508 311.857851
1227.696774 311.830448
1227.752771 312.448005
1227.866876 313.267153
1228.070124 313.081504
1227.760697 313.919855
1228.034133 314.077667
1228.359662 314.596933
1228.122071 314.990731
1228.395572 315.471765
1228.134568 315.758133
1228.161590 316.218722
1228.636099 316.606537
1228.440803 316.857154
1228.554015 317.460684
1228.534604 317.803167
1228.437268 318.105554
1228.366521 318.892261
1228.496495 318.975943
1228.535892 319.246060
1228.712320 320.179691
1228.660750 320.043089
1228.710746 320.685038
1228.834197 320.909314
1228.652962 321.418104
1228.638558 321.848316
1229.011410 322.336727
1228.887646 322.542555
1228.804459 323.435406
1229.112354 323.362035
1228.927131 323.953533
1229.192411 324.465144
1229.385383 324.707497
1229.282657 325.051692
1229.590225 325.050264
1229.524835 325.950369
1229.338117 326.292675
1229.505153 326.618142
1229.634913 327.011491
1229.763615 327.450771
1229.534723 327.858280
1229.795604 328.494429
1229.967951 328.732123
1229.867185 329.277255
1229.872914 330.104301
1229.846077 329.825167
1230.145696 330.413052
1229.810694 330.870571
1229.702188 331.217817
1229.876339 331.572519
1230.146788 331.929793
1229.871684 332.338000
1230.257680 333.130205
1230.065788 333.274111
1230.207038 333.481215
1230.511485 334.121104
1230.561172 334.229921
1230.597223 335.103519
1230.504801 335.295647
1230.366231 335.694139
1230.325967 336.003839
1230.832608 336.444961
1230.719698 337.034698
1230.821143 337.312602
1230.774837 337.555580
1230.578989 337.975460
1230.721973 338.233236
1230.879198 338.847445
1230.867972 339.443563
1231.033838 339.473895
1231.113660 340.139700
1230.931332 340.341133
1231.175895 340.971614
1231.004667 341.160027
1231.135089 341.850136
1231.307066 342.248487
1231.458069 342.427522
1231.184378 343.187379
1231.679681 343.103770
1231.347347 343.931043
1231.738823 344.314170
1231.370995 344.597393
1231.376857 344.790630
1231.669315 345.265947
1231.923331 345.612233
1231.772973 345.990217
1231.877798 346.597106
1231.832038 346.932574
1231.992658 347.272103
1232.150803 347.774646
1231.870437 348.135766
1231.924180 348.409132
1231.957782 349.136333
1232.183756 349.636101
1231.782539 349.588416
1232.019694 350.242960
1232.265098 350.541904
1232.286946 350.917769
1232.273533 351.382512
1232.281159 351.625616
1232.298172 352.070521
1232.092984 352.498684
1232.538133 352.938991
1232.107852 353.140174
1232.331540 353.837283
1232.273854 354.520638
1232.746382 354.761565
1232.549092 354.968691
1232.819361 355.443022
1232.487050 355.919554
1233.132232 356.143084
1232.786937 356.487918
1232.925389 356.998483
1232.960159 357.440401
1232.913456 357.629256
1232.917369 357.920792
1232.907662 358.634617
1233.116693 358.700327
1233.334236 359.295957
1233.000361 359.979171
1233.087087 359.848585
1233.238720 360.372573
1233.630844 360.771383
1233.208952 361.410322
1233.383707 361.521729
1233.535485 362.137909
1233.654634 362.339538
1233.396518 362.985891
1233.618574 363.247170
1233.535380 363.732048
1233.487171 364.189244
1233.467601 364.422087
1233.748031 364.749793
1233.797554 365.201667
1233.766767 365.551266
1233.849887 366.185751
1233.844955 366.355277
1234.021906 366.808072
1233.780834 367.210025
1234.057034 367.784087
1233.854467 368.054349
1233.956839 368.524643
1234.062360 368.920990
1234.312128 369.026399
1233.996949 369.663632
1234.396273 370.033209
1234.171342 370.352646
1234.330126 370.603681
1234.366646 371.010072
1234.434826 371.885588
1234.418246 372.116231
1234.617020 372.374378
1234.388328 372.715641
1234.402694 373.156909
1234.601839 373.318221
1234.597773 374.024462
1234.697960 374.369587
1234.753655 374.870682
1234.502112 375.214174
1234.944929 375.560997
1234.755252 376.275237
1234.871404 376.086938
1234.686550 376.637846
1234.623101 377.235016
1234.894142 377.524107
1235.144764 377.889032
1234.831468 378.050368
1234.897437 378.353503
1235.326895 379.095275
1235.327811 379.509789
1234.972370 380.279362
1235.283885 380.292620
1235.446387 380.829332
1235.798189 381.063697
1235.463265 381.454801
1235.287345 381.782783
1235.273260 382.483094
1235.592036 382.743134
1235.502161 383.232092
1235.510774 383.299823
1235.629086 383.958904
1235.798285 383.980909
1235.779109 384.815593
1235.704980 384.889469
1235.891620 385.518624
1235.685701 385.682118
1235.933913 386.015679
1235.935393 386.669418
1235.890060 387.095061
1236.024051 387.171398
1236.073828 387.887406
1236.058249 388.104083
1235.989133 388.542226
1236.180846 389.072297
1236.061141 389.339275
1236.283876 389.593765
1236.227047 389.603325
1236.330963 390.135529
1236.145331 390.648667
1236.295500 391.231596
1236.188271 391.271658
1236.319055 392.069065
1236.438860 392.233198
1236.436114 392.736456
1236.517151 393.031574
1236.659406 393.765638
1236.497530 393.935501
1236.482735 394.323505
1236.740633 394.655692
1236.807188 395.110663
1236.350918 395.486975
1236.719983 395.563921
1236.801314 395.944906
1236.839440 396.652989
1236.880121 396.932247
1236.912505 397.428354
1237.169008 397.704254
1236.969591 398.137623
1236.987967 398.469623
1237.005709 398.862629
1237.153750 399.176678
1237.162521 399.550612
1237.071645 399.948244
1237.429517 400.534134
1237.364643 400.759393
1237.411638 401.216199
1237.166500 401.438522
1237.525887 402.171354
1237.589416 402.216117
1237.330374 402.770641
1237.581249 402.756056
1237.596040 403.450446
1237.587651 403.586867
1237.380321 404.206817
1237.727841 404.590618
1237.443270 405.297302
1237.555631 405.204359
1237.845324 405.817130
1237.807120 406.007684
1237.583401 406.747756
1237.874231 406.979947
1237.840015 407.215589
1237.882000 407.834517
1237.940359 407.883389
1237.757902 408.466021
1238.213204 408.895361
1238.019734 409.212586
1238.038179 409.672065
1238.242804 409.825577
1238.076280 410.106105
1238.171152 411.003117
1237.971588 411.309255
1238.274504 411.468319
1238.223185 411.752264
1238.479332 412.180754
1238.500765 412.723538
1238.311397 413.092602
1238.381900 413.262428
1238.368378 413.556812
1238.708182 414.313116
1238.779901 414.389250
1238.637735 414.776595
1238.622842 415.269549
1238.414014 415.682889
1238.696157 415.981870
1238.579257 416.329026
1238.657113 416.646131
1238.661873 417.016809
1238.735543 417.428778
1238.777710 417.921106
1238.605562 418.263775
1238.918252 418.595865
1239.043248 419.082221
1238.953290 419.320228
1238.907641 419.582093
1238.854846 419.945712
1239.041907 420.290792
1239.132588 420.914611
1239.119394 421.197232
1239.178187 421.547476
1239.219354 421.775570
1239.268301 422.185186
1239.055964 422.668048
1239.483979 422.869420
1239.278665 423.529594
1239.552140 423.839250
1239.231313 424.137025
1239.341192 424.576234
1239.484160 424.760798
1239.306390 425.101176
1239.570889 425.763361
1239.478181 425.773673
1239.578117 426.406075
1239.607326 426.637916
1239.705979 426.905426
1239.742542 427.488345
1239.734134 428.010844
1239.821593 428.256513
1240.030485 428.629831
1239.915659 428.987293
1239.808592 429.335958
1239.858552 429.732094
1240.074020 430.126315
1239.819323 430.342514
1239.991165 430.786636
1239.925854 431.082769
1240.016250 431.170445
1239.999357 431.681241
1240.082311 431.995640
1240.199687 432.853396
1240.197188 433.126559
1240.182807 433.241474
1240.405074 433.595045
1240.282737 434.169066
1240.559372 434.404561
1240.235572 434.676514
1240.203372 435.123862
1240.437875 435.479758
1240.518173 435.915819
1240.417266 435.937200
1240.826894 436.484504
1240.380186 436.957265
1240.549030 437.416606
1240.671067 437.378084
1240.493662 437.742517
1240.620521 438.439305
1240.514806 438.760240
1240.787622 439.107306
1240.804574 439.184438
1240.594199 439.602563
1240.780159 440.256864
1240.716513 440.659874
1240.976236 440.979599
1240.765773 441.456912
1240.810862 441.479920
1240.865360 441.934631
1240.791844 442.365666
1241.225291 442.814218
1240.913658 443.001097
1241.199798 443.480276
1241.000383 443.636024
1241.263174 444.181767
1241.355619 444.123802
1241.126042 444.815687
1241.395884 445.153980
1241.304011 445.551207
1241.034940 445.758067
1241.225563 446.209376
1241.468630 446.541176
1241.555149 447.074088
1241.667935 447.138938
1241.435095 447.745172
1241.615415 448.007296
1241.417809 448.399051
1241.460695 448.661014
1241.617501 449.131743
1241.598515 449.306689
1241.402307 449.778855
1241.646691 449.974531
1241.645066 450.281526
1241.714294 450.861997
1241.406857 450.837144
1241.796916 451.355006
1241.938908 451.751164
1241.977752 452.173160
1241.823557 452.673849
1241.741378 452.769147
1242.236511 452.999360
1242.025648 453.729629
1242.035909 453.783779
1242.230196 454.270341
1241.872563 454.600760
1242.009328 454.811695
1242.177104 455.560403
1242.184522 455.424294
1242.350249 456.300648
1242.268195 456.078591
1242.324433 456.630278
1242.177827 456.862618
1242.439488 457.389149
1242.352837 457.738923
1242.413361 458.001771
1242.392469 458.142823
1242.377723 458.683659
1242.386747 459.078825
1242.585915 459.540083
1242.490354 459.735042
1242.391155 460.042700
1242.189678 460.195435
1242.568367 460.790211
1242.701228 460.981597
1242.471416 461.507266
1242.756636 461.546597
1242.567920 461.884240
1242.633207 462.476529
1242.625841 462.659368
1242.896304 463.166849
1242.890178 463.421251
1242.957287 463.896679
1243.060846 463.937628
1243.069310 464.474762
1242.943331 464.632357
1242.918890 465.143428
1243.381907 465.350672
1242.885236 465.901725
1242.919266 465.997363
1243.328713 466.438376
1243.037689 466.897034
1243.259719 467.164876
1243.355997 467.615794
1243.359221 467.819766
1243.079416 468.391585
1243.265984 468.252188
1243.463662 468.957866
1243.249658 469.101477
1243.512617 469.407911
1243.631554 469.983080
1243.487387 470.447737
1243.391777 470.283397
1243.511139 470.791748
1243.143897 471.085205
1243.506255 471.414488
1243.632578 472.083060
1243.428548 472.143425
1243.517955 472.475672
1243.605551 472.716261
1243.464120 473.302008
1243.642545 473.310010
1243.935295 473.980256
1243.938831 474.207015
1243.666885 474.417738
1244.095080 474.830461
1243.764135 475.279210
1244.027666 475.474882
1243.968632 475.861792
1243.872161 476.239379
1243.898101 476.483657
1243.869003 476.409771
1244.053977 476.939889
1243.872061 477.247812
1244.066798 477.608816
1243.970039 478.022438
1244.095789 478.128255
1244.332714 478.924987
1244.227349 478.663192
1244.415868 479.464801
1244.412730 479.703683
1244.247891 479.806056
1244.324757 480.220492
1244.282397 480.155875
1244.447952 480.861678
1244.209836 481.223675
1244.544316 481.853090
1244.615629 481.434424
1244.407667 482.025379
1244.701421 482.544359
1244.349154 482.927471
1244.522813 483.240623
1244.667135 483.227243
1244.461906 483.713529
1244.736655 484.156668
1244.673139 484.188136
1244.924684 484.718561
1244.545426 485.047430
1244.649667 485.218074
1244.793197 485.635704
1244.578230 485.840945
1244.696298 486.565863
1244.682623 486.507453
1244.628632 486.658052
1245.310848 487.299585
1244.680725 487.330406
1244.889065 487.676031
1244.757194 487.907666
1244.820165 488.775866
1245.158245 488.697042
1244.990028 489.074304
1245.177146 489.757317
1244.755277 489.760324
1244.962479 490.054431
1245.265262 490.441996
1245.198167 490.744428
1245.542593 490.951962
1245.158632 491.439748
1245.111611 491.347771
1245.349224 491.826014
1245.083862 491.947951
1245.397507 492.368499
1245.422693 492.621451
1245.474674 493.019992
1245.431994 493.503883
1245.500460 493.640018
1245.263923 493.922655
1245.455417 494.395762
1245.409936 494.972478
1245.635031 494.805237
1245.470388 494.997991
1245.671655 495.595925
1245.721547 495.561319
1245.860743 496.105932
1245.554558 496.449019
1245.761926 496.656778
1245.648069 496.839596
1245.532485 496.945773
1245.685320 497.654938
1245.666214 497.765492
1245.981557 498.297075
1245.934024 498.663568
1245.808094 498.477962
1245.791323 499.109746
1245.985616 499.309042
1246.213851 499.288694
1245.914684 499.778914
1245.745319 500.251153
1246.005996 500.600315
1246.289843 500.704390
1246.201654 501.166337
1245.974700 501.581850
1246.237533 501.914933
1246.221127 502.026245
1246.314541 502.291139
1246.124349 502.712118
1245.953560 502.728788
1246.202783 503.238330
1246.379035 503.606609
1246.353517 503.923009
1246.302308 504.038509
1246.644086 504.467102
1246.433961 504.548701
1246.313411 504.677650
1246.535867 504.968443
1246.449925 505.623367
1246.459381 505.733897
1246.700753 506.085359
1246.677585 506.592337
1246.582152 506.752629
1246.697598 506.730258
1246.540621 507.200263
1246.679198 507.613542
1246.452795 508.052775
1246.711379 507.932898
1246.842508 508.296830
1246.929891 508.683134
1246.897988 508.672588
1246.876312 509.312152
1246.714265 509.436443
1246.817861 509.718775
1246.887077 510.081721
1246.911101 510.470972
1247.050841 510.444388
1246.745454 511.226682
1247.131529 511.004060
1247.279618 511.346155
1247.259720 511.716428
1247.325376 511.776086
1247.272198 512.036171
1247.132233 512.721550
1247.407955 512.667234
1247.064034 513.178772
1247.177350 513.452117
1247.331246 513.550240
1247.417243 513.987724
1247.342297 514.043304
1247.562474 514.497098
1247.374478 514.632748
1247.476082 515.171500
1247.047679 515.405953
1247.654613 515.559369
1247.317879 515.755406
1247.183885 516.392251
1247.304367 516.480294
1247.421690 516.590504
1247.767398 516.958998
1247.277261 517.281902
1247.395704 517.236060
1247.717994 517.623162
1247.911511 518.102429
1247.424192 518.051564
1248.023665 518.732528
1247.751631 518.989993
1247.842063 518.724901
1247.910837 519.276453
1247.697975 519.756081
1247.711468 519.998134
1247.737087 520.332565
1248.076695 520.514743
1247.860537 520.680433
1248.055899 521.028291
1247.886264 521.378223
1247.946370 521.360905
1247.965499 521.815968
1248.213466 521.933039
1247.934793 522.114835
1248.033254 522.495342
1248.426003 522.707758
1247.964359 523.311390
1247.977624 523.069328
1247.964604 523.663125
1248.214493 523.688634
1248.186529 524.089097
1248.349793 524.085559
1248.253227 524.658209
1248.232721 524.799172
1248.402584 524.914270
1248.402723 525.448829
1248.241627 525.629069
1248.463489 525.857383
1248.691433 526.197179
1248.554044 526.203799
1248.845300 526.197990
1248.402443 526.893931
1248.308507 527.303689
1248.271251 527.333424
1248.385282 527.423977
1248.585514 528.074937
1248.382622 527.996640
1248.473945 528.463912
1248.799256 528.654608
1248.622004 528.980945
1248.993654 529.138225
1248.793803 529.360130
1248.772390 529.438320
1248.603479 529.749930
1249.042409 530.229037
1248.827375 530.331130
1248.764995 530.908000
1248.935645 530.762530
1249.065727 530.898879
1248.754247 531.361953
1248.958615 531.512130
1249.008783 531.933015
1249.223991 532.332893
1249.028310 532.182180
1249.014133 532.643094
1248.999472 532.685163
1248.901974 532.998546
1249.124600 533.010671
1249.173748 533.674140
1249.138885 533.651883
1249.230715 534.125603
1249.076997 534.285263
1249.429208 534.171491
1249.176575 534.712799
1249.417499 535.030406
1249.299707 535.290379
1249.196785 535.425325
1249.232594 535.341374
1249.125915 536.089322
1249.302460 536.135600
1249.649448 536.377700
1249.754442 536.378596
1249.281739 536.621339
1249.506690 537.197390
1249.569063 537.110547
1249.554951 537.607475
1249.605199 537.838669
1249.486358 537.944069
1249.397762 538.023630
1249.513890 538.460181
1249.688893 538.913908
1249.967314 538.904819
1249.754051 539.237991
1249.620096 539.398625
1250.094406 539.590715
1250.116599 539.811684
1249.719593 540.061508
1249.809608 540.372038
1249.912395 540.505878
1249.847683 540.823199
1250.009822 541.143025
1250.152270 541.188279
1250.042722 541.128976
1250.295716 541.644445
1250.020620 541.514805
1249.966405 542.103950
1249.977567 542.218955
1250.084262 542.556904
1250.154109 543.091448
1250.231237 542.674154
1250.087931 543.153156
1250.530441 543.223539
1250.289172 543.476599
1249.895285 543.980210
1250.059805 543.724628
1250.298899 544.163748
1250.447693 544.370547
1250.938232 544.722082
1250.379781 544.773297
1250.384242 544.769814
1250.217604 545.129950
1250.357072 545.590339
1250.684923 545.791673
1250.348924 545.782641
1250.506572 545.823130
1250.620729 546.314268
1250.832683 546.713990
1250.356811 546.733155
1250.304027 547.057273
1250.606621 547.189492
1250.659055 547.195261
1250.645661 547.600828
1250.594226 547.608486
1250.531548 547.968986
1250.746738 548.354496
1250.672186 548.320295
1250.675344 548.388669
1250.620570 549.014719
1250.870419 548.984030
1250.846121 549.270854
1250.585377 549.651135
1250.927789 549.604580
1250.940821 549.776977
1250.954726 549.793488
1251.020959 550.211044
1251.149308 550.635470
1250.747167 550.630534
1251.179966 550.719320
1251.243597 550.828407
1251.036720 551.109476
1251.221911 551.388394
1251.251282 551.632995
1251.354592 551.680574
1251.156403 552.097238
1251.166185 552.484494
1251.343560 552.592534
1251.461520 552.680468
1251.339150 552.649362
1251.363102 553.105355
1251.371322 553.246386
1251.499292 553.553674
1251.440849 553.583131
1251.714847 553.563721
1251.616225 554.145868
1251.556258 553.960272
1251.567124 554.457383
1251.860750 554.671649
1251.491049 554.466777
1251.512700 554.955444
1251.763017 554.940781
1251.637144 555.353908
1252.024623 555.380227
1251.918998 555.734052
1251.884926 555.823309
1251.686370 556.084714
1251.941223 556.131462
1251.704740 556.618818
1251.629187 556.850391
1252.107677 556.632053
1251.834146 556.984442
1252.058215 557.226525
1251.799781 557.549549
1251.987105 557.410448
1251.881184 557.579262
1252.220223 557.643434
1252.125557 558.039112
1252.486472 558.169794
1251.962402 558.591243
1252.334045 558.188857
1252.272169 558.813238
1252.173840 558.788762
1251.845981 558.973119
1252.306062 559.293523
1251.879136 559.331618
1252.534625 559.753303
1252.318188 559.511913
1252.700698 559.909650
1252.451252 560.145219
1252.282776 560.347477
1252.272864 560.034477
1252.575053 560.906961
1252.609490 560.905802
1252.356145 561.073573
1252.720643 560.771969
1252.685583 561.052993
1252.540002 561.387183
1252.691703 561.673962
1252.500012 561.807146
1252.676000 561.990632
1252.636746 562.057987
1252.673077 562.421273
1252.607967 562.340496
1252.938774 562.313841
1252.730363 562.815988
1252.893731 562.986933
1252.960668 563.112973
1253.026110 563.388355
1253.013063 563.296415
1252.992338 563.486199
1252.804583 563.661669
1252.941098 563.773760
1252.712566 564.221900
1252.749880 564.324628
1252.850354 564.798206
1252.941387 564.783590
1253.048683 564.597051
1253.009361 564.803588
1253.379065 564.892541
1253.018147 565.079354
1253.276396 565.356216
1253.362256 565.568868
1253.199610 565.549755
1253.170672 565.806027
1253.207861 565.785211
1253.138027 565.897493
1253.352741 566.254714
1253.341642 566.088818
1253.306410 566.350397
1253.535440 566.838493
1253.575920 567.006831
1253.369290 567.017841
1253.616923 566.813411
1253.525381 567.316358
1253.567146 567.280730
1253.481361 567.487023
1253.623710 567.422741
1253.458685 567.785137
1253.730051 568.136524
1253.524855 568.004484
1253.742126 568.052261
1253.695163 568.396133
1253.647085 568.525785
1253.812811 568.498915
1253.969631 568.759596
1253.546347 568.993713
1253.668494 569.068298
1253.826110 569.175171
1254.251332 569.470038
1253.727717 569.254104
1253.914705 569.807803
1253.876916 569.811633
1254.046573 569.764184
1254.085666 570.048103
1253.960409 570.315642
1254.153023 570.567553
1254.302889 570.543959
1253.771497 570.589195
1253.991801 570.563322
1254.292240 571.047841
1254.164340 571.006778
1254.127163 571.224602
1254.504863 571.317569
1254.327403 571.297482
1254.173009 571.597401
1254.269360 571.818646
1254.090540 571.865846
1254.302975 571.719171
1254.272496 572.238081
1254.728268 572.207516
1254.188435 571.988302
1254.365158 572.345240
1254.329239 572.680814
1254.552925 572.724637
1254.399164 572.919088
1254.421602 573.121042
1254.648991 573.216401
1254.303742 573.082862
1254.377703 573.378119
1254.560084 573.579053
1254.895694 573.399440
1254.775081 573.575920
1254.482447 573.988579
1254.732298 573.902576
1255.086384 573.853236
1254.917580 574.106034
1255.078157 574.351750
1254.958546 574.465809
1255.086086 574.361509
1254.773033 574.438522
1254.694647 574.770868
1255.019659 574.575384
1255.047928 574.921757
1254.947710 575.229187
1255.059180 574.824148
1254.856945 575.192718
1255.173049 575.096381
1254.834683 575.311451
1255.087244 575.501396
1255.018282 575.530595
1255.241613 576.043787
1255.240593 575.504583
1255.329272 576.145303
1255.154099 576.015685
1255.645774 575.942086
1255.306325 576.356312
1255.602726 576.470592
1255.438222 576.429692
1255.454166 576.435963
1255.544250 576.603822
1255.350047 576.801105
1255.630772 576.744935
1255.621510 576.731881
1255.500304 577.313478
1255.827159 577.467488
1255.518789 577.475057
1255.579607 577.220487
1255.784377 577.443148
1255.948625 577.470680
1255.984154 577.551528
1255.886516 577.862071
1255.836307 577.992247
1255.695849 578.052906
1255.786488 578.232188
1255.810079 578.512137
1255.655655 578.415665
1255.858349 578.218496
1255.883686 578.348507
1255.942573 578.706060
1255.937857 578.641328
1256.057940 578.846178
1255.990679 578.742943
1256.263258 578.959911
1256.275126 579.316510
1256.134783 579.190805
1256.254543 579.022737
1256.016166 578.993068
1256.225895 579.158863
1256.146388 579.369898
1256.271061 579.878800
1256.560087 579.659652
1256.537818 579.631302
1256.682235 579.516349
1256.329314 579.879405
1256.658299 580.073574
1256.658799 580.123101
1256.418154 580.067588
1256.595688 580.345483
1256.509642 580.323338
1256.647544 580.038721
1256.359473 580.497628
1256.552255 580.347202
1256.614620 580.462962
1256.676232 580.275573
1257.117569 580.792466
1256.684933 580.894475
1256.934170 581.085217
1256.769907 580.957135
1257.122183 581.029134
1256.825551 581.192185
1256.874692 581.041621
1256.947685 581.259360
1256.955525 581.436472
1257.016446 581.193824
1257.002002 581.312821
1256.938128 581.587229
1256.941688 581.450532
1257.130642 581.810962
1257.224628 581.677303
1257.075430 581.590988
1257.242105 581.792561
1257.346377 582.168262
1257.226951 581.897200
1257.495746 581.738902
1257.236639 582.083652
1257.420084 581.926986
1257.197276 582.310327
1257.537552 582.309225
1257.446374 582.440232
1257.598652 582.355211
1257.600989 582.526259
1257.424970 582.354269
1257.789295 582.244780
1257.673533 582.438984
1257.580492 582.463862
1257.792612 582.726638
1257.786213 583.070107
1257.799020 582.694593
1257.688835 582.817533
1257.696753 582.682218
1257.872242 582.829335
1257.644231 583.078492
1257.761095 582.811000
1257.872624 583.141462
1258.238071 583.121540
1258.338549 583.082907
1257.941643 582.968223
1257.891617 583.127461
1257.772657 583.246845
1258.005483 583.251848
1258.245472 583.310287
1258.216628 583.536822
1258.220113 583.640791
1258.337412 583.527920
1258.054721 583.647794
1258.226818 583.811797
1258.099362 583.776797
1258.463341 583.503830
1258.384004 583.736591
1258.422132 583.642331
1258.352534 583.842258
1258.279994 583.905581
1258.436130 583.989327
1258.301053 583.886440
1258.456583 584.278561
1258.496305 584.006570
1258.617393 584.163840
1258.810637 584.029771
1258.770968 584.395416
1258.702204 584.021343
1258.585151 584.061611
1258.592950 584.292996
1258.649342 584.359635
1258.679459 584.623218
1258.704351 584.380269
1258.809010 584.589418
1258.767586 584.234636
1258.856185 584.355062
1259.128598 584.465664
1258.829283 584.541532
1258.952734 584.668989
1258.724561 584.420164
1259.052327 584.310371
1259.105980 584.820496
1259.296251 584.535745
1259.407000 584.587839
1259.198536 584.757249
1259.301462 584.905342
1258.813420 584.832474
1259.277927 584.691961
1259.551545 584.708058
1259.089898 584.864851
1259.431574 584.608956
1259.424063 585.054610
1259.565692 584.652501
1259.446285 584.708234
1259.704260 585.204778
1259.396027 584.938892
1259.544049 584.960636
1259.514046 585.116188
1259.644814 584.777370
1259.850456 585.068068
1259.832435 584.874676
1259.811335 585.205962
1259.966313 585.244542
1259.444845 584.924493
1259.841701 585.046992
1259.930039 584.787621
1259.986567 584.765363
1259.753686 585.070442
1260.058556 584.937502
1259.801870 585.066344
1259.981508 585.125654
1260.233272 584.971439
1260.295470 584.973504
1260.223374 585.158863
1260.234766 585.187410
1260.193019 584.838058
1260.143776 584.980072
1260.229278 585.265949
1260.311805 585.380475
1260.510137 585.106745
1260.356301 584.997937
1260.634713 585.081043
1260.174034 585.128264
1260.527856 585.006609
1260.464195 585.291280
1260.501642 584.913506
1260.760280 585.094564
1260.685907 585.443632
1260.467192 585.275599
1260.841409 585.125653
1260.813885 585.342211
1260.794545 585.110667
1260.649034 585.252235
1260.789903 585.024461
1261.043859 585.204709
1261.034946 584.981708
1260.943732 584.918200
1261.131035 585.062190
1260.952580 584.922664
1260.886975 584.977023
1261.314019 585.175725
1261.221553 585.182952
1260.935555 585.167193
1261.166885 585.136870
1261.235951 584.741035
1261.006540 584.994135
1261.192838 584.981480
1260.718575 585.159675
1261.169611 585.033603
1261.242036 584.994416
1261.244520 584.926931
1261.347341 584.834900
1261.342977 584.764044
1261.582401 584.825081
1261.614788 584.486942
1261.566301 584.522617
1261.683446 584.750411
1261.368929 584.483694
1261.601746 584.822285
1261.624726 584.828132
1261.468868 584.731403
1261.885429 584.524206
1261.748356 584.323541
1261.619938 584.663593
1262.150218 584.259721
1261.866449 584.858984
1262.030367 584.688691
1262.199724 584.380484
1261.844712 584.102143
1262.000668 584.260849
1261.946954 584.484329
1262.227757 584.132994
1262.316107 584.490213
1261.787464 584.192291
1262.026310 584.498300
1262.209282 584.061943
1262.263219 583.852208
1262.555779 584.008980
1262.395199 583.971924
1262.150799 584.003006
1262.167264 584.201225
1262.694343 584.103030
1262.336112 583.565933
1262.574812 583.771718
1262.565466 584.036680
1262.581826 583.856161
1262.412340 583.971485
1262.465186 583.557087
1262.468718 583.571432
1262.846626 583.713729
1262.707086 583.474833
1263.087856 583.480100
1262.761871 583.506607
1262.809758 583.319237
1262.874288 583.453295
1262.787451 583.527165
1262.955594 583.617557
1263.108978 583.276990
1263.119113 583.001354
1263.321142 582.871020
1263.109376 583.170580
1263.288493 582.986444
1263.463819 582.932330
1263.339914 583.007919
1263.412551 582.682724
1263.513669 582.938922
1263.041667 582.891673
1263.310874 582.765481
1263.673495 582.807467
1263.467372 582.770981
1263.665836 582.612183
1263.597998 582.509971
1263.808847 582.524488
1263.653487 582.477557
1263.681043 582.358315
1263.802601 582.300695
1263.811574 582.273823
1263.723505 582.186416
1263.529584 582.044846
1263.776627 582.073996
1263.951332 581.908847
1263.535845 581.665014
1263.897416 581.658626
1264.172372 581.857695
1264.087744 581.529129
1264.093869 581.461704
1263.923304 581.562017
1264.158209 581.419570
1263.890202 581.592578
1264.211577 581.332989
1264.015653 581.180736
1264.294511 581.221290
1264.316175 581.288941
1264.450726 580.950774
1264.489597 581.253972
1264.638688 581.149129
1264.373799 580.608386
1264.557056 580.913128
1264.542520 580.869947
1264.677056 580.623942
1264.634660 580.303585
1264.746707 580.675060
1264.507744 580.587566
1264.852894 580.107034
1265.069876 580.162740
1264.876554 579.918902
1264.925068 580.133218
1265.162602 579.486352
1264.937341 579.697837
1265.001299 579.739416
1265.343839 579.852681
1265.047697 579.618355
1265.001231 579.672309
1265.043948 579.393717
1265.351373 579.396786
1265.369986 579.393411
1265.314638 579.418264
1265.252115 579.013309
1265.587078 579.273972
1265.575363 578.906925
1265.562885 578.864190
1265.293466 578.885294
1265.558343 578.492064
1265.447402 578.581241
1265.627202 578.519829
1265.898431 578.147434
1265.740774 578.569139
1265.678504 578.298875
1265.666246 578.121510
1265.746841 577.838593
1266.006953 578.009655
1265.618139 577.935981
1265.925907 577.795816
1265.869233 577.953155
1265.961168 577.617058
1266.026898 577.316456
1266.206722 577.359799
1266.200087 577.267807
1266.223486 577.083738
1266.336873 576.982857
1266.397757 577.010009
1266.111980 576.819823
1266.313169 576.547328
1266.512430 576.637837
1266.554785 576.246069
1266.322308 576.469776
1266.235766 576.326817
1266.542218 576.113946
1266.514933 576.245590
1266.921610 575.817625
1266.672097 575.957738
1266.936222 575.649493
1266.848247 575.666007
1266.678078 575.670807
1266.890139 575.653772
1266.783979 575.285592
1266.960342 575.365655
1266.978375 575.356539
1266.763019 575.072864
1266.787119 574.956170
1267.070659 574.782755
1267.080451 574.715532
1267.036165 574.862218
1267.438085 574.123268
1267.339775 574.137940
1267.141820 573.961044
1267.492990 573.879598
1267.309463 573.957896
1267.473967 573.911499
1267.366640 573.622446
1267.661290 573.364389
1267.464139 573.672435
1267.213418 573.332240
1267.812992 573.203900
1267.742964 572.959565
1267.727120 573.141754
1267.929150 572.869008
1267.962446 572.593690
1267.985960 572.308729
1267.492784 572.337116
1267.756294 572.520139
1268.074370 572.125329
1268.258977 572.134070
1268.295307 571.683356
1268.029871 571.962296
1268.407608 571.506478
1268.179463 571.586190
1268.422402 571.523120
1268.501405 571.275120
1268.318936 571.302456
1268.358953 571.254263
1268.319336 570.961806
1268.244714 570.724941
1268.639568 570.729481
1268.486703 570.413532
1268.454265 570.640371
1268.580176 569.967532
1268.551967 569.958860
1268.765675 570.146418
1268.684994 569.754055
1268.616564 569.782218
1268.766499 569.635199
1268.679317 569.160498
1269.230457 569.144713
1268.958869 569.127590
1269.196094 569.039957
1269.099982 568.770262
1269.200744 568.475711
1269.074137 568.551662
1269.135079 568.249411
1269.323813 568.096806
1269.107864 567.939575
1269.476408 567.986648
1269.362827 567.772867
1269.495105 567.351795
1269.338552 567.531599
1269.906067 567.489502
1269.666381 566.705882
1269.822647 567.134101
1269.648005 566.895190
1269.819658 566.547416
1270.038627 566.496225
1269.921077 566.474554
1269.943810 566.458238
1269.972412 566.027926
1270.140204 566.082533
1270.160745 565.713668
1269.912840 565.787214
1270.274975 565.157710
1270.385007 564.969679
1269.932120 565.430527
1270.285910 565.076161
1270.470016 564.732793
1270.341756 564.712673
1270.332167 564.641420
1270.277719 564.485890
1270.474457 564.120935
1270.463228 563.990929
1270.612163 563.784328
1270.735801 563.374546
1270.700198 563.683470
1270.829056 563.213475
1270.556998 563.114650
1270.822184 563.058662
1271.114407 562.780075
1270.973095 562.480497
1271.094771 562.497607
1270.976258 562.426614
1271.268467 562.362584
1270.966636 562.342827
1270.795595 562.061773
1271.385879 561.608861
1271.347428 561.299017
1271.576520 561.003385
1271.187749 561.046586
1271.296884 560.987958
1271.468969 560.722930
1271.472525 560.223478
1271.641024 560.508251
1271.787338 560.309639
1271.737510 560.014995
1272.050656 559.811305
1271.421388 559.551855
1272.156736 559.342180
1271.915418 559.116048
1271.765019 559.110596
1271.808080 558.944271
1272.186997 558.700314
1272.155622 558.861375
1272.366474 558.545422
1272.243231 558.054094
1272.253613 557.962860
1272.346225 557.710788
1272.251235 557.549837
1272.326818 557.642928
1272.450870 557.557206
1272.304087 557.070321
1272.497192 556.933288
1272.614980 556.759138
1272.498992 556.526471
1272.643183 556.279321
1272.952475 556.196616
1272.751593 555.757057
1273.069132 555.787555
1272.753668 555.597572
1272.982901 555.376994
1272.952934 555.374757
1273.226758 555.234043
1273.357605 554.935690
1273.115218 554.768251
1273.277606 554.323798
1273.219171 553.959292
1273.193055 554.142303
1273.269497 553.674962
1273.344738 553.900215
1273.471691 553.661660
1273.667258 553.286566
1273.557765 552.898117
1273.254290 552.726073
1273.657126 552.640871
1273.874555 552.378961
1273.428461 552.224866
1273.764228 551.910240
1273.645034 551.755549
1273.668521 551.716537
1274.049135 551.288953
1274.097815 551.172343
1274.179058 551.106518
1274.091922 550.989286
1274.041099 550.756524
1274.101017 550.236911
1274.311619 550.167516
1274.452039 550.030972
1274.155063 549.536467
1274.353211 549.517563
1274.382480 549.203383
1274.496987 549.064334
1274.642024 548.800134
1274.621837 548.519011
1274.715207 548.676249
1274.912250 548.196113
1274.923212 548.014337
1274.798213 547.715559
1274.776140 547.598199
1275.138608 547.639851
1274.803434 547.464961
1274.974531 546.817081
1275.092104 546.773678
1275.086897 546.528474
1275.105367 546.164465
1275.269926 546.130458
1275.604311 545.852546
1275.218661 545.901865
1275.354106 545.655863
1275.890253 545.139035
1275.668139 544.862555
1275.718430 544.441580
1275.592000 544.432999
1275.862056 544.399296
1275.590519 544.003878
1275.799716 543.708935
1275.675735 543.265246
1276.268591 543.273746
1275.981952 543.002640
1276.194643 542.808294
1276.149653 542.485305
1276.248229 542.342466
1276.264387 542.308841
1276.179297 541.857330
1276.222074 542.025862
1276.295186 541.480746
1276.584097 541.234301
1276.361231 541.043121
1276.355269 540.919601
1276.495318 540.850050
1276.808282 540.155161
1276.824621 539.901395
1276.546184 539.731722
1276.882546 539.944430
1276.758814 539.193982
1277.063641 539.246185
1277.251765 538.598476
1276.889204 538.475017
1277.094770 538.396555
1277.383108 538.256930
1277.056933 537.939672
1277.498343 537.899917
1277.149108 537.564495
1277.676089 537.136392
1277.536694 537.029897
1277.533728 536.733696
1277.395688 536.561933
1277.865669 536.292671
1277.659550 535.846630
1277.936968 535.359411
1277.990887 535.349007
1277.922340 535.308202
1277.982632 534.944093
1277.702211 534.788407
1277.766695 534.669935
1278.066193 534.598186
1278.052546 534.138732
1278.275590 533.414953
1278.139675 533.325640
1278.463906 533.354720
1278.448274 533.364953
1278.102017 532.420911
1278.455458 532.711562
1278.654028 532.357130
1278.426380 531.716778
1278.880552 531.625840
1278.659536 531.558292
1278.588520 531.277411
1278.908894 530.641369
1279.026891 530.712039
1278.983945 530.360212
1279.101296 530.261739
1279.293375 529.733149
1278.887502 529.657184
1279.183441 529.350747
1279.245044 528.993619
1279.139286 528.736928
1279.318120 528.344346
1279.176989 528.403045
1279.249664 528.185276
1279.481435 527.653289
1279.453424 527.539485
1279.807485 527.024304
1279.648098 527.153589
1280.119345 526.795128
1279.910618 526.518592
1279.778392 526.250445
1280.125884 526.062663
1280.189153 525.668394
1280.362405 525.253707
1280.140709 525.260413
1280.130708 524.705742
1280.306970 524.716927
1280.241705 524.186038
1280.554879 523.779983
1280.325262 523.436647
1280.586615 523.205133
1280.666244 523.301534
1280.603786 522.748549
1280.801890 522.865432
1280.804773 522.261435
1280.840279 522.074005
1280.776504 521.780529
1280.961186 521.808328
1280.999298 521.164883
1281.238654 520.914568
1281.219547 520.704251
1281.160340 520.531484
1281.263412 520.298211
1281.235540 519.780096
1281.429411 519.441308
1281.462147 519.375989
1281.491227 519.005972
1281.688179 518.703403
1281.688014 518.434347
1281.937133 518.140915
1281.674485 517.918424
1281.658729 517.488828
1282.018590 516.885792
1281.901960 517.470993
1282.101498 516.691176
1282.302313 516.205369
1281.982004 515.761796
1282.164677 515.830998
1282.200579 515.456075
1282.450676 514.941178
1282.474341 515.002242
1282.476793 514.591398
1282.347637 514.352535
1282.343963 513.894224
1282.762629 513.530859
1282.964248 513.242362
1282.639402 513.361109
1282.831212 512.736789
1283.249359 512.484557
1283.181593 512.238580
1283.092171 511.923645
1282.999959 511.400225
1283.101450 511.540615
1283.486445 511.320173
1283.200803 510.825641
1283.569558 510.426555
1283.511537 510.269305
1283.501719 510.166344
1283.334919 509.682484
1283.820006 509.494496
1283.545729 508.704832
1283.581242 508.405689
1283.797635 508.257939
1284.093507 508.285992
1284.112611 507.757478
1284.056983 507.470662
1284.157650 507.252571
1284.012701 506.782273
1284.295677 506.324073
1284.138744 506.302600
1284.439560 505.826649
1284.323417 505.395375
1284.187265 505.453270
1284.298591 504.980269
1284.552726 504.638282
1284.787570 504.425413
1284.752741 503.812221
1284.955558 503.546379
1284.739677 503.329844
1284.770362 503.103488
1285.177801 502.921339
1285.341664 502.554787
1285.321691 502.042677
1285.130590 501.934574
1285.130380 501.523204
1285.114730 501.216885
1285.410630 500.848042
1285.542208 500.467325
1285.375173 500.373950
1285.830806 499.949566
1285.609801 499.515295
1286.008616 499.309783
1285.737515 498.980475
1285.710849 498.704493
1286.325347 498.386661
1286.009061 497.952064
1286.310665 497.717743
1285.953612 497.318099
1286.350233 497.026503
1286.357878 496.826962
1286.409183 496.573535
1286.619290 496.117070
1286.474769 495.537498
1286.759781 495.479238
1286.790966 495.166237
1286.423651 494.901168
1286.797702 494.267163
1286.998358 494.127228
1286.836424 493.701623
1286.952899 493.665064
1286.793842 493.317403
1287.121255 492.992136
1286.871023 492.348746
1287.141089 492.283655
1287.215743 491.899150
1287.503892 491.395428
1287.412660 491.166754
1287.426923 490.893631
1287.836159 490.559101
1287.771159 489.895256
1287.796822 489.950542
1287.891497 489.463266
1288.104550 489.220138
1287.789367 488.895310
1288.190294 488.674177
1288.238384 488.284361
1288.341320 487.770536
1288.263842 487.366520
1288.359546 486.899718
1288.289722 486.804902
1288.441572 486.391023
1288.351970 486.118119
1288.818592 485.936301
1288.724621 485.369540
1288.722505 485.256198
1288.996582 484.987096
1289.039072 484.577041
1289.067242 484.170818
1289.101897 483.592022
1289.168766 483.379085
1289.080224 483.194143
1289.729055 482.774291
1289.292646 482.117047
1289.244220 481.891020
1289.553725 481.922631
1289.416698 481.390810
1289.454946 480.924602
1289.672506 480.661239
1289.792596 480.347483
1289.876301 479.782142
1289.661729 479.507569
1290.023918 479.212844
1290.156378 478.899500
1290.206692 478.604361
1290.613406 477.975780
1289.878986 477.813678
1290.328410 477.598186
1290.081567 476.927172
1290.113862 476.970521
1290.450833 476.454912
1290.476576 476.009828
1290.749278 475.732301
1290.684901 475.221756
1290.927452 475.024281
1290.985574 474.389688
1291.107750 474.272065
1291.097437 473.962265
1291.270168 473.450253
1291.074602 473.343956
1291.043508 472.893840
1291.487872 472.419220
1291.597723 472.154915
1291.504919 471.708240
1291.594768 471.703080
1291.749899 470.929793
1291.972640 470.403728
1291.903797 470.281883
1291.885923 469.940061
1291.926593 469.531202
1292.158068 469.364826
1291.959553 468.836325
1292.248367 468.285076
1292.151554 467.960316
1292.304730 467.791410
1292.524860 467.399222
1292.426876 467.074902
1292.345772 466.536001
1292.761885 466.156119
1292.805535 465.956320
1292.870461 465.407082
1292.804447 465.109490
1292.844296 464.737268
1293.047085 464.297119
1292.979957 464.077018
1293.205549 463.707142
1293.564055 463.193507
1293.602742 462.681637
1293.535219 462.565555
1293.436598 461.984078
1293.733818 461.489692
1293.731236 461.228796
1293.762373 461.248429
1293.901564 460.679914
1293.886307 460.647000
1294.066021 459.629294
1293.846405 459.446553
1294.283950 458.931336
1294.297543 458.598940
1294.276643 458.127337
1294.226243 458.190011
1294.208257 457.475651
1294.518939 457.127514
1294.374387 456.816120
1294.602161 456.902508
1294.789122 456.198379
1295.066637 455.896756
1294.863437 455.368692
1295.199681 454.764093
1295.007327 454.514566
1295.303449 454.184591
1295.453383 453.964741
1295.450238 453.638053
1295.223896 453.143677
1295.620911 452.692908
1295.708814 452.339790
1295.898673 451.922030
1295.802227 451.271275
1295.945640 451.052320
1295.812013 451.024960
1295.870624 450.398646
1296.120998 449.993601
1296.182549 449.464916
1296.312991 449.142704
1295.934560 448.876457
1296.450064 448.536535
1296.654632 448.007173
1296.576313 447.486037
1296.603723 447.360481
1296.917915 446.587969
1296.757360 446.678076
1296.563208 445.914294
1296.927310 445.683246
1297.127135 445.251931
1297.187677 444.964990
1297.176777 443.950688
1297.242784 444.202056
1297.083755 443.432045
1297.685990 443.440035
1297.601951 442.931326
1297.602907 442.361126
1297.681265 442.182968
1297.729987 441.694335
1297.476303 441.358159
1297.934754 441.162254
1298.038988 440.543566
1297.937839 440.104203
1298.094357 439.870162
1298.362473 439.410877
1298.217517 439.026610
1298.405824 438.587204
1298.158944 438.267665
1298.420630 437.851446
1298.772625 437.227681
1298.620471 436.777820
1298.716086 436.510106
1298.917326 436.177534
1299.218344 435.733247
1299.026440 435.352254
1299.506497 434.882537
1299.090752 434.548341
1299.340517 433.934025
1299.663689 433.611159
1299.535237 433.453037
1299.473888 432.819082
1299.706423 432.565029
1299.799149 432.059435
1299.771016 431.641130
1300.048725 431.137896
1299.785491 430.723015
1300.328828 430.017382
1300.175729 430.049021
1300.370959 429.550586
1300.253544 429.543219
1300.486570 428.658812
1300.384941 428.283754
1300.622661 428.069261
1300.625696 427.440171
1300.637263 427.075223
1300.822432 426.591629
1301.050057 426.269247
1301.206145 425.879470
1301.002721 425.229932
1301.186658 424.925333
1301.548962 424.480902
1301.385220 424.105264
1301.397920 423.631303
1301.641544 423.592578
1301.741886 422.972020
1301.670007 422.615751
1301.800622 421.979481
1301.952237 421.636129
1302.089941 421.309740
1301.956033 420.841646
1301.861387 420.620816
1302.220956 420.228935
1302.274722 419.295146
1302.503325 419.448945
1302.378972 418.742402
1302.303304 418.324056
1302.793261 417.929407
1302.553980 417.320276
1302.778063 416.980945
1302.883217 416.702071
1302.895656 415.820399
1303.238394 415.805267
1303.234126 415.485346
1303.330563 414.653687
1303.114457 414.786345
1303.345973 414.197492
1303.499482 413.686028
1303.847745 413.084349
1303.665879 412.876748
1303.886054 412.379793
1303.940918 412.029710
1303.943325 411.387978
1303.830576 410.921581
1304.105483 410.805248
1304.242396 410.388638
1304.171933 409.735532
1304.388532 409.455049
1304.426341 409.398078
1304.547129 408.459781
1305.028309 408.151019
1304.723385 407.645980
1304.812894 407.134307
1305.029607 406.789224
1304.937581 406.376492
1305.363351 405.925325
1305.340645 405.656599
1305.121362 404.936907
1305.475401 404.693065
1305.667241 404.179238
1305.669973 403.828780
1306.047636 403.561006
1305.900719 402.741132
1305.898110 402.444883
1305.961989 402.123403
1306.260237 401.720172
1306.212515 401.306563
1306.259053 401.018670
1306.225651 400.197264
1306.487018 399.934973
1306.542981 399.493521
1306.617710 398.829433
1306.665765 398.488409
1306.947537 397.953760
1306.766040 397.828636
1307.211813 397.322273
1307.404547 396.707879
1307.306189 396.103628
1307.175366 395.941784
1307.419539 395.462368
1307.448633 395.161308
1307.710766 394.761620
1307.801824 394.101843
1307.590647 393.564790
1307.554542 393.441757
1307.837595 392.929263
1307.837214 392.485521
1308.149753 391.982684
1308.390955 391.486305
1308.318239 391.030162
1308.403508 390.666272
1308.461428 390.010701
1308.536629 389.881004
1308.865432 389.349171
1308.869595 388.803757
1308.953893 388.391038
1308.946783 388.000211
1308.903959 387.330285
1309.054534 387.074499
1309.410822 386.474123
1309.595708 386.249445
1309.400158 385.693113
1309.522811 385.340154
1309.563709 384.756791
1309.610973 384.285785
1309.861911 384.006369
1309.942362 383.251075
1310.153410 382.839285
1309.953445 382.622981
1310.301515 382.163411
1310.145682 381.523325
1310.356262 381.460177
1310.205952 380.598073
1310.614619 380.347370
1310.743825 380.000737
1310.765841 379.240875
1310.804376 378.791236
1311.211227 378.382623
1311.042526 377.833455
1311.087730 377.357337
1310.934196 377.067201
1311.378456 376.585741
1311.453043 376.064550
1311.638524 375.745188
1311.480804 375.143570
1311.645514 374.957046
1311.934373 374.408803
1311.855811 373.689363
1311.888303 373.228542
1312.152443 372.638560
1312.177814 372.419819
1312.133844 372.066340
1312.330377 371.528230
1312.456780 371.180318
1312.733634 370.860055
1312.678992 370.354344
1312.800577 369.835711
1312.623496 369.447303
1313.135345 368.790912
1313.169682 368.372210
1313.128086 368.010711
1313.265877 367.431837
1313.282230 366.876867
1313.337512 366.377393
1313.321919 366.062866
1313.606229 365.191302
1313.804466 365.023691
1314.074263 364.294251
1314.052349 364.084952
1313.962868 363.883425
1314.119695 363.192947
1314.248837 362.676720
1314.417653 362.355486
1314.269231 361.464615
1314.730729 361.356816
1314.705473 361.108067
1314.852707 360.573655
1315.030264 359.949576
1314.905135 359.555036
1314.942646 359.201077
1315.157934 358.501240
1315.338931 358.378998
1315.232492 357.613714
1315.506677 357.172037
1315.790460 356.637889
1315.591137 356.200496
1315.767902 355.986606
1315.980080 355.431598
1316.251392 354.763282
1316.108693 354.424747
1316.348605 353.742379
1316.176408 353.404205
1316.454099 353.088757
1316.389855 352.059379
1316.590238 351.877508
1316.626338 351.606418
1316.766687 351.058672
1316.670786 350.387835
1316.909615 350.083287
1316.811947 349.687779
1317.396948 349.256486
1317.403827 348.860845
1317.111535 348.345318
1317.406025 347.639705
1317.734289 347.463996
1317.639768 346.904742
1317.793290 346.282423
1318.208535 345.750272
1318.083210 345.372089
1318.051965 345.056323
1318.213538 344.482209
1318.236076 343.965949
1318.413804 343.426244
1318.091320 343.215752
1318.703050 342.576145
1318.973813 342.073636
1318.825132 341.533835
1319.124032 340.930823
1318.917685 340.297637
1319.083823 340.021852
1318.989164 339.691503
1318.979138 338.949150
1319.468477 338.576175
1319.599306 338.168087
1319.429231 337.509449
1319.745509 337.113664
1319.592761 336.886424
1319.848839 336.319608
1319.860216 335.685305
1320.151894 335.396191
1320.367731 334.717878
1320.380131 334.437346
1320.645057 333.789475
1320.502641 333.404756
1320.679418 332.883690
1320.702320 332.355915
1320.908006 331.718628
1321.228347 331.566026
1321.264644 331.025594
1321.469254 330.737316
1321.393437 329.889676
1321.534163 329.486520
1321.677627 329.079475
1321.655345 328.539864
1321.563890 327.854874
1321.568851 327.266735
1321.776314 327.178108
1322.103436 326.492918
1322.320757 325.880259
1322.144145 325.761467
1322.385889 325.031695
1322.570258 324.436461
1322.795619 324.184622
1322.321186 323.514959
1322.712755 322.984651
1322.979351 323.003621
1323.031830 321.805769
1323.238172 321.585768
1323.362566 321.196948
1323.215101 320.966466
1323.530438 320.355891
1323.601463 319.667194
1323.923817 319.107713
1323.862473 318.629851
1323.805013 317.997395
1323.797068 317.822236
1324.044431 317.247010
1324.301702 316.801408
1324.176046 316.356602
1324.568260 315.815302
1324.555585 315.696634
1324.735623 314.642659
1324.789827 314.308507
1324.903320 313.663790
1325.085217 313.203429
1325.200556 312.568538
1325.102967 312.653576
1325.532704 312.277083
1325.509617 311.735811
1325.439951 311.074473
1325.590680 310.610730
1325.690180 309.828952
1325.755508 309.624754
1325.838264 308.830126
1325.906805 308.466880
1326.271850 307.895610
1326.206787 307.168581
1326.695589 306.893505
1326.577471 306.647582
1326.657935 305.750834
1326.918833 305.393812
1326.869764 305.182021
1326.954306 304.370465
1326.946195 304.053664
1327.491357 303.396251
1327.504353 302.898344
1327.460290 302.417318
1327.548111 301.634204
1327.437868 301.117656
1327.866431 301.181398
1327.940435 300.671759
1327.860687 299.866205
1328.272724 299.458056
1328.182168 299.108304
1328.315455 298.371748
1328.231445 297.941993
1328.333343 297.430539
1328.684819 297.178055
1328.871461 296.393502
1329.078355 295.809771
1328.985651 295.208070
1328.875497 294.839957
1328.905605 294.490063
1329.370997 293.883994
1329.697399 293.647441
1329.481500 293.077993
1329.915515 292.522993
1329.838629 291.858282
1329.780928 291.217085
1330.170944 290.785804
1330.180324 290.379113
1330.088681 290.094158
1330.624223 289.326696
1330.279299 288.913854
1330.776466 288.582615
1330.680407 288.030734
1330.665905 287.348965
1330.924729 287.150366
1331.043610 286.398292
1331.252459 285.909013
1331.079452 285.293777
1331.660445 284.861452
1331.689477 284.316107
1331.564374 284.003879
1331.400793 283.458678
1331.665872 282.623430
1331.917205 282.440738
1332.218747 281.829971
1331.928209 281.224260
1332.285603 280.775688
1332.186004 280.086389
1332.495525 279.951033
1332.667479 279.057716
1332.822051 278.828986
1332.592617 278.548266
1332.969513 277.705570
1332.801509 277.149940
1333.264897 277.004130
1333.227922 276.482329
1333.397109 275.601681
1333.819420 275.374121
1333.621289 274.587371
1333.632380 274.343606
1333.839534 273.923045
1334.063952 273.471432
1334.035808 272.937121
1334.276328 272.178418
1334.248342 271.743854
1334.698816 270.804736
1334.533091 270.551573
1334.825952 270.169745
1335.061910 269.683739
1335.147872 269.311536
1334.710365 268.750080
1335.476850 268.348604
1335.249210 267.576101
1335.313034 266.960845
1335.727227 266.633378
1335.706171 266.314761
1335.843416 265.689678
1335.870628 264.970843
1336.343917 264.616258
1335.970551 264.185843
1336.057052 263.880689
1336.247536 263.277002
1336.478620 262.438261
1336.647868 261.650787
1336.936062 261.423897
1336.771826 261.071286
1336.842124 260.531090
1337.022658 259.867404
1337.359442 259.615920
1337.437064 259.128576
1337.521529 258.476163
1337.645296 258.021759
1337.558177 257.433774
1337.837028 256.781592
1338.030846 256.421497
1337.951495 255.997671
1338.010948 254.957346
1338.690851 254.969388
1338.550571 254.380699
1338.462628 253.842755
1338.528033 253.381713
1339.006121 252.701829
1338.633068 252.185968
1339.023204 251.707186
1339.223070 251.422776
1339.242985 250.969311
1339.540008 250.351540
1339.242126 249.753477
1339.668241 248.923429
1339.651954 248.833428
1339.575801 248.358193
1340.008627 247.734709
1340.303226 247.115821
1340.091446 246.453582
1340.247778 246.209144
1340.250096 245.711618
1340.573788 245.097833
1340.689207 244.712173
1340.868309 243.925696
1340.899947 243.604146
1340.864203 243.149003
1341.023451 242.581099
1341.118572 242.003374
1341.468391 241.349460
1341.578501 240.850919
1341.771855 240.556188
1341.989675 239.905772
1341.821770 239.336964
1342.056814 238.853381
1341.932383 238.344263
1342.353061 237.720356
1342.249308 237.492482
1342.565374 236.746150
1342.958321 236.225581
1342.688151 235.750042
1342.866020 235.190822
1342.889307 234.694751
1343.129376 234.262042
1343.474859 233.873813
1343.603007 233.248462
1343.545558 232.664214
1343.573631 231.793708
1343.724522 231.561607
1344.075308 231.194818
1344.045821 230.733066
1344.294072 230.123217
1344.172520 229.585248
1344.457027 229.115787
1344.703942 228.631680
1344.535694 227.784425
1344.841593 227.315184
1344.694238 226.762952
1345.003182 226.371666
1345.362935 225.813813
1345.201502 225.374810
1345.446066 224.815708
1345.420495 224.393828
1345.672009 223.842377
1345.939173 223.410080
1346.018342 222.705770
1345.916020 222.172367
1346.104569 221.947930
1346.376954 221.307209
1346.224393 220.682575
1346.208460 220.145553
1346.715477 219.400723
1346.813486 219.165032
1346.921124 218.749542
1346.865555 217.907894
1347.142352 217.592363
1347.716502 217.349212
1347.222525 216.679487
1347.639893 216.106587
1347.513885 215.624296
1347.642924 215.022362
1347.895460 214.385601
1347.786569 214.141668
1347.956599 213.578266
1348.440432 212.962048
1348.467520 212.318940
1348.655644 212.076107
1349.161763 211.094331
1348.866545 211.009017
1348.759400 210.387426
1349.047043 209.992889
1349.272336 209.231689
1349.047873 208.873735
1349.393412 208.140714
1349.489090 207.886482
1349.694921 207.163075
1349.739130 206.724087
1349.810774 206.052591
1349.747682 205.744763
1350.116608 205.101766
1350.063971 204.567408
1350.632530 204.285778
1350.677678 203.682880
1350.669854 202.809448
1350.847684 202.403125
1350.965230 201.999971
1351.159626 201.640070
1351.012210 200.670512
1351.504831 200.462605
1351.450528 199.726285
1351.718586 199.394797
1351.605434 198.507103
1351.772912 198.418686
1351.708568 197.875477
1352.248674 197.118979
1352.388526 196.934537
1352.424137 196.327990
1352.642677 195.960027
1352.641231 195.402858
1352.511494 195.018232
1352.860767 194.062747
1353.187145 193.419920
1353.353232 193.227091
1353.497099 192.573808
1353.436210 192.108829
1353.246604 191.684388
1353.705167 191.039327
1353.590979 190.490281
1353.714976 190.167997
1354.165847 189.522591
1354.008455 188.972838
1354.346836 188.372901
1354.510297 187.854229
1354.641088 187.533736
1354.610523 186.812332
1354.743364 186.384575
1354.944274 185.604519
1355.126813 185.348167
1355.658847 184.899980
1355.694852 184.429459
1355.535066 183.718437
1355.649725 183.154549
1355.953579 182.793555
1355.779318 182.336961
1356.114998 181.633877
1356.128857 181.208985
1356.107709 180.623065
1356.563581 180.016796
1356.559828 179.455194
1357.126050 179.241141
1357.015289 178.780001
1356.676962 178.032117
1357.172332 177.285606
1357.128697 176.746959
1357.226897 176.159946
1357.474482 175.976141
1357.555036 175.282762
1358.094391 174.507223
1357.927867 174.199817
1358.071530 173.654130
1358.028336 173.420596
1358.145511 172.583303
1358.419980 172.145858
1358.568102 171.851999
1358.929446 171.349532
1358.896091 170.778179
1359.246120 170.039518
1359.173637 169.558991
1359.346316 169.032181
1359.150585 168.634817
1359.455333 167.974718
1359.524402 167.576942
1359.809442 166.753690
1359.972433 166.251627
1359.901386 166.016016
1360.198430 165.111490
1360.348093 164.896571
1360.346463 164.362990
1360.645553 163.595576
1360.556431 163.397611
1361.023879 162.863294
1360.950980 162.529721
1361.097868 161.771838
1361.264372 161.460268
1361.326723 160.723775
1361.622937 160.088455
1361.601853 159.761238
1361.972146 159.207109
1361.968545 158.780152
1361.928527 158.045751
1362.157621 157.638875
1362.303047 157.159920
1362.616998 156.686431
1362.597506 155.999756
1362.962072 155.668572
1363.146077 155.074425
1362.904451 154.637463
1363.368424 154.029538
1363.204619 153.512285
1363.284748 152.892590
1363.743898 152.381280
1363.764536 151.952572
1363.898870 151.622710
1363.873018 150.913458
1364.230241 150.567752
1364.076735 149.843987
1364.301074 149.069591
1364.584745 148.720057
1364.729207 147.903200
1365.026273 147.930886
1364.973712 147.309995
1365.296226 146.616053
1365.280393 146.122193
1365.475392 145.508386
1365.667190 144.840995
1365.367059 144.534480
1365.550782 144.073251
1366.110869 143.346719
1366.126669 143.048025
1366.237302 142.363241
1366.482669 141.944272
1366.491899 141.323636
1366.641776 140.937774
1366.837437 140.504144
1366.857211 139.902440
1367.002952 139.032290
1367.020723 138.441395
1367.386819 138.280468
1367.331278 137.873555
1367.435068 137.283824
1367.809886 136.634292
1368.074805 136.465883
1368.107952 135.871138
1368.327467 135.147728
1368.477512 134.596037
1368.311646 134.028543
1368.437623 133.601632
1368.615875 133.148407
1368.823384 132.707907
1368.899283 132.124201
1369.268962 131.618714
1369.453627 131.185326
1369.679948 130.522200
1369.379703 129.898145
1369.832955 129.964462
1370.061142 128.858288
1370.158393 128.416855
1370.097939 127.808480
1370.729138 127.391959
1370.325760 126.842681
1370.709637 126.270127
1370.792683 125.876553
1370.774318 125.749959
1370.961595 124.947533
1371.006677 124.211906
1371.305973 123.654358
1371.644291 123.484340
1371.708869 122.735614
1371.724328 122.159442
1372.067518 121.968537
1372.017508 121.161280
1372.280004 120.623578
1372.190604 120.052991
1372.406771 119.686107
1372.505517 119.231527
1372.634132 118.669659
1372.979446 118.253643
1372.941788 117.688741
1373.155977 117.221367
1373.137986 116.304360
1373.607767 115.908039
1373.593874 115.483955
1373.503695 115.109864
1373.797129 114.643649
1374.085436 113.854771
1374.292038 113.244009
1374.427621 113.062646
1374.462975 112.642675
1374.257591 111.917495
1374.529009 111.324931
1374.837248 110.824151
1374.930652 110.392373
1375.080527 109.720709
1375.136804 109.200069
1375.263929 108.797397
1375.472276 108.400860
1375.727559 107.726986
1375.922488 107.226897
1376.123291 106.571085
1376.165897 106.309566
1376.581349 105.595473
1376.232483 105.180059
1376.521993 104.711072
1376.959877 104.050533
1376.737896 103.567610
1377.176082 103.055400
1377.146505 102.544647
1377.197231 102.123227
1377.364286 101.437454
1377.503553 101.400074
1377.697937 100.623901
1377.957298 100.121470
1377.883697 99.313035
1377.862952 98.969475
1378.042040 98.598154
1378.447862 97.929019
1378.581756 97.172041
1378.777775 97.149200
1378.763430 96.591610
1378.956854 96.225264
1379.398314 95.351893
1379.240872 94.924316
1379.684265 94.355887
1379.627320 93.829004
1379.859893 93.543903
1379.876332 92.926291
1380.049567 92.406845
1380.367286 91.872452
1380.079020 91.262286
1380.431168 90.880825
1380.627863 90.193710
1380.726391 89.743341
1380.964972 89.536532
1380.900652 89.064482
1381.236705 87.931414
1381.318977 87.631481
1381.428195 87.418490
1381.737924 86.980354
1381.993550 86.040209
1381.749413 85.820896
1382.108384 85.198272
1382.183922 84.859382
1382.274357 84.386889
1382.615644 84.072704
1382.709664 83.109275
1382.656223 82.494145
1383.053927 82.318014
1383.280891 81.614303
1383.393457 81.112678
1383.490697 80.771630
1383.612314 79.768016
1383.660605 79.777111
1384.027715 79.051662
1383.988909 78.413408
1384.204868 78.331159
1384.002726 77.733204
1384.427473 77.134163
1384.739889 76.711406
1384.948318 76.076653
1385.049565 75.564050
1384.877591 74.990708
1385.310788 74.478056
1385.292950 74.000246
1385.304596 73.747815
1385.760681 72.971050
1386.192629 72.595041
1385.915990 72.285476
1386.303944 71.411675
1386.028756 71.159760
1386.466429 70.779296
1386.512072 70.006637
1386.657222 69.428856
1386.740087 68.954852
1386.777630 68.584484
1387.367715 68.071004
1387.222077 67.568927
1387.399327 66.919369
1387.490269 66.786382
1387.697264 65.909196
1387.965298 65.616704
1388.017785 65.015197
1388.076325 64.465299
1388.424568 64.036652
1388.480356 63.400868
1388.840622 62.949510
1388.876030 62.515905
1388.921007 61.825923
1389.316199 61.636601
1389.320193 61.082182
1389.287891 60.646428
1389.853931 60.100431
1389.197138 59.337072
1390.075494 59.048860
1390.143681 58.448168
1390.192176 58.157768
1390.362822 57.410554
1390.436384 57.013373
1390.505443 56.372640
1390.893907 56.217901
1391.034597 55.554497
1390.916952 55.138630
1391.142081 54.378919
1391.305790 53.814777
1391.634671 53.419700
1391.479841 53.011916
1391.715680 52.414287
1391.764857 52.242875
1392.032384 51.705980
1392.225903 50.877563
1392.238570 50.435870
1392.467487 50.065220
1392.530720 49.761185
1393.062142 48.757096
1392.847674 48.455102
1393.410115 47.953509
1393.548046 47.754763
1393.567354 46.993247
1393.980594 46.401729
1394.009722 45.893370
1393.850862 45.417930
1394.121026 45.004672
1394.225162 44.513609
1394.610574 44.160254
1394.621136 43.695671
1394.869900 42.989925
1394.844890 42.464088
1395.124807 42.135491
1395.238280 41.389735
1395.191167 41.136017
1395.406940 40.536966
1395.697144 40.297799
1395.810588 39.551454
1396.043916 39.111672
1396.075004 38.423505
1396.271165 38.397262
1396.489372 37.714982
1396.874172 37.158535
1396.666287 36.921684
1396.921635 36.280499
1397.044741 35.592719
1397.018414 35.000714
1397.450341 34.735860
1397.598612 34.442948
1397.788664 33.450560
1397.618269 33.466320
1398.042547 32.908227
1398.030413 32.449331
1398.232182 31.665111
1398.503436 31.107056
1398.572540 30.886887
1398.822274 30.258881
1398.956099 29.934172
1399.229053 29.351335
1398.884198 28.645433
1399.368997 28.267339
1399.378990 28.244204
1399.775101 27.376103
1399.671258 26.903904
1400.064681 26.463170
1400.148003 25.725014
1400.167887 25.151581
1400.296819 25.030238
1400.635811 24.578329
1400.779313 23.923628
1400.929190 23.529141
1401.091736 23.076376
1401.181500 22.441479
1401.463653 22.106220
1401.695333 21.678720
1401.669845 21.122220
1401.568099 20.352672
1402.174463 20.177134
1402.095617 19.624981
1402.195673 19.258281
1402.496818 18.587971
1402.766124 18.318637
1402.642249 17.435130
1403.018779 17.243199
1403.044034 16.656061
1403.097195 16.381253
1403.445864 15.686521
1403.480750 15.329570
1403.738220 14.509681
1403.752896 14.214533
1404.436307 13.837128
1404.133704 13.153785
1404.502794 12.971668
1404.721781 12.435291
1404.543189 11.639582
1404.880109 11.502604
1404.721176 10.973616
1405.099582 10.633010
1405.339342 9.973018
1405.402421 9.291896
1405.915784 9.117172
1405.765554 8.965521
1405.908845 8.261237
1406.251019 7.671841
1406.229744 7.346459
1406.411884 6.552040
1406.633693 6.057332
1406.577125 5.929439
1406.682061 5.493451
1406.923092 4.814321
1407.300303 4.088238
1407.381820 3.983066
1407.614657 3.173532
1407.832212 2.845072
1408.011895 2.517089
1408.126402 1.744579
1408.151598 1.339628
1408.487216 0.834572
1408.848188 0.465169
1408.854896 -0.020605
1408.639708 -0.485753
1408.936908 -0.944908
1408.954339 -1.264924
1409.448353 -1.817917
1409.342637 -1.980132
1409.821672 -3.075625
1409.561951 -3.124246
1409.936778 -3.779648
1410.054163 -4.291919
1410.167564 -4.647932
1410.538950 -4.983566
1410.502102 -5.597913
1410.854541 -6.034747
1410.943742 -6.594579
1411.150284 -6.953235
1411.160692 -7.363489
1411.328278 -7.899232
1411.482314 -8.539191
1411.469725 -8.907565
1411.748959 -9.111018
1411.893801 -9.981447
1411.964157 -10.421363
1412.285678 -10.599797
1412.408163 -11.486478
1412.517490 -11.662303
1412.839549 -12.238134
1412.698627 -12.655393
1413.007156 -13.234553
1413.179085 -13.421799
1413.279693 -13.710785
1413.624469 -14.202023
1414.017443 -15.145036
1413.960889 -15.756484
1414.203845 -15.928358
1414.333085 -16.087176
1414.197796 -16.682939
1414.686489 -17.328678
1414.538248 -17.677347
1414.652949 -18.230446
1415.078696 -18.521594
1415.287080 -19.057842
1415.343581 -19.415720
1415.409161 -19.892693
1415.419003 -20.322012
1415.572825 -20.935842
1416.088923 -21.409096
1416.003440 -21.718306
1416.337058 -22.263198
1416.485732 -22.579190
1416.573145 -23.125912
1416.644505 -23.604957
1417.049792 -24.017988
1417.052050 -24.402335
1417.470589 -24.862710
1417.432259 -25.424511
1417.420849 -25.871621
1417.693897 -26.624863
1417.827506 -27.154960
1418.249103 -27.225059
1418.338313 -27.675169
1418.664142 -28.363845
1418.611077 -28.712035
1418.640536 -29.133524
1418.892636 -29.609373
1418.987383 -29.912157
1419.118004 -30.590650
1419.311875 -30.842474
1419.533567 -31.564703
1419.709216 -31.661727
1419.858268 -31.999841
1420.083349 -33.027890
1420.212992 -33.030126
1420.628107 -33.663505
1420.617518 -33.803078
1420.588306 -34.734176
1420.661425 -34.566408
1421.089410 -35.557782
1421.038628 -35.807811
1421.803320 -36.314496
1421.537493 -36.842129
1421.868457 -37.296597
1421.938770 -37.550738
1422.050483 -38.046186
1421.885243 -38.616939
1422.198698 -39.004403
1422.526798 -39.423081
1422.885463 -40.222413
1422.519455 -40.260321
1423.039992 -40.549908
1423.149634 -41.111017
1423.308373 -41.747671
1423.210950 -42.281950
1423.603448 -42.609586
1423.813109 -43.125664
1424.186624 -43.429967
1423.979543 -43.984982
1424.404523 -44.428656
1424.390003 -44.817038
1424.412936 -45.122341
1424.754181 -45.369626
1424.941946 -46.155811
1425.073050 -46.386074
1425.264870 -46.888633
1425.695279 -47.724540
1425.610375 -47.924752
1425.726270 -48.414094
1425.729954 -48.751363
1426.043061 -49.397359
1426.308638 -49.698923
1426.493984 -50.269619
1426.507533 -50.423973
1426.746768 -51.116914
1426.873690 -51.323775
1427.290554 -51.707434
1427.147869 -52.541412
1427.362837 -52.837954
1427.416496 -53.073509
1427.747019 -53.560131
1428.057876 -53.999887
1428.352980 -54.579859
1428.415491 -55.035365
1428.829166 -55.122651
1428.600126 -55.625488
1428.499650 -56.308204
1428.852071 -56.739206
1429.112723 -56.928581
1429.339792 -57.376284
1429.416513 -57.806885
1429.620642 -58.240199
1429.700122 -58.978178
1429.843547 -59.429696
1430.035644 -59.678295
1430.240429 -60.053369
1430.046030 -60.621413
1430.718847 -60.757747
1430.671605 -61.140481
1430.533398 -61.665837
1431.041349 -62.322479
1431.405311 -62.879397
1431.444835 -63.417692
1431.509367 -63.379179
1431.621761 -64.200577
1431.989010 -64.140215
1431.842073 -65.013507
1432.220647 -64.963341
1432.419360 -65.886854
1432.786354 -66.257336
1432.743751 -66.376636
1432.969876 -66.738177
1432.906702 -67.299392
1433.068031 -67.650169
1433.456671 -68.174379
1433.633369 -68.270002
1433.598366 -68.948629
1433.854815 -69.275197
1434.030114 -69.926086
1434.370531 -70.192191
1434.546283 -70.526781
1434.831071 -71.151573
1434.966669 -71.829521
1435.099164 -72.020575
1434.848816 -72.411390
1435.430714 -72.696996
1435.624773 -73.218944
1435.876374 -73.330916
1435.810249 -73.972201
1435.791106 -74.409542
1436.037625 -74.953941
1436.377594 -75.191076
1436.334026 -75.728899
1436.428082 -76.209463
1436.641831 -76.329711
1436.781846 -76.656846
1437.113394 -77.153209
1437.247057 -77.984028
1437.184012 -78.281872
1437.438184 -78.430785
1437.767780 -78.331214
1437.702136 -79.807529
1437.797048 -79.977282
1438.208814 -80.449497
1438.579953 -80.630139
1438.728919 -81.246638
1438.685901 -81.442168
1438.983369 -81.967417
1439.073348 -82.583061
1439.204738 -82.764150
1439.655021 -83.210022
1439.414102 -83.461945
1439.566863 -84.085566
1439.835109 -84.521554
1440.267268 -84.773370
1440.096837 -85.020515
1440.554562 -85.160796
1440.689731 -86.208801
1440.720478 -86.383628
1440.834622 -86.595015
1441.053141 -87.307326
1441.446295 -87.492582
1441.476043 -88.133121
1441.767936 -88.459911
1441.890120 -89.073904
1441.953107 -89.286568
1442.212764 -89.631598
1442.221038 -90.073985
1442.272956 -90.654149
1442.405977 -90.754012
1442.802112 -91.523579
1443.048930 -91.715631
1443.380924 -92.015497
1443.352526 -92.703296
1443.172682 -93.013071
1443.506827 -93.289026
1443.783683 -93.591264
1443.910463 -94.227482
1444.101698 -94.659651
1444.534741 -95.135529
1444.541595 -95.133861
1444.800483 -95.607165
1444.743500 -95.774681
1445.038009 -96.602047
1445.002555 -96.802542
1445.141569 -97.117205
1445.660610 -97.542439
1445.696512 -97.986803
1445.948129 -98.442148
1445.860716 -98.814542
1446.340289 -99.439261
1446.384683 -99.495456
1446.565182 -99.952410
1446.837251 -100.033349
1446.476678 -100.520921
1447.033274 -101.088654
1447.271122 -101.706803
1447.467377 -102.009028
1447.688924 -102.063313
1447.799115 -102.787048
1448.196357 -103.124622
1448.069082 -104.095620
1447.956101 -103.861806
1448.365312 -104.059257
1448.536283 -104.807786
1448.872807 -104.995204
1448.940122 -105.408186
1448.817146 -105.808785
1449.176961 -106.192242
1449.373683 -106.732325
1449.582589 -107.217027
1449.793977 -107.412123
1449.997500 -108.065614
1450.191946 -108.279783
1450.388779 -108.630446
1450.512210 -108.985167
1450.485006 -109.321751
1450.843076 -109.713143
1450.797355 -110.120745
1450.896257 -110.322395
1451.290487 -110.963289
1451.615403 -111.033741
1451.682548 -111.700786
1451.744654 -112.083237
1451.960302 -112.479942
1452.397261 -112.696780
1452.244776 -113.410041
1452.447785 -113.750790
1452.820985 -113.831199
1452.742798 -114.312507
1453.078196 -114.308986
1453.398515 -114.972366
1453.427269 -115.394374
1453.525914 -115.524782
1453.583446 -116.346590
1453.575482 -116.592007
1454.042800 -116.784976
1453.978673 -117.125383
1454.478655 -117.581182
1454.338668 -118.009343
1454.803129 -118.453999
1454.883075 -118.702743
1454.807510 -119.178065
1455.036810 -119.693476
1455.355807 -119.954110
1455.741223 -120.318002
1455.706669 -120.609536
1456.107659 -121.027730
1455.988475 -121.090010
1456.163210 -121.636742
1456.455133 -122.178191
1456.436034 -122.309660
1456.654214 -122.867755
1456.865456 -123.269578
1457.068524 -123.447771
1457.224505 -124.148631
1457.238489 -124.242572
1457.820002 -124.686671
1457.647538 -125.060224
1458.028978 -125.173790
1458.445711 -125.424114
1458.366087 -125.870512
1458.674655 -126.449029
1458.493560 -126.994712
1459.013800 -127.339545
1458.888326 -127.597266
1459.220557 -127.723505
1459.426247 -128.295869
1459.388618 -128.750508
1459.485813 -129.140554
1460.115174 -129.450633
1460.067693 -129.972944
1460.187334 -130.186942
1460.530813 -130.456312
1460.718423 -130.997512
1460.504116 -131.216473
1460.904555 -131.693325
1460.618805 -131.778768
1461.063656 -132.249271
1461.599329 -132.816007
1461.414248 -133.053246
1461.754488 -133.130496
1461.792394 -133.516179
1462.100684 -134.035915
1462.173657 -134.402299
1462.543030 -134.604584
1462.647681 -135.031076
1462.634259 -135.242280
1462.970278 -135.571703
1463.077193 -135.960766
1463.411938 -136.509518
1463.312501 -136.976430
1463.757537 -137.262837
1463.881385 -137.367078
1463.889866 -137.676649
1464.030811 -138.167643
1464.266615 -138.720619
1464.560991 -138.922782
1464.649831 -139.291667
1465.033567 -139.404262
1465.117628 -139.979605
1465.265380 -140.492149
1465.443487 -140.465602
1465.596936 -140.782312
1465.846869 -141.157778
1465.806880 -141.854127
1466.019276 -142.335045
1466.362288 -142.190178
1466.379726 -142.572408
1466.580168 -142.985327
1466.921886 -143.451111
1466.730457 -143.603952
1467.077443 -144.133071
1467.473804 -144.442772
1467.241261 -144.694734
1467.596230 -145.382004
1467.882726 -145.188628
1468.051545 -145.707783
1468.296960 -146.227956
1468.362222 -146.801835
1468.429739 -146.900478
1468.533906 -147.138782
1468.614160 -147.233585
1469.409367 -147.587018
1469.266436 -148.428454
1469.342290 -148.532305
1469.561870 -148.781534
1469.427000 -149.010165
1469.916430 -149.731677
1469.817234 -149.573924
1470.330704 -150.104098
1470.410496 -150.789053
1470.548759 -150.998501
1471.032410 -151.246183
1470.924152 -151.334074
1471.190232 -151.468716
1471.293575 -152.009458
1471.402029 -152.515808
1471.666421 -153.143316
1471.779661 -153.235807
1472.007240 -153.500147
1472.067456 -153.675368
1472.376404 -154.174537
1472.561794 -154.295177
1472.861786 -154.949085
1472.653919 -155.052000
1473.181245 -155.536443
1473.204083 -155.611979
1473.367512 -155.981616
1473.805511 -156.348669
1473.504196 -156.757940
1473.736011 -157.073958
1474.059462 -157.445500
1474.246141 -157.537112
1474.227396 -158.124573
1474.526292 -158.467691
1474.876250 -159.031370
1475.106699 -158.703258
1475.014238 -159.029998
1475.163875 -159.498715
1475.376402 -160.013428
1475.839855 -160.099743
1475.744111 -160.735012
1476.054865 -161.075454
1476.318653 -161.162539
1476.454176 -161.512699
1476.422134 -161.672265
1476.669799 -162.178816
1476.765355 -162.241022
1477.058698 -162.665271
1477.041821 -163.067710
1477.352349 -163.639233
1477.375137 -164.013830
1477.634210 -164.025422
1477.996508 -164.290663
1478.179259 -164.703881
1478.041498 -165.107547
1478.286226 -165.712105
1478.446832 -165.675970
1478.424821 -165.943455
1479.116358 -166.165157
1479.087939 -166.590678
1479.327252 -166.933340
1479.360243 -167.188263
1479.656608 -167.404406
1479.586083 -167.854218
1479.985328 -168.103088
1480.235605 -168.568997
1480.337077 -168.705773
1480.572277 -169.083851
1480.532096 -169.070022
1480.926201 -169.454722
1481.278407 -169.739529
1481.305993 -170.213833
1481.348272 -170.400895
1481.185105 -170.756004
1481.857724 -171.060751
1482.145375 -171.358432
1482.048772 -171.797625
1482.206151 -171.857984
1482.349706 -172.390956
1482.396529 -172.491940
1482.569706 -172.725243
1482.858837 -173.074760
1483.018706 -173.758597
1483.072905 -173.996350
1483.320476 -174.222408
1483.798703 -174.355737
1483.802227 -174.781243
1484.031937 -175.025490
1484.047331 -174.984136
1484.276105 -175.675496
1484.682224 -175.668438
1484.894163 -176.255734
1484.827434 -176.755067
1485.190456 -176.849019
1484.903886 -177.065565
1485.535165 -177.284179
1485.697906 -177.504465
1485.780584 -177.881053
1485.943298 -178.372510
1485.877810 -178.236038
1486.577223 -178.752082
1486.632238 -179.331358
1486.681463 -179.397054
1486.912821 -179.703221
1487.024882 -180.027770
1487.317610 -180.349122
1487.196748 -180.579450
1487.601901 -180.711444
1487.540613 -181.170359
1488.040096 -181.275801
1488.372023 -181.960179
1488.428868 -182.136014
1488.370997 -182.510647
1488.362999 -182.825203
1488.936079 -182.844712
1489.083931 -183.435180
1488.928424 -183.327785
1489.321254 -183.644092
1489.391707 -183.981052
1489.494713 -184.392722
1489.965838 -184.657685
1490.112387 -184.641554
1490.070452 -185.170525
1490.188306 -185.624629
1490.575863 -185.685934
1490.720918 -185.790957
1490.963992 -186.323008
1490.773610 -186.466218
1491.292868 -186.629907
1491.406919 -186.965070
1491.491290 -187.084507
1491.559716 -187.687490
1491.800210 -188.064940
1492.340365 -188.129507
1492.415401 -188.651972
1492.354560 -188.873082
1492.452641 -189.007464
1492.391617 -189.328966
1492.853861 -189.378537
1493.186559 -189.711976
1493.391828 -189.994470
1493.306924 -190.210923
1493.543164 -190.498021
1494.000491 -190.695965
1493.970083 -191.111454
1494.159860 -191.103380
1494.306906 -191.613873
1494.461722 -191.920369
1494.444123 -192.381939
1494.858515 -192.166881
1494.940898 -192.738324
1495.101968 -192.907545
1495.337650 -192.932146
1495.721209 -193.468185
1495.515853 -193.907892
1495.904704 -194.304384
1496.131317 -194.306721
1496.380808 -194.751167
1496.316338 -194.772573
1496.449132 -194.991235
1496.713142 -195.526726
1497.093629 -195.662053
1497.051267 -195.993303
1497.594220 -195.777451
1497.574009 -196.329030
1497.656063 -196.644783
1497.731164 -196.997326
1498.164709 -197.309341
1498.280940 -197.449504
1498.507269 -197.837487
1498.466704 -197.998165
1498.604197 -198.081878
1499.078254 -198.315412
1499.053467 -198.636126
1499.025823 -198.739952
1499.411679 -199.100534
1499.756012 -199.451877
1499.658007 -199.661557
1499.881976 -200.243551
1499.992157 -199.892943
1500.480494 -200.242877
1500.451628 -200.762083
1500.789029 -201.292180
1501.051008 -201.059838
1500.813983 -201.269661
1501.028683 -201.725322
1501.373929 -202.061060
1501.416921 -202.196790
1501.996101 -202.537742
1501.709963 -202.791920
1502.095823 -203.070031
1502.191031 -203.227266
1502.351869 -203.345075
1502.412867 -203.650938
1502.744235 -203.938877
1503.069660 -204.085698
1503.452212 -204.530699
1503.353380 -204.396433
1503.515094 -204.799704
1503.682946 -205.017655
1503.978306 -205.120713
1503.959902 -205.565049
1503.919785 -205.862557
1504.134631 -206.098622
1504.267426 -206.489494
1504.623197 -206.525441
1504.916346 -206.798374
1505.045227 -207.040816
1505.062662 -207.070947
1505.407176 -207.395933
1505.772196 -207.605734
1505.599970 -207.979827
1505.804363 -208.131882
1506.297904 -208.486745
1506.249631 -208.586455
1506.587721 -208.708099
1506.616361 -209.152428
1506.868589 -209.324914
1507.057157 -209.682554
1507.133825 -209.584000
1507.281050 -210.325288
1507.457655 -210.063825
1507.709161 -210.638773
1508.165831 -210.689324
1508.177653 -211.058254
1508.238052 -210.981777
1508.404427 -211.531694
1508.641272 -211.804896
1508.825688 -212.064839
1508.678704 -212.180700
1508.991063 -212.106232
1509.310622 -212.527242
1509.501784 -212.830242
1509.746070 -212.922843
1510.055086 -213.352909
1510.097932 -213.571593
1509.907670 -213.692370
1510.563488 -213.978910
1510.398083 -214.168672
1510.501062 -213.980207
1510.733711 -214.437075
1511.037101 -215.045669
1511.080697 -214.975069
1511.264220 -215.081805
1511.410803 -215.418535
1511.832524 -215.721138
1511.949945 -215.816948
1512.000440 -216.278316
1512.307427 -216.351671
1512.400042 -217.009493
1512.616326 -216.834716
1512.660373 -216.742983
1513.019868 -217.093630
1513.077300 -217.353831
1513.099252 -217.578588
1513.363260 -217.864889
1513.674058 -218.036780
1513.804016 -218.120725
1514.008726 -218.225558
1514.302388 -218.326189
1514.568301 -218.519579
1514.345339 -219.040542
1514.572167 -219.211264
1514.929319 -219.499612
1514.860536 -219.780208
1515.103755 -219.729835
1515.317695 -220.147024
1515.527709 -220.398050
1515.627617 -220.543887
1515.791180 -221.022830
1516.047370 -221.119895
1516.191222 -221.104557
1516.255455 -221.204025
1516.654476 -221.529739
1516.755824 -221.826285
1517.081210 -222.195429
1517.235143 -222.241986
1517.403793 -222.432063
1517.426817 -222.661968
1517.673040 -222.864219
1517.950803 -223.073282
1517.747931 -223.370594
1518.081820 -223.321144
1518.317125 -223.732489
1518.620345 -223.849737
1518.529899 -224.121228
1518.604008 -224.166767
1518.992280 -224.530749
1519.240769 -224.486983
1519.366460 -224.599370
1519.374637 -224.926939
1519.840718 -225.327079
1520.132351 -225.244387
1520.091837 -225.841453
1520.231996 -225.651365
1520.304931 -226.066547
1520.608722 -226.343816
1520.679061 -226.199834
1520.922489 -226.512033
1520.970502 -226.767158
1521.409488 -227.069361
1521.194820 -226.906835
1521.941901 -227.311804
1521.941079 -227.389578
1521.869535 -227.778919
1522.187139 -227.706821
1522.471504 -228.075289
1522.766753 -228.015362
1522.676331 -228.458087
1522.981419 -228.672272
1523.116052 -228.726778
1523.329920 -229.089580
1523.089633 -229.299534
1523.472510 -229.317238
1523.782072 -229.475554
1523.799957 -229.400775
1524.085705 -230.237890
1524.314566 -229.949691
1524.296966 -230.241606
1524.603681 -230.634513
1524.836069 -230.641402
1524.855306 -230.734649
1525.410155 -231.006649
1525.319469 -231.175728
1525.647170 -231.392526
1525.660024 -231.628461
1526.145624 -231.733287
1526.312012 -231.628621
1526.250989 -232.284338
1526.512818 -232.109450
1526.815631 -232.557248
1526.422580 -232.609681
1526.729758 -232.818211
1527.134290 -233.199548
1527.322755 -233.040566
1527.469712 -233.497485
1527.599944 -233.453390
1527.687035 -233.399097
1527.609127 -234.240588
1528.032382 -233.953469
1528.309472 -234.484113
1528.144391 -234.105505
1528.753274 -234.479708
1528.744467 -234.586665
1529.031129 -234.739126
1529.244612 -235.064281
1529.184168 -234.949093
1529.452572 -235.044836
1529.610771 -235.543606
1529.724233 -235.699337
1530.127853 -235.971845
1530.519029 -235.788435
1530.388354 -236.147048
1530.462641 -236.274433
1530.659925 -236.532217
1530.895183 -236.702732
1530.842551 -236.924408
1531.263258 -236.855744
1531.285029 -237.293124
1531.721608 -237.247173
1531.688267 -237.367254
1531.655004 -237.314494
1531.909346 -237.875157
1532.039903 -237.716922
1532.559420 -237.945040
1532.376876 -238.285010
1532.892014 -238.492730
1533.034368 -238.680518
1533.097739 -238.885764
1533.147789 -238.912924
1533.318485 -239.029421
1533.526352 -239.208011
1533.907561 -239.129029
1533.922884 -239.493468
1534.197875 -239.758606
1534.351956 -239.647003
1534.442642 -240.056012
1534.781583 -240.331142
1535.091041 -240.362353
1535.081710 -240.549925
1535.293134 -240.898833
1535.472049 -240.571258
1535.844923 -240.891355
1535.788184 -241.123985
1535.943621 -241.242653
1536.185758 -241.314301
1536.364516 -241.431829
1536.562206 -241.686227
1536.649672 -241.716239
1536.955593 -241.985844
1536.987462 -242.052423
1537.331283 -242.257024
1537.556059 -242.237817
1537.324516 -242.562016
1537.691338 -242.824237
1537.935871 -243.081347
1538.097670 -243.180160
1538.448170 -243.081967
1538.554209 -243.284703
1538.449739 -243.428507
1538.851580 -243.562702
1538.520606 -243.748084
1538.873924 -243.684694
1539.048267 -244.038562
1539.390134 -243.941873
1539.739835 -244.272356
1539.679556 -244.355687
1539.928986 -244.432872
1540.113729 -244.543957
1540.208872 -244.843603
1540.256428 -244.943178
1540.190396 -245.241266
1541.010821 -245.408510
1540.798457 -245.459009
1540.965034 -245.693804
1541.046657 -245.361726
1541.344625 -245.712910
1541.629386 -246.053369
1541.855845 -246.010583
1541.837845 -245.952750
1542.445645 -246.058696
1542.251787 -246.501523
1542.556439 -246.768474
1542.649727 -246.684265
1542.967173 -246.835912
1542.888839 -246.781994
1543.041954 -247.340932
1543.267817 -247.335260
1543.817770 -247.186961
1543.449991 -247.480528
1543.490588 -247.517027
1543.575852 -247.704139
1543.907027 -247.790539
1544.534555 -248.050094
1544.704823 -248.400776
1545.108697 -248.442416
1544.771974 -248.265429
1544.953536 -248.450820
1545.268985 -248.410767
1545.504715 -248.885411
1545.750350 -248.991132
1545.641431 -248.823382
1545.982819 -249.150710
1545.990140 -249.047158
1546.236017 -249.455658
1546.403645 -249.230035
1546.571069 -249.386486
1546.881074 -249.601019
1546.758738 -249.963300
1547.074329 -249.743974
1547.268605 -249.890522
1547.650422 -250.091441
1547.607728 -249.997528
1547.793428 -250.197722
1547.942044 -250.498133
1548.090317 -250.827654
1548.294071 -250.925385
1548.424821 -250.734916
1548.542104 -251.042447
1548.968488 -251.034060
1549.027864 -251.286030
1549.176365 -251.315700
1549.500486 -251.435945
1549.361442 -251.379829
1549.721117 -251.446332
1550.009107 -251.822644
1550.083199 -251.654097
1550.177060 -251.749570
1550.264131 -251.829326
1550.839018 -252.081472
1550.699169 -252.313166
1550.874160 -252.286170
1551.326004 -252.556583
1551.203009 -252.597611
1551.443464 -252.780228
1551.624537 -253.032055
1551.775909 -253.030333
1552.112762 -252.954897
1552.137186 -253.019288
1552.240265 -253.049746
1552.279677 -253.454509
1552.594610 -253.321412
1552.631599 -253.468070
1552.691319 -253.543461
1553.439678 -253.752207
1553.111995 -253.749912
1553.509752 -253.924764
1553.627807 -254.113176
1553.469264 -254.124521
1553.762886 -254.321818
1554.240530 -254.218077
1554.303935 -254.677187
1554.431796 -254.666935
1554.615251 -254.687651
1554.844818 -254.689388
1554.889038 -254.832849
1555.128110 -255.000430
1555.367230 -255.123074
1555.122923 -254.864333
1555.588124 -254.909247
1555.571336 -255.279999
1555.980164 -255.311381
1556.144978 -255.216085
1556.184072 -255.540585
1556.487362 -255.556033
1556.721314 -255.887005
1556.750258 -256.031812
1556.717020 -256.117637
1557.404847 -256.011095
1557.163419 -255.930677
1557.412641 -256.304217
1557.890419 -256.269199
1557.960668 -256.380553
1557.846358 -256.520064
1558.150448 -256.637315
1558.566774 -256.523748
1558.415353 -256.973979
1558.719233 -256.784717
1558.951420 -256.648180
1558.937901 -256.977186
1559.174700 -257.031041
1559.392769 -257.032341
1559.355899 -257.108011
1559.540948 -257.371095
1559.725038 -257.643311
1560.323878 -257.590293
1560.172575 -257.448684
1560.319233 -257.685059
1560.661703 -257.855401
1560.848269 -257.870112
1560.885626 -257.909669
1561.061781 -258.152557
1561.132559 -258.146324
1561.503918 -258.137312
1561.555539 -258.235411
1561.586751 -258.295670
1561.642320 -258.452685
1561.793469 -258.391675
1562.089146 -258.563757
1562.470477 -258.624911
1562.599415 -258.825750
1562.770811 -258.447789
1562.800817 -258.751147
1562.895375 -259.205770
1563.344266 -259.153292
1563.183134 -259.058466
1563.456202 -259.219189
1563.824548 -259.369632
1563.911572 -259.402512
1563.954284 -259.500018
1564.311188 -259.453907
1564.516521 -259.565780
1564.528700 -259.718787
1564.500517 -259.854087
1565.321414 -259.878775
1565.180355 -259.917021
1565.027586 -260.135024
1565.568822 -259.936510
1566.027382 -259.925592
1565.741823 -260.074520
1565.768693 -260.237750
1566.273938 -260.193675
1566.117573 -260.135734
1566.335214 -260.368490
1566.533566 -260.486575
1566.812633 -260.651147
1567.035730 -260.649231
1566.866463 -260.712606
1567.126483 -260.583407
1567.640268 -260.788515
1567.594128 -260.683693
1567.792083 -260.965661
1567.868545 -260.892663
1568.041251 -260.804462
1568.155497 -261.085340
1568.204690 -260.871027
1568.682197 -261.374489
1568.658766 -261.300243
1568.905860 -261.201675
1569.173951 -261.481489
1569.157645 -261.330798
1569.496956 -261.460188
1569.608785 -261.487012
1570.017647 -261.382615
1569.889697 -261.578606
1570.322895 -261.673323
1570.265481 -261.754565
1570.466533 -261.846974
1570.710096 -262.018384
1570.799402 -261.864592
1571.178879 -262.007143
1570.917081 -261.842739
1571.160889 -262.148846
1571.191640 -262.116345
1571.610243 -262.333146
1571.833483 -262.335578
1571.603122 -262.294566
1571.983204 -262.069550
1572.093181 -262.458032
1572.275020 -262.417694
1572.626456 -262.600266
1572.378764 -262.478646
1572.908588 -262.386497
1573.229550 -262.336476
1573.288860 -262.809353
1573.380647 -262.747175
1573.331418 -262.490971
1573.552656 -262.664166
1573.668375 -262.746662
1573.755960 -262.921133
1574.087453 -262.810631
1574.370714 -262.959440
1574.291463 -263.032912
1574.610954 -263.351092
1574.605504 -263.303058
1574.967155 -262.970559
1574.973356 -263.043931
1575.160991 -262.994485
1575.486823 -263.453221
1575.588489 -263.074217
1576.018423 -263.548311
1575.950849 -263.575614
1576.204875 -263.350098
1576.189592 -263.408399
1576.467971 -263.381687
1576.346737 -263.453526
1576.667804 -263.673761
1576.991612 -263.830354
1577.220332 -264.001949
1577.184754 -263.606999
1577.143509 -263.763214
1577.366856 -263.791071
1577.682781 -263.955402
1577.950715 -263.975991
1578.111735 -264.049607
1578.082053 -263.917111
1578.208307 -263.735339
1578.372325 -263.763954
1578.824201 -263.951818
1578.632665 -263.960307
1579.049889 -264.361419
1579.238027 -263.918261
1579.378108 -264.170507
1579.675444 -264.136655
1579.655192 -264.089683
1580.075363 -264.264738
1579.965304 -264.062488
1579.937030 -264.144023
1580.631471 -264.470510
1580.662958 -264.265669
1580.763484 -264.208745
1580.915558 -264.633341
1580.939320 -264.441036
1581.118653 -264.394567
1581.632657 -264.701886
1581.539341 -264.684890
1581.654467 -264.310542
1581.963251 -264.562926
1582.065918 -264.928109
1582.335165 -264.645136
1582.258955 -264.790336
1582.503141 -264.626870
1582.617926 -264.560974
1582.969132 -264.587131
1582.942301 -264.574218
1583.383134 -264.889771
1583.409548 -264.749818
1583.330397 -264.669787
1583.653012 -264.970206
1583.681946 -264.949915
1584.106322 -265.173122
1584.222409 -265.254211
1584.093502 -264.827170
1584.527519 -264.954129
1584.308894 -264.668772
1584.620546 -265.166428
1585.008168 -265.108810
1584.877807 -265.018014
1585.259273 -265.162205
1585.839664 -265.019217
1585.550260 -265.123219
1585.460634 -265.077835
1585.969905 -265.057523
1585.892927 -265.080458
1586.114726 -264.970388
1586.318577 -265.053900
1586.378372 -265.287622
1586.585408 -265.214176
1586.544125 -265.282224
1587.035593 -265.391322
1587.455191 -265.264663
1587.242419 -265.347940
1587.109275 -265.278299
1587.958855 -265.521589
1587.592854 -265.307344
1588.023710 -265.245914
1587.940454 -265.071004
1588.088448 -265.340298
1588.560236 -265.205495
1588.612480 -265.250712
1588.720398 -265.275911
1588.844831 -265.372966
1589.030736 -265.417436
1589.278710 -265.134607
1589.407067 -265.133089
1589.561960 -265.329470
1589.663658 -265.441492
1589.724901 -265.411763
1590.141912 -265.165107
1590.378703 -265.418597
1590.216504 -265.487810
1590.439854 -265.023411
1590.423913 -265.405472
1590.691476 -265.291667
1590.785572 -265.240136
1591.108139 -265.098078
1591.321024 -265.372081
1591.486979 -265.209529
1591.730603 -265.321036
1591.777921 -265.543760
1591.911741 -265.275102
1592.080567 -265.545819
1592.254729 -265.356008
1592.232167 -265.348209
1592.603722 -265.645557
1592.750443 -265.592947
1592.792263 -265.344557
1592.871196 -265.508560
1592.984355 -265.411373
1593.213759 -265.432654
1593.599571 -265.474576
1593.565973 -265.429148
1593.623837 -265.409643
1593.873697 -265.024402
1594.004331 -265.227524
1594.509074 -265.380858
1594.440286 -265.463398
1594.680591 -265.473954
1594.668892 -265.293524
1595.073754 -265.173974
1595.189427 -265.324929
1595.067612 -265.139605
1595.434366 -265.606294
1595.826630 -265.410320
1595.689526 -264.929073
1595.770012 -265.191353
1596.228005 -265.287693
1596.277348 -265.293551
1596.455144 -265.272565
1596.685148 -265.053881
1596.809031 -265.068210
1596.591447 -265.562733
1596.915465 -265.316184
1597.068286 -265.241395
1597.388901 -265.260948
1597.502463 -265.020501
1597.502373 -265.217464
1597.993367 -265.188725
1598.092017 -265.078191
1597.955681 -265.129181
1598.373734 -265.243553
1598.312581 -264.950724
1598.662461 -265.055480
1598.611312 -264.903675
1598.733714 -265.368377
1598.899959 -264.816393
1599.060542 -265.216835
1599.196487 -265.243944
1599.298843 -264.803545
1599.448633 -264.983777
1600.109796 -264.959240
1599.799936 -264.696472
1600.209477 -264.816653
1600.261096 -265.126870
1600.410217 -264.775272
1600.489726 -264.933213
1600.636900 -264.796635
1600.743200 -264.801942
1601.338463 -264.571638
1601.003106 -264.545517
1601.377351 -264.859130
1601.582881 -264.716272
1601.836026 -264.748656
1601.657820 -264.647057
1602.083988 -264.598303
1602.248521 -264.618299
1602.231718 -264.685691
1602.567300 -264.638782
1602.614825 -264.600798
1602.661566 -264.443511
1602.979730 -264.478115
1603.184981 -264.646886
1603.263251 -264.472072
1603.348207 -264.370043
1603.547978 -264.352231
1603.385243 -264.530364
1603.662301 -264.364302
1603.946521 -264.459786
1604.261667 -264.511853
1604.262239 -264.350622
1604.413937 -264.178579
1604.578044 -264.253472
1605.150112 -264.115575
1604.957459 -264.390867
1605.293125 -264.034048
1605.336795 -264.096947
1605.395789 -264.061155
1605.487666 -263.909982
1605.796315 -264.265983
1605.983884 -264.111154
1605.979400 -264.124367
1606.007350 -264.030019
1606.289892 -263.898032
1606.511061 -263.699661
1606.235214 -263.693043
1606.761468 -263.921512
1607.026523 -263.890515
1607.077897 -263.634236
1607.327062 -263.878281
1607.020649 -263.646362
1607.475197 -263.729377
1607.700070 -263.604077
1607.722653 -263.632767
1608.009373 -263.601355
1607.935442 -263.397061
1608.186742 -263.213784
1608.452016 -263.281875
1608.520341 -263.244055
1608.790264 -263.385183
1608.843751 -263.268704
1609.093924 -263.205017
1609.188819 -263.343890
1609.186772 -263.152457
1609.519989 -263.250576
1609.632945 -263.077546
1609.644346 -263.026647
1609.760133 -263.069617
1610.167704 -262.889100
1610.176043 -262.905190
1610.289913 -262.917199
1610.625029 -262.861097
1610.553579 -262.980329
1610.975790 -262.757490
1610.964551 -262.756919
1611.230480 -262.822296
1611.269879 -262.977827
1611.359678 -262.794583
1611.416044 -262.591583
1611.891028 -262.557898
1611.925272 -262.490720
1612.125941 -262.264668
1612.298166 -262.349051
1612.462650 -262.532773
1612.622250 -262.712202
1612.447331 -262.094024
1612.677138 -262.297953
1612.887541 -262.306084
1612.974183 -262.262364
1612.982892 -262.156352
1613.252520 -262.439861
1613.629262 -262.130700
1613.620822 -261.961573
1613.702615 -261.877993
1614.013446 -261.817910
1614.080962 -261.833273
1614.247530 -261.628855
1614.393115 -261.480742
1614.610522 -261.886427
1614.615550 -261.856085
1614.788752 -261.618379
1615.067278 -261.519133
1615.211232 -261.803252
1615.252520 -261.315849
1615.197070 -261.386940
1615.772955 -261.209638
1615.809089 -261.138032
1615.827770 -261.140514
1616.151152 -261.185743
1616.208705 -260.990805
1616.310087 -261.207456
1616.440444 -260.856836
1616.650731 -260.970747
1616.927004 -261.200366
1617.126760 -260.679466
1617.072182 -260.637541
1617.030320 -260.679291
1617.540534 -260.482270
1617.919063 -260.610980
1617.669584 -260.529092
1617.880929 -260.651001
1617.906083 -260.670019
1617.903311 -260.487244
1618.366168 -260.639717
1618.596981 -260.402975
1618.403786 -260.312593
1618.432911 -260.097427
1618.710133 -260.166065
1619.112937 -259.980476
1619.107329 -260.000568
1619.153779 -260.062962
1619.413063 -260.290222
1619.602237 -259.948465
1619.736575 -259.836357
1620.007717 -259.671625
1619.841486 -259.448267
1620.296756 -259.527066
1620.328031 -259.636923
1620.450480 -259.537408
1620.193943 -259.677974
1620.600994 -259.206526
1621.100384 -259.261235
1621.143180 -259.454691
1621.325358 -259.135996
1621.293618 -259.318122
1621.754732 -259.181106
1621.823940 -259.354172
1621.721888 -258.835936
1622.008982 -259.001470
1621.912057 -259.048029
1622.507830 -258.750633
1622.469721 -258.663733
1622.508163 -258.582969
1622.432296 -258.591056
1622.593114 -258.376438
1622.902883 -258.571306
1622.834850 -258.479607
1623.006949 -258.144065
1623.645792 -258.251683
1623.365582 -258.367807
1623.677753 -258.130420
1623.632156 -258.081296
1624.105863 -258.131463
1624.289120 -257.846051
1624.329307 -257.851823
1624.480337 -257.914368
1624.629122 -257.626602
1624.414776 -257.728627
1624.959866 -257.471125
1625.044426 -257.441409
1625.244319 -257.229329
1625.145190 -257.492380
1625.218172 -257.024378
1625.410832 -257.394176
1625.395528 -257.057781
1625.966035 -257.265521
1626.145813 -256.870009
1625.869862 -256.860866
1625.929721 -256.854393
1626.537541 -256.656476
1626.328137 -256.601752
1626.636811 -256.954139
1626.797450 -256.521672
1626.851631 -256.477341
1627.011301 -256.227186
1627.029982 -256.167367
1627.199867 -256.686046
1627.556682 -256.269596
1627.495824 -255.899387
1628.028624 -256.375739
1627.872482 -255.889014
1628.344865 -256.021773
1628.433786 -255.911704
1628.444029 -255.980017
1628.556513 -255.874284
1628.628167 -255.559587
1628.699808 -255.398885
1628.933557 -255.755092
1629.053926 -255.524138
1629.081536 -255.270647
1629.420795 -255.163923
1629.687521 -254.984431
1629.632777 -254.901849
1629.961255 -255.009906
1629.813635 -255.001524
1630.410858 -254.866150
1630.027851 -255.068819
1630.276725 -254.783946
1630.348735 -254.633168
1630.471408 -254.643582
1630.771589 -254.536496
1630.935888 -254.331828
1631.138872 -254.236399
1631.087835 -254.504677
1631.155324 -254.037440
1631.633735 -253.826472
1631.660605 -253.924399
1631.576484 -253.790477
1631.944515 -253.672000
1631.985195 -253.818456
1632.396386 -253.526482
1632.205615 -253.548894
1632.384272 -253.346468
1632.768644 -253.201749
1632.699402 -253.487073
1632.881708 -253.103282
1632.928660 -253.017102
1633.183094 -253.000544
1633.166799 -253.220764
1633.532976 -252.937739
1633.487675 -252.825383
1633.557827 -252.794977
1633.960795 -252.815196
1633.941091 -252.433817
1633.929375 -252.431233
1634.293795 -252.337487
1634.337474 -252.350335
1634.420371 -252.377670
1634.489989 -251.852128
1634.858735 -252.253529
1634.904256 -251.744889
1635.163241 -252.016336
1635.231199 -252.026850
1635.200586 -251.368575
1635.433848 -251.802555
1635.345221 -251.520497
1635.882193 -251.405514
1635.977392 -251.344317
1636.005025 -251.171798
1636.123823 -251.079190
1636.088294 -251.122381
1636.578703 -250.974516
1636.417168 -250.705636
1636.980809 -250.549933
1636.981267 -250.592802
1636.761430 -250.702832
1637.216814 -250.404866
1637.377596 -250.631938
1637.320184 -250.288308
1637.635330 -250.402109
1637.707961 -250.169362
1637.515490 -250.215876
1638.063415 -250.453151
1638.159643 -250.140649
1638.162420 -249.740886
1638.372806 -249.893638
1638.692980 -249.796059
1638.600054 -249.337822
1638.995176 -249.425919
1638.993262 -249.415045
1638.796466 -249.311502
1638.973784 -249.206743
1639.148115 -248.915167
1639.648942 -248.784032
1639.878532 -248.963200
1639.775645 -249.042968
1640.004607 -248.925861
1639.720095 -248.916742
1640.060045 -248.677244
1640.422954 -248.262332
1640.316753 -248.491512
1640.177729 -248.198937
1640.695847 -248.099701
1640.585719 -248.134288
1641.039919 -247.958173
1640.772088 -247.941997
1641.156900 -247.711764
1641.397519 -247.732954
1641.622120 -247.681830
1641.770583 -247.824175
1641.787778 -247.388822
1641.937215 -247.493590
1641.934831 -247.141382
1642.310079 -246.903308
1642.545420 -247.157699
1642.342307 -246.898815
1642.356590 -246.747592
1642.777991 -246.608809
1642.791851 -246.712096
1642.969365 -246.663669
1642.860885 -246.438096
1643.222171 -246.270350
1643.622449 -246.494534
1643.576924 -246.547643
1643.658844 -246.226653
1643.638442 -246.248647
1643.911742 -245.916026
1644.086249 -246.164578
1643.700236 -245.805179
1644.449385 -245.575091
1644.405322 -245.610614
1644.556231 -245.366644
1644.642948 -245.088926
1644.870908 -245.196273
1644.999064 -245.192480
1644.937505 -245.175208
1645.066424 -244.860245
1645.514951 -244.795099
1645.244145 -244.662095
1645.788321 -244.524053
1645.810102 -244.614809
1645.922271 -244.239787
1645.843037 -244.293044
1646.131178 -244.327206
1646.042881 -243.848871
1646.382916 -244.101739
1646.687723 -244.078323
1646.764845 -243.977800
1646.565712 -243.669156
1646.767427 -243.854599
1646.833507 -243.602278
1647.121698 -243.532319
1647.344395 -243.530862
1647.541140 -242.997783
1647.678938 -243.300856
1647.766530 -242.961829
1647.500756 -243.074408
1647.918957 -242.758209
1648.071506 -242.717420
1648.425752 -242.487055
1648.540959 -242.578694
1648.289582 -242.301687
1648.603999 -242.246873
1648.799547 -242.336873
1649.019344 -241.842987
1649.095410 -242.252607
1649.253213 -241.873108
1649.287437 -241.855657
1649.219386 -241.818320
1649.436714 -241.471491
1649.476481 -241.609008
1649.880439 -241.421599
1649.781374 -241.185401
1650.160061 -241.091773
1649.774808 -240.990307
1650.157360 -241.033053
1650.141298 -240.655580
1650.409721 -240.575418
1650.757790 -240.558837
1650.982977 -240.608666
1650.445316 -240.672965
1651.111736 -240.355968
1651.187149 -240.170528
1651.092483 -240.385842
1651.442120 -239.987399
1651.493587 -239.837493
1651.774874 -239.714990
1651.964494 -239.877988
1651.990689 -239.665291
1652.080657 -239.383184
1652.155834 -239.403709
1652.506217 -239.054327
1652.656058 -239.403471
1652.258214 -238.839411
1652.606230 -238.943928
1652.805874 -238.584902
1653.002255 -238.733306
1653.051997 -238.346342
1653.178039 -238.637983
1653.306813 -238.258525
1653.509301 -238.569621
1653.514175 -238.194223
1653.705970 -238.298466
1653.777027 -238.200535
1653.781108 -238.040905
1653.896337 -237.867067
1653.968406 -237.912402
1654.169169 -237.483603
1654.381074 -237.432635
1654.256694 -237.407687
1654.794068 -237.354082
1654.832766 -237.083383
1654.874090 -237.082365
1654.994157 -236.675963
1655.460003 -236.751325
1655.205535 -236.972864
1655.387830 -236.526297
1655.447697 -236.713798
1655.683184 -236.586964
1655.466464 -236.225058
1655.890116 -235.966493
1656.185414 -236.041670
1656.229905 -235.783483
1656.417989 -235.905508
1656.588629 -236.106287
1656.459280 -235.634992
1656.900711 -234.991100
1656.571394 -235.261309
1656.920484 -235.484092
1656.923864 -235.200290
1657.237564 -234.849952
1657.436418 -234.799564
1657.458410 -234.975756
1657.584791 -234.555339
1657.734282 -234.372309
1657.919622 -234.223670
1657.749133 -234.406499
1658.331378 -234.205128
1658.141660 -234.177806
1658.396924 -233.745488
1658.190649 -233.645758
1658.527952 -233.907511
1658.432449 -233.714903
1658.705840 -233.603332
1659.016699 -233.387180
1658.915336 -233.397515
1659.207542 -233.191952
1659.244736 -232.892087
1659.339584 -233.150555
1659.657927 -233.296280
1659.620784 -232.789916
1659.713478 -232.674866
1659.537625 -232.685244
1660.131018 -232.563066
1659.981853 -232.511276
1660.254430 -232.371764
1660.368801 -232.274723
1660.222257 -232.006182
1660.356469 -231.755067
1660.724795 -231.423975
1660.943607 -231.965690
1660.808979 -231.386176
1661.143560 -231.603249
1661.171694 -231.440069
1661.452416 -230.922170
1661.301738 -231.159461
1661.636053 -230.704484
1661.674532 -230.827520
1661.753289 -230.701024
1661.844962 -230.446078
1662.078392 -230.301260
1662.330466 -230.250144
1662.318824 -230.325976
1662.232641 -230.280621
1662.373312 -229.878647
1662.884892 -229.990163
1662.597640 -229.771449
1662.727934 -229.561459
1663.099585 -229.655889
1663.145476 -229.483192
1663.234927 -229.069324
1663.397390 -229.310489
1663.436817 -228.993428
1663.480225 -229.310574
1663.722819 -229.083504
1663.843834 -228.815485
1663.842161 -228.991036
1664.081244 -228.657016
1664.030800 -228.599851
1664.313800 -228.297632
1664.637849 -228.126932
1664.303813 -228.148935
1664.589506 -228.246055
1664.565344 -227.646617
1664.750412 -227.988251
1665.058694 -227.758922
1665.276112 -227.324302
1665.294923 -227.383948
1665.329834 -227.671306
1665.225064 -227.073693
1665.289214 -227.071929
1665.798171 -226.904828
1665.854271 -226.929457
1665.986216 -226.732336
1666.216832 -226.593513
1665.816667 -226.263969
1666.415405 -226.327620
1666.408790 -226.524769
1666.395945 -226.205593
1666.630280 -226.063196
1666.801755 -226.086805
1666.816080 -225.802230
1666.925757 -225.805510
1667.303599 -225.639082
1667.044776 -225.753086
1667.429592 -225.207681
1667.344215 -224.998357
1667.601839 -225.093727
1667.827482 -224.935789
1667.821975 -224.879844
1667.771495 -224.880663
1667.748126 -224.548618
1668.204541 -224.284974
1668.188041 -224.203971
1668.013287 -224.242993
1668.678881 -224.156858
1668.690379 -224.083545
1668.549802 -224.113141
1668.791987 -223.581470
1668.887360 -223.631360
1669.165856 -223.550557
1669.329678 -223.668848
1669.215754 -223.210788
1669.564367 -223.154035
1669.543359 -223.073001
1669.528478 -222.889332
1669.705872 -223.083540
1669.985728 -222.593744
1669.972005 -223.194877
1670.020508 -222.609917
1670.207931 -222.042809
1670.014256 -222.166169
1670.363020 -222.261555
1670.629704 -221.996021
1670.662657 -222.185332
1670.793117 -222.029437
1670.861153 -222.076001
1670.730554 -221.682327
1671.299182 -221.640954
1671.009077 -221.359289
1671.157996 -221.196935
1671.566495 -221.066155
1671.457451 -221.004693
1671.678511 -221.099316
1672.084376 -220.582790
1671.879162 -220.503513
1671.904724 -220.616708
1672.045080 -220.264664
1672.323979 -220.281405
1672.185185 -220.266988
1672.398479 -220.235348
1672.238680 -219.981952
1672.468938 -220.057266
1672.792590 -219.824503
1672.997635 -219.488516
1672.894575 -219.658434
1673.291431 -219.414413
1673.229010 -219.500372
1673.499772 -219.092870
1673.445372 -219.161340
1673.385884 -218.898390
1673.578950 -218.708606
1673.504586 -218.784349
1673.718256 -218.592688
1673.831105 -218.646628
1674.382539 -218.259841
1674.271812 -218.388969
1674.308099 -218.289514
1674.183480 -217.903129
1674.490576 -217.823700
1674.462187 -217.644881
1674.908137 -217.885684
1675.245527 -217.485513
1674.916007 -217.775506
1675.177309 -217.209965
1674.948972 -217.100255
1675.359389 -216.829468
1675.249277 -216.736070
1675.408609 -216.695221
1675.621284 -216.560041
1675.653120 -216.324452
1676.059261 -216.398833
1676.126170 -216.454306
1675.956427 -216.370715
1676.080947 -216.273583
1675.849316 -216.052939
1676.091890 -216.032791
1676.263823 -216.007392
1676.835222 -215.334778
1676.945095 -215.311261
1676.773894 -215.570441
1677.033241 -215.117731
1677.026830 -215.186372
1677.111019 -215.184907
1677.216704 -214.995402
1677.385928 -214.757267
1677.239926 -214.574658
1677.417066 -214.460457
1677.529626 -214.770074
1677.681583 -214.004644
1678.082704 -214.207573
1677.901854 -213.977431
1677.885940 -213.989362
1678.168126 -213.772249
1678.355125 -213.795225
1678.312349 -213.390022
1678.542760 -213.556203
1678.587395 -213.238544
1678.630822 -213.297515
1678.884025 -213.188011
1678.661516 -213.019690
1679.031096 -212.876418
1679.080771 -212.836910
1679.203960 -212.609658
1679.344877 -212.651446
1679.446545 -212.371481
1679.434903 -212.273952
1679.194909 -212.356194
1679.911982 -212.308368
1679.850746 -211.763692
1679.858355 -212.148935
1680.038029 -211.845744
1680.207630 -211.793756
1680.548658 -211.604886
1680.195784 -211.388540
1680.468118 -211.693349
1680.488187 -211.281355
1680.745029 -211.188734
1680.681059 -210.973914
1680.834839 -210.895972
1681.098086 -210.807685
1681.243676 -210.566339
1681.326917 -210.554529
1681.323426 -210.148705
1681.625007 -210.416490
1681.552838 -210.256175
1681.649812 -210.167300
1681.690688 -209.919063
1681.855957 -209.896854
1681.940924 -209.623761
1682.047431 -209.739877
1682.131945 -209.592521
1682.453568 -209.567347
1682.313346 -209.270618
1682.601382 -209.526046
1682.514795 -209.144506
1682.698137 -208.884754
1682.706412 -208.890928
1683.058700 -208.511630
1682.951334 -208.379398
1683.279371 -208.292103
1683.339745 -208.489859
1683.289715 -208.247111
1683.564841 -207.990202
1683.410506 -208.105494
1683.601764 -208.048684
1683.713980 -207.753622
1683.720672 -207.787883
1683.780080 -207.695201
1684.172505 -207.552572
1684.312264 -207.425699
1684.111480 -207.154962
1684.270870 -207.036080
1684.391244 -207.078680
1684.515605 -206.953321
1684.492463 -206.982622
1684.508602 -206.829189
1684.689533 -206.325847
1684.681777 -206.318533
1684.695171 -206.389073
1685.031963 -206.124276
1685.223142 -206.608324
1685.118215 -205.624848
1685.316841 -205.832139
1685.389270 -205.876880
1685.463430 -205.678348
1685.468348 -205.720140
1685.561605 -205.756626
1685.917599 -205.228117
1686.041576 -205.026011
1685.842148 -205.248735
1685.944532 -204.998451
1686.506154 -204.947917
1686.160533 -204.980772
1686.556823 -204.488373
1686.393250 -204.243131
1686.622144 -204.424243
1686.544307 -204.310257
1687.058880 -204.083363
1687.179152 -204.267493
1687.111650 -204.114043
1687.225393 -204.141650
1687.376944 -203.834295
1687.310098 -203.420712
1687.280253 -203.530854
1687.477495 -203.107822
1687.539555 -203.365512
1687.711116 -203.228839
1687.598106 -202.977994
1687.958209 -202.982211
1687.758911 -203.005287
1688.265932 -202.837118
1688.155868 -202.681126
1688.318629 -202.714843
1688.517463 -202.693085
1688.319396 -202.326263
1688.677673 -202.490062
1688.414195 -202.235743
1688.954809 -202.166077
1688.761920 -201.757707
1689.022831 -201.760304
1689.117619 -201.703304
1689.272764 -201.448852
1689.342045 -201.589121
1689.437693 -201.198288
1689.615815 -201.153815
1689.162290 -201.340254
1689.841130 -201.243398
1689.902504 -200.752658
1689.863297 -200.771622
1689.820224 -200.760237
1690.200624 -200.425554
1690.204391 -200.530007
1690.144858 -200.364065
1690.237468 -200.508972
1690.463235 -200.022266
1690.464246 -200.144343
1690.525686 -200.158358
1690.620411 -199.899849
1690.693577 -199.869702
1690.548952 -199.700058
1691.154584 -199.585945
1691.016643 -199.454745
1691.329715 -199.381908
1691.322622 -199.375299
1691.541222 -199.201365
1691.449740 -199.125498
1691.625073 -199.080296
1691.656027 -198.919902
1691.544504 -198.875601
1691.811606 -198.873066
1692.049173 -198.249370
1692.003956 -198.530486
1692.283091 -198.413795
1692.392558 -198.351707
1692.243438 -198.016126
1692.441511 -197.648215
1692.605549 -197.883610
1692.690345 -197.713148
1692.826644 -197.656889
1692.732599 -197.587951
1692.737904 -197.307221
1693.060778 -197.370268
1693.267359 -197.165534
1693.261201 -197.120264
1693.353379 -197.063473
1693.283803 -196.851016
1693.313743 -196.828610
1693.575778 -196.653395
1693.617044 -196.585315
1693.890344 -196.255922
1693.944876 -196.205813
1693.963776 -196.133212
1693.832112 -196.358753
1693.981967 -195.953825
1694.240459 -196.306301
1694.598531 -195.920700
1694.004442 -195.643937
1694.269077 -195.582203
1694.495729 -195.462365
1694.658425 -195.236375
1694.742841 -195.115037
1694.988479 -195.698949
1694.637573 -195.092433
1695.070306 -194.936546
1695.251948 -195.002463
1695.166442 -195.050541
1695.563760 -194.572344
1695.338659 -194.637910
1695.285018 -194.433816
1695.503285 -194.509368
1695.663516 -194.155298
1695.675452 -193.746620
1695.397230 -194.205102
1695.619035 -194.165179
1696.284595 -194.016040
1695.867462 -193.600503
1696.419824 -193.621330
1696.142164 -193.646221
1696.396650 -193.542485
1696.213226 -193.530474
1696.631264 -193.294938
1696.837055 -193.210697
1696.705797 -193.167842
1696.538878 -193.266647
1696.547544 -192.908140
1696.980035 -192.910333
1697.126226 -192.648225
1697.225202 -192.335471
1697.415631 -192.666894
1697.224409 -192.486029
1697.448363 -192.395564
1697.366352 -192.494700
1697.740416 -192.193189
1697.733833 -192.297103
1697.557544 -192.021947
1697.796576 -191.904422
1697.964317 -191.774074
1698.186953 -191.671482
1697.757386 -191.570775
1698.216519 -191.544235
1698.015339 -191.549170
1698.300959 -191.234303
1698.227559 -191.354522
1698.422232 -190.998425
1698.684060 -191.016668
1698.782664 -190.886906
1698.560356 -191.032921
1698.664987 -190.927611
1698.991702 -190.689805
1698.837817 -190.368027
1699.182597 -190.460752
1699.529378 -190.353577
1699.214028 -190.298806
1699.339392 -190.192605
1699.155183 -190.321682
1699.498208 -190.006308
1699.840334 -189.987159
1699.767521 -189.752681
1699.936658 -189.709318
1699.749893 -189.753006
1699.839283 -189.695403
1700.056547 -189.587985
1700.059301 -189.490297
1700.399058 -189.285937
1700.223806 -189.213972
1700.304286 -188.983843
1700.529310 -189.142713
1700.658478 -188.997141
1700.458600 -188.976193
1700.770206 -188.661664
1700.665681 -188.580328
1700.797728 -188.568322
1700.965125 -188.539191
1700.898952 -188.002670
1701.152250 -188.091567
1701.219880 -188.322637
1701.647723 -187.995155
1701.364795 -187.860711
1701.698060 -187.733913
1701.533181 -187.736908
1701.536677 -187.456214
1701.910143 -187.910910
1701.994369 -187.407251
1702.080447 -187.595050
1702.077772 -187.501854
1702.195096 -187.339020
1702.270095 -187.338369
1702.313046 -187.242144
1701.999676 -187.065198
1702.660596 -187.084841
1702.622348 -186.933368
1702.332274 -186.717571
1702.672694 -186.716984
1702.476397 -186.446896
1702.576747 -186.445462
1702.979264 -186.459834
1703.074910 -186.268635
1703.036400 -186.075866
1702.792570 -186.262376
1703.217115 -185.936682
1703.342500 -185.979105
1703.069371 -186.073572
1703.615240 -185.693002
1703.367350 -185.590181
1703.502651 -185.693098
1704.001691 -185.861408
1703.908381 -185.528255
1703.989228 -185.416666
1703.863012 -185.182458
1703.862864 -185.344784
1704.231892 -185.108640
1704.007445 -185.051631
1703.845959 -185.228930
1704.571223 -185.126918
1704.419932 -184.817665
1704.724562 -184.820576
1704.764359 -184.747263
1704.711867 -184.638562
1705.077392 -184.642457
1704.799396 -184.522857
1704.658660 -184.130270
1705.395227 -184.315517
1705.088914 -184.114078
1705.361186 -184.083903
1705.010726 -184.001411
1705.027040 -184.090053
1705.422365 -183.816699
1705.392782 -183.901431
1705.520997 -183.876172
1705.762638 -183.644451
1705.653365 -183.580159
1705.965224 -183.736359
1705.849811 -183.514000
1705.862686 -183.377849
1706.002995 -183.273113
1706.141785 -183.253564
1706.299485 -183.476235
1706.267308 -183.168499
1706.234371 -183.017949
1706.196636 -182.893141
1706.542166 -182.847306
1706.667636 -182.854853
1706.778340 -182.881868
1706.755022 -182.834684
1706.915906 -182.467657
1706.862716 -182.410696
1706.541962 -182.344979
1707.071454 -182.202300
1707.069797 -181.895035
1707.174179 -182.114621
1707.168383 -181.852392
1707.251500 -182.194748
1707.672007 -181.918626
1707.401216 -181.683734
1707.304921 -181.671586
1707.395049 -181.903261
1707.530211 -181.489643
1707.689584 -181.690949
1708.043585 -181.695961
1708.071665 -181.540562
1708.051732 -181.590671
1708.031819 -181.364165
1707.990335 -181.052481
1708.025839 -181.028000
1708.219009 -180.855022
1708.285325 -180.964814
1708.501843 -180.738214
1708.647292 -180.966241
1708.565347 -180.512846
1708.501179 -180.792091
1708.763551 -180.524190
1708.780659 -180.350215
1708.942690 -180.432355
1708.969345 -180.306114
1709.208472 -180.546653
1708.804430 -180.313709
1709.229795 -180.239725
1709.206740 -180.146812
1709.040723 -179.998763
1709.479967 -179.613413
1709.449912 -179.946418
1709.460868 -180.222245
1709.592555 -179.536930
1709.382181 -179.567174
1709.612053 -179.649732
1709.882521 -179.703072
1709.883877 -179.699898
1709.923969 -179.608150
1710.001965 -179.252781
1710.028136 -179.394681
1710.252174 -179.237486
1710.169422 -179.433377
1710.189001 -178.984582
1710.148315 -179.064961
1710.402965 -179.157482
1710.694326 -179.271137
1710.726377 -179.106640
1710.478324 -178.627429
1710.625089 -178.743665
1710.774439 -178.728774
1710.673181 -178.636947
1710.873215 -178.394796
1710.951527 -178.579262
1711.384917 -178.684829
1711.334954 -178.328205
1711.228861 -178.124445
1711.166656 -178.289661
1711.273523 -178.304421
1711.660832 -178.150249
1711.527111 -177.971035
1711.714659 -177.887953
1711.632546 -178.142038
1711.722216 -178.051770
1711.690665 -177.973415
1711.663386 -177.847741
1712.010406 -177.547643
1712.086994 -177.788906
1712.380569 -177.511355
1712.301042 -177.435738
1712.369948 -177.522519
1712.429458 -177.419264
1712.490339 -177.468747
1712.543999 -177.303757
1712.346751 -177.857907
1712.670999 -177.312912
1712.830827 -177.445237
1712.819892 -177.054647
1712.912455 -177.131034
1713.041428 -176.970830
1712.839581 -176.935989
1712.911368 -176.898652
1713.194029 -176.732780
1713.265814 -176.647540
1713.182727 -176.616121
1713.177640 -176.575617
1713.384856 -176.443888
1713.555873 -176.585385
1713.673634 -176.429858
1713.424974 -176.532163
1713.566176 -176.531398
1713.927723 -176.444108
1713.614180 -175.944600
1714.188160 -176.333462
1713.658057 -176.062633
1713.949965 -176.222925
1714.201992 -176.286650
1713.931724 -176.144341
1714.204613 -176.147224
1714.277725 -175.768761
1714.265159 -175.903835
1714.553239 -175.887399
1714.555008 -175.765527
1714.399980 -175.869227
1714.830457 -175.510573
1714.676595 -175.719301
1714.975688 -175.861225
1714.759843 -175.385909
1714.859732 -175.583933
1715.042874 -175.194845
1714.945004 -175.572326
1715.205901 -175.215941
1715.105385 -175.251326
1715.382671 -175.297051
1715.110096 -175.138023
1715.518860 -175.435759
1715.682107 -175.041820
1715.705471 -175.073653
1715.817472 -175.157317
1715.698540 -175.178205
1715.931726 -174.850547
1715.536445 -175.102863
1715.801003 -175.155633
1715.933600 -174.895615
1716.107836 -174.815386
1716.078461 -174.679705
1716.124320 -174.949717
1716.018816 -174.789057
1715.997694 -174.838073
1716.259636 -174.702841
1716.469642 -174.759535
1716.381548 -174.626963
1716.489440 -174.395273
1716.415937 -174.291171
1716.657566 -174.090461
1716.317631 -174.570212
1716.622978 -174.124660
1716.739937 -173.993919
1716.763640 -174.102169
1716.896313 -174.209874
1716.972912 -174.004412
1716.974567 -174.175991
1717.309413 -174.104693
1717.063276 -174.018262
1717.099639 -174.240603
1717.600924 -173.805179
1717.280642 -173.902669
1717.485346 -173.863224
1717.499194 -173.786084
1717.762711 -173.831809
1717.622527 -173.851302
1717.715085 -173.657092
1717.451098 -173.847179
1717.578183 -173.737537
1718.001486 -173.579102
1718.292275 -173.553971
1718.021347 -173.496401
1717.951581 -173.609069
1718.295180 -173.351262
1718.212616 -173.293201
1718.131750 -173.722405
1718.534536 -173.140526
1718.176154 -173.293584
1718.311264 -173.286025
1718.506944 -173.112244
1718.426104 -173.169252
1718.532644 -173.183627
1718.618743 -172.995583
1718.895043 -173.032930
1719.094067 -172.918445
1718.828102 -173.037313
1719.036664 -173.117953
1719.063684 -172.764458
1719.070126 -173.065723
1719.117229 -172.791911
1719.273709 -172.903506
1719.304806 -172.878806
1719.254404 -172.951995
1719.371509 -172.550313
1719.314130 -172.964075
1719.346217 -172.723572
1719.677940 -172.910057
1719.388062 -172.938915
1719.369582 -172.717290
1719.811410 -172.839572
1719.874926 -172.352401
1719.608294 -172.743402
1719.765874 -172.728777
1720.147152 -172.536497
1720.204665 -172.424515
1720.206836 -172.401656
1720.012868 -172.620921
1720.261039 -172.610366
1720.259052 -172.515790
1720.328460 -172.344619
1720.426806 -172.476692
1720.560459 -172.426372
1720.655709 -172.113947
1720.509879 -172.631062
1720.626262 -172.455864
1720.720599 -172.296496
1720.750271 -172.169710
1720.587230 -172.071728
1720.790856 -172.163186
1720.968833 -172.134769
1721.054051 -172.469188
1721.007470 -172.148646
1721.262222 -171.978345
1721.416613 -172.171412
1721.128624 -172.247168
1721.498452 -171.832693
1721.505280 -172.127274
1721.286586 -172.069906
1721.431459 -172.041161
1721.309455 -172.267001
1721.890295 -172.181089
1721.578886 -171.845595
1722.023156 -171.869452
1721.862594 -171.737819
1721.831309 -171.928704
1721.610588 -172.107136
1721.889807 -172.012463
1722.135609 -171.929538
1722.038841 -172.050482
1722.450629 -171.971972
1722.264757 -171.947281
1722.124721 -171.739455
1722.099255 -171.814851
1722.284695 -171.670709
1722.524675 -171.792346
1722.530216 -172.003448
1722.560943 -171.557203
1722.633690 -171.904808
1722.692422 -172.012793
1722.431835 -171.600102
1722.683759 -171.472823
1722.916881 -171.684494
1722.773014 -171.671060
1723.008713 -171.625086
1723.085950 -171.318985
1723.038527 -171.972518
1723.012443 -171.693776
1723.078819 -172.143154
1723.018034 -171.533637
1723.077682 -171.448372
1723.181751 -171.503440
1723.292466 -171.510931
1723.753265 -171.551254
1723.772048 -171.792933
1723.546062 -171.523202
1723.584341 -171.708203
1723.506856 -171.679488
1723.682778 -171.496271
1723.766821 -171.590270
1724.023644 -171.264478
1723.910675 -171.548744
1723.906306 -171.452877
1724.160015 -171.693410
1724.083100 -171.669323
1724.016636 -171.665795
1724.103758 -171.551322
1724.270482 -171.540725
1724.155491 -171.529622
1724.419724 -171.305939
1724.416560 -171.553424
1724.435070 -171.653807
1724.397605 -171.613237
1724.781530 -171.541465
1724.413509 -171.374822
1724.473847 -171.181412
1724.716521 -171.487551
1724.626406 -171.658514
1725.178764 -171.334909
1724.672015 -171.875245
1724.608879 -171.704788
1724.922411 -171.586381
1725.084804 -171.788692
1724.926426 -171.816816
1725.131305 -171.534622
1724.989826 -171.638306
1725.350190 -171.056613
1725.227227 -171.423221
1725.126231 -171.542196
1725.773409 -171.473494
1725.305608 -171.611077
1725.148498 -171.362435
1725.448464 -171.527228
1725.446306 -171.683391
1725.640608 -171.642565
1725.907546 -171.678226
1725.789822 -171.493261
1725.927702 -171.458501
1725.707320 -171.466228
1725.776156 -171.689422
1726.072991 -171.433341
1725.839043 -171.594835
1726.105026 -171.830461
1725.850562 -171.815879
1726.251506 -171.386701
1726.324509 -171.590168
1726.342932 -171.887391
1726.239977 -171.832561
1726.450802 -171.885656
1726.198779 -171.819812
1726.440743 -171.936410
1726.746609 -171.706364
1726.488337 -171.775214
1726.583336 -171.905684
1726.489141 -172.053457
1726.892536 -171.854371
1726.900069 -171.760275
1726.957281 -171.908455
1726.872113 -172.020930
1726.540356 -172.010275
1727.096763 -172.012650
1726.855195 -171.920454
1727.107299 -172.181296
1727.019900 -172.301521
1727.390731 -172.037939
1727.441463 -171.630482
1726.952530 -172.262037
1727.540957 -172.175307
1727.284599 -172.274102
1727.255458 -172.315212
1727.382637 -171.927492
1727.337838 -171.981869
1727.543464 -172.072453
1727.589302 -172.227127
1727.938443 -172.471933
1727.778955 -171.945065
1727.926090 -172.320003
1727.774703 -172.223222
1727.811960 -172.269396
1727.751881 -172.205052
1728.069211 -172.468398
1728.071247 -172.384533
1728.294423 -172.352191
1728.191011 -172.537562
1727.984156 -172.526612
1728.431707 -172.254680
1728.481748 -172.109708
1728.486870 -172.397286
1728.600222 -172.302515
1728.445766 -172.456395
1728.600428 -172.333568
1728.467683 -172.441622
1728.685557 -172.594673
1728.731684 -172.761238
1728.593225 -172.805355
1728.726711 -172.609369
1728.721180 -172.670370
1728.732039 -172.668247
1729.020446 -172.564446
1728.837071 -172.689003
1729.019520 -172.842460
1729.003109 -172.764795
1729.132638 -172.908589
1729.029462 -172.987372
1729.063659 -172.988990
1729.006904 -173.009203
1729.274754 -172.933869
1729.462700 -172.843341
1729.603149 -172.999187
1729.540298 -173.070491
1729.239721 -172.740678
1729.554968 -172.843808
1729.814334 -173.230646
1729.476906 -173.175106
1729.696212 -172.892569
1729.829632 -173.311688
1729.691158 -173.210854
1729.740932 -173.115664
1729.757382 -173.290981
1729.666915 -173.308979
1730.103037 -173.526667
1729.889109 -173.400571
1730.261317 -173.156298
1730.299086 -173.656128
1730.303344 -173.462572
1730.017066 -173.770808
1729.902356 -173.641176
1730.012356 -173.709372
1730.241695 -173.446796
1730.277383 -173.789656
1730.403321 -173.684005
1730.416725 -173.813669
1730.331354 -173.687793
1730.497311 -173.961800
1730.505706 -174.088821
1730.769525 -173.762498
1730.518399 -173.799026
1730.597255 -173.936222
1730.724052 -174.108117
1730.848793 -174.021652
1730.976772 -174.055980
1730.814477 -174.093513
1730.610125 -174.297056
1731.044239 -173.972282
1730.985974 -174.321765
1731.065569 -174.428823
1731.042316 -174.385477
1731.301138 -174.871939
1730.924215 -174.441868
1731.007017 -174.598724
1731.307367 -174.592273
1731.277597 -174.510065
1731.074211 -174.691650
1731.428194 -174.883272
1731.471376 -174.743343
1731.611648 -174.634229
1731.505382 -174.699073
1731.727409 -175.246780
1731.721936 -174.672218
1731.644122 -174.786444
1731.670442 -174.978188
1731.683699 -175.179720
1732.020438 -175.052236
1731.996670 -175.178565
1731.832236 -175.084572
1731.864252 -175.301924
1731.909345 -175.017652
1731.938304 -175.365938
1731.971111 -175.450451
1731.961787 -175.452473
1732.152568 -175.746932
1732.140486 -176.102971
1732.171073 -175.781779
1732.150431 -175.951685
1732.249601 -175.614715
1732.284308 -175.604864
1732.607413 -175.864684
1732.521615 -175.849783
1732.249395 -176.311291
1732.572142 -175.795798
1732.418909 -176.149739
1732.815672 -175.992409
1732.755361 -176.246383
1732.689840 -176.209174
1732.928193 -176.080826
1732.811263 -176.214178
1732.908919 -176.290682
1733.208330 -176.426573
1732.826927 -176.626311
1733.005351 -176.563833
1733.006737 -176.610775
1732.838273 -176.674827
1733.059603 -176.415399
1733.231764 -177.065814
1732.980957 -176.845143
1733.220227 -176.821255
1733.342270 -177.169641
1733.157997 -177.010654
1733.282566 -177.087180
1733.356951 -177.278992
1733.703748 -177.339863
1733.567729 -177.471945
1733.512855 -177.419753
1733.448058 -177.594697
1733.712655 -177.462939
1733.836175 -177.600948
1733.402948 -177.800738
1733.940865 -177.562383
1733.934563 -178.004897
1733.741727 -177.707558
1733.904156 -178.050711
1733.602125 -177.849595
1733.825395 -178.105681
1733.966776 -177.952695
1734.194335 -178.138666
1733.824337 -178.347262
1733.984105 -178.264767
1734.433147 -178.226198
1734.302463 -178.563135
1734.251508 -178.584216
1734.326797 -178.494593
1734.542679 -178.640920
1734.285312 -178.628898
1734.097765 -178.696046
1734.225309 -178.776507
1734.426915 -178.840004
1734.633367 -178.831003
1734.429170 -178.910362
1734.521574 -179.312880
1734.441022 -179.241915
1734.699710 -179.424055
1734.616662 -179.359170
1734.660483 -179.407294
1734.503175 -179.733884
1734.881361 -179.342825
1734.771711 -179.953146
1734.845337 -179.790474
1734.977492 -179.822565
1735.031600 -179.978537
1734.804090 -179.955668
1735.134352 -179.834238
1734.853283 -180.148775
1735.116227 -180.059700
1735.292163 -180.132244
1735.128481 -180.389382
1735.235811 -180.558642
1735.265088 -180.559992
1735.343054 -180.506779
1735.361497 -180.800124
1735.330234 -180.698398
1735.622718 -180.833889
1735.283341 -180.518217
1735.549640 -180.854253
1735.567206 -181.032164
1735.542184 -181.067513
1735.740971 -181.327945
1735.727771 -181.173644
1735.834331 -181.324663
1735.811043 -181.494797
1735.722406 -181.472123
1736.161156 -181.906803
1736.013392 -181.423126
1735.938366 -181.690707
1736.084398 -182.004135
1736.036068 -181.852100
1736.005228 -182.003059
1736.045231 -181.975794
1736.129006 -182.272894
1736.326453 -182.406308
1736.140294 -182.260752
1736.198091 -182.376621
1736.405783 -182.466175
1736.275937 -182.436062
1736.280235 -182.531487
1736.246907 -182.789037
1736.412909 -182.955178
1736.219201 -183.061660
1736.571596 -182.880263
1736.484587 -183.053985
1736.666843 -183.156899
1736.631734 -183.275697
1736.782534 -183.447816
1736.670671 -183.732329
1736.757104 -183.506584
1736.669935 -183.637660
1736.632674 -183.890410
1736.707910 -183.840592
1736.833925 -184.104490
1736.767548 -184.235938
1736.752455 -184.188899
1736.979807 -184.444714
1737.080258 -184.268715
1737.202658 -184.435188
1737.114077 -184.639893
1737.324039 -184.650623
1737.175000 -184.821269
1737.126216 -184.508709
1737.317575 -184.704790
1737.266258 -184.869723
1736.982284 -185.034116
1737.388228 -185.080903
1737.381105 -185.238088
1737.386831 -185.456376
1737.430803 -185.069942
1737.560587 -185.649077
1737.292778 -185.655241
1737.608793 -185.913709
1737.626950 -185.792613
1737.877188 -185.898813
1737.755233 -186.028242
1737.547439 -186.099316
1737.702264 -186.478740
1737.781095 -186.356543
1737.863449 -186.668024
1737.612282 -186.451537
1738.036448 -186.788843
1737.958536 -186.841625
1737.966088 -186.928458
1738.139872 -187.093832
1737.989505 -187.130313
1737.954370 -187.060029
1738.141518 -187.393255
1738.278772 -187.302081
1738.400250 -187.312063
1738.143231 -187.535141
1738.274012 -187.717916
1738.563604 -187.729452
1738.288944 -188.021184
1738.406274 -188.040269
1738.539532 -188.227556
1737.964557 -187.995996
1738.665213 -188.645195
1738.408047 -188.513082
1738.578803 -188.395687
1738.614084 -188.747747
1738.502504 -188.960614
1738.618951 -188.856765
1738.481199 -188.961806
1738.512047 -188.967199
1738.442144 -189.509673
1738.613375 -189.329423
1738.816595 -189.424842
1738.855838 -189.520137
1738.875065 -189.725964
1738.698837 -189.633355
1738.929792 -189.708284
1738.940224 -189.702128
1739.016854 -190.131167
1739.197569 -190.240753
1739.148980 -190.123463
1739.205281 -190.646883
1739.051008 -190.751212
1739.008905 -190.633391
1739.012347 -190.753356
1739.457444 -191.093064
1739.176757 -191.208521
1739.322797 -191.032181
1739.209781 -191.093836
1739.141177 -191.458256
1739.221445 -191.584418
1739.477598 -191.720888
1739.282795 -191.640332
1739.457777 -191.892431
1739.432268 -191.865114
1739.505250 -191.838194
1739.581305 -192.169649
1739.547266 -192.011404
1739.266680 -192.588641
1739.521395 -192.305151
1739.686648 -192.959187
1739.483256 -192.822849
1739.627447 -193.048027
1739.954157 -193.049754
1740.039998 -193.115244
1739.896483 -193.131208
1739.570190 -193.310523
1740.103009 -193.480575
1740.114430 -193.842563
1740.051146 -193.709972
1739.990502 -193.722216
1739.984877 -194.114724
1740.158159 -194.217264
1740.151484 -194.216662
1740.222230 -194.647939
1740.119711 -194.381555
1739.795187 -194.614127
1740.168601 -194.802546
1740.194537 -194.797545
1740.384999 -194.884741
1740.360243 -194.853489
1740.414070 -195.598076
1740.278987 -195.120694
1740.420114 -195.645182
1740.419436 -195.748334
1740.535462 -195.910806
1740.592957 -195.572506
1740.570532 -195.728343
1740.648026 -196.264690
1740.713740 -196.301963
1740.750499 -196.347381
1740.565850 -196.277406
1740.614237 -196.688061
1740.569700 -196.726826
1740.755668 -196.957816
1740.693952 -197.033883
1740.900479 -197.094951
1740.641049 -197.272580
1741.095655 -197.549788
1740.717733 -197.664780
1741.116829 -197.706697
1741.152815 -197.608431
1740.953739 -197.896885
1741.334050 -198.361845
1741.062456 -198.252526
1741.238271 -198.327921
1741.051880 -198.514500
1741.152694 -198.616643
1741.226932 -198.706837
1741.206688 -198.933638
1741.351265 -198.982326
1741.203396 -199.230558
1741.436624 -199.383380
1741.339468 -199.580626
1741.390010 -199.685949
1741.730683 -199.835086
1741.398027 -199.783892
1741.573781 -199.897798
1741.611083 -200.106124
1741.486566 -200.242290
1741.576555 -200.239733
1741.726523 -200.439985
1741.664074 -200.579130
1741.644148 -200.805178
1741.572918 -201.083029
1741.783561 -201.039442
1741.845566 -201.124721
1741.693549 -201.233425
1741.949388 -201.732963
1741.857507 -201.722707
1742.201510 -201.600570
1741.991218 -201.941197
1742.073841 -202.207604
1742.094166 -202.257242
1742.151162 -202.634243
1742.074089 -202.362860
1741.997770 -202.596494
1741.988261 -202.850840
1741.905887 -202.841251
1741.972188 -203.022645
1742.108889 -203.452246
1742.288119 -203.439581
1742.074746 -203.519647
1742.375813 -203.673755
1742.353210 -203.867159
1742.360486 -203.838189
1742.342781 -204.377890
1742.106352 -204.103551
1742.473784 -204.597304
1742.552087 -204.693008
1742.638579 -204.773532
1742.449206 -204.781849
1742.518927 -205.064615
1742.586215 -204.794196
1742.719142 -205.242314
1742.718292 -205.565755
1742.519899 -205.437485
1742.951343 -205.571614
1742.866978 -205.768564
1742.632919 -206.146153
1742.795639 -206.185130
1742.636028 -206.553639
1742.889702 -206.430231
1742.701599 -206.941267
1742.969300 -206.624129
1743.065098 -207.007975
1742.891724 -207.255593
1742.993315 -207.337433
1743.167226 -207.434428
1743.133201 -207.600566
1743.087720 -207.788340
1742.887606 -207.831071
1742.899876 -207.566381
1743.163857 -208.355258
1743.263263 -208.541979
1743.415873 -208.250383
1743.381882 -208.785925
1743.185383 -208.433303
1743.298799 -209.125630
1743.490783 -208.993601
1743.467534 -209.495499
1743.395712 -209.390894
1743.391729 -209.484355
1743.372365 -209.649018
1743.524826 -209.879742
1743.614570 -210.095490
1743.648339 -210.638127
1743.463566 -210.441792
1743.522733 -210.579888
1743.555238 -210.690071
1743.610177 -210.480100
1743.382283 -211.194535
1743.441969 -211.411816
1743.660979 -211.765899
1743.699355 -211.369178
1743.931565 -211.769301
1743.786093 -212.095041
1744.060996 -211.953823
1743.762199 -212.278599
1743.991580 -212.576821
1743.896603 -212.418154
1743.957179 -212.571576
1744.000865 -212.669612
1744.071220 -213.021229
1743.954340 -213.104191
1744.239977 -213.107092
1744.208677 -213.672931
1743.982075 -213.688765
1744.141594 -213.543339
1744.221766 -214.197119
1744.037601 -214.158719
1744.138077 -214.593754
1744.424546 -214.364016
1744.038900 -214.442892
1744.316577 -215.067661
1744.349285 -215.185444
1744.506954 -215.027907
1744.375713 -215.327146
1744.551256 -215.405569
1744.719637 -215.655967
1744.461135 -215.816245
1744.275293 -216.017313
1744.620941 -216.366066
1744.528655 -216.091657
1744.701531 -216.522245
1744.528671 -216.668387
1744.572873 -216.657061
1744.607183 -217.106615
1744.675733 -217.296452
1744.832930 -217.501283
1744.713632 -217.497690
1744.660458 -217.575196
1744.761775 -218.158614
1744.786431 -218.187129
1744.999527 -218.136813
1744.706063 -218.312234
1744.580294 -218.625572
1745.163868 -218.852352
1744.695844 -218.824690
1744.821457 -219.168213
1744.883310 -219.117518
1745.154927 -219.410412
1745.195066 -219.864306
1745.243049 -219.770244
1744.948384 -220.095449
1745.145416 -220.157113
1745.209383 -220.026927
1745.220962 -220.439428
1745.151854 -220.835743
1745.362781 -220.995609
1745.268114 -221.156344
1745.407598 -221.322606
1745.213659 -221.523378
1745.403346 -221.547579
1745.688145 -221.992967
1745.281502 -221.989357
1745.408855 -222.193998
1745.731783 -222.074464
1745.405334 -222.642291
1745.267894 -222.818741
1745.707837 -223.000381
1745.603992 -223.367674
1745.444409 -223.333636
1745.445213 -223.454873
1745.762610 -223.791794
1745.936177 -223.802202
1745.852573 -223.889112
1745.765365 -224.015383
1745.721030 -224.333414
1745.757526 -224.661954
1746.141427 -225.020688
1745.906945 -224.759560
1745.818539 -225.092595
1745.900362 -225.143424
1746.001930 -225.466708
1745.913715 -225.426980
1745.974945 -225.828210
1745.904264 -225.984911
1746.190760 -226.049734
1745.897373 -226.440065
1745.933491 -226.473860
1746.098037 -226.761581
1745.915540 -226.956549
1746.183675 -226.962670
1746.112594 -227.255694
1746.268106 -227.339288
1746.141494 -227.533980
1746.176981 -227.968244
1746.147749 -228.006022
1746.306646 -228.326201
1746.242585 -228.506077
1746.615705 -228.507451
1746.603275 -228.999359
1746.394460 -229.094361
1746.440574 -229.351081
1746.721152 -229.343450
1746.432286 -229.392236
1746.491517 -229.876973
1746.499522 -230.082164
1746.573669 -230.268012
1746.557007 -230.425297
1746.542377 -230.387955
1746.786927 -230.589615
1746.678390 -230.925921
1746.722010 -230.685763
1747.017866 -231.280691
1746.894406 -231.654945
1746.755227 -231.804340
1746.728228 -231.999833
1746.867599 -232.016760
1746.686493 -231.964139
1747.182149 -232.508990
1746.891747 -232.706408
1747.094193 -232.911839
1747.111278 -232.949504
1746.766689 -233.391029
1747.048191 -233.277277
1746.954628 -233.545961
1746.854544 -234.101137
1747.055689 -233.921593
1747.212863 -234.155460
1746.887053 -234.252590
1747.056754 -234.658854
1747.288378 -234.789980
1747.130221 -235.182373
1747.193108 -235.409335
1746.905579 -235.653925
1747.394499 -235.566685
1747.225956 -235.680022
1747.256267 -236.190104
1747.443639 -236.120214
1747.330113 -236.620717
1747.576825 -236.418172
1747.569469 -236.820262
1747.401241 -236.960480
1747.459793 -237.215301
1747.607547 -237.627495
1747.542341 -237.437792
1747.376099 -237.784145
1747.538488 -237.968347
1747.539171 -238.430960
1747.583655 -238.278796
1747.743699 -238.686924
1747.636729 -238.805142
1747.552450 -238.780412
1747.598663 -239.298789
1747.446990 -239.412928
1748.068462 -239.776676
1747.886356 -239.769460
1747.705043 -240.091198
1747.700495 -240.109341
1747.899359 -240.173179
1747.801326 -240.542343
1747.824891 -240.751671
1747.479730 -241.052493
1748.219481 -241.292105
1748.068688 -241.576890
1748.160430 -241.827721
1747.937960 -242.044153
1747.839673 -242.160899
1748.407321 -242.500794
1747.965347 -242.539997
1748.146085 -242.412852
1748.301668 -242.606438
1748.315039 -243.312414
1748.170062 -243.137741
1748.323439 -243.643962
1748.103081 -243.561038
1748.332112 -243.728816
1748.419296 -244.237961
1748.228250 -244.112633
1748.713497 -244.630357
1748.364217 -244.940361
1748.562973 -244.880939
1748.380203 -245.042779
1748.400951 -245.343157
1748.698805 -245.650547
1748.397745 -245.996719
1748.599401 -246.384213
1748.601614 -246.468358
1748.596064 -246.409331
1748.834084 -246.462457
1748.847698 -246.737551
1748.834635 -247.031426
1748.591200 -247.321685
1748.744554 -247.443281
1748.582194 -247.730395
1748.950070 -247.911239
1748.896105 -248.118289
1749.103569 -248.517694
1749.075054 -248.649337
1748.708116 -248.815819
1748.995158 -249.000322
1748.947736 -249.379785
1748.699071 -249.266539
1748.891582 -249.564488
1749.026019 -249.800148
1748.971813 -250.123512
1749.087948 -250.428191
1749.230621 -250.479338
1749.104505 -250.679046
1749.009711 -251.049768
1749.113928 -251.243279
1749.112455 -251.440051
1749.306975 -251.812887
1749.347628 -251.923680
1749.218949 -251.972683
1749.264429 -251.915050
1749.341444 -252.301138
1749.143958 -252.473865
1749.719395 -252.828802
1749.500611 -253.062796
1749.236953 -253.190739
1749.187602 -253.544160
1749.467795 -253.490889
1749.485823 -254.110096
1749.319414 -254.150240
1749.612296 -254.333770
1749.569620 -254.519020
1749.842469 -254.857161
1749.329093 -254.876307
1749.710858 -255.154712
1749.473749 -255.454780
1749.713903 -255.667871
1749.678696 -255.856042
1749.791389 -256.113318
1749.730030 -256.265533
1749.669905 -256.317546
1749.802914 -256.804085
1750.154544 -256.947204
1749.664516 -257.565423
1750.020317 -257.516968
1749.547120 -257.706153
1749.915359 -257.723745
1749.953381 -258.215781
1749.908664 -258.165152
1750.002646 -258.398902
1749.771919 -258.895298
1750.020882 -259.024609
1750.014842 -259.261135
1750.239556 -259.325662
1750.257870 -259.712283
1750.240627 -259.843569
1750.462534 -259.870181
1750.147968 -260.271098
1750.104216 -260.738343
1750.110051 -260.976573
1750.232185 -260.962120
1750.569425 -261.062347
1750.261692 -261.536977
1750.264762 -261.578252
1750.363546 -262.101011
1750.489749 -261.958944
1750.502837 -262.317646
1750.247864 -262.662358
1750.449849 -263.004902
1750.474731 -263.138008
1750.529052 -263.368846
1750.380685 -263.525906
1750.415945 -263.626940
1750.612167 -263.968391
1750.422158 -264.372091
1750.736314 -264.542541
1750.956931 -264.737695
1750.852424 -265.114519
1750.765850 -265.348472
1750.838644 -265.287472
1750.451408 -265.787737
1750.608672 -265.811291
1750.758444 -265.764788
1750.816277 -266.235666
1750.939185 -266.380277
1750.899678 -266.437943
1750.816005 -266.938191
1750.770375 -267.284249
1750.939031 -267.347517
1750.872042 -267.485674
1750.700228 -267.831420
1750.895066 -268.017731
1751.034279 -268.214790
1751.032405 -268.407156
1751.137962 -268.794946
1751.199296 -269.127369
1751.306241 -269.136565
1750.906416 -269.332405
1751.003863 -269.645341
1751.490641 -269.905204
1751.328040 -270.292902
1751.079614 -270.505307
1751.340732 -270.615519
1751.549753 -270.479703
1751.484792 -271.049131
1751.341946 -271.258637
1751.152372 -271.511054
1751.516709 -271.529674
1751.608018 -271.957442
1751.352144 -272.082137
1751.301870 -272.412747
1751.453733 -272.760638
1751.370672 -273.027719
1751.636933 -273.016020
1751.602222 -273.535335
1751.683238 -273.459063
1751.513567 -273.905967
1751.895990 -274.142717
1751.906363 -274.163075
1751.659221 -274.385630
1751.764486 -274.910309
1751.698287 -275.399479
1751.720669 -274.977422
1751.907993 -275.639280
1751.982257 -275.722729
1751.834836 -276.158573
1752.085873 -276.241394
1751.995232 -276.391950
1751.588275 -276.696515
1751.980498 -276.954616
1752.186648 -276.961919
1751.912826 -277.339503
1752.083700 -277.294220
1752.223844 -277.753231
1752.064355 -277.912167
1752.342205 -278.310343
1752.294411 -278.480264
1752.477596 -279.114125
1752.405601 -278.999137
1752.297832 -279.014384
1752.547520 -279.499120
1752.302463 -279.564549
1752.273349 -280.049320
1752.147875 -280.180203
1752.249039 -280.385462
1752.201224 -280.849005
1752.519440 -280.996294
1752.315097 -281.420919
1752.485582 -281.580868
1752.484610 -281.415465
1752.563851 -281.917337
1752.547309 -282.265377
1752.483163 -282.229767
1752.677411 -282.672331
1752.421824 -282.784572
1752.705149 -283.081166
1752.720226 -283.121099
1752.724126 -283.626460
1752.763969 -283.672970
1752.594815 -284.289190
1752.794392 -284.203882
1752.921243 -284.378089
1752.683604 -284.962544
1752.781362 -285.198506
1752.979351 -285.294087
1753.229609 -285.604764
1752.906209 -285.539997
1753.059005 -286.284924
1753.170231 -286.180501
1753.208573 -286.383159
1752.742142 -286.264219
1752.786507 -286.852302
1753.062920 -287.372617
1753.027766 -287.347821
1753.207893 -287.629775
1753.284085 -287.722044
1753.246456 -287.931234
1753.138409 -288.096047
1753.191498 -288.681810
1753.342331 -288.857974
1753.032980 -289.090430
1753.461059 -289.506598
1753.374643 -289.635638
1753.352874 -289.605126
1753.412024 -290.094378
1753.272469 -290.288919
1753.381372 -290.489994
1753.356947 -290.795138
1753.290977 -291.060721
1753.593547 -291.311296
1753.520447 -291.489909
1753.654173 -291.833886
1753.588969 -291.889614
1753.751821 -292.323637
1753.536015 -292.435634
1753.500432 -292.984295
1754.106542 -292.939647
1753.481447 -293.328761
1753.863325 -293.494991
1753.981615 -293.530486
1753.542815 -293.946224
1753.768601 -294.239451
1753.979291 -294.232578
1753.735560 -294.538121
1753.971315 -294.753443
1754.018680 -295.235096
1753.881043 -295.205514
1753.918041 -295.511658
1753.915897 -296.066100
1754.144728 -296.276758
1754.088304 -296.197911
1754.178163 -296.785434
1754.182343 -296.697796
1754.046758 -297.225748
1753.845832 -297.307231
1754.194800 -297.516121
1754.108288 -297.794151
1754.298637 -298.208156
1754.413189 -298.309952
1754.262253 -298.992234
1754.450925 -298.636042
1754.338410 -298.990400
1754.455704 -299.420871
1754.648928 -299.499901
1754.342059 -299.525800
1754.239622 -300.077564
1754.353049 -300.442350
1754.602539 -300.572338
1754.452690 -300.905135
1754.580460 -301.065838
1754.617053 -301.330856
1754.658627 -301.579921
1754.401899 -301.671609
1754.252650 -301.872621
1754.853358 -302.333856
1754.614728 -302.448567
1754.951282 -302.685940
1754.621927 -303.071239
1754.523653 -303.517927
1754.889187 -303.564428
1754.944163 -303.871814
1754.866589 -304.104110
1755.017057 -304.280448
1754.877493 -304.511828
1754.910319 -305.034886
1754.963883 -305.272163
1755.018617 -305.366469
1755.008835 -305.511858
1755.023886 -305.757029
1755.168354 -305.948209
1755.048970 -306.352139
1755.229803 -306.700544
1755.357536 -306.894103
1755.245981 -307.064272
1755.188443 -307.208321
1755.384933 -307.488664
1755.077062 -307.749872
1755.220516 -307.855364
1755.582741 -308.381877
1755.382240 -308.458957
1755.195195 -308.507425
1755.502646 -309.068491
1755.634494 -309.410298
1755.331072 -309.564100
1755.469128 -310.043165
1755.569623 -309.996904
1755.848495 -310.110759
1755.467764 -310.733547
1755.484177 -310.847851
1755.727373 -310.807571
1755.783704 -311.227830
1755.708487 -311.515481
1755.557037 -311.676148
1755.727597 -311.862541
1755.956014 -312.342413
1755.813932 -312.673137
1755.957189 -312.668827
1755.849460 -313.139631
1755.862955 -313.304266
1755.647467 -313.602749
1755.837960 -313.778555
1755.955846 -314.196807
1756.132975 -314.018227
1756.167974 -314.158192
1756.081763 -314.784453
1756.083891 -315.093195
1755.793742 -315.268085
1756.083521 -315.575919
1756.317208 -316.004535
1756.101790 -316.025146
1756.264559 -316.396282
1756.107953 -316.446514
1756.386702 -316.717023
1756.516049 -316.919448
1756.395499 -317.262846
1756.342660 -317.710037
1756.394401 -317.555825
1756.407356 -317.895895
1756.671142 -318.315217
1756.292106 -318.325627
1756.540002 -318.662090
1756.443587 -318.960621
1756.730588 -319.295673
1756.447251 -319.518894
1756.914284 -319.668581
1757.001980 -320.141875
1756.746522 -320.413103
1756.592635 -320.446920
1756.546317 -320.884156
1756.877686 -320.820738
1756.780363 -321.517590
1756.903680 -321.510992
1756.978291 -321.749756
1756.852806 -321.959085
1756.678274 -322.354065
1757.008299 -322.705191
1757.066971 -322.742412
1757.373099 -322.980107
1757.001690 -323.402969
1756.887349 -323.794073
1756.984543 -323.900969
1757.213957 -324.015163
1756.805285 -324.405202
1757.053774 -324.521714
1757.218137 -324.774477
1757.199287 -324.928247
1757.132882 -325.343269
1757.305036 -325.510922
1757.540519 -325.547474
1757.331047 -326.067000
1757.382797 -326.191985
1757.198311 -326.414174
1757.285203 -326.808231
1757.578029 -327.105033
1757.385265 -327.462376
1757.526638 -327.439267
1757.497797 -327.667753
1757.542327 -328.053023
1757.681660 -328.202464
1757.579289 -328.820902
1757.800164 -329.033310
1757.664097 -328.985584
1757.525518 -329.389168
1757.793951 -329.404174
1757.812560 -329.617540
1757.607559 -329.843662
1757.876611 -330.547355
1757.744663 -330.642980
1757.811028 -330.646475
1757.920345 -331.157803
1758.088772 -331.318316
1757.989340 -331.719569
1758.142239 -331.862250
1757.970441 -332.238578
1757.721484 -332.477538
1758.185616 -332.635432
1758.109974 -333.003735
1758.001553 -332.990329
1758.097048 -333.327681
1758.306106 -333.765008
1758.241270 -333.740008
1758.181472 -334.025820
1758.062997 -334.551763
1758.080468 -334.630995
1758.380757 -334.757679
1758.097282 -335.401783
1758.431275 -335.218682
1758.434567 -335.923186
1758.338173 -335.755117
1758.379852 -336.148470
1758.659203 -336.121557
1758.735478 -336.883386
1758.531076 -336.580162
1758.732768 -337.058934
1758.731423 -337.535394
1758.667418 -337.787472
1758.614201 -337.663816
1758.850790 -337.838989
1758.632301 -338.326995
1758.790413 -338.433154
1758.706667 -339.012592
1758.723573 -339.040701
1758.801509 -339.470517
1759.053421 -340.032562
1758.889164 -339.739945
1758.812932 -340.075139
1759.326924 -340.196428
1758.937511 -340.861103
1759.102012 -340.753606
1759.222160 -340.834697
1758.883672 -341.468236
1758.900191 -341.808619
1758.981863 -341.924479
1759.240470 -342.076409
1759.112821 -342.744359
1759.241114 -342.454279
1759.336491 -342.795848
1759.152421 -343.110407
1759.455174 -343.340256
1759.361917 -343.852798
1759.260931 -343.910007
1759.585710 -344.365709
1759.243170 -344.246985
1759.451014 -344.731164
1759.514480 -344.907288
1759.532407 -345.085108
1759.707873 -345.388051
1759.574455 -345.686622
1760.072203 -345.911938
1759.464392 -345.986477
1759.866474 -346.351798
1759.753955 -346.504870
1760.018418 -346.666847
1759.819792 -347.183341
1759.967400 -347.690851
1760.050963 -347.505301
1759.797312 -347.987713
1759.888222 -348.186186
1759.991933 -348.498741
1760.284019 -348.710321
1760.017868 -349.012708
1760.078238 -349.249905
1760.164736 -349.540382
1760.484684 -349.654900
1760.326895 -349.972626
1760.277672 -350.204958
1760.351758 -350.502355
1760.437222 -350.711384
1760.247378 -350.927414
1760.277790 -351.050296
1760.377897 -351.395804
1760.490320 -351.932795
1760.513190 -351.661381
1760.622698 -352.243839
1760.582409 -352.381316
1760.617951 -352.763365
1760.684864 -353.033458
1760.793665 -353.110427
1760.770314 -353.448811
1760.735203 -353.767009
1760.813680 -354.047668
1760.994168 -354.144380
1760.697124 -354.476240
1761.017376 -354.425265
1760.601463 -354.887031
1760.955204 -355.256600
1760.892055 -355.347202
1760.970359 -355.140207
1761.009881 -356.063113
1761.086318 -356.205482
1761.173755 -356.424086
1761.361762 -356.884968
1761.095171 -356.851328
1761.047687 -356.998651
1761.594309 -357.682902
1760.960893 -357.486163
1761.045107 -357.868751
1761.484598 -358.300325
1761.763568 -358.492005
1761.442003 -358.372334
1761.745038 -359.018370
1761.572226 -359.200402
1761.780739 -359.375651
1761.705735 -359.412540
1761.379511 -359.972019
1761.578625 -360.239532
1761.771139 -360.230503
1761.707262 -360.577247
1761.631605 -360.942163
1761.988763 -361.161735
1761.796481 -360.921712
1761.928680 -361.430398
1761.896236 -361.843148
1762.152369 -361.822382
1761.827025 -362.208386
1761.849330 -362.530547
1761.429143 -362.707138
1761.635583 -362.852075
1762.238958 -363.405209
1762.068300 -363.737883
1762.292464 -363.666828
1762.193463 -364.140435
1762.009735 -364.109540
1762.104429 -363.929811
1762.119123 -364.691832
1762.317356 -365.007127
1762.329412 -365.058467
1762.294878 -365.601331
1762.418002 -365.883899
1762.683506 -365.738631
1762.614909 -366.339820
1762.643387 -366.343473
1762.594802 -366.638424
1762.335762 -367.296892
1762.548396 -367.243177
1762.644937 -367.281288
1762.796566 -367.722160
1762.529460 -367.776896
1762.684798 -368.045409
1762.914816 -368.456163
1762.753477 -368.830274
1762.890713 -368.874452
1762.931124 -369.196626
1762.934338 -369.598594
1763.297906 -369.558548
1763.022714 -369.823065
1763.091475 -369.866585
1763.255566 -370.464661
1763.242989 -370.539116
1763.272310 -371.041801
1763.344211 -371.284763
1763.166819 -371.202640
1763.444444 -371.574169
1763.469959 -371.789757
1763.317412 -372.124792
1763.282665 -372.431546
1763.416352 -372.660726
1763.411729 -372.799716
1763.561245 -372.909007
1763.826257 -373.291221
1763.764948 -373.566674
1763.586071 -373.843661
1763.781360 -374.031675
1763.771028 -374.208706
1763.717959 -374.348207
1763.918072 -374.583710
1763.949366 -375.198309
1763.899329 -375.491320
1763.805191 -375.446435
1763.888511 -375.513634
1763.888280 -375.807986
1764.057994 -376.113739
1764.053195 -376.578048
1764.131434 -376.598127
1764.235496 -376.854272
1764.226816 -377.086757
1764.086288 -377.207693
1764.301698 -377.668507
1764.371659 -377.718514
1764.521323 -378.113080
1764.584978 -378.598970
1764.265417 -378.547813
1764.619236 -378.430017
1764.308666 -379.053117
1764.614117 -379.294660
1764.537118 -379.434831
1764.531377 -379.797350
1764.569957 -379.807557
1764.437613 -380.134603
1764.514288 -380.530297
1764.719556 -380.769427
1764.873972 -380.946604
1764.928023 -381.187109
1764.857133 -381.295704
1765.088376 -381.601128
1765.046110 -381.573558
1765.001105 -381.748961
1765.013219 -382.291888
1765.518329 -382.329052
1765.043458 -382.715464
1765.199902 -382.879175
1765.213579 -383.376468
1765.216253 -383.515600
1765.418792 -383.508045
1765.542406 -384.059073
1765.363144 -383.889173
1765.556606 -384.235980
1765.417412 -384.324005
1765.245627 -384.788164
1765.100869 -385.124907
1765.679300 -385.329857
1765.567640 -385.649525
1765.630166 -385.854857
1765.569507 -386.073426
1765.750750 -386.451934
1765.922014 -386.646354
1765.808569 -386.471519
1766.023744 -387.020695
1765.910660 -387.490646
1765.889911 -387.665109
1766.024435 -387.600057
1765.946887 -387.844847
1766.052022 -388.321372
1766.113067 -388.347725
1766.207800 -388.686433
1765.975582 -388.862919
1766.304278 -389.137494
1765.996679 -389.644150
1766.366683 -389.482019
1766.438754 -389.721215
1766.367875 -389.994542
1766.607373 -390.198480
1766.445689 -390.651497
1766.607062 -390.734925
1766.776115 -390.907355
1766.466769 -390.927556
1766.584802 -391.552592
1766.741083 -391.751748
1766.801649 -391.771039
1766.837141 -391.954085
1766.932657 -392.185506
1766.724660 -392.412640
1766.957128 -392.694058
1766.860409 -392.999848
1767.080320 -393.193886
1766.854936 -393.317537
1766.942953 -393.559301
1767.002459 -393.843587
1767.034603 -394.289148
1766.898294 -394.413949
1767.144863 -394.465976
1766.994718 -394.672476
1767.098931 -395.164600
1767.367500 -395.311139
1767.581944 -395.561468
1767.192179 -395.815960
1767.243025 -395.679671
1767.581393 -396.006048
1767.811567 -396.183266
1767.596247 -396.689170
1767.781347 -396.796744
1767.621569 -397.290004
1767.738805 -397.365939
1767.476395 -397.423446
1767.749713 -397.668827
1768.275819 -397.827055
1767.695957 -398.314128
1767.835067 -398.007919
1767.763997 -398.661317
1768.017630 -398.710133
1768.073360 -398.956724
1767.892193 -399.019105
1768.114428 -399.628329
1768.092553 -399.424548
1768.308114 -399.827883
1768.324090 -399.938365
1768.414405 -400.231159
1768.327113 -400.968410
1768.560009 -400.840948
1768.555798 -400.934023
1768.605708 -401.146495
1768.660026 -401.533482
1768.748661 -401.867071
1768.522233 -401.857694
1768.556921 -401.977772
1768.875285 -402.292723
1768.591488 -402.527322
1768.685190 -402.382675
1768.734879 -402.975197
1768.694395 -403.431073
1769.088995 -403.584155
1768.831150 -403.581762
1768.742255 -403.965011
1769.168717 -403.981056
1769.014176 -404.203068
1769.121630 -404.412114
1769.010830 -404.453545
1769.213824 -404.869632
1769.109532 -405.068799
1769.476242 -405.224677
1769.446150 -405.288246
1769.361273 -405.753758
1769.508822 -405.804166
1769.404233 -406.337481
1769.607984 -406.556064
1769.409440 -406.246416
1769.839622 -407.086043
1769.751113 -407.098319
1770.007416 -407.421172
1769.962964 -407.747426
1769.905348 -407.717704
1770.042344 -408.047875
1769.960712 -408.156971
1770.108665 -408.246288
1770.088318 -408.570985
1770.114408 -408.982351
1770.056077 -409.024798
1770.233502 -409.043971
1770.271737 -409.330524
1770.460506 -409.753923
1770.281586 -410.014824
1770.500602 -410.007794
1770.677527 -410.313980
1770.623213 -410.318898
1770.670239 -410.869633
1770.875897 -410.929035
1770.429689 -411.314524
1770.528987 -411.203513
1770.723716 -411.662735
1770.727725 -411.766321
1771.149725 -411.800625
1771.139809 -411.972265
1770.867120 -412.143400
1770.855585 -412.539641
1770.828525 -412.702220
1770.855015 -412.783068
1771.010419 -413.280991
1771.097809 -413.615680
1771.213036 -413.781719
1771.389142 -413.448764
1771.381603 -414.011726
1771.263750 -414.003658
1771.476582 -414.416380
1771.439324 -414.451394
1771.515373 -414.967209
1771.569653 -415.165600
1771.595472 -415.042396
1771.598880 -415.332807
1771.908073 -415.444244
1771.608662 -415.837785
1772.086614 -415.824418
1771.817256 -416.094979
1771.999911 -416.426942
1771.808190 -416.498175
1771.860039 -416.902329
1772.057721 -417.202308
1772.240463 -417.495706
1772.256754 -417.196754
1772.202868 -417.899458
1772.209326 -417.701670
1772.201453 -418.246106
1772.174911 -418.333922
1772.268436 -418.302311
1772.303067 -418.723115
1772.183459 -418.782505
1772.210668 -419.200543
1772.697868 -419.428158
1772.699556 -419.303984
1772.835651 -419.468093
1772.977281 -419.495565
1772.727948 -419.880132
1772.983300 -420.406960
1772.843719 -420.577142
1773.089836 -420.658176
1773.208801 -420.824379
1772.781653 -421.045216
1772.843426 -421.230287
1772.987263 -421.411037
1773.147383 -421.832641
1773.343129 -421.733569
1773.114064 -422.072379
1773.297507 -421.966390
1773.600042 -422.394361
1773.438687 -422.613400
1773.473985 -422.886029
1773.457075 -422.906357
1773.351769 -423.423159
1773.858246 -423.266314
1773.542796 -423.482107
1773.690877 -423.752154
1773.735408 -424.066999
1773.897737 -424.243486
1773.981160 -424.400065
1774.321286 -424.571434
1774.187858 -424.829291
1773.864620 -424.962943
1773.929938 -425.122850
1774.280698 -425.489892
1774.422968 -425.407050
1774.267578 -425.645848
1774.582870 -425.762307
1774.514019 -425.748642
1774.346144 -426.360920
1774.394718 -426.292400
1774.494005 -426.441169
1774.543335 -426.650893
1774.439741 -427.059338
1774.935465 -427.059304
1774.564745 -427.235726
1774.916843 -427.942208
1775.050180 -427.662971
1775.042655 -427.862904
1775.146278 -428.115389
1774.937194 -428.223995
1775.137352 -428.340734
1775.341411 -428.852869
1775.084331 -428.391169
1775.113280 -429.323235
1775.094165 -429.044290
1775.442915 -429.244160
1775.117531 -429.547710
1775.595523 -429.742654
1775.326651 -429.828081
1775.648542 -429.951681
1775.672185 -430.149467
1775.768070 -430.479835
1775.861898 -430.652744
1775.948758 -430.843291
1775.744143 -431.168131
1775.797428 -431.144195
1776.172601 -431.475712
1776.195017 -431.307914
1776.088297 -431.866101
1776.074621 -431.855595
1776.166432 -432.056337
1776.180785 -432.410248
1776.193619 -432.461343
1776.174987 -432.539167
1776.241766 -432.913459
1776.528015 -432.760667
1776.658647 -433.142558
1776.995545 -433.444650
1776.480135 -433.548743
1776.664050 -433.476354
1777.051003 -434.072252
1776.649996 -434.082226
1776.762359 -434.297397
1776.988792 -434.631217
1776.958304 -434.662483
1777.015136 -434.760771
1777.087486 -434.984643
1776.933560 -434.912403
1777.198717 -434.733253
1777.323474 -435.330850
1777.304623 -435.677388
1777.688797 -435.723454
1777.353767 -435.810375
1777.348831 -435.900506
1777.481839 -436.522818
1777.451592 -436.372151
1778.035948 -436.523840
1777.712159 -436.966923
1777.705720 -436.966710
1777.730523 -437.257863
1777.821106 -437.064288
1777.653361 -437.152371
1777.790955 -437.443737
1778.132095 -437.760748
1778.016939 -437.811567
1778.073856 -438.308380
1778.260301 -438.077247
1778.340488 -438.418972
1778.249964 -438.595881
1778.549224 -438.757475
1778.350821 -438.805988
1778.559710 -438.750509
1778.694802 -439.180199
1778.429730 -439.582476
1778.318783 -439.247615
1778.748805 -439.673659
1778.744086 -439.944739
1779.070456 -439.754401
1778.933223 -440.234397
1778.914747 -440.481712
1779.206379 -440.446059
1779.363683 -440.951849
1779.263487 -441.099303
1779.335409 -440.945478
1779.336160 -441.186844
1779.396915 -441.097596
1779.424969 -441.781000
1779.571641 -441.296581
1779.482341 -442.029472
1779.785920 -441.948390
1779.520949 -442.184260
1779.875619 -441.967880
1779.947938 -442.577204
1779.651498 -442.678532
1779.719348 -442.766680
1779.882943 -442.867451
1779.879869 -442.893860
1779.834544 -443.318184
1779.685356 -443.271288
1780.060096 -443.811745
1780.047453 -443.479373
1780.419718 -443.858861
1780.332697 -444.046719
1780.495886 -444.261604
1780.556592 -444.235808
1780.547681 -444.152106
1780.651752 -444.655011
1780.789435 -444.584300
1780.820589 -444.604886
1780.711843 -444.972675
1780.850772 -444.911703
1780.980896 -445.416128
1780.864285 -445.330034
1780.949273 -445.842777
1781.280494 -445.770334
1781.257448 -445.721736
1781.052293 -445.884764
1781.190024 -446.078814
1781.483992 -446.267460
1781.550592 -446.506535
1781.388785 -446.672681
1781.559888 -446.645797
1781.765977 -447.086580
1781.580973 -446.921130
1782.162557 -447.149329
1781.768898 -447.359519
1781.718806 -447.731562
1781.619821 -447.740717
1782.124519 -447.486425
1782.077135 -448.072828
1782.281189 -447.849235
1781.988809 -448.251856
1782.001708 -448.138081
1782.096433 -448.241591
1782.277505 -448.746864
1782.560858 -448.838838
1782.329918 -449.175698
1782.389189 -449.062995
1782.548479 -449.321034
1782.589338 -449.317683
1782.666462 -449.488602
1783.187391 -449.593767
1783.230258 -449.758040
1782.921220 -449.939217
1782.657161 -450.129226
1782.906029 -450.145946
1782.991453 -449.974484
1783.166244 -450.408533
1783.168712 -450.739708
1783.238830 -450.812505
1783.389037 -450.839316
1783.603534 -451.081619
1783.444505 -451.248993
1783.351652 -451.391526
1783.630108 -451.196459
1783.797453 -451.455234
1783.518963 -451.687090
1783.686260 -451.814969
1783.953919 -451.760279
1783.869431 -452.140421
1783.863860 -451.851859
1784.127880 -452.014137
1783.934311 -452.331383
1784.141212 -452.488672
1784.486178 -452.733687
1784.420144 -452.871258
1784.583040 -453.104266
1784.576979 -453.103268
1784.819901 -452.961100
1784.576291 -453.233847
1784.594528 -453.428715
1784.895831 -453.679674
1784.798565 -453.562891
1784.856484 -453.733330
1784.947295 -453.949986
1785.041414 -454.069496
1784.850574 -454.143899
1785.333272 -454.280632
1785.394341 -454.535988
1785.329864 -454.502741
1785.243801 -454.518298
1785.042607 -454.672395
1785.478878 -454.903646
1785.327768 -455.088985
1785.606780 -455.091306
1785.553754 -455.334869
1785.650413 -455.004634
1785.859171 -455.357424
1785.954176 -455.479944
1785.840217 -455.778386
1785.925033 -455.832213
1786.110291 -456.215562
1786.057833 -455.925140
1786.202466 -456.164467
1786.480056 -456.198793
1786.018024 -456.535992
1786.433686 -456.302709
1786.405649 -456.770805
1786.692540 -456.851259
1786.576740 -456.947731
1786.563618 -457.001088
1786.692522 -457.125084
1786.832745 -457.296109
1786.961790 -457.242832
1786.872154 -457.432611
1787.127706 -457.617387
1787.279999 -457.857878
1787.445868 -457.915339
1787.373003 -458.061319
1787.218565 -457.880536
1787.286955 -458.387416
1787.543403 -458.002862
1787.586357 -458.389524
1787.700508 -458.787562
1787.699573 -458.543633
1787.724400 -458.432024
1787.715404 -458.722342
1787.805129 -458.922117
1787.906976 -458.814941
1787.954373 -459.146914
1788.244999 -459.254927
1788.359696 -459.147069
1788.323935 -459.457855
1788.483654 -459.355819
1788.424416 -459.301939
1788.881823 -459.573151
1788.469463 -459.755955
1788.448643 -459.727122
1788.807099 -460.120160
1788.898395 -460.164382
1789.013604 -460.330289
1788.731240 -460.370526
1789.078968 -460.420617
1789.155230 -460.302738
1788.858643 -460.803121
1789.017999 -460.744760
1789.291708 -460.944247
1789.138315 -460.868800
1789.178369 -461.088829
1789.596429 -461.521955
1789.223404 -461.119589
1789.645918 -461.092371
1789.612073 -461.366292
1789.674536 -461.621098
1789.864323 -461.414045
1789.908222 -461.644906
1789.813086 -461.760549
1789.807516 -461.851154
1790.525188 -462.120228
1790.291791 -462.280050
1790.252625 -462.242974
1790.595762 -462.224367
1790.371244 -462.280301
1790.230404 -462.185634
1790.787691 -462.636786
1790.912520 -462.621553
1790.733464 -462.690622
1790.716983 -462.713583
1791.044738 -462.506448
1790.896992 -462.879237
1790.904100 -463.028013
1791.095871 -463.081905
1791.028699 -463.339198
1791.253192 -463.427462
1791.460421 -463.240026
1791.330860 -463.258704
1791.691962 -463.840192
1791.717586 -463.659928
1791.602637 -463.477918
1791.490364 -463.849320
1791.545691 -464.008398
1791.654672 -464.006843
1792.163736 -464.039472
1791.958454 -463.929657
1792.032019 -464.422721
1792.069396 -464.507415
1792.081522 -464.147646
1792.208751 -464.233025
1792.510566 -464.347975
1792.720741 -464.830417
1792.709790 -464.610155
1792.614209 -464.752286
1792.785854 -464.749055
1792.974083 -464.815041
1792.802143 -464.930392
1792.980139 -464.971077
1792.922339 -465.024549
1793.050382 -465.159445
1793.317937 -465.315999
1793.569610 -465.437388
1793.346654 -465.196745
1793.493781 -465.697547
1793.787535 -465.263778
1793.532997 -465.693566
1793.771242 -465.587363
1793.691774 -465.741852
1793.953132 -465.962674
1793.600020 -465.995734
1793.754142 -465.983694
1794.201289 -465.978101
1794.019591 -466.247361
1794.325862 -466.174498
1794.412863 -466.292470
1794.441793 -466.171342
1794.451806 -466.208024
1794.403157 -466.282775
1794.717372 -466.548593
1794.398423 -466.291539
1794.568178 -466.672213
1794.811177 -466.339128
1794.908037 -466.854014
1795.004593 -466.917764
1795.028004 -467.071529
1795.245144 -467.029677
1795.117235 -467.097255
1795.314748 -467.036416
1795.219797 -466.852331
1795.429824 -467.376125
1795.496198 -467.405669
1795.775534 -467.245231
1795.613949 -467.212786
1795.652874 -467.356935
1795.706608 -467.434937
1795.802771 -467.372467
1796.099697 -467.411433
1796.275801 -467.321672
1796.274148 -467.656434
1796.051073 -467.530259
1796.279825 -468.127643
1796.356573 -467.724208
1796.453274 -467.869283
1796.479448 -468.074959
1796.604508 -468.054302
1796.637507 -467.919062
1796.679112 -467.981061
1796.893771 -468.017703
1796.914953 -468.344469
1797.016059 -468.276197
1797.395803 -468.214813
1797.139748 -468.226736
1797.467333 -468.443516
1797.504635 -468.270475
1797.752280 -468.433319
1797.327060 -468.621285
1797.746490 -468.635070
1797.595514 -468.694894
1797.786475 -468.498932
1797.726660 -468.515055
1798.164844 -468.918127
1798.343338 -468.904190
1798.142054 -468.617178
1798.216216 -468.773771
1798.251660 -468.837999
1798.429148 -468.836189
1798.483809 -469.330497
1798.556815 -469.015468
1798.591487 -469.188315
1798.922705 -469.017857
1798.709759 -468.951075
1798.903724 -469.085820
1798.766831 -469.430841
1798.861757 -469.442799
1799.014177 -469.240909
1798.989251 -469.503612
1799.259129 -469.493775
1799.435859 -469.095804
1799.434871 -469.475859
1799.434685 -469.772757
1799.561838 -469.813447
1799.458899 -469.615160
1799.688905 -469.578821
1799.812355 -469.496936
1799.892448 -469.779363
1800.029586 -469.724043
1799.800517 -469.879391
1800.245680 -469.565334
1800.487231 -469.748003
1800.680272 -469.855852
1800.830546 -469.894754
1800.602397 -469.887683
1800.713517 -469.945353
1800.626459 -469.994304
1800.618846 -470.067270
1800.749149 -470.000703
1801.063000 -469.914316
1801.046027 -469.853552
1801.286725 -470.035446
1801.238695 -469.968515
1801.223161 -469.950639
1801.507092 -469.991654
1801.336972 -470.123478
1801.584971 -470.232952
1801.671748 -470.478279
1801.639031 -470.046814
1801.827866 -470.404970
1801.875995 -470.112482
1802.058261 -470.232621
1801.930085 -470.333041
1802.196826 -470.355309
1802.447351 -470.422594
1802.470277 -470.243040
1802.094095 -470.323256
1802.647784 -470.320037
1802.351107 -470.121170
1802.952154 -470.237005
1802.813275 -470.554337
1802.988086 -470.487509
1803.036153 -470.514579
1803.132387 -470.373001
1803.116649 -470.050353
1803.159617 -470.616403
1803.184651 -470.617040
1803.472649 -470.714539
1803.399872 -470.059869
1803.576578 -470.276604
1803.817585 -470.732870
1803.842908 -470.444538
1803.831696 -470.687933
1804.135073 -470.473631
1803.872260 -470.521329
1804.215703 -470.529715
1804.114842 -470.577090
1804.301079 -470.403796
1804.346192 -470.477996
1804.699147 -470.726180
1804.561186 -470.575085
1804.694751 -470.684555
1804.687482 -470.687226
1804.817050 -470.319732
1804.891412 -470.309431
1804.944547 -470.545470
1805.032311 -470.478560
1805.133115 -470.454287
1805.371313 -470.524213
1805.441755 -470.719460
1805.504110 -470.519849
1805.210748 -470.644099
1805.740738 -470.674911
1805.757085 -470.555296
1805.770265 -470.664095
1806.185442 -470.264951
1805.958391 -470.487617
1806.085968 -470.543181
1806.041577 -470.430961
1806.170254 -470.669681
1806.331323 -470.221835
1806.673729 -470.625938
1806.403566 -470.445738
1806.708368 -470.421813
1806.663376 -470.275542
1806.919297 -470.290706
1806.576699 -470.446055
1807.008057 -470.572723
1807.038742 -470.399802
1807.205797 -470.349531
1807.158870 -470.335642
1807.526520 -470.490860
1807.402030 -470.097311
1807.483033 -470.229749
1807.590328 -470.372216
1807.677280 -470.446122
1807.556090 -470.074313
1807.840461 -470.448358
1807.976635 -470.083838
1808.255067 -470.304784
1808.148807 -470.329175
1808.459010 -470.180240
1808.234916 -469.973817
1808.672402 -469.959302
1808.556520 -470.498601
1808.595897 -470.106034
1808.941295 -470.502703
1809.110207 -470.119328
1809.003170 -469.888058
1809.242978 -470.210157
1809.188719 -469.963533
1809.312952 -469.891981
1809.546069 -470.144645
1809.467008 -469.913985
1809.517664 -469.949024
1809.638889 -469.887175
1809.791878 -469.685232
1809.844603 -469.777793
1809.770520 -470.068592
1809.857096 -470.089157
1810.134213 -469.775540
1810.110145 -469.688386
1810.339216 -469.810760
1810.233262 -469.613723
1810.700154 -469.891778
1810.621808 -469.455683
1810.569137 -469.915966
1810.693309 -469.684082
1810.902367 -469.469719
1810.922584 -469.195699
1811.221484 -469.588245
1811.101647 -469.452085
1811.146298 -469.386826
1811.470819 -469.293803
1811.465483 -469.354284
1811.438200 -469.177320
1811.358378 -469.249484
1811.758548 -469.064620
1811.982746 -469.116364
1812.086116 -469.178991
1812.129107 -469.098115
1812.319010 -468.816231
1812.016893 -469.001962
1812.564188 -468.710445
1812.494063 -468.942873
1812.617406 -469.345907
1812.850134 -468.537483
1812.526701 -468.698124
1813.059699 -468.840722
1812.719446 -468.384818
1813.050054 -468.620670
1813.096232 -468.553348
1813.402415 -468.780021
1813.442843 -468.629174
1813.318784 -468.591544
1813.425241 -468.721659
1813.780847 -468.295111
1813.537531 -468.460305
1813.951786 -467.927824
1813.746272 -468.250174
1813.702182 -467.869035
1814.139754 -467.930936
1814.212171 -468.254574
1814.423446 -468.335060
1814.428645 -467.927976
1814.657150 -467.950852
1814.655505 -467.674817
1814.755675 -467.802306
1814.774934 -467.638270
1815.100899 -467.656008
1814.696408 -467.846257
1815.142180 -467.556441
1815.332778 -467.709029
1815.177077 -467.351827
1815.412070 -467.383373
1815.591090 -467.132241
1815.568967 -467.147143
1815.840559 -467.488238
1815.623488 -467.086704
1815.717597 -467.121417
1816.049788 -466.923340
1815.919673 -466.911822
1816.473798 -467.118510
1816.452659 -466.611961
1816.424496 -466.684114
1816.287844 -466.631229
1816.736207 -466.659993
1816.829865 -466.534074
1816.701548 -466.693634
1816.561273 -466.542982
1817.148679 -466.467578
1817.207193 -466.373417
1817.103894 -466.358217
1817.213123 -466.075127
1817.287502 -466.176412
1817.684703 -465.952970
1817.431330 -466.140672
1817.924836 -465.485068
1817.833184 -465.894855
1817.761690 -465.608895
1817.867130 -465.666916
1817.894736 -465.232328
1818.114288 -465.666804
1818.282132 -465.086118
1818.268780 -465.390270
1818.535814 -465.242879
1818.642108 -465.432775
1818.962549 -465.145699
1818.953438 -464.994603
1818.887038 -464.918487
1819.028217 -464.911505
1819.193820 -464.645965
1819.126647 -464.798019
1819.360276 -464.523188
1819.679932 -464.380614
1819.497997 -464.633850
1819.687105 -464.301077
1819.930831 -464.214446
1820.078111 -464.094137
1820.112148 -463.799534
1820.136716 -463.942399
1820.310428 -464.079023
1820.593882 -463.885583
1820.257048 -463.621401
1820.652720 -463.248976
1820.633596 -463.676836
1820.526011 -463.320893
1820.858473 -463.344443
1820.993835 -463.300473
1820.975367 -463.263888
1821.207133 -463.111928
1821.410467 -462.969268
1821.216948 -463.079037
1821.344542 -462.558035
1821.587609 -462.637905
1821.864771 -462.537051
1821.767380 -462.599700
1822.191857 -462.345672
1822.299777 -462.370832
1822.125121 -462.429804
1822.261575 -462.463468
1822.347642 -461.959237
1822.608976 -462.496484
1822.450917 -461.793862
1822.495842 -461.774170
1822.684316 -461.612237
1822.890269 -461.240290
1823.030851 -461.421816
1823.247073 -461.477380
1823.196759 -461.466076
1823.419881 -461.104794
1823.331447 -460.948422
1823.608895 -460.811100
1823.759961 -460.908290
1823.574541 -460.718827
1823.946458 -460.605066
1824.106594 -460.514299
1823.954083 -460.452055
1824.281595 -460.218327
1824.125767 -460.551795
1824.477172 -460.271091
1824.553100 -460.265641
1824.819763 -459.536149
1824.635513 -459.643644
1824.990940 -459.795260
1825.208793 -459.756339
1824.833236 -459.594471
1824.941953 -459.207070
1825.292301 -459.286654
1825.486269 -459.144122
1825.530930 -459.023063
1825.564152 -458.649754
1825.779038 -458.690714
1825.840259 -458.778981
1825.821145 -458.443609
1825.924491 -458.369714
1826.427634 -458.481955
1825.916586 -458.067179
1826.062610 -458.011373
1826.440849 -458.009633
1826.569869 -457.827681
1826.505775 -457.594736
1826.653878 -457.246806
1826.791799 -457.613878
1826.736272 -457.293786
1827.125669 -457.195079
1827.532743 -456.795585
1827.488194 -456.868798
1827.500254 -456.881318
1827.632557 -456.699067
1827.650524 -456.618477
1827.847857 -456.410977
1827.921771 -456.226956
1828.320918 -456.002744
1827.973345 -456.232880
1828.197087 -455.933333
1828.348876 -455.682360
1828.335683 -455.756277
1828.629646 -455.650282
1828.871549 -455.382416
1828.644393 -455.540346
1829.203262 -455.294921
1828.997222 -454.944095
1829.088323 -454.855855
1829.369127 -454.850831
1829.391214 -454.693280
1829.448282 -454.406009
1829.650420 -454.417975
1829.700778 -454.298688
1830.034617 -454.126844
1830.076336 -454.169217
1830.021237 -453.249060
1830.095461 -453.538585
1830.132456 -453.414304
1830.334544 -453.123724
1830.552823 -453.144467
1830.719633 -453.268329
1830.959173 -453.136875
1830.869460 -452.761278
1831.239030 -452.498181
1831.052785 -452.464981
1830.806862 -452.412961
1831.171535 -452.304874
1831.304745 -452.177197
1831.585807 -451.834949
1831.572825 -451.924141
1831.917923 -451.406612
1831.700011 -451.484725
1831.857589 -451.114154
1832.124713 -450.829919
1832.203970 -451.160073
1832.323015 -450.910376
1832.562396 -450.711185
1832.578466 -450.650375
1832.625790 -450.531653
1833.120770 -450.324135
1832.979125 -450.063189
1832.911821 -450.164839
1833.113933 -450.083887
1833.072199 -449.850726
1833.532846 -449.494819
1833.288343 -449.483597
1833.470475 -449.336613
1833.504066 -449.142000
1833.714603 -448.653792
1834.119536 -448.656121
1834.066018 -448.667035
1834.242732 -448.393630
1834.190376 -448.427765
1834.614704 -448.122006
1834.236781 -447.895241
1834.646190 -447.635412
1834.830249 -447.159550
1835.015329 -447.686146
1834.834023 -447.231633
1835.076159 -447.121859
1835.134960 -447.084910
1835.160579 -446.547056
1835.387786 -446.515374
1835.432637 -446.681488
1835.398558 -446.234566
1836.223432 -445.967161
1835.960865 -446.027914
1836.378182 -445.719976
1836.267821 -445.499600
1836.129585 -445.300584
1836.200385 -445.176761
1836.512067 -445.215436
1836.518702 -444.954884
1836.843407 -445.072908
1837.015137 -444.527172
1837.073809 -444.422064
1837.224216 -444.157821
1837.216661 -444.179117
1837.203796 -443.860089
1837.558739 -443.382308
1837.343751 -443.696129
1837.674886 -443.170008
1837.788685 -443.194343
1837.883634 -442.868587
1838.162604 -443.008267
1838.378968 -442.706835
1838.443498 -442.488363
1838.418632 -442.424262
1838.710786 -442.192410
1838.485729 -441.892665
1838.770877 -441.915690
1838.699758 -441.347408
1839.096213 -441.288818
1839.421400 -441.213975
1839.079975 -440.910468
1839.146818 -440.958455
1839.680463 -440.361402
1839.693919 -440.305426
1839.872139 -440.146343
1839.795060 -440.016435
1840.226847 -439.831312
1840.209083 -439.802381
1840.099212 -439.245597
1840.218810 -439.196232
1840.395627 -439.288780
1840.716706 -438.911678
1840.824196 -438.442253
1840.611937 -438.491002
1841.007042 -438.208854
1841.027254 -438.196405
1841.098370 -437.905932
1841.393250 -437.755501
1841.647914 -437.667864
1841.693747 -437.316648
1841.898563 -437.084484
1841.917170 -437.000976
1841.824908 -436.601406
1842.285526 -436.438782
1842.160211 -436.200022
1842.533956 -436.164585
1842.519028 -435.934658
1842.818729 -435.799030
1842.729109 -435.230140
1842.600387 -435.580474
1843.058776 -435.272597
1842.869637 -434.694885
1843.106793 -434.876131
1842.994395 -434.758075
1843.306568 -434.399963
1843.502989 -434.184149
1843.720306 -433.700918
1843.693776 -433.656301
1843.907566 -433.546644
1844.298853 -433.334710
1844.346692 -432.975778
1844.405697 -432.785225
1844.668226 -432.454678
1844.736938 -432.333958
1844.700261 -432.209038
1844.721721 -431.880923
1844.919006 -431.841310
1845.143102 -431.695790
1844.833867 -431.542889
1845.425051 -431.394247
1845.340833 -431.238975
1845.578940 -430.653452
1845.652492 -430.603816
1845.991991 -430.549797
1845.669507 -430.169529
1845.910321 -429.878162
1846.089066 -429.900351
1846.531199 -429.328225
1846.435472 -429.397681
1846.619062 -428.709437
1846.805525 -428.656540
1847.201138 -428.581315
1846.772619 -428.379829
1846.877991 -428.116952
1847.226460 -427.779719
1847.458035 -427.662385
1847.607234 -427.488956
1847.691810 -427.033400
1847.473740 -426.996703
1847.844994 -426.845810
1847.999100 -426.494439
1848.099909 -425.957270
1848.257845 -426.175520
1848.273436 -426.024539
1848.504346 -425.876061
1848.473368 -425.408027
1848.416486 -425.483559
1848.596757 -424.828717
1848.961018 -424.615280
1849.096753 -424.358832
1849.312863 -424.185160
1849.325650 -423.904279
1849.534290 -423.870452
1849.880842 -423.470241
1849.738514 -423.310937
1849.800214 -422.959588
1849.841097 -422.651570
1850.024680 -422.589970
1850.265354 -422.236662
1850.323913 -422.331273
1850.495745 -421.908633
1850.529390 -421.667408
1850.683719 -421.485090
1850.927402 -421.158794
1851.224253 -421.018569
1850.963176 -420.713126
1851.102933 -420.537225
1851.460891 -420.073295
1851.381484 -419.936873
1851.195407 -419.602427
1851.667950 -419.405797
1851.783384 -418.954106
1852.138300 -419.006669
1852.421219 -418.673441
1852.184500 -418.375360
1852.470028 -418.267683
1852.737735 -418.134774
1852.763506 -417.422062
1852.983781 -417.385231
1853.187269 -417.261355
1852.898420 -417.515378
1853.409878 -416.755607
1853.285494 -416.400917
1853.327061 -416.337845
1853.559244 -416.272664
1853.730700 -415.684314
1853.654553 -415.466471
1854.013539 -415.232443
1854.289139 -415.030524
1854.186222 -414.795956
1854.152817 -414.324310
1854.249411 -414.358726
1854.748328 -414.027384
1854.940205 -413.783148
1854.993620 -413.414486
1855.123229 -413.125402
1855.125203 -412.519420
1855.270547 -412.541091
1855.116400 -412.527322
1855.577859 -411.999542
1855.736743 -412.008189
1855.876839 -411.977578
1856.068221 -411.525684
1855.994491 -411.177264
1856.348078 -410.923650
1856.505415 -410.648525
1856.446664 -410.361315
1856.804830 -410.441737
1856.971343 -409.909187
1857.031804 -409.475524
1856.819273 -409.304769
1856.933448 -409.149558
1857.136666 -408.327217
1857.283776 -408.129924
1857.373110 -408.210410
1857.701508 -408.160666
1857.938722 -407.776960
1858.072208 -407.687151
1858.085345 -406.951883
1858.121447 -406.604302
1858.611283 -406.541018
1858.447418 -406.522384
1858.704995 -406.138526
1858.738969 -405.626189
1859.013927 -405.465844
1859.224637 -405.263482
1859.501573 -405.121883
1859.601454 -404.777721
1859.357970 -404.474494
1859.607187 -404.178072
1859.620522 -403.819930
1859.951902 -403.404279
1859.844718 -403.224377
1860.090873 -403.171332
1860.657048 -402.572258
1860.660835 -402.249165
1860.555231 -402.148747
1860.747728 -401.920416
1860.752078 -401.573949
1860.901091 -401.276628
1861.160129 -400.920984
1861.273724 -401.049505
1861.212722 -400.261838
1861.511088 -400.115063
1861.720486 -399.799446
1861.969923 -399.510739
1861.866837 -399.115661
1861.901476 -399.072762
1862.176029 -398.802317
1862.547192 -398.447198
1862.331596 -397.988485
1863.025023 -397.756426
1862.494823 -397.587552
1862.920985 -397.347682
1863.069513 -396.818239
1863.460992 -396.502675
1863.007759 -396.398747
1863.175604 -396.208977
1863.660221 -395.672863
1863.797591 -395.195087
1863.822288 -395.320723
1864.017827 -394.685872
1864.266861 -394.504072
1864.104320 -394.191153
1864.442580 -393.977202
1864.453544 -393.668499
1864.841067 -393.651685
1864.904180 -393.022401
1865.027129 -392.729451
1864.964696 -392.136445
1864.904384 -392.172651
1865.270652 -392.043057
1865.531664 -391.356848
1865.656338 -391.486274
1865.596201 -391.285593
1865.864478 -390.773249
1865.991309 -390.184558
1866.084405 -390.048849
1866.015233 -389.479995
1866.549124 -389.363332
1866.649049 -389.220147
1866.579824 -388.923550
1866.835444 -388.763404
1866.761377 -388.398272
1867.097477 -387.803668
1867.412665 -387.691050
1867.502921 -387.021982
1867.574954 -386.977916
1867.689501 -386.800297
1867.721741 -386.355878
1868.146934 -386.152670
1868.042583 -385.587209
1868.149303 -385.715267
1868.462456 -384.968797
1868.492194 -384.952409
1868.420949 -384.613096
1868.744907 -383.907349
1869.237355 -383.933701
1868.939974 -383.617363
1869.344689 -383.368370
1869.284763 -382.798237
1869.487836 -382.795540
1869.703206 -382.355862
1869.950483 -382.007500
1869.820608 -381.749474
1870.023267 -381.601042
1870.149773 -381.010746
1870.561114 -380.756907
1870.240369 -380.339489
1870.522643 -380.199130
1870.838539 -380.003162
1870.783960 -379.383013
1870.895674 -379.104197
1871.153848 -378.670482
1871.360707 -378.385454
1871.375191 -378.122724
1871.721730 -377.645506
1871.580282 -377.399035
1871.930601 -377.275398
1871.964658 -376.940869
1872.351485 -376.397858
1872.127829 -376.249299
1872.513412 -375.868491
1872.626203 -375.549775
1872.535166 -375.254344
1872.909742 -374.664400
1873.127958 -374.623895
1873.178441 -374.171783
1873.339492 -373.978911
1873.521857 -373.597943
1873.739289 -373.020752
1873.816201 -372.960668
1873.928667 -372.754715
1873.988918 -372.375929
1874.224202 -371.962576
1874.419471 -371.451125
1874.412628 -370.990864
1874.910692 -370.885261
1874.846607 -370.481008
1874.769748 -370.009332
1875.221597 -370.095428
1875.529893 -369.325954
1875.551090 -369.127578
1875.399050 -368.915135
1875.701234 -368.467216
1875.689871 -367.889164
1875.926034 -367.982298
1876.116000 -367.506571
1876.195524 -367.146111
1876.146793 -366.593518
1876.087316 -366.363382
1876.571261 -365.793584
1876.726107 -365.560722
1876.771120 -365.159471
1876.678257 -364.944583
1877.384451 -364.740843
1877.389987 -364.037731
1877.318003 -364.335018
1877.935757 -363.608330
1877.452205 -362.745635
1878.197619 -363.137243
1878.088996 -362.791586
1878.374567 -361.925695
1878.155634 -361.832276
1878.412095 -361.764758
1878.434070 -361.132738
1878.627316 -361.084403
1878.554806 -360.453831
1878.630964 -360.261906
1879.372176 -360.002430
1879.335448 -359.611894
1879.364768 -358.974003
1879.679749 -358.346636
1879.863003 -358.504127
1879.962049 -358.068117
1879.864104 -357.567326
1880.166886 -357.084149
1880.215772 -357.101462
1880.787662 -356.606608
1880.619984 -355.959719
1881.182816 -355.715560
1880.843551 -355.555855
1881.222999 -355.019622
1880.956979 -354.701503
1881.225128 -354.343655
1881.662777 -353.885188
1881.589943 -353.597061
1882.044595 -353.299704
1881.714878 -352.698864
1882.018050 -352.506744
1882.426546 -352.381851
1882.479203 -351.965704
1882.600090 -351.433646
1882.684478 -351.065772
1882.723898 -350.661569
1883.218938 -350.290048
1883.203579 -349.963351
1883.305201 -349.660950
1883.564451 -349.224513
1883.691611 -348.999876
1883.761658 -348.554771
1883.978502 -347.906921
1884.031487 -347.695548
1884.403933 -347.429307
1884.303476 -347.288720
1884.483384 -346.549508
1884.591951 -346.317680
1884.659350 -345.788004
1884.827192 -345.384693
1885.258906 -345.029603
1885.381022 -344.541740
1885.294302 -344.368932
1885.553912 -343.589291
1885.511303 -343.722987
1886.169745 -343.309332
1885.965663 -342.586880
1886.085527 -342.576972
1886.364681 -342.121068
1886.543832 -342.044836
1886.289345 -341.529859
1887.207655 -341.079490
1886.771280 -340.733106
1886.893545 -340.197347
1887.112529 -339.923660
1887.031504 -339.654050
1887.577488 -339.287395
1887.683236 -338.569085
1887.952820 -338.505325
1888.030815 -338.049434
1888.183990 -337.434899
1888.111014 -337.086307
1888.261501 -336.796934
1888.291525 -336.508018
1888.795254 -336.004378
1888.938302 -335.877034
1889.110270 -335.388469
1889.315056 -334.678259
1889.488044 -334.497115
1889.501981 -334.242516
1889.364248 -333.428514
1889.696242 -333.236563
1889.710215 -332.838699
1890.228142 -332.306332
1890.125120 -332.257520
1890.375470 -331.937541
1890.469456 -331.445847
1890.880098 -331.043230
1890.815794 -330.755167
1891.136970 -330.349999
1891.238829 -329.920408
1891.403865 -329.659039
1891.489436 -328.961024
1891.401978 -328.636119
1891.799724 -328.063706
1891.852174 -327.552803
1891.861374 -327.281178
1892.194995 -327.013302
1892.099051 -326.415507
1892.515371 -326.423615
1892.875464 -326.107801
1892.706772 -325.363019
1892.928642 -325.096958
1893.038233 -324.530969
1893.209491 -324.268378
1893.416448 -323.822075
1893.820908 -323.274508
1893.624131 -323.004282
1894.027414 -322.534002
1894.035337 -322.322636
1894.087651 -321.965344
1894.397298 -321.414702
1894.334824 -320.864652
1894.778270 -320.475728
1894.786980 -320.053599
1895.110254 -319.749407
1894.847127 -319.144040
1895.202542 -319.004690
1895.475672 -318.478670
1895.480620 -318.015136
1895.888918 -318.059748
1895.924680 -317.283030
1896.033138 -316.914774
1896.125732 -316.573588
1896.211759 -316.254159
1896.391183 -315.727406
1896.740287 -315.331988
1897.016880 -314.958371
1896.930981 -314.465505
1897.287672 -314.134041
1897.060969 -314.136887
1897.478704 -313.242256
1897.595787 -312.535703
1897.473795 -312.372618
1898.116149 -311.903856
1898.041905 -311.615752
1898.239488 -311.235996
1898.344455 -310.658321
1898.652650 -310.688863
1898.547296 -309.960384
1899.009963 -309.758538
1898.871037 -309.170481
1899.232178 -308.663952
1899.270292 -308.086104
1899.358961 -307.580134
1899.406613 -307.320748
1899.801650 -306.777093
1900.104737 -306.870661
1899.990986 -305.990275
1900.114310 -305.984524
1900.349570 -305.337346
1900.589402 -305.066694
1900.889595 -304.385543
1900.918293 -304.049418
1901.055923 -303.523811
1901.101125 -303.107279
1901.527926 -302.505753
1901.157517 -302.526549
1901.833092 -301.953061
1901.487198 -301.305286
1901.967703 -300.910779
1902.085855 -300.871877
1902.155942 -300.295346
1902.573438 -299.864226
1902.708735 -299.328262
1902.407960 -298.750393
1902.809363 -298.288601
1903.086186 -298.128038
1903.073288 -297.478454
1903.334417 -297.252756
1903.333726 -296.464384
1903.607020 -296.460316
1903.915400 -296.034795
1903.859122 -295.592825
1904.258390 -294.860639
1903.935155 -294.566634
1904.564488 -294.315994
1904.682909 -293.494413
1904.757561 -293.231437
1904.597132 -292.949918
1905.056315 -292.378949
1905.202416 -291.978876
1905.486618 -291.454903
1905.517198 -291.229743
1905.682177 -290.684944
1905.886397 -290.070617
1905.681551 -289.873188
1906.096959 -289.305916
1906.259988 -288.785066
1906.700860 -288.656576
1906.577367 -287.948565
1906.865084 -287.608210
1907.001976 -287.027120
1907.073974 -286.734847
1906.998922 -286.321229
1907.414827 -285.867825
1907.586815 -285.478304
1907.592951 -285.129642
1908.165918 -284.534368
1907.920153 -283.989901
1907.820800 -283.929095
1908.414536 -283.139801
1908.715683 -282.624368
1908.613882 -282.335960
1909.002772 -281.561804
1909.378599 -281.365252
1909.095787 -280.984066
1909.261809 -280.522845
1909.131245 -280.108573
1909.632321 -279.451239
1909.544418 -279.103466
1909.962199 -278.447110
1910.117791 -278.389671
1910.224628 -278.021257
1910.372949 -277.274096
1910.501247 -276.878176
1910.981568 -276.380398
1910.825065 -275.966773
1911.122106 -275.684831
1911.203947 -275.160966
1911.345787 -274.944750
1911.683645 -274.177351
1911.567641 -273.710594
1911.435180 -273.293495
1911.895443 -272.699640
1912.004161 -272.396460
1912.052838 -271.884000
1912.321648 -271.386510
1912.563054 -271.190156
1912.952550 -270.308238
1912.858105 -270.124324
1913.057396 -269.670155
1913.384080 -268.820567
1913.370677 -268.763215
1913.496365 -268.132916
1913.827206 -267.671865
1913.818690 -267.330798
1913.835976 -266.749877
1914.349484 -266.485613
1914.286151 -266.256141
1914.537376 -265.563308
1914.711314 -265.081651
1914.662459 -264.728739
1915.132766 -264.330380
1915.032936 -263.840537
1915.128644 -263.348994
1915.720932 -262.741749
1915.884325 -262.144853
1915.985148 -261.584897
1916.034332 -261.388322
1916.194366 -260.807108
1916.532913 -260.390522
1916.640334 -259.909099
1916.683700 -259.514608
1916.964606 -258.946119
1916.846829 -258.736478
1917.136134 -258.228060
1917.315059 -257.556564
1917.753543 -257.341692
1917.407199 -256.886765
1917.703792 -256.297610
1917.710656 -255.534790
1918.125402 -255.428508
1917.919131 -254.577432
1918.221287 -254.177280
1918.438303 -253.614695
1918.991539 -253.502054
1918.600907 -252.625909
1919.191148 -252.339929
1919.403034 -251.990481
1919.079570 -251.475303
1919.659584 -251.222080
1919.879889 -250.281120
1919.736648 -249.872220
1920.403593 -249.620068
1920.144589 -249.056611
1920.251501 -248.783957
1920.812544 -248.300218
1920.866599 -248.002147
1921.000410 -247.367645
1921.285082 -246.593148
1921.395984 -246.389862
1921.358275 -245.731434
1921.584520 -245.310464
1921.851247 -244.845473
1921.690746 -244.416583
1922.421503 -243.912549
1922.206040 -243.178822
1922.425868 -243.116026
1922.761429 -242.527495
1922.674123 -241.924021
1922.807747 -241.620905
1922.919321 -241.141964
1923.121660 -240.734440
1923.464817 -240.223247
1923.614082 -239.668745
1923.398113 -239.207303
1923.834201 -238.463950
1924.029208 -238.243698
1923.955941 -237.601425
1924.589956 -237.071009
1924.410291 -236.501112
1924.655564 -236.075167
1924.987314 -235.691692
1924.946434 -235.229114
1925.234815 -234.866382
1924.952366 -233.866338
1925.831895 -233.756700
1925.959288 -233.180496
1925.890251 -233.101067
1926.119771 -232.165247
1926.250183 -231.878537
1926.168599 -231.325036
1926.506422 -230.662770
1926.653384 -230.541181
1926.843912 -229.751058
1926.821161 -229.257991
1926.856323 -228.891346
1927.154386 -228.352232
1927.452959 -227.885319
1927.480577 -227.778775
1927.694767 -226.827278
1927.909470 -226.400074
1928.142550 -225.864668
1928.210255 -225.441037
1928.274448 -224.893709
1928.408727 -224.841139
1928.635770 -223.779505
1929.245467 -223.185768
1928.936452 -223.150332
1929.420085 -222.645054
1929.461426 -221.984954
1929.596256 -221.786573
1929.789713 -220.994317
1929.865840 -220.790635
1929.883953 -220.012823
1930.377784 -219.495715
1930.483127 -219.038701
1930.409968 -218.444885
1930.814307 -218.126682
1930.948459 -217.708564
1931.065553 -217.122954
1931.286867 -216.735617
1931.579349 -216.170509
1931.419960 -215.491148
1931.808873 -215.136107
1931.844208 -214.586033
1931.888961 -213.837652
1932.138860 -213.639218
1932.568371 -213.002631
1932.549191 -212.527081
1932.865538 -211.988606
1932.950722 -211.620417
1932.884005 -211.018730
1933.235704 -210.485408
1933.307357 -210.191315
1933.663847 -209.720830
1933.871407 -209.131890
1933.898806 -208.441938
1933.972545 -207.657282
1934.119590 -207.343114
1934.532835 -206.961226
1934.580210 -206.651854
1935.155711 -206.095827
1934.853919 -205.148746
1935.019277 -205.031152
1935.441449 -204.464496
1935.394139 -203.930663
1935.528894 -203.265328
1935.844536 -203.317791
1936.053912 -202.374293
1935.931220 -202.023247
1936.169852 -201.405030
1936.679149 -200.993252
1936.609294 -200.433238
1936.920240 -199.706455
1936.937670 -199.323971
1936.888545 -198.945345
1937.281564 -198.191830
1937.240311 -197.734874
1937.509404 -197.208987
1937.750453 -196.967220
1937.953926 -196.370864
1938.125596 -195.972587
1938.444079 -195.638855
1938.584794 -194.908257
1938.595572 -194.287579
1938.691311 -193.816090
1939.031236 -193.280588
1939.017747 -192.567469
1938.991033 -192.507639
1939.502450 -191.596329
1939.370146 -190.940314
1939.603296 -190.722354
1940.098197 -190.441053
1940.207247 -189.723684
1940.400519 -188.922806
1940.426618 -188.696223
1940.261455 -188.465722
1940.676442 -187.684114
1940.754208 -187.135783
1941.067500 -186.605658
1941.249897 -186.244620
1941.625042 -185.469533
1941.476721 -185.329632
1941.629914 -184.821702
1942.059557 -184.165188
1941.718102 -183.593125
1942.415856 -182.807980
1942.628169 -182.417224
1942.794256 -182.012198
1943.080953 -181.422947
1943.228320 -181.101061
1942.833320 -180.415722
1943.631373 -179.760949
1943.452844 -179.363727
1943.655423 -178.936290
1943.943199 -178.129744
1943.879429 -177.683020
1944.362643 -177.258282
1944.491511 -176.690035
1944.655831 -176.084866
1944.850413 -175.599267
1944.960858 -175.662483
1944.924995 -174.640251
1945.244729 -174.140782
1945.407519 -173.445319
1945.720336 -173.103543
1945.885256 -172.837564
1945.853720 -171.734380
1946.229977 -171.554568
1946.477578 -170.937179
1946.681897 -170.596983
1946.454376 -169.985653
1946.488620 -169.305995
1946.564625 -168.996586
1946.823498 -168.325351
1947.264545 -167.824106
1947.446123 -167.304193
1947.798603 -166.817655
1947.601033 -166.211541
1947.891918 -165.883321
1947.988599 -165.037685
1948.377678 -164.817943
1948.377429 -164.274292
1948.764929 -163.622436
1948.490395 -163.220209
1948.974889 -162.415594
1949.291623 -162.165490
1949.100565 -161.243721
1949.446315 -160.935781
1949.345416 -160.326998
1949.609888 -159.976831
1949.879724 -159.108733
1949.937153 -158.565978
1949.928480 -158.327706
1950.638260 -157.705266
1950.415567 -157.209578
1950.787754 -156.677968
1951.260115 -156.288570
1951.075590 -155.833724
1951.430498 -155.041976
1951.178289 -154.873947
1951.659407 -154.009406
1952.145264 -153.312685
1952.060518 -152.953391
1952.222506 -152.641682
1952.456590 -152.106801
1952.480240 -151.429363
1952.677242 -150.887625
1953.011320 -150.474497
1952.995375 -149.991655
1953.402878 -149.463114
1953.290052 -148.632375
1953.418741 -148.157912
1953.866950 -147.566607
1953.664335 -147.150539
1954.131205 -146.749842
1954.455823 -145.869991
1954.333107 -145.672412
1954.553947 -144.835482
1954.595512 -144.413611
1954.762004 -144.079764
1955.241544 -143.361808
1955.413211 -142.701992
1955.309544 -142.323591
1955.568745 -141.793756
1955.668382 -141.031883
1956.085306 -140.621578
1955.798074 -140.064981
1956.301117 -139.503050
1956.354387 -139.141831
1956.635359 -138.498109
1956.854579 -137.861872
1956.972831 -137.683698
1957.235449 -136.853893
1957.431280 -136.528909
1957.330778 -135.883351
1957.366678 -135.464885
1957.884134 -134.808076
1957.910796 -134.150701
1958.153094 -133.532160
1958.226675 -133.228369
1958.177755 -132.619847
1958.614246 -132.371695
1958.728382 -131.631570
1958.826669 -130.991061
1959.359230 -130.470513
1959.437041 -129.913069
1959.619926 -129.529546
1959.691706 -128.702472
1959.990516 -128.481182
1959.956782 -127.713292
1960.281629 -127.409666
1960.424382 -126.690048
1960.456015 -126.224747
1960.621759 -125.415020
1961.021048 -125.138649
1961.432211 -124.626050
1961.276387 -123.908094
1961.269305 -123.385267
1961.603146 -122.719094
1961.622745 -122.574767
1961.923449 -122.075806
1962.087697 -121.306226
1962.456179 -120.986767
1962.373796 -119.888995
1962.808070 -119.436799
1962.659858 -119.108319
1963.180835 -118.649765
1963.198002 -118.006914
1963.362509 -117.513586
1963.880834 -116.574161
1963.512089 -116.137165
1963.613130 -115.590792
1964.195726 -115.181551
1964.054363 -114.842811
1964.115246 -113.947691
1964.739131 -113.792686
1964.916720 -112.914857
1964.900045 -112.276055
1964.846767 -111.655319
1965.171996 -111.342494
1965.898138 -110.909354
1965.693043 -110.360051
1965.696821 -109.565712
1965.864424 -108.989462
1965.938731 -108.365431
1966.135263 -108.396114
1966.584115 -107.502340
1966.697541 -106.836928
1966.516886 -106.434445
1967.418893 -105.663554
1967.332957 -105.335474
1967.235441 -105.094749
1967.603337 -103.983729
1967.830487 -103.809153
1967.823641 -103.285546
1967.760677 -102.787836
1968.064531 -102.042986
1968.456636 -101.537127
1968.538493 -100.888817
1968.641705 -100.284273
1969.265830 -99.933580
1969.040655 -99.577319
1969.291475 -98.645899
1969.433417 -98.250958
1969.689920 -97.689758
1969.796356 -96.754894
1969.940323 -96.139068
1970.357632 -95.693399
1970.160911 -95.392096
1970.375142 -94.967513
1970.658535 -94.081359
1970.941811 -93.579358
1970.879872 -93.073839
1970.843848 -92.511359
1971.105162 -92.101971
1971.446935 -91.319286
1971.585886 -90.711561
1971.679477 -90.412961
1972.000166 -89.674301
1972.095839 -89.258108
1972.301538 -88.836826
1972.703565 -88.404766
1972.491359 -87.682273
1972.830889 -86.928467
1973.223529 -86.547900
1973.409987 -86.134830
1973.441956 -85.430432
1973.409272 -84.976456
1973.731886 -84.247037
1973.732844 -83.790525
1974.106174 -83.078400
1974.273479 -82.592756
1974.294790 -82.115397
1974.245461 -81.570546
1974.546184 -80.951148
1975.269587 -80.504440
1975.225922 -79.723322
1975.446894 -79.270345
1975.370788 -78.627081
1975.542252 -78.274782
1975.952780 -77.808634
1976.012049 -76.984261
1976.510222 -76.568073
1976.324732 -75.926190
1976.697837 -75.223292
1976.640361 -74.543823
1976.854248 -74.078147
1977.031992 -73.748308
1977.262185 -73.351008
1977.381862 -72.686227
1977.569029 -72.280322
1977.667951 -71.602127
1977.866069 -70.816674
1978.112178 -70.624275
1978.271053 -69.714156
1978.630090 -69.265726
1978.878425 -68.733446
1978.941139 -68.041671
1979.047340 -67.579606
1979.295140 -66.986021
1979.291067 -66.542500
1979.476588 -65.983459
1979.674024 -65.116284
1980.034045 -64.841070
1980.067061 -64.088963
1980.255788 -63.701877
1980.657898 -63.027575
1980.360625 -62.500953
1980.958301 -62.091315
1980.681637 -61.718932
1981.002332 -60.822724
1981.167266 -60.299157
1981.423075 -59.551970
1981.641627 -59.655825
1981.872680 -58.551083
1982.170927 -57.779628
1981.946487 -57.523468
1982.298483 -56.792765
1982.271484 -56.381348
1982.728349 -56.126057
1982.839533 -55.079472
1982.829388 -54.740874
1983.067810 -53.955708
1983.232520 -53.769322
1983.322479 -53.234882
1983.768539 -52.293421
1984.018711 -51.799305
1983.976321 -51.261823
1984.409361 -50.992569
1984.300102 -50.258240
1984.435547 -49.672280
1985.063512 -49.156963
1984.978994 -48.467455
1985.191467 -48.209833
1985.433005 -47.399426
1985.513924 -46.889243
1985.470729 -46.410881
1985.976205 -45.431691
1985.723256 -45.077456
1986.386491 -45.021929
1986.464684 -44.078306
1986.450394 -43.385056
1986.733509 -42.929065
1986.735264 -42.508977
1987.036607 -41.846089
1987.093855 -41.410868
1987.433123 -40.785011
1987.512896 -40.062942
1987.851073 -39.753367
1987.996392 -39.085952
1988.021797 -38.470003
1988.341317 -38.100928
1988.449421 -37.371795
1988.477391 -36.741252
1988.631053 -36.278555
1989.166476 -35.771510
1989.008687 -35.248022
1989.341468 -34.498823
1989.555884 -33.897039
1989.749066 -33.241176
1989.613064 -32.788858
1990.191125 -32.393985
1990.252907 -31.449268
1990.677999 -31.073422
1990.747117 -30.700208
1990.556094 -29.814839
1990.973111 -29.218371
1990.838741 -29.065313
1991.136726 -28.473021
1991.564548 -27.772515
1991.462493 -27.366371
1991.772498 -26.657147
1992.124063 -26.119235
1992.011000 -25.419910
1992.558439 -24.726561
1992.519281 -24.205887
1992.684439 -23.920681
1992.955695 -23.012537
1992.831773 -22.555536
1993.184134 -21.982997
1993.417026 -21.578578
1993.443869 -21.014234
1993.701540 -20.424311
1993.822292 -19.926948
1993.986963 -18.829444
1993.854159 -18.838348
1994.399558 -18.238969
1994.413342 -17.692096
1994.722330 -16.967031
1994.603322 -16.553778
1995.210502 -16.056570
1995.054908 -15.193213
1995.530996 -14.837275
1995.812015 -14.238330
1995.675073 -13.501123
1995.934412 -13.046740
1995.994513 -12.722951
1996.352615 -11.820762
1996.713966 -11.454165
1996.727497 -10.768588
1996.681204 -10.210564
1997.188904 -9.616023
1997.088062 -9.104830
1997.437756 -8.609881
1997.245568 -7.775371
1997.520835 -7.536392
1997.863960 -7.012193
1998.183523 -6.598653
1998.236507 -5.704371
1998.406131 -4.970951
1998.658475 -4.523475
1998.921366 -3.970541
1998.833136 -3.274294
1999.065834 -2.984350
1999.110354 -2.157534
1999.516393 -2.038092
1999.541168 -1.004963
1999.853592 -0.488653
1999.893116 -0.134075
